source_id,label,frame_number,is_left_facing,camera_knee_flexion_angle,camera_torso_hip_knee_angle,camera_shoulder_arm_angle,camera_wrist_shoulder_vertical_delta,camera_hip_knee_vertical_delta,camera_shoulder_ankle_horizontal_offset,camera_knee_ankle_horizontal_overhang
bent_forward_1.mp4,bent_forward,6,0,117.70063907924292,96.74727335547206,168.8706667859601,0.5129314079154202,0.4679319943970185,0.14847390238517919,0.16230127880911624
bent_forward_1.mp4,bent_forward,12,0,113.22923768812082,100.03054636341665,165.71761961007073,0.5553634314530769,0.4728510801906431,0.2502963446843174,0.23936687940854542
bent_forward_1.mp4,bent_forward,18,0,112.99023836534525,102.33932817910119,163.63344292166397,0.524547832201312,0.4562075568602151,0.2832972201924635,0.2523176125052134
bent_forward_1.mp4,bent_forward,24,0,112.35402148335338,103.22586743511695,162.38364742619243,0.4948258486142691,0.4529577989142896,0.30929859119873,0.26395355556301925
bent_forward_1.mp4,bent_forward,30,0,117.18271005086238,102.34401573083326,163.13789589734688,0.4908740867047339,0.4539508193672876,0.26122464949783675,0.20792690154130594
bent_forward_1.mp4,bent_forward,36,0,112.02594617315664,96.7825781670931,170.24919153787266,0.5293931027004217,0.4808018270916598,0.3204713603192839,0.26990872638350893
bent_forward_1.mp4,bent_forward,42,0,111.60118780000094,94.53457415574326,168.76869530990322,0.5275993021497147,0.4791334628964517,0.30867817980180534,0.2568156888782792
bent_forward_1.mp4,bent_forward,48,0,109.15513023367592,93.14209513991875,168.5012191349139,0.5039473154641335,0.4861977600225853,0.36319112672144443,0.3018773186992361
bent_forward_1.mp4,bent_forward,54,0,107.06506550374563,89.81092449658891,169.78210618525512,0.46583075465689133,0.47434414963547306,0.38059327908047186,0.3092038303369195
bent_forward_1.mp4,bent_forward,60,0,107.65894356056646,88.01545956851763,170.69575919205045,0.49559009618630406,0.48525651197788894,0.42689130030008837,0.3331320083742382
bent_forward_1.mp4,bent_forward,66,0,106.6300831062285,83.08285563460822,167.6484955554502,0.48794435001920905,0.48483405026054394,0.4473091065738395,0.34288754975299374
bent_forward_1.mp4,bent_forward,72,0,111.09716216955707,82.9927290053275,169.259988864643,0.4600118410542978,0.5407804106530181,0.4403662891869119,0.30981150113708916
bent_forward_1.mp4,bent_forward,78,0,121.66866518409799,90.98375289229652,167.996511645312,0.3623393540453265,0.6409202571440701,0.4534068502867376,0.27737274098194087
bent_forward_1.mp4,bent_forward,84,0,126.37764408918339,98.70548846488118,168.9759546464579,0.3354979952106733,0.7118949067345319,0.45001831247286733,0.2585350637424692
bent_forward_1.mp4,bent_forward,90,0,122.59173934288961,95.92730443867848,168.45991412191157,0.3309647115585018,0.7277004794601714,0.5117413998481344,0.3172513242538655
bent_forward_1.mp4,bent_forward,96,0,127.28830573249404,95.37541152363657,170.37604701797528,0.36498202706084953,0.7795055530064361,0.45263597139697015,0.27178524552576994
bent_forward_1.mp4,bent_forward,102,0,123.80634223118844,91.47572619220512,169.69983776828224,0.3830107276059312,0.746955283426822,0.43849198858687344,0.2707047533160445
bent_forward_1.mp4,bent_forward,108,0,122.53520725605745,93.06033687834619,168.73268291467693,0.35036410554193337,0.7245842679868387,0.4655653172415623,0.2799246645709289
bent_forward_1.mp4,bent_forward,114,0,123.61373544525351,95.41095575241951,170.65921680479528,0.39423323536748517,0.7423488532202156,0.49251931196725046,0.29812671646598016
bent_forward_1.mp4,bent_forward,120,0,123.24872241181828,95.1911718728569,169.99808286254412,0.39983651819804944,0.743653731078151,0.4874451516759173,0.2942899553408258
bent_forward_1.mp4,bent_forward,126,0,120.32832246844563,94.78887824463561,169.28224757805188,0.43499457445413736,0.7243592018982148,0.5171334744825645,0.32777624245607384
bent_forward_1.mp4,bent_forward,132,0,117.7889182074106,93.09557097056921,169.44215947178031,0.43091666725908745,0.6845358104287014,0.5157955895177015,0.3344383194823429
bent_forward_1.mp4,bent_forward,138,0,115.91785039147078,90.39615422264202,168.74455119896956,0.4545886945739122,0.6075664494627785,0.4690491162213629,0.3007720758588219
bent_forward_1.mp4,bent_forward,144,0,112.13343889935706,85.87953546830516,170.69774357171096,0.41408376290394006,0.5769754254019294,0.4637930792251005,0.31321349742124605
bent_forward_1.mp4,bent_forward,150,0,111.18386734291474,82.24766559094651,153.10509001164795,0.036606344893832694,0.6101437726306506,0.5088870787377344,0.35601608538416896
bent_forward_1.mp4,bent_forward,156,0,112.17988672771955,83.15000447430111,169.6728324832491,0.3839138195866139,0.663848738498098,0.5086091045195993,0.3579634050894314
bent_forward_1.mp4,bent_forward,162,0,111.84048311549854,82.29338197964763,168.2162858879468,0.360876141490466,0.6058136800507564,0.5150005059066812,0.34386314560662207
bent_forward_1.mp4,bent_forward,168,0,113.00115426219207,86.35316767523193,168.65301038025993,0.36485690911296575,0.6363701906633117,0.5051644047933921,0.3424781330193378
bent_forward_1.mp4,bent_forward,174,0,113.36828029881163,91.62203204615254,166.88330890416668,0.3767836270504948,0.6254560797038432,0.4653389003102498,0.3267612073961797
bent_forward_1.mp4,bent_forward,180,0,114.71660040738374,95.61201906646097,166.2293268194683,0.36805920443744694,0.595123855573115,0.43330250890106164,0.30129427742330955
bent_forward_1.mp4,bent_forward,186,0,115.88109576598082,98.58581926648279,165.91465509897523,0.388188293108743,0.6062651767144842,0.4209685370673115,0.30058796390905107
bent_forward_1.mp4,bent_forward,192,0,115.39886587366195,98.44734579481515,164.06502931112124,0.3804321669399183,0.6046872124826163,0.40483655665887075,0.30555165017884
bent_forward_1.mp4,bent_forward,198,0,114.8341697365753,94.50952085383494,163.9228539335982,0.36379438528536046,0.5373549890356302,0.3896763198787761,0.2740124893922239
bent_forward_1.mp4,bent_forward,204,0,115.43522567745536,90.92798737687946,163.67475712413736,0.3366539998510612,0.5424050468539896,0.38798367528583055,0.25472727364321474
bent_forward_1.mp4,bent_forward,210,0,115.34435977097074,88.13368511814109,170.6862666300174,0.4116248179904297,0.5745485944720704,0.42919112870057113,0.28770087638777586
bent_forward_1.mp4,bent_forward,216,0,113.20479185731031,87.31980861499449,168.04395531475657,0.3754912012797932,0.5618576409123921,0.43382165818433316,0.30156521921916823
bent_forward_1.mp4,bent_forward,222,0,113.47662016251121,85.7781256376114,167.14396957783418,0.35921553032712916,0.556275483062294,0.4429010787171394,0.30650624056815556
bent_forward_1.mp4,bent_forward,228,0,111.12331611772932,84.91767844025168,162.59717715351042,0.28934890959230586,0.5570432441574771,0.4543569105455963,0.3291468715207421
bent_forward_1.mp4,bent_forward,234,0,114.70646871231878,85.70043045794742,163.53835020663774,0.31238670505884075,0.6161477590348295,0.47457164449824385,0.3167456754441827
bent_forward_1.mp4,bent_forward,240,0,114.7061438267542,82.98985393200827,165.72436396337707,0.31778188794487977,0.6190968158228479,0.49493681097679904,0.31376016411120444
bent_forward_1.mp4,bent_forward,246,0,116.4016083046474,79.78939519654044,164.76521033857458,0.3779059540741612,0.6398725202052562,0.5171467900008471,0.30705549995868364
bent_forward_1.mp4,bent_forward,252,0,116.30263434812342,81.39030324834077,164.60430337207274,0.3703219651165546,0.6365556428459547,0.5335196311115179,0.3150562486178293
bent_forward_1.mp4,bent_forward,258,0,114.90144633431561,83.04207143404211,166.56733744793252,0.4315690019634854,0.6517884520218121,0.5473824814649021,0.34196421633633306
bent_forward_1.mp4,bent_forward,264,0,112.51222684208085,83.95203264942862,168.4204926105955,0.38689932055517584,0.6445499733481194,0.5417179877889097,0.3551500754698732
bent_forward_1.mp4,bent_forward,270,0,114.06424866737147,84.97108466463101,166.7190701378234,0.3843115100970083,0.6620437233374701,0.5348577733675707,0.34499534501708373
bent_forward_1.mp4,bent_forward,276,0,113.87085373201995,86.02135755897916,168.7874595880013,0.4004675491020015,0.6834209462333969,0.5530885666489924,0.36959488321652245
bent_forward_1.mp4,bent_forward,282,0,112.82388874612715,85.09824677977477,167.38034909505686,0.35523538331990984,0.6459449042385278,0.5354942647528098,0.3510303572102382
bent_forward_1.mp4,bent_forward,288,0,113.79334322102041,84.46910538725727,166.57264158130357,0.33736479119423535,0.6400786230601918,0.5245730794975293,0.3376175258333027
bent_forward_1.mp4,bent_forward,294,0,115.02132453693879,85.31135428774975,166.89649379205377,0.34059701524362557,0.6641312573924436,0.546530337519756,0.3539160796910897
bent_forward_1.mp4,bent_forward,300,0,115.02258768556382,86.46858209063011,165.80786819614292,0.3170443281873367,0.6582381487581902,0.5255555931476019,0.34288309631074143
bent_forward_1.mp4,bent_forward,306,0,115.80782086711399,88.78249169328664,166.61144258480056,0.32316496600532585,0.6494940312620355,0.491707304755372,0.32019201724316954
bent_forward_1.mp4,bent_forward,312,0,115.78858360418141,91.44546351524217,165.31175917434948,0.34023273284277294,0.6407015122787206,0.4577079974696953,0.3176222920451636
bent_forward_1.mp4,bent_forward,318,0,117.53288128369178,94.59921592923523,162.1572519072559,0.33255913574265544,0.6121559234486831,0.410844900920877,0.2826921288270767
bent_forward_1.mp4,bent_forward,324,0,116.07786396581749,93.89060254484606,162.44429049344222,0.34816519331690526,0.5747226158523007,0.3753386559292234,0.27071050206128716
bent_forward_1.mp4,bent_forward,330,0,114.23696429165021,93.33427003136507,163.81519428769062,0.3690427090281532,0.5633388564599667,0.3668180050923946,0.27149857059641036
bent_forward_1.mp4,bent_forward,336,0,113.94420773138958,92.96155717323465,165.7355622400775,0.39516418175007006,0.5861486140997667,0.3866415149308821,0.2920857796558749
bent_forward_1.mp4,bent_forward,342,0,113.0794889358356,92.5743786442125,164.4939524838167,0.3763467145768604,0.5627668857993331,0.3931815516405444,0.29067277432826694
bent_forward_1.mp4,bent_forward,348,0,113.23192614824534,91.73440344024053,165.92642423343227,0.381529438768741,0.5599623657615597,0.40217007527403703,0.29645662195591244
bent_forward_1.mp4,bent_forward,354,0,112.37103210125862,91.54428800994873,164.30670282981887,0.35740686766513907,0.5561920281145768,0.41421737645647255,0.3065450675125444
bent_forward_1.mp4,bent_forward,360,0,111.0647950802164,89.41264467558797,166.73420207975536,0.37120663116068026,0.5575304686480381,0.43314574086769664,0.3175362922535529
bent_forward_1.mp4,bent_forward,366,0,112.15744869458513,89.6919521922732,163.91540918401844,0.34154973141197853,0.5849301671557431,0.4411075685799553,0.3340566084161167
bent_forward_1.mp4,bent_forward,372,0,111.78592122685741,88.66544055058428,160.84696295969914,0.3178469375778795,0.5921489790559461,0.4377767429910293,0.3333485813670978
bent_forward_1.mp4,bent_forward,378,0,114.15655268984042,89.86395821760705,155.2163679713106,0.22291434676105543,0.5557196569719777,0.4158217989402507,0.29874739424630387
bent_forward_1.mp4,bent_forward,384,0,114.07022885569643,90.66118182078142,154.89654366453593,0.22495579369947605,0.568794299967033,0.3947241913532914,0.29618686031986313
bent_forward_1.mp4,bent_forward,390,0,115.30823490231079,93.78782915406214,157.961437350255,0.2705607105992414,0.5922343238753595,0.38560757350270075,0.2957678841492462
bent_forward_1.mp4,bent_forward,396,0,121.70453932495089,98.81303024741513,154.5660449329218,0.2577593337174291,0.578431669920702,0.3152961834374152,0.21236911882028836
bent_forward_1.mp4,bent_forward,402,0,124.91510135315649,105.96002766977192,151.45918868836463,0.2414939128485492,0.6118450717791608,0.30162740218339223,0.20992213262714265
bent_forward_1.mp4,bent_forward,408,0,125.03891157360269,109.85653367774077,154.30692559916338,0.2912445405249316,0.6305320542913829,0.30620950902683747,0.22574020928930133
bent_forward_1.mp4,bent_forward,414,0,122.38983872031855,110.54178249313244,155.08048992184243,0.31719003434202586,0.5942807759484949,0.3530398684436397,0.2628122962444087
bent_forward_1.mp4,bent_forward,420,0,121.31780844716283,110.46511863871721,155.14846964152733,0.32090857149903784,0.5683028935165899,0.3471573076652992,0.2747301012925552
bent_forward_1.mp4,bent_forward,426,0,121.12215902534166,111.40041452191475,153.37959069714572,0.3159355950722549,0.5461008563618969,0.34136958312452287,0.267742256020336
bent_forward_1.mp4,bent_forward,432,0,118.19094732085527,109.9734512934808,156.43317360172765,0.3554543490847287,0.5652262145074705,0.3598794453779771,0.2976816672046889
bent_forward_1.mp4,bent_forward,438,0,119.74746216339865,109.74653171415264,154.09049164262518,0.3328277549939282,0.5541411172304196,0.3593308862494322,0.28185331077502035
bent_forward_1.mp4,bent_forward,444,0,120.06486630606831,110.39793528741453,155.00195632282302,0.3332098845352875,0.5513089741860137,0.36903175119175985,0.28200423010251396
bent_forward_1.mp4,bent_forward,450,0,119.80330961089358,109.19461843711171,154.87958296049356,0.3365192462825509,0.5547916055246376,0.39346884826437495,0.290105088614879
bent_forward_1.mp4,bent_forward,456,0,118.50932605806358,107.22323867660158,155.69087408349006,0.3448745067837216,0.5305742146444496,0.36249952042851646,0.27480571826686967
bent_forward_1.mp4,bent_forward,462,0,118.62321593991415,107.04144771176834,155.34951246014276,0.34469008171599347,0.5341124748293484,0.38017288620651324,0.2836934898725083
bent_forward_1.mp4,bent_forward,468,0,116.26553886160886,103.3749664332606,150.58171738288743,0.261527948210183,0.5307855685689329,0.380393611457939,0.2975012101154611
bent_forward_1.mp4,bent_forward,474,0,116.67722383872861,101.18363072229748,152.71347892894178,0.26101787345695227,0.5607341537566981,0.3496060989203641,0.28825979354832343
bent_forward_1.mp4,bent_forward,480,0,115.68123086980914,95.60678021807365,147.2919022346575,0.1631245842823618,0.5503812262959709,0.3287299848565127,0.2672052022517192
bent_forward_1.mp4,bent_forward,486,0,116.80419822364372,96.79442003600228,155.94400640701676,0.23368213741608476,0.6183245354065758,0.37296418198260795,0.293682364695051
bent_forward_1.mp4,bent_forward,492,0,119.45902101544166,98.87013787575829,148.57739652731644,0.20432665080619808,0.599496628294785,0.3695402140276576,0.2647837196810521
bent_forward_1.mp4,bent_forward,498,0,128.80690454201707,100.94248855391868,156.79088547460648,0.30273389532031947,0.6011006522371353,0.19444750313832015,0.12743617203227103
bent_forward_1.mp4,bent_forward,504,0,120.1087036901391,103.38027053236038,155.56465190915029,0.3389705989027168,0.5564397962225592,0.27414050133002654,0.23128137613752714
bent_forward_1.mp4,bent_forward,510,0,117.81847945768885,104.13097769111808,152.66613677310247,0.3577659920486348,0.5055480557671926,0.2911611344309483,0.24436382408383953
bent_forward_1.mp4,bent_forward,516,0,117.36457693261296,106.70134146762378,152.7112697827032,0.34982299090717894,0.5165922882746657,0.30859662508694724,0.25967418750221666
bent_forward_1.mp4,bent_forward,522,0,116.27008972865168,107.36856844187014,159.95062886968455,0.4098037233412433,0.5151844749997156,0.32276721777713047,0.2766125456801056
bent_forward_1.mp4,bent_forward,528,0,113.4902797679659,106.77861022480478,163.44266147883988,0.4196978501496514,0.5196064697538743,0.3717963464671948,0.3072772550438352
bent_forward_1.mp4,bent_forward,534,0,109.92895739668194,103.39286084796122,162.93183954803706,0.42042626990573684,0.4728382371242228,0.38492290024970327,0.33429157183091157
bent_forward_1.mp4,bent_forward,540,0,111.8172487114567,104.36745265505935,159.61403770810378,0.38597108687671416,0.4829064059956294,0.34752507032137114,0.3073084843795689
bent_forward_1.mp4,bent_forward,546,0,109.45703665864639,103.37854682426298,155.87411040238,0.3869561749978729,0.46443585796697745,0.33980823886235634,0.3163410117595541
bent_forward_1.mp4,bent_forward,552,0,105.83198560513952,102.03421372945553,154.51886359450015,0.35907980311907683,0.4656858761623913,0.3633613070589449,0.35556783810154396
bent_forward_1.mp4,bent_forward,558,0,104.47720979962654,100.38992879210508,156.9604877090147,0.38836565886068447,0.43297984346188256,0.37753199471585247,0.35636442560617043
bent_forward_1.mp4,bent_forward,564,0,106.58299374206705,100.44879981166977,155.72556907110564,0.3825168506322388,0.45911100196283455,0.32768922266110223,0.32633064944429147
bent_forward_1.mp4,bent_forward,570,0,110.88819140806577,101.70271078269978,153.40572016666135,0.3501807057641675,0.4778244101464645,0.2983658301689379,0.2927318769823154
bent_forward_1.mp4,bent_forward,576,0,110.73517029619526,99.861669976568,158.20569081954486,0.3720386196112273,0.4820295954008901,0.29311375639953585,0.28748166093423466
bent_forward_1.mp4,bent_forward,582,0,110.72278389561154,99.01400286139257,159.08674293680951,0.3681980140599773,0.49273729056495924,0.30612515972087984,0.2933705130856403
bent_forward_1.mp4,bent_forward,588,0,108.59626596684681,96.17522553199956,156.45776788084595,0.3238024693296549,0.48313948959687325,0.3193220974374964,0.30565379325002157
bent_forward_1.mp4,bent_forward,594,0,109.22622153345135,94.88064485106715,155.77030691061992,0.3002971789327422,0.5073042749781188,0.3382762825427711,0.2996935444938843
bent_forward_1.mp4,bent_forward,600,0,111.85862451910258,98.16551350526873,151.5211774313907,0.27291893649812876,0.5150354683502225,0.3318199575586919,0.2806842982678153
bent_forward_1.mp4,bent_forward,606,0,113.53975656564846,102.56872192344441,154.96816830049497,0.3351602382527111,0.5262230749067263,0.2802037797411479,0.2670838787353699
bent_forward_1.mp4,bent_forward,612,0,115.55900827639593,106.36610051686006,156.2344808068438,0.34782622270406305,0.5072698238863087,0.2443074105427275,0.2500842456883731
bent_forward_1.mp4,bent_forward,618,0,109.93316958678234,108.14521294182869,158.39952397317154,0.40645879412665264,0.4925074189798151,0.3119287597378092,0.32439251836072286
bent_forward_1.mp4,bent_forward,624,0,111.42369372288046,109.28210719229733,153.33778806331574,0.3768880752223342,0.4879299314396601,0.2791400206774339,0.31477414161762995
bent_forward_1.mp4,bent_forward,630,0,112.79298122120295,110.29338622021264,151.32627211942298,0.3587194901141878,0.48194322423645847,0.2843624439466983,0.3121142094800919
bent_forward_1.mp4,bent_forward,636,0,112.19576746900455,109.92242156456571,152.00180625602187,0.356481928610711,0.47814641431026556,0.2838964411821724,0.3167132493216618
bent_forward_1.mp4,bent_forward,642,0,112.1741625044384,109.17937049443772,151.9081170744045,0.35898167680190046,0.4861951047002455,0.29004988764625217,0.3229251511999018
bent_forward_1.mp4,bent_forward,648,0,110.31827663375923,105.84313367127523,148.25480463347168,0.3251562989016843,0.46400145960352135,0.3031849749817864,0.3296502989145176
bent_forward_1.mp4,bent_forward,654,0,109.44684796908459,103.95768459281483,150.0926561954443,0.32922373985724795,0.4806446348043844,0.31919659506409576,0.3375139768542974
bent_forward_1.mp4,bent_forward,660,0,109.47893294093838,100.16044622885336,150.48044198172772,0.2807486035384503,0.47375431986492533,0.3073426362877627,0.30904729473292747
bent_forward_1.mp4,bent_forward,666,0,110.60658711989288,100.05747789422266,150.54667820074084,0.2618162928081479,0.4856245186085431,0.3244275986860152,0.3090499341672292
bent_forward_1.mp4,bent_forward,672,0,113.07092741679692,101.64120456031289,151.49517702067604,0.26816687308296844,0.5237066576135644,0.3036921441830383,0.2867267269041029
bent_forward_1.mp4,bent_forward,678,0,112.4058141789191,100.73160324770923,153.22408888922726,0.2855721468658282,0.49628694354136793,0.2891482988767386,0.2761342747065809
bent_forward_1.mp4,bent_forward,684,0,109.71698176016922,97.64647391110617,151.06653002686312,0.27977019644295376,0.4765270754275223,0.2921777286661126,0.2882835316379138
bent_forward_1.mp4,bent_forward,690,0,108.37560468221872,94.4450085558982,150.75687728452164,0.2426533816641802,0.48182856679093033,0.32497422025108486,0.30227033967447847
bent_forward_1.mp4,bent_forward,696,0,109.50254987152869,91.7668877546096,148.58365037895305,0.1808502986807157,0.48912114829105136,0.3499853741404632,0.2930406848289498
bent_forward_1.mp4,bent_forward,702,0,110.3016709115722,90.66884342745345,152.0063503897147,0.1918960322956558,0.5143204876119345,0.36948342077310514,0.29593447937027995
bent_forward_1.mp4,bent_forward,708,0,111.64516826068413,92.87229313492259,153.53253180854352,0.20067977142140178,0.5435738589865748,0.3964400982284078,0.3002827227344171
bent_forward_1.mp4,bent_forward,714,0,109.74469643290837,90.68626062395953,154.8351879279638,0.22288263500187833,0.5434674431281685,0.38974787024720703,0.3073207357199308
bent_forward_1.mp4,bent_forward,720,0,111.40924127792442,93.76417424060699,153.2127660360238,0.21536196018665044,0.5479411896435682,0.3826914748190065,0.30193732451408206
bent_forward_1.mp4,bent_forward,726,0,113.11212653294804,91.53369968797166,158.12689029724666,0.2842751813857624,0.5675057729362933,0.369945585726459,0.2915958487195329
bent_forward_1.mp4,bent_forward,732,0,112.04588685993654,91.1434157876709,160.96526718630838,0.32556018894173894,0.5404055692405153,0.3625148144427157,0.28425734435313244
bent_forward_1.mp4,bent_forward,738,0,115.22397209829032,92.59995256569623,159.41595646833812,0.3231196791694106,0.5651564115579321,0.3398500523646202,0.26011258463962744
bent_forward_1.mp4,bent_forward,744,0,114.6190425333093,94.03078989387642,160.11611963055387,0.3146850733848403,0.5720171174863945,0.35428951705719475,0.2727272650499365
bent_forward_1.mp4,bent_forward,750,0,114.34409461974094,95.0943180501389,156.96164136985462,0.275818970677126,0.5893842011003917,0.366904577725576,0.29316506231699957
bent_forward_1.mp4,bent_forward,756,0,114.90365556167214,97.27389501074624,156.1056523775408,0.26774484383909836,0.5912389173220015,0.36692084425272664,0.2926930459338567
bent_forward_1.mp4,bent_forward,762,0,115.40650072005107,98.22975520886304,150.44927058386736,0.21791587896259765,0.574541692486395,0.3609523726875379,0.2810315232412787
bent_forward_1.mp4,bent_forward,768,0,115.18176598625682,98.53723696088949,152.66849505329301,0.21397579498267924,0.5516589133025032,0.33659755110225326,0.27609123262662455
bent_forward_1.mp4,bent_forward,774,0,116.10230001606197,99.51653400682285,152.1704848607691,0.20693007088284635,0.5637491896335305,0.365774849345318,0.2927419274785486
bent_forward_1.mp4,bent_forward,780,0,116.38152647149484,100.67198504561895,150.65807634457653,0.20029737946099577,0.5716470831165071,0.3676996041231147,0.29306341305894995
bent_forward_1.mp4,bent_forward,786,0,113.42232913030824,99.88245186515407,151.4777986696172,0.2242553690881078,0.5697767390827566,0.36650393112750956,0.3124573610648893
bent_forward_1.mp4,bent_forward,792,0,115.5499600256278,101.9831469110032,150.53047305859934,0.2369713674369614,0.5866547900589594,0.35769937274563485,0.30873788418586
bent_forward_1.mp4,bent_forward,798,0,114.70999366513631,101.32127948875518,148.37884595323246,0.2532985094752218,0.5633789548421728,0.35880662649124395,0.3060629701624542
bent_forward_1.mp4,bent_forward,804,0,113.5801747786645,101.64259522172988,155.7407121533106,0.32140042126791146,0.5307151014392969,0.35043312769570006,0.30215788159540724
bent_forward_1.mp4,bent_forward,810,0,115.9733891961975,101.87839413898686,159.98939767771031,0.35872643024505835,0.5167508650191809,0.3112596350877606,0.25996716909664974
bent_forward_1.mp4,bent_forward,816,0,114.67296305000716,100.23963642631095,166.52374717979419,0.436463878002293,0.5073916912679989,0.31816861668205487,0.27005530227001273
bent_forward_1.mp4,bent_forward,822,0,109.660102669249,101.13561965400476,170.7442906211852,0.49923692027240396,0.48645363231714667,0.36792450317512515,0.32487998911032734
bent_forward_1.mp4,bent_forward,828,0,109.98668117404242,103.88829172687085,172.88655718296087,0.5216213846644357,0.4697228967080071,0.45868967564925367,0.35318200081000806
bent_forward_1.mp4,bent_forward,834,0,108.88911717843364,102.2178890764017,165.1075639536051,0.5317148267730207,0.4702895375829701,0.4083613903805112,0.3343324789835241
bent_forward_1.mp4,bent_forward,840,0,108.12857257184709,101.5353999019508,165.83622280143535,0.5312904972253021,0.4536297564453358,0.39925055773122947,0.3293817502248226
bent_forward_1.mp4,bent_forward,846,0,110.38012661076081,102.23767265646568,165.97454394163393,0.5376429078387271,0.4546084223218801,0.3698737346074883,0.30501785089590366
bent_forward_1.mp4,bent_forward,852,0,110.53344967791891,104.07128131762492,165.4306086518358,0.5504841471108067,0.460605903183761,0.3751213629772813,0.3148141479958945
bent_forward_1.mp4,bent_forward,858,0,107.7800223005738,107.0800211876872,169.36822407023217,0.5064000981120084,0.4542647666841854,0.4415803329329492,0.36114817500823404
bent_forward_1.mp4,bent_forward,864,0,111.42701542697239,109.7900899301849,162.20384811835348,0.4266071141431975,0.4793477873596526,0.416817774900962,0.3531370609060011
bent_forward_1.mp4,bent_forward,870,0,117.56274038613037,111.94088944717483,157.47669230328987,0.4067155970201595,0.513153165643613,0.3771648707370818,0.3081042366058273
bent_forward_1.mp4,bent_forward,876,0,135.92417729396692,128.1778523006585,126.47481502738071,0.012503669086894945,0.646271896942215,0.36936020420695637,0.24872466738019627
bent_forward_1.mp4,bent_forward,882,0,153.1366094972417,131.4048882632412,49.717608721399436,0.6836604120953697,0.7454734536534955,0.37611999838726445,0.15544557556878164
bent_forward_1.mp4,bent_forward,888,0,154.07750328036514,140.56195804662363,23.788013892331662,1.069758269275092,0.7854925863811989,0.3608888511814961,0.1611421560714919
bent_forward_1.mp4,bent_forward,894,0,154.10864754984942,141.16902969877435,19.64915104373727,0.9677627800540773,0.7675978021532446,0.34950161388578516,0.15593640769616726
bent_forward_1.mp4,bent_forward,900,0,157.04510541634065,142.1615470427726,17.342237101820924,1.0406076914804279,0.7820226683897049,0.32801585637100167,0.13070144508036136
bent_forward_2.mp4,bent_forward,6,0,129.82768752011438,98.43067548627964,172.52503138261787,0.465838391021043,0.5803822393761583,0.3086298443350828,0.13349469443702525
bent_forward_2.mp4,bent_forward,12,0,133.36873326540223,99.17953290032528,165.9818871833345,0.4525201674140461,0.59541157338895,0.2972926858577444,0.10692286933519003
bent_forward_2.mp4,bent_forward,18,0,135.6608282635535,102.39000571275234,168.51178512780183,0.4135708630823477,0.6457230873661371,0.34972295400903186,0.12401850427264613
bent_forward_2.mp4,bent_forward,24,0,138.32789578370486,102.33801579741272,169.34206798267613,0.3841536612300438,0.6618776186619141,0.3515279630472633,0.10007221696168762
bent_forward_2.mp4,bent_forward,30,0,135.58191619463165,103.65096530230197,168.9192531806129,0.3906475192474698,0.6661599959443777,0.38826843149072215,0.14804313733971503
bent_forward_2.mp4,bent_forward,36,0,134.0907772172162,102.83026124854126,170.11581035455995,0.3803918182845796,0.6473472879756539,0.415185377386078,0.1601809991520846
bent_forward_2.mp4,bent_forward,42,0,133.05765867588937,104.8247338167705,165.6648953545394,0.3570899348425557,0.6464961692293038,0.42156358612116485,0.17874277975343908
bent_forward_2.mp4,bent_forward,48,0,132.88761423962868,105.00830322645733,164.34615184556304,0.374709247099122,0.6450247604748455,0.4093763525552391,0.17448474953465315
bent_forward_2.mp4,bent_forward,54,0,132.47475222321506,104.41592466573532,171.16310120256244,0.41629775320604,0.6504949385991899,0.40534926547337424,0.1765738700218658
bent_forward_2.mp4,bent_forward,60,0,131.78953128047522,105.0379616782328,168.86572617070863,0.38250174747833643,0.6419482509479262,0.42736872980828283,0.18896125407937056
bent_forward_2.mp4,bent_forward,66,0,126.61144720608512,102.27953215199842,167.0101272393324,0.3750512150505879,0.5719732918754771,0.4110694655381636,0.2089809238269791
bent_forward_2.mp4,bent_forward,72,0,120.39057013220635,101.77785086189482,165.93894449784224,0.3657250329481592,0.5220516465907679,0.36609508015399744,0.24047451411368947
bent_forward_2.mp4,bent_forward,78,0,120.41610455901666,102.15311970393263,164.94018990645105,0.3787296664113408,0.49969805021209635,0.36461867798720327,0.24022541158306782
bent_forward_2.mp4,bent_forward,84,0,122.0115130175961,103.45535763146644,152.5139629680254,0.3596366072190039,0.5269586142325127,0.3678450636679857,0.2358320300752439
bent_forward_2.mp4,bent_forward,90,0,125.69084705193717,100.7055239061731,145.41183922028515,0.2942458210637353,0.5542629169393778,0.3820058542527125,0.20046477577966798
bent_forward_2.mp4,bent_forward,96,0,127.02690495487487,99.52815437081169,161.41608951326134,0.3136148249679242,0.6026274286563097,0.4388815191584725,0.21525082396370876
bent_forward_2.mp4,bent_forward,102,0,125.56527594991422,96.71513777825159,158.76791244227553,0.26305963128062715,0.6061947403793763,0.47450542493138703,0.23615783060937345
bent_forward_2.mp4,bent_forward,108,0,126.30586143674596,96.09335813931945,155.31084575727468,0.26489626333753835,0.6145150883225245,0.4733533342555017,0.22825070174724185
bent_forward_2.mp4,bent_forward,114,0,129.80328710349377,99.9405665287301,163.7811892217695,0.3063877918192881,0.6751195356935598,0.45357304410922283,0.20604932624202155
bent_forward_2.mp4,bent_forward,120,0,126.39533397550854,101.32980951561923,163.09669759974312,0.3276404035179286,0.6475859770781358,0.4379114824513316,0.23342175128901577
bent_forward_2.mp4,bent_forward,126,0,123.12405127432494,104.82705538126447,165.42574234268565,0.3599547285308722,0.6010416644300755,0.4170251648053129,0.2556790870688378
bent_forward_2.mp4,bent_forward,132,0,117.91503387939011,106.34965468584886,166.94304678976437,0.4195780500316144,0.5351043450103687,0.36458457176020004,0.2772259607690308
bent_forward_2.mp4,bent_forward,138,0,116.17339632826301,107.82553793391634,161.17010281105956,0.43373521793231784,0.4944534974093605,0.3393593901408226,0.27707214683635134
bent_forward_2.mp4,bent_forward,144,0,117.03470065888402,105.001202027039,165.06066684925835,0.4640410751048537,0.4568908353135811,0.3038717276500955,0.24508829093156023
bent_forward_2.mp4,bent_forward,150,0,117.79747974457042,105.50200923486165,155.6761680770627,0.5167002719589131,0.4620206861144766,0.3063937876453676,0.2432276649622743
bent_forward_2.mp4,bent_forward,156,0,118.60790198939321,107.42712340330505,164.05430683317405,0.5365942196282395,0.47029212799408593,0.2911924363378918,0.23607875011925963
bent_forward_2.mp4,bent_forward,162,0,119.8953306453268,108.74231690943358,167.3450077063039,0.5273223129585202,0.49350690477252196,0.2943465411431918,0.2399190415966095
bent_forward_2.mp4,bent_forward,168,0,121.10475364682354,108.66122441504399,164.7233617949549,0.5281694958328585,0.4957233665704314,0.29497791719766464,0.22567554389170655
bent_forward_2.mp4,bent_forward,174,0,122.01132594225967,109.29606074828583,163.8844400746981,0.5318403235287791,0.5013524056795456,0.3073271212461507,0.22366657917496088
bent_forward_2.mp4,bent_forward,180,0,123.41383178141082,109.36681386094803,165.61746348555118,0.5333983399236991,0.5134943371693248,0.31066183098169575,0.21867595148462973
bent_forward_2.mp4,bent_forward,186,0,125.99717912355757,108.40701965408161,168.96101333622957,0.4909917537346245,0.5059956460643228,0.31210717642235475,0.1944534447086277
bent_forward_2.mp4,bent_forward,192,0,123.41670293202519,106.03755493622415,167.8670224280607,0.507820234528156,0.51336820063343,0.3404251887663836,0.21817729398383473
bent_forward_2.mp4,bent_forward,198,0,121.36352563879142,105.1718487446432,164.73711640451316,0.43771222112827407,0.5135061493955421,0.3766887480426598,0.24691244552871902
bent_forward_2.mp4,bent_forward,204,0,121.04420654047078,106.8654349148487,157.38661314581606,0.41555924740348404,0.5313720394983367,0.36926773094041376,0.25488788075846724
bent_forward_2.mp4,bent_forward,210,0,121.2231352633634,107.25193829953055,159.0815526516764,0.41022716227046685,0.5193403971118355,0.3346154887944502,0.23796748005445556
bent_forward_2.mp4,bent_forward,216,0,119.75044848212809,108.7630760041678,159.94197170792853,0.44499647222374167,0.5187508499582144,0.3098976752950811,0.2492097442235753
bent_forward_2.mp4,bent_forward,222,0,120.79354159832307,110.58748448093313,168.6271042083111,0.46925721993375924,0.5116070932765802,0.30016184438320515,0.24235757858527227
bent_forward_2.mp4,bent_forward,228,0,122.81413943968296,110.98123114750608,164.74082892635218,0.4747517033749865,0.4780115438993284,0.3014796426468337,0.22546830670213375
bent_forward_2.mp4,bent_forward,234,0,126.16817873367515,112.29343316781554,161.78521183859183,0.4680718658424996,0.48490483423964126,0.30312925074576635,0.20029685324379035
bent_forward_2.mp4,bent_forward,240,0,123.69121062776189,110.16921245105137,166.59946625828013,0.45175140199374136,0.5055605300250897,0.3158658429093899,0.22530626378669605
bent_forward_2.mp4,bent_forward,246,0,124.83946242826569,109.937046160373,162.71236275467476,0.3956181345309493,0.5104941330175414,0.2906268043758713,0.20200122736074871
bent_forward_2.mp4,bent_forward,252,0,124.12724164863013,109.16295637362653,161.51227422285373,0.3714566185174505,0.5122625161897912,0.30012218602063895,0.20813760046186291
bent_forward_2.mp4,bent_forward,258,0,122.66462558697222,107.45885270989032,157.62441225530802,0.38579036218282153,0.5067277837482561,0.32168869877238404,0.2221001704794452
bent_forward_2.mp4,bent_forward,264,0,122.66406973413785,106.19459100079936,159.68715805769247,0.34128482680432676,0.5084007591188723,0.33373345614794864,0.21716576178535413
bent_forward_2.mp4,bent_forward,270,0,120.14715037766535,103.8169718390696,159.67640614044794,0.3305252686087241,0.47586343621396016,0.3424521653170711,0.22556757167170502
bent_forward_2.mp4,bent_forward,276,0,120.62570256563036,102.90920564182073,159.64387532520055,0.3484274799587813,0.4916280374321613,0.3590510107708356,0.2292385507516346
bent_forward_2.mp4,bent_forward,282,0,125.07574970741301,104.5754732856585,149.9533117568061,0.30823933664335124,0.5340647278081728,0.41807088279744087,0.22747614712199363
bent_forward_2.mp4,bent_forward,288,0,125.73929854699804,104.17945490251894,146.6425314556942,0.2650508824193827,0.5873450392183507,0.4609717141544376,0.244935183337044
bent_forward_2.mp4,bent_forward,294,0,131.2153080121884,102.52589821526915,148.9474102232793,0.22004688379163082,0.6327662267095152,0.4937588460906333,0.21283678249414667
bent_forward_2.mp4,bent_forward,300,0,130.286584521721,99.12731977024944,152.19190292956353,0.2530267739604071,0.6427954210539205,0.534396688295667,0.2235800236912973
bent_forward_2.mp4,bent_forward,306,0,131.9281419213642,98.47067067970163,154.6204651960667,0.2604733309666559,0.6522238434076307,0.5079036940047996,0.1972362800675022
bent_forward_2.mp4,bent_forward,312,0,131.8704879575463,98.25045988772783,154.67061456861032,0.26444167830211246,0.6504364706033113,0.4948169771255892,0.19318479275378966
bent_forward_2.mp4,bent_forward,318,0,130.74598236526322,102.5214372822232,157.50766220579334,0.3054053757591869,0.6407246543522241,0.4413895924549072,0.1952276798167212
bent_forward_2.mp4,bent_forward,324,0,129.1048804521828,107.95808464113381,166.4697229429427,0.36292359940467805,0.6277015831026694,0.4238309596610292,0.22238227247195166
bent_forward_2.mp4,bent_forward,330,0,127.5441920625688,110.0268790886006,167.52124902123967,0.46178750357142806,0.5841005408059741,0.3847965783960171,0.22135086583145883
bent_forward_2.mp4,bent_forward,336,0,127.98908792953553,112.07335825534466,168.10494075395385,0.5078722460950342,0.5439656281589402,0.34650897338238124,0.2101121398172922
bent_forward_2.mp4,bent_forward,342,0,131.3747480633517,116.90631328032687,171.65553850645932,0.5147234971114708,0.5448099338845649,0.28728908009154497,0.18501839007397547
bent_forward_2.mp4,bent_forward,348,0,132.3150844432935,118.01581508662488,167.23258558895867,0.49758099002081396,0.5525485577061909,0.27212670577640674,0.18243647382672826
bent_forward_2.mp4,bent_forward,354,0,130.96877200788109,117.57990594471217,161.98957739230718,0.4393798431170139,0.5499761587036789,0.25705076025169626,0.19174333057389514
bent_forward_2.mp4,bent_forward,360,0,130.8317403893182,114.68613293636857,155.25788143549642,0.4131020758674242,0.5040684608908221,0.2528153297157304,0.17327298365309
bent_forward_2.mp4,bent_forward,366,0,129.09095326475642,112.08779923082787,158.2621272117393,0.44010805681844256,0.5299835029735845,0.27508872785932303,0.19083322228977898
bent_forward_2.mp4,bent_forward,372,0,126.78943010848741,109.77143841626544,161.95133048317072,0.46671561100434544,0.5716592357740583,0.3263652805384193,0.2213823062703155
bent_forward_2.mp4,bent_forward,378,0,127.24593674250785,109.17613277117582,160.29260747515792,0.4608358135144878,0.5634697908624908,0.3442721184949469,0.21107209847624342
bent_forward_2.mp4,bent_forward,384,0,127.63957730895952,109.14138068191603,165.36493749656663,0.42240113020883824,0.5613445215680641,0.35360504757874767,0.20354812660199764
bent_forward_2.mp4,bent_forward,390,0,127.7615496760652,110.22480826407484,163.823310057366,0.3893210700253154,0.5610846685562915,0.3544431889647078,0.2092914750951167
bent_forward_2.mp4,bent_forward,396,0,127.35825155643056,110.9214816763185,169.14317520087482,0.47214017761368,0.5610057744321151,0.350979040533634,0.2131732649044402
bent_forward_2.mp4,bent_forward,402,0,126.79605864610996,110.78895316755796,168.9461691923842,0.47750235360029925,0.5532365969192778,0.3493145745066355,0.21788473225439367
bent_forward_2.mp4,bent_forward,408,0,126.25045711758987,110.9810795234376,171.92225882943393,0.4758886653186975,0.5557932426803792,0.3538205403164179,0.22617425503363633
bent_forward_2.mp4,bent_forward,414,0,126.68166354790831,111.60620326413556,171.78357434056542,0.5072512752748145,0.566080354675673,0.3463403606186586,0.22598186102626552
bent_forward_2.mp4,bent_forward,420,0,129.41174119803262,112.30872761579059,171.5077416331599,0.48934870811545866,0.5397996147797267,0.32385020974178885,0.19359016248250727
bent_forward_2.mp4,bent_forward,426,0,130.41461644437095,114.24944426013398,170.34153343510016,0.48850474553879486,0.5442801386013496,0.30978496431983216,0.1914594033448809
bent_forward_2.mp4,bent_forward,432,0,128.63120268407366,113.81747547816047,169.3254118501958,0.4869333782492514,0.5458804565958563,0.30259544436918356,0.20416345695418503
bent_forward_2.mp4,bent_forward,438,0,128.26544239559115,114.41278613838793,167.73856322436268,0.47693217745116256,0.5401184968587026,0.2894752486649611,0.2034585174406134
bent_forward_2.mp4,bent_forward,444,0,127.3366403124307,116.7111766605256,161.43042949456273,0.4708935662023448,0.5432968526221739,0.2697777802716637,0.22684356998055707
bent_forward_2.mp4,bent_forward,450,0,127.05256476262561,115.78868009244044,160.54364210641296,0.4831492943486842,0.5505192629922614,0.2651344926924572,0.22369696246533338
bent_forward_2.mp4,bent_forward,456,0,126.93535164068946,114.0904185564182,165.64059834482035,0.47551176260865674,0.5384218352618685,0.2758867520905347,0.20946116057373854
bent_forward_2.mp4,bent_forward,462,0,126.02763519945506,113.00694549627596,167.02856105789255,0.47943285095640725,0.5313870659935974,0.2733964655304359,0.20719845271093312
bent_forward_2.mp4,bent_forward,468,0,126.75316472738662,113.9559503928842,166.3926335386015,0.48293383060884637,0.5316689570310481,0.2881044903434574,0.20736677767394102
bent_forward_2.mp4,bent_forward,474,0,128.09376524191413,113.31016155582651,169.84190239713013,0.48529172149268834,0.5323075290557094,0.2841378027496423,0.18719483885999047
bent_forward_2.mp4,bent_forward,480,0,128.350695321794,113.51611179362838,168.6596344877483,0.4953190696889406,0.5347407695382007,0.29197938705968146,0.18879343886952227
bent_forward_2.mp4,bent_forward,486,0,127.56859538692012,112.32330305747853,169.67519313714595,0.47582639901575463,0.5277474199995348,0.2898207560513635,0.19048942741818212
bent_forward_2.mp4,bent_forward,492,0,128.5499408846943,113.19354039952131,168.43930944803938,0.47399459284488277,0.5342756152250044,0.28442331648653374,0.1848457967484509
bent_forward_2.mp4,bent_forward,498,0,127.59801605381213,112.7738096190798,169.96850046962493,0.49423753589891367,0.5307435771017947,0.30542070935177523,0.1961709197984242
bent_forward_2.mp4,bent_forward,504,0,127.99676677086589,114.31633537463885,157.36811051927359,0.520240000088318,0.538404310407125,0.3196346650745145,0.20617752388476376
bent_forward_2.mp4,bent_forward,510,0,129.1050116148104,115.67378509915815,168.46693414786537,0.5202158862659481,0.5356173202319989,0.3545671232685326,0.2141142470529063
bent_forward_2.mp4,bent_forward,516,0,127.8565321656993,114.994641977848,164.49417344074172,0.5020580600674784,0.5384736996776465,0.3393247332232544,0.21683512737290778
bent_forward_2.mp4,bent_forward,522,0,126.20394541416528,114.4058158675598,166.5295774482884,0.45489481798022224,0.530893478876547,0.3430098306475531,0.2294040132432947
bent_forward_2.mp4,bent_forward,528,0,126.02590535446915,115.30057048515147,161.92740897392156,0.4374808258830735,0.5324522268833559,0.3296643315294974,0.23258085408361384
bent_forward_2.mp4,bent_forward,534,0,126.71848842541092,116.10737346614471,150.4887932434904,0.4135711093280963,0.5114772998084269,0.2996669065576634,0.2207420950822732
bent_forward_2.mp4,bent_forward,540,0,124.3934676400332,115.61838544932023,148.86375936950202,0.40567414969489557,0.5145472550010552,0.2963714280108726,0.23778345688209954
bent_forward_2.mp4,bent_forward,546,0,124.79562910696332,116.16992447703387,149.0580076999378,0.4072240873967061,0.5052785403439118,0.3102896311751947,0.2426692078676651
bent_forward_2.mp4,bent_forward,552,0,123.24595347097971,115.68254048464182,151.5577656385412,0.4091243183762745,0.5060297452704132,0.31508426847175336,0.262793185640826
bent_forward_2.mp4,bent_forward,558,0,121.28535984370231,115.22816052861158,146.08584924815574,0.399000882034225,0.49724925655233926,0.32651954142994866,0.2791142497366951
bent_forward_2.mp4,bent_forward,564,0,123.5813030760962,115.30609782538933,140.036385235588,0.39090999779249336,0.49529359863967054,0.2960237357465862,0.24520593372239463
bent_forward_2.mp4,bent_forward,570,0,124.11960548418317,115.7766511668745,143.67880095298386,0.38562366169238843,0.5017324299417056,0.30637581091404026,0.24392987283701761
bent_forward_2.mp4,bent_forward,576,0,124.14621536220109,113.95957170564769,159.4343462308621,0.41703824140548,0.5277322168126809,0.3399484576147043,0.2541236991993073
bent_forward_2.mp4,bent_forward,582,0,127.17251741694167,113.95941923633252,164.79253531131204,0.4604960773902985,0.5480756412897461,0.322753950611362,0.2236097252266446
bent_forward_2.mp4,bent_forward,588,0,127.90995964479258,113.64647006192511,164.5867941154372,0.4386416099177192,0.5485832529135058,0.3253053763889401,0.21220974318205932
bent_forward_2.mp4,bent_forward,594,0,127.74457321700429,113.26675413664593,157.63016598899665,0.4212478787157711,0.5469497689167283,0.32028613293882685,0.20700986357117204
bent_forward_2.mp4,bent_forward,600,0,127.88134485590051,114.4665043427525,158.55170009702164,0.38788812133156386,0.5557807008104477,0.3279446229943573,0.2135634601388294
bent_forward_2.mp4,bent_forward,606,0,128.4556310470376,114.62842844251672,157.66996282105455,0.37561180156464,0.5570655004709067,0.31822388882780395,0.20567976568353794
bent_forward_2.mp4,bent_forward,612,0,128.18245635318905,113.7466250056088,155.83579660939506,0.3774175580402364,0.5615390351788627,0.33519793573474027,0.21148225836746384
bent_forward_2.mp4,bent_forward,618,0,126.90508804063411,112.53723510898044,156.77047772739633,0.3650002242644659,0.5573340122842133,0.3518057094232592,0.2253149070859294
bent_forward_2.mp4,bent_forward,624,0,125.0125543804545,109.57350390630552,157.04300090446026,0.3703905321113668,0.5331122424615421,0.34961347384677255,0.22227888079267946
bent_forward_2.mp4,bent_forward,630,0,124.00515782918244,108.71991267581105,153.41728957163778,0.336925773582283,0.513871677359621,0.3484719687760835,0.22334850499971712
bent_forward_2.mp4,bent_forward,636,0,127.84595635958901,109.19793327438352,154.8050407937613,0.3340421700215666,0.511737701543615,0.31621380504610624,0.1708595456166393
bent_forward_2.mp4,bent_forward,642,0,127.3779486355535,107.5234841809334,156.07489391601297,0.3530088601191686,0.5317147509651541,0.3621590857274578,0.18688579559657614
bent_forward_2.mp4,bent_forward,648,0,128.07779381060809,106.88219091983747,157.48470557437273,0.34454424108057263,0.5428679845230083,0.40310051371404926,0.1972111192394831
bent_forward_2.mp4,bent_forward,654,0,127.82202281848961,106.95878819093915,162.54090524789316,0.31626819835293496,0.5642344193359952,0.4093367060466109,0.21123567674722374
bent_forward_2.mp4,bent_forward,660,0,127.38162971466193,109.60036422970069,167.1012874442306,0.40585838334243707,0.557468535968334,0.40350101811448047,0.22066490137629932
bent_forward_2.mp4,bent_forward,666,0,129.08347280192328,114.05300570627466,167.87395792611176,0.4615047793847372,0.5488641656332522,0.38761270678055704,0.21515318518676585
bent_forward_2.mp4,bent_forward,672,0,127.56456864160108,115.1611781881687,167.09679903989982,0.48239629195214,0.5574335257050395,0.3648168141380788,0.23706237867623275
bent_forward_2.mp4,bent_forward,678,0,126.26784900711915,115.95374276605295,164.30753877661834,0.4147447479312708,0.523961091642325,0.32648016455649465,0.2254924314976864
bent_forward_2.mp4,bent_forward,684,0,123.94863237999014,115.2212158785818,149.4266545529574,0.40422118233294224,0.5156026391926907,0.3029841992800091,0.2401620790844253
bent_forward_2.mp4,bent_forward,690,0,123.61352115768737,115.88564859862842,147.68279261244388,0.3863152646122479,0.5125435045067998,0.2897803205851741,0.2419036461101608
bent_forward_2.mp4,bent_forward,696,0,122.87322874287672,115.85521769562084,138.97091704347466,0.38489090095706946,0.5018424650658437,0.3082594193478815,0.25910593378843194
bent_forward_2.mp4,bent_forward,702,0,123.24219281443072,116.78824304157014,149.55181034669974,0.4203709511639167,0.5035860609073293,0.3188800544333518,0.2633970851625066
bent_forward_2.mp4,bent_forward,708,0,123.02399143958529,115.65265258072402,161.30500399686233,0.5027149087990783,0.5095641944022934,0.3252522335163267,0.2649590669072006
bent_forward_2.mp4,bent_forward,714,0,124.63838217409575,117.07875032637395,171.69327868965095,0.5441468201373099,0.5280140327037661,0.3371069273840416,0.2653433565433884
bent_forward_2.mp4,bent_forward,720,0,125.14341559377401,119.213289183654,173.3525586917348,0.5782622476402972,0.5555486376892219,0.342081973264286,0.2706438228052876
bent_forward_2.mp4,bent_forward,726,0,130.93587888327107,125.55488434466943,156.701375130598,0.5148450330004307,0.5508646137566984,0.2881236688308224,0.23043483027078876
bent_forward_2.mp4,bent_forward,732,0,136.10374563813457,127.0542156631204,154.1885444997401,0.47763602315234804,0.5452439924380971,0.2906963868537639,0.19945063681444603
bent_forward_2.mp4,bent_forward,738,0,127.40961465364443,120.01944224630907,156.1593131037193,0.51220708349772,0.4994160996915594,0.2947737262483025,0.24738224115389928
bent_forward_2.mp4,bent_forward,744,0,125.34525094667394,112.40316603241112,163.16324015091658,0.4941193736157747,0.48868806310782487,0.3063679265040761,0.22958579027271744
bent_forward_2.mp4,bent_forward,750,0,128.64592602441587,110.99296219228174,167.29579061302218,0.5098131910765903,0.5143109124191831,0.3034320897959596,0.18327312049703612
bent_forward_2.mp4,bent_forward,756,0,127.79552408079779,111.0433260806988,169.18712095934978,0.4835228135379633,0.5479205546817703,0.35753376481315924,0.21251388735819463
bent_forward_2.mp4,bent_forward,762,0,126.9664396897541,109.1446611789424,165.13246159240165,0.46246066725605217,0.5496609973611053,0.36093687669604874,0.2109651800519592
bent_forward_2.mp4,bent_forward,768,0,127.75998956259951,108.46911837921498,169.11957277311274,0.46337495015326763,0.5543263524261877,0.37002112351517985,0.2011121069433844
bent_forward_2.mp4,bent_forward,774,0,126.98847305063241,107.840022869364,169.03324850931423,0.4331290621415877,0.5492981043331608,0.40904978069031245,0.22013404834846953
bent_forward_2.mp4,bent_forward,780,0,128.2892332171779,110.20347875900508,166.67527626387195,0.4081707872110457,0.5754173133465779,0.4097394178532849,0.219008143646412
bent_forward_2.mp4,bent_forward,786,0,128.6889981112372,110.82379043276813,163.40209901667515,0.38706532748012684,0.5764070544816798,0.4111092816234276,0.21913593187686944
bent_forward_2.mp4,bent_forward,792,0,128.0739257416904,110.64792493842278,163.06904872200275,0.37917113456367646,0.5674095936317725,0.4148725199731031,0.2221719100308909
bent_forward_2.mp4,bent_forward,798,0,126.76536256142022,109.0972692124688,165.3053045289499,0.3842223207489464,0.5497247934709989,0.42219054208663576,0.22875716362542545
bent_forward_2.mp4,bent_forward,804,0,126.51841570522997,109.75192890793102,155.60641807831678,0.3251887985040335,0.5256465936336105,0.38841831197559845,0.21226621770675563
bent_forward_2.mp4,bent_forward,810,0,125.59761797781061,109.79419535460428,157.658253809828,0.326594131232743,0.5294337190153235,0.37271889099016936,0.2171402613949828
bent_forward_2.mp4,bent_forward,816,0,126.66339446634562,110.4012499123244,158.66258849067106,0.3299299297206214,0.5449623345860285,0.33281600765236086,0.19816472676339125
bent_forward_2.mp4,bent_forward,822,0,125.27946444282004,109.68675624055753,157.5263633437925,0.33174791363083334,0.5331485806129247,0.3485652411498928,0.21161781756762296
bent_forward_2.mp4,bent_forward,828,0,126.19616799705096,108.6051221647996,166.79391349839034,0.4285450286834356,0.5278907563733054,0.3388263156332423,0.19607005065795619
bent_forward_2.mp4,bent_forward,834,0,126.04104193184924,107.8765794674683,164.57132841853647,0.4211830366254555,0.5421769860488903,0.3200836595030155,0.19146472005454512
bent_forward_2.mp4,bent_forward,840,0,127.90607228660133,108.20557388532377,165.25270646457454,0.4003642725699694,0.5549680080188621,0.31154915561177493,0.17930581407846624
bent_forward_2.mp4,bent_forward,846,0,128.46375152076516,105.98968555444608,165.29342045978368,0.4028001153285195,0.5306710750665993,0.28292309127911397,0.14978966689106724
bent_forward_2.mp4,bent_forward,852,0,128.50538938145482,106.08906781030825,158.54768168499882,0.41599303857637177,0.5288297302357944,0.2816385103739569,0.15359521675595195
bent_forward_2.mp4,bent_forward,858,0,127.23299624408543,106.25800999627803,168.55238369664173,0.44353136957425987,0.5145342153739301,0.3075575578254984,0.17249404757501935
bent_forward_2.mp4,bent_forward,864,0,125.75584517260384,106.32586303912451,162.81048729080726,0.4477201373994432,0.551395941280492,0.3093192523554788,0.19410594545414242
bent_forward_2.mp4,bent_forward,870,0,126.4521473409839,106.0065016366037,165.70446461129518,0.4359451734091604,0.5355725180264163,0.34429038937499673,0.1971370205466086
bent_forward_2.mp4,bent_forward,876,0,128.24054250298823,107.21740983204738,165.3848439881199,0.4135989362521402,0.5403696282320494,0.35863316053750494,0.18629699722724344
bent_forward_2.mp4,bent_forward,882,0,127.30090473817522,105.94875636538741,166.4868790975868,0.4005854949436015,0.5361920439698526,0.3817564923396866,0.1986816536064055
bent_forward_2.mp4,bent_forward,888,0,127.88110511385577,105.13129960024264,161.11219269568255,0.379989684914822,0.5297271643903557,0.3678098198576446,0.1812287005424399
bent_forward_2.mp4,bent_forward,894,0,125.93718736169284,104.63796951532314,157.80819453928325,0.3436216031767312,0.548300602367683,0.3601801875612742,0.1962293154480998
bent_forward_2.mp4,bent_forward,900,0,127.07149976100524,106.39451742677873,156.933648876414,0.3254885716344734,0.5359183695907604,0.3475228969810996,0.18211818420373158
bent_forward_3.mp4,bent_forward,6,0,117.41070339733955,106.45014365517511,160.65905621935704,0.47422487832341387,0.4810347098659064,0.36304765893324875,0.2717851552796182
bent_forward_3.mp4,bent_forward,12,0,119.47631852188917,108.26482427118393,157.68175651033147,0.4866738416508135,0.48132087205592466,0.37263274775552435,0.26586887895048683
bent_forward_3.mp4,bent_forward,18,0,118.87990351434779,108.83064584132376,157.63589069987438,0.5318611916736822,0.5041870371077576,0.3756492024269596,0.2807747930304922
bent_forward_3.mp4,bent_forward,24,0,118.80316279354898,108.91088152006722,163.96559241125993,0.5531638278091898,0.5059465577223429,0.37791987917784403,0.28196063082286493
bent_forward_3.mp4,bent_forward,30,0,118.89822682934847,109.11106512415385,161.35765946404786,0.5463270250623045,0.5019794082478614,0.37344230251592936,0.2782575633071328
bent_forward_3.mp4,bent_forward,36,0,119.83348747744512,109.35304774778237,153.93846993550653,0.5356783250234868,0.5115685321423721,0.36788942510314604,0.27271210250766736
bent_forward_3.mp4,bent_forward,42,0,119.76318366632104,109.97153581605566,162.31146425089943,0.4926360753354696,0.5237536223097272,0.3486458059606535,0.2723188900511222
bent_forward_3.mp4,bent_forward,48,0,120.2548910521685,111.48824865384327,160.60299722922147,0.4649746442567341,0.5192708671850631,0.339764797590903,0.26817853755548327
bent_forward_3.mp4,bent_forward,54,0,119.52188322141099,111.67983754514498,162.37071231137097,0.4584087951675784,0.5186623523811745,0.34692941293075014,0.27764052858617544
bent_forward_3.mp4,bent_forward,60,0,119.04076418484226,112.14315285063023,163.81475312268958,0.44851803275204993,0.5077633421211544,0.32599106091364577,0.27733359277089464
bent_forward_3.mp4,bent_forward,66,0,118.70561980487737,112.46638042502364,162.11135673199632,0.43196018552229337,0.5014969440199702,0.3089067290180676,0.27530208048753135
bent_forward_3.mp4,bent_forward,72,0,118.62166961487824,112.27993876792084,159.2513995275237,0.42249418088878515,0.4995646118381928,0.30416881016036496,0.27568768140678956
bent_forward_3.mp4,bent_forward,78,0,121.3680980126891,111.32392375017376,159.62591810347635,0.4215746298258119,0.48185106067430156,0.30296634655144666,0.2467407321452697
bent_forward_3.mp4,bent_forward,84,0,121.98431441488461,111.50733343596882,151.79542657770247,0.4325621324243016,0.5053263111346206,0.3202619807473242,0.25468498860805927
bent_forward_3.mp4,bent_forward,90,0,122.12349732837374,110.46876255534934,156.89502999235916,0.42447085548248364,0.5053877081282137,0.30283610779795495,0.2455489967018618
bent_forward_3.mp4,bent_forward,96,0,121.94952288192057,111.46134299358727,157.7763009218064,0.4134262996385839,0.5004365618910527,0.2768575254889281,0.24130864279511652
bent_forward_3.mp4,bent_forward,102,0,122.36459716677501,111.48847477332042,160.65495434115542,0.421058547498748,0.5075611434721305,0.2649380701408234,0.2363084192510798
bent_forward_3.mp4,bent_forward,108,0,121.53712574716988,111.87437308507735,162.07320733165776,0.4448057564382064,0.5064571358828185,0.2758002856186269,0.2515354238270309
bent_forward_3.mp4,bent_forward,114,0,120.85795104327364,111.21233167464564,156.14249421100695,0.4368891017713216,0.47145367542165145,0.28325245507178937,0.24670767471842156
bent_forward_3.mp4,bent_forward,120,0,120.79396912910806,112.00973928178301,153.92533561888433,0.38954924696759424,0.48729281548399955,0.283096769321026,0.2517734447009314
bent_forward_3.mp4,bent_forward,126,0,119.438240830826,111.9791097538715,157.11595352731607,0.4159993389809477,0.5206760003200577,0.28639054222812815,0.27484710893987857
bent_forward_3.mp4,bent_forward,132,0,119.60482824841908,112.68456859739385,160.52380316417464,0.4291525751844644,0.5117439487566073,0.29048704997668323,0.2755895328837291
bent_forward_3.mp4,bent_forward,138,0,118.10554034142453,112.00208459720382,157.48116674923085,0.432260008862309,0.4970124754704768,0.30492926277584254,0.29000649868287465
bent_forward_3.mp4,bent_forward,144,0,118.67123521081174,111.89857300507494,164.16533449631038,0.4471384221275699,0.509029475601306,0.31543875870212995,0.28919856903852154
bent_forward_3.mp4,bent_forward,150,0,119.0147830325957,111.71249043611222,163.6502713270352,0.440887266003186,0.5085821655224001,0.3034792866293249,0.27910262424971116
bent_forward_3.mp4,bent_forward,156,0,120.01459876743175,112.61659032781539,156.79990796636415,0.43585672939558084,0.5160334928044193,0.30548183991845307,0.27284178210587307
bent_forward_3.mp4,bent_forward,162,0,120.45525125082288,111.43724209966017,163.06849050554783,0.4346127969320053,0.4974051788003639,0.28508322037466854,0.2538567235595943
bent_forward_3.mp4,bent_forward,168,0,119.76913402646666,111.12464274034416,154.8192410136172,0.412478648203533,0.4945972260589616,0.28861825106483324,0.25841330930100076
bent_forward_3.mp4,bent_forward,174,0,118.57685995063142,110.92760072035537,155.64796297600142,0.4197659081054686,0.49669494394120106,0.2731271158852976,0.2610319929914934
bent_forward_3.mp4,bent_forward,180,0,116.96597279313215,112.76381976511666,153.5076934480115,0.4333359974970314,0.5044984766336277,0.29406263280383577,0.2897396101357487
bent_forward_3.mp4,bent_forward,186,0,117.98426523685309,114.57364021517972,153.84495715635632,0.451462405918868,0.4918197072004156,0.2739942832863211,0.27681953557571265
bent_forward_3.mp4,bent_forward,192,0,116.19138287973963,115.11109175647827,168.70889025087652,0.501588426074254,0.48185457315289704,0.2726332319371606,0.28588355331615684
bent_forward_3.mp4,bent_forward,198,0,117.03374588774815,118.73055761551723,171.35297583918867,0.5798019192018828,0.4888027177896921,0.26759740519526976,0.2851868844611704
bent_forward_3.mp4,bent_forward,204,0,119.28868991364745,119.71440504876662,168.93467235222187,0.5729457139824976,0.48413109586470393,0.24999090289646114,0.2658061801505543
bent_forward_3.mp4,bent_forward,210,0,116.50828111458654,114.98244866570319,153.35256188584225,0.41573183850732454,0.44877974751745053,0.23288999222245513,0.2748848365476434
bent_forward_3.mp4,bent_forward,216,0,116.44470459099323,112.31653736792292,158.99445848771265,0.46346707505507423,0.47285231983893994,0.26220250923686106,0.27868402364206946
bent_forward_3.mp4,bent_forward,222,0,120.74752839692643,108.68463367395151,157.64175710571897,0.4796808457479253,0.4537146642613054,0.2965282043862455,0.24496559591904307
bent_forward_3.mp4,bent_forward,228,0,121.13902267371853,106.30364033950741,151.56816235093913,0.42849596974178705,0.4609567051018572,0.3357521536244264,0.24599658594727963
bent_forward_3.mp4,bent_forward,234,0,121.67815947583979,108.29162707420072,146.6180580881582,0.38406337454360323,0.4851427562737125,0.3171278565846479,0.24329690425707654
bent_forward_3.mp4,bent_forward,240,0,122.76406540730648,113.52939585950745,141.8819488482888,0.3986748501121751,0.5089714517163095,0.3111792953996534,0.2542278578494376
bent_forward_3.mp4,bent_forward,246,0,121.50083364101839,117.04043194935616,151.2503656674852,0.3735404748646521,0.5039237778934996,0.25941330165708676,0.26286333489361313
bent_forward_3.mp4,bent_forward,252,0,119.8297579120914,118.64877110205397,153.39539796681262,0.4487577255120994,0.4870240736203616,0.25966106677100176,0.27448041788126176
bent_forward_3.mp4,bent_forward,258,0,117.79898717156225,118.44831736802148,163.50567054009295,0.5213629477131875,0.49059300472605344,0.2620133126037667,0.28987814097417064
bent_forward_3.mp4,bent_forward,264,0,116.85750896208363,117.32416189287177,158.0197385806795,0.4879025290983522,0.47589277154046344,0.2564907787838384,0.2841101390091659
bent_forward_3.mp4,bent_forward,270,0,116.92761724231315,110.9526364167303,152.9828252844475,0.40871181223395137,0.42161419396627736,0.26621919769569935,0.26176804629136774
bent_forward_3.mp4,bent_forward,276,0,122.96309526524094,106.72510451987557,158.5845602764559,0.4259324673929108,0.3904566914469543,0.28863184695718835,0.19531729383576787
bent_forward_3.mp4,bent_forward,282,0,123.59045799300428,104.00686942755868,153.69755299918333,0.4282573775869014,0.45583782342444296,0.33225145489447594,0.2075439655201814
bent_forward_3.mp4,bent_forward,288,0,122.95350063827134,100.25987738139615,151.29645001093678,0.41843617349829765,0.4691060153080617,0.3826984744830913,0.21722289300925252
bent_forward_3.mp4,bent_forward,294,0,124.57841966714142,101.4032365753636,159.77209185026132,0.3893053450826924,0.5239583018132187,0.4234632884836684,0.21947424796082757
bent_forward_3.mp4,bent_forward,300,0,127.07617491703455,102.25445316286881,160.50379579755838,0.3947842124747435,0.5727299520353277,0.4435942000313872,0.21992749520547208
bent_forward_3.mp4,bent_forward,306,0,129.28061666046293,104.72571455692503,164.33234464068187,0.35923600192981126,0.6305197857474544,0.4413739608516362,0.21885873883272183
bent_forward_3.mp4,bent_forward,312,0,128.50540038029675,104.10595204947454,162.54474775018755,0.3568463685282411,0.6344206215369784,0.42174107260027993,0.22129463838616523
bent_forward_3.mp4,bent_forward,318,0,127.78688001995985,105.96195227990403,161.04571990652312,0.35867293500089037,0.6227423659605392,0.4133467251400574,0.22435119171940493
bent_forward_3.mp4,bent_forward,324,0,123.06866181725249,110.24160629985751,159.10913684787388,0.37872940586380655,0.5803850879269932,0.4307547319507015,0.27627212055375794
bent_forward_3.mp4,bent_forward,330,0,122.62202445200542,112.8924877401458,164.37101439440465,0.4298426216698774,0.5404338240316049,0.3914186798801767,0.2718261968264952
bent_forward_3.mp4,bent_forward,336,0,120.1481249723274,115.20344860135368,166.77865864533936,0.4768149836407862,0.5081665618286766,0.3596874128438024,0.2847257306149794
bent_forward_3.mp4,bent_forward,342,0,118.46741858955141,115.1776154154165,165.28295034223805,0.4927065318185127,0.49750066144058036,0.31495517784747407,0.28825609640775024
bent_forward_3.mp4,bent_forward,348,0,117.20361036215702,116.27811662849238,162.24686250172556,0.4754775016663498,0.4545506576720149,0.3006271729507925,0.2845200996570953
bent_forward_3.mp4,bent_forward,354,0,116.98837478751474,114.35436235733744,165.31807769041237,0.5244209754233744,0.46716726077578746,0.31510386014415276,0.2905032997992401
bent_forward_3.mp4,bent_forward,360,0,117.45143783373122,113.60793800526142,163.37736923902665,0.49723839080828575,0.47471651224778555,0.3522009284234267,0.2960340981649103
bent_forward_3.mp4,bent_forward,366,0,122.8131288467638,110.33084470145025,159.39395367206632,0.44019069766500335,0.5031444932740339,0.39606676122629403,0.2724794096433976
bent_forward_3.mp4,bent_forward,372,0,125.47777530858508,105.87598998308302,152.14403025472012,0.3816121332977984,0.5635064403892586,0.40099208222282884,0.24946709314282858
bent_forward_3.mp4,bent_forward,378,0,124.73394017563149,103.82286494026036,156.3788164702969,0.3401527687301073,0.5643130550480507,0.4064828942198031,0.23712236329043826
bent_forward_3.mp4,bent_forward,384,0,124.94344826385338,103.565515328692,153.57963157910297,0.3471741403165978,0.5609444228895266,0.42770940301101756,0.2422151737454583
bent_forward_3.mp4,bent_forward,390,0,125.24163874875798,103.42756238128611,153.08039530996976,0.3267034864642954,0.5578038586857376,0.4311558041720167,0.239825780307906
bent_forward_3.mp4,bent_forward,396,0,126.01663196014952,104.68290177003985,155.35593371772478,0.3227954851132295,0.5700283710692832,0.43464321624279845,0.23968717309517631
bent_forward_3.mp4,bent_forward,402,0,124.59046366358322,104.42430138548318,159.01395757346415,0.32108209162871487,0.5586146935637756,0.43338585233946486,0.24489618722247197
bent_forward_3.mp4,bent_forward,408,0,124.12873298278518,105.15845896692814,155.1197350405949,0.33258030332659666,0.5565921547976825,0.41928662710676834,0.2471530759448232
bent_forward_3.mp4,bent_forward,414,0,122.98543702446737,104.65418481678711,155.06183771978894,0.346558538386502,0.5488541809101024,0.4119782775255337,0.25040986627553535
bent_forward_3.mp4,bent_forward,420,0,121.9676988289783,102.960949092199,156.48560209925623,0.402839955775158,0.5161046670907298,0.4091176081293075,0.24477603152532607
bent_forward_3.mp4,bent_forward,426,0,120.85781888630997,104.6657979508355,159.362625890475,0.4483660220989411,0.5107682896732932,0.402310143235759,0.2588662317750812
bent_forward_3.mp4,bent_forward,432,0,121.6835963441087,107.86494540242377,162.20855081594166,0.453884491348897,0.5222431110150886,0.3737562605373553,0.25521108457967595
bent_forward_3.mp4,bent_forward,438,0,119.59859648065864,108.00139482058582,163.26719642292363,0.464054425386674,0.5129532017922345,0.3552241736404098,0.26851749424789934
bent_forward_3.mp4,bent_forward,444,0,120.53033988813915,111.04413431678587,161.73482956904328,0.45748314451807465,0.5112722694541414,0.32216897116304677,0.25544829131084235
bent_forward_3.mp4,bent_forward,450,0,122.60948758929008,113.06165993268102,164.5194591427704,0.5004627582476002,0.49979230571287697,0.29901869809369047,0.24691038013980926
bent_forward_3.mp4,bent_forward,456,0,121.92266609318656,115.17002396912434,165.15696430313503,0.5205849552433314,0.4767820690124696,0.2646744022354618,0.2528393629655008
bent_forward_3.mp4,bent_forward,462,0,119.39109435669793,116.1831567668546,164.69129966074735,0.5830998285340454,0.4665363191186563,0.23556752817294752,0.25464450018505463
bent_forward_3.mp4,bent_forward,468,0,118.62418499731122,114.68893842754481,165.23054071706184,0.5944572220217514,0.44037033483260146,0.23335186266266295,0.2457301881940552
bent_forward_3.mp4,bent_forward,474,0,116.1985879230302,117.77516145468005,164.24804669515356,0.5552402389177228,0.4791546666989041,0.23048110575903985,0.2942004660747688
bent_forward_3.mp4,bent_forward,480,0,117.43664278839385,121.06026045276947,156.1937240758059,0.4516240055955335,0.45797925680290585,0.2123958616609082,0.27181038476529684
bent_forward_3.mp4,bent_forward,486,0,116.78089307419904,119.32932509511855,146.1469568669898,0.40435101887649155,0.43703780255018454,0.20746113299888716,0.26528508883441737
bent_forward_3.mp4,bent_forward,492,0,118.17190704244945,118.53005655069562,98.07361422595679,0.033360097605142365,0.44310902044811284,0.13801867914386048,0.23827698800420474
bent_forward_3.mp4,bent_forward,498,0,117.73168144290551,119.048832742005,96.3505373842226,0.04729862265909517,0.453489198261639,0.11319145827317048,0.2484427163823184
bent_forward_3.mp4,bent_forward,504,0,120.1859732168136,122.09801877103321,134.887210460691,0.3725060574191535,0.4694385280816437,0.15613563065888034,0.24611225017211855
bent_forward_3.mp4,bent_forward,510,0,122.97993094715876,121.93634053322147,154.78262513434058,0.4345689873678394,0.498377628352094,0.24349829271047427,0.2498042532079718
bent_forward_3.mp4,bent_forward,516,0,119.9006962216906,117.80344349284262,157.27042970171098,0.4652673092841093,0.493359423437182,0.26754498556299194,0.27095471087851947
bent_forward_3.mp4,bent_forward,522,0,121.8970550119411,116.29472280190915,156.73129100473386,0.45363474493590744,0.4453510260278798,0.2748361145703565,0.2507553056832604
bent_forward_3.mp4,bent_forward,528,0,121.9935110379911,115.56916383320501,159.5353485169112,0.47827846835720644,0.4903811898234507,0.32917718348237424,0.2752623096697575
bent_forward_3.mp4,bent_forward,534,0,121.49123445935115,114.63767072292043,160.22326903254307,0.465054962107872,0.505977588565331,0.351896088073431,0.28628053706450746
bent_forward_3.mp4,bent_forward,540,0,122.06159447118206,113.68878909485302,154.05299168673594,0.4445167793059228,0.5128160117107459,0.3705110818957297,0.2830505177945183
bent_forward_3.mp4,bent_forward,546,0,121.9996626818408,111.06886328905817,153.13129609196028,0.4066746020612129,0.4946989431864178,0.35817918715439917,0.26731977788939193
bent_forward_3.mp4,bent_forward,552,0,121.81824241036283,109.16928284326761,152.2679005200176,0.386168863700233,0.4849276633879229,0.36058644625299796,0.2533038631613292
bent_forward_3.mp4,bent_forward,558,0,123.37201497816342,109.13114164633672,146.69421302912616,0.3949341844751782,0.5053131789199198,0.36223937068308754,0.24505939591803924
bent_forward_3.mp4,bent_forward,564,0,122.21491590049406,107.50266938543862,146.22524432939935,0.41584360005648147,0.5181928320302434,0.37988449002421165,0.2604268631915429
bent_forward_3.mp4,bent_forward,570,0,121.94213361055101,106.79873883917446,146.55038721143293,0.41049444879302516,0.5161564625851274,0.3752598458418841,0.2539433769421767
bent_forward_3.mp4,bent_forward,576,0,121.32089253471689,106.91082980310132,147.9356979013831,0.41816300178875604,0.5172170151424039,0.36936785928670196,0.25805568205997054
bent_forward_3.mp4,bent_forward,582,0,121.08924612749912,107.76023431957988,149.08798257988823,0.4196513268029463,0.5263851796234771,0.38078570653708954,0.26781516283582735
bent_forward_3.mp4,bent_forward,588,0,122.21609238553636,108.59773067097886,149.30051977514245,0.4319073498766811,0.5423884712373256,0.3662490201979521,0.25902458506499515
bent_forward_3.mp4,bent_forward,594,0,121.73727920860969,108.99510711258912,149.9649917144629,0.43660474405520766,0.5409793063151922,0.36270300936968014,0.262169985546521
bent_forward_3.mp4,bent_forward,600,0,121.735316600226,109.58554766263143,149.4671656642938,0.4401027838367647,0.5341537082070993,0.3560234566066964,0.25946888032228427
bent_forward_3.mp4,bent_forward,606,0,122.28025040834332,110.63144309105954,153.32040049369294,0.44439895495368875,0.5353924641782548,0.34128535616821787,0.25438858190822183
bent_forward_3.mp4,bent_forward,612,0,122.34760947754658,111.04765763183818,148.7013177342826,0.410536259547199,0.5256998300165248,0.3327440390963682,0.2523913886865232
bent_forward_3.mp4,bent_forward,618,0,121.64332504188538,110.56127251454366,147.18506993088,0.4132552492605616,0.5140951394190748,0.31985411953692283,0.2547632421445703
bent_forward_3.mp4,bent_forward,624,0,121.95669490631452,109.32532183847675,147.59826966042908,0.40965941998955896,0.4781110539616284,0.30941982195317885,0.24141184270233443
bent_forward_3.mp4,bent_forward,630,0,122.43418386336914,107.78444028017573,143.8889561228816,0.3841025629734699,0.4686714441672699,0.31701787411445775,0.23462507238406036
bent_forward_3.mp4,bent_forward,636,0,122.6461859295596,109.10628423534354,141.86825473824965,0.3819277062700169,0.5236291193537488,0.3240138522372286,0.2498944078236842
bent_forward_3.mp4,bent_forward,642,0,123.06902650886701,110.58555915199923,143.6997215302566,0.38043787010496416,0.5265102618256009,0.3307919875696755,0.24881990307814653
bent_forward_3.mp4,bent_forward,648,0,122.57783467255805,109.99313252357568,142.50894450919228,0.3815935757680913,0.5318463653118779,0.3322873913334046,0.2527598378204182
bent_forward_3.mp4,bent_forward,654,0,122.57303015414539,109.59782336968871,144.85126127378527,0.38230321112583776,0.5307076392727583,0.3385047395259836,0.2522703954632561
bent_forward_3.mp4,bent_forward,660,0,122.61195188846979,109.99329152308707,143.29735221723593,0.3712763333786697,0.5388188045694339,0.348204209506398,0.2583656207778874
bent_forward_3.mp4,bent_forward,666,0,122.51612947874335,110.11285407536373,141.22393063360312,0.3976391745626035,0.5348712021144055,0.3509986050884546,0.25780551836087345
bent_forward_3.mp4,bent_forward,672,0,122.9477723724011,111.80142386697612,148.3285985272615,0.3925210797844551,0.5256995288638382,0.33308446288589977,0.2473021045449702
bent_forward_3.mp4,bent_forward,678,0,123.08735555957257,112.47788830335281,148.13316385523214,0.41784921156469923,0.5216729441945785,0.32009588729581384,0.24562543828144975
bent_forward_3.mp4,bent_forward,684,0,122.73315426826099,113.97287867759047,156.54486692049682,0.49271157990484976,0.5358107181993437,0.3085836164484,0.26122971794865285
bent_forward_3.mp4,bent_forward,690,0,124.99019398898388,117.59139664607234,151.62254437859377,0.43643472045892445,0.5058869981241086,0.2612467763349771,0.23460281367488384
bent_forward_3.mp4,bent_forward,696,0,123.77333296752278,115.15647821561087,157.80930884997272,0.44469790119644664,0.447042832648573,0.24194644857294578,0.2271167036575893
bent_forward_3.mp4,bent_forward,702,0,124.07671469034968,118.59882827366727,122.15434114116658,0.1267400488754273,0.5078616779322379,0.20762570403811356,0.25006790030120385
bent_forward_3.mp4,bent_forward,708,0,123.59032717129426,121.54987374379928,144.39024273375907,0.35368332373256023,0.5316849013399073,0.21913584200188926,0.2630912973337893
bent_forward_3.mp4,bent_forward,714,0,124.15833975304827,122.02606847090014,146.67313735707103,0.38896878027665727,0.5349483212555801,0.23134255525577843,0.2592061688570758
bent_forward_3.mp4,bent_forward,720,0,124.63468269253114,120.63509445035862,150.19021197666504,0.36945026046129215,0.5343544289399664,0.23026971154794262,0.25214139979088324
bent_forward_3.mp4,bent_forward,726,0,123.26767504867615,121.78558745795736,151.6236256716904,0.3873549447859828,0.5506184475588423,0.26078457824778895,0.27800003496707254
bent_forward_3.mp4,bent_forward,732,0,123.3908432163331,122.00384777070379,152.61306991651009,0.39564193987366447,0.5469331853268518,0.2803801981211731,0.2754160096474921
bent_forward_3.mp4,bent_forward,738,0,123.01833206617874,122.41727147030724,150.724609441561,0.3576486639946082,0.553025577424331,0.27561548439997635,0.2879334139589727
bent_forward_3.mp4,bent_forward,744,0,122.7659987596195,121.31102758730337,153.3620402920608,0.4043243962402069,0.5540354781179706,0.28827357276946824,0.2907186830281035
bent_forward_3.mp4,bent_forward,750,0,122.2013058968737,119.43964867125692,154.66727618039295,0.43180053397964,0.5462516281740042,0.30302955617509797,0.29606329777758944
bent_forward_3.mp4,bent_forward,756,0,121.80954874320166,119.73365652882539,154.48894000854042,0.42458504376103917,0.5584418156220183,0.3076944506459389,0.296225429566206
bent_forward_3.mp4,bent_forward,762,0,121.63051838144037,117.154326807408,154.6881576813012,0.4613023222268744,0.5550726579795563,0.3307624172045808,0.29930496779492477
bent_forward_3.mp4,bent_forward,768,0,123.64374511782435,115.88569308676954,152.45170086452706,0.43065095718248975,0.5307407797062179,0.32971972664112054,0.27453671656087275
bent_forward_3.mp4,bent_forward,774,0,124.2610801787215,114.21713125193047,150.3519370626444,0.4144830256823665,0.5381943849489185,0.3172924006531483,0.2586844779038727
bent_forward_3.mp4,bent_forward,780,0,122.96307995580678,111.54261110657491,151.1375220344749,0.44451326271862585,0.553610507246922,0.3301757767985577,0.2647539933171558
bent_forward_3.mp4,bent_forward,786,0,123.40242014371859,109.1651796846909,145.2708198369249,0.41005961109442546,0.5472044119863491,0.3505738865824219,0.25111868299631457
bent_forward_3.mp4,bent_forward,792,0,122.56730684785018,108.32893065128253,145.18906455138188,0.3721933476235746,0.5550521684808082,0.3741525624744382,0.2651183182237886
bent_forward_3.mp4,bent_forward,798,0,123.25363144762673,109.49671544494873,141.85044604915342,0.3532233755156804,0.5505165558068686,0.38502278297505327,0.26463984129141255
bent_forward_3.mp4,bent_forward,804,0,125.08182902610669,112.19771209707903,141.6056510824914,0.3725635701485255,0.5607499481612318,0.37053839493414087,0.2513864132155931
bent_forward_3.mp4,bent_forward,810,0,123.91179386471009,111.82817537320406,146.0410929707386,0.37392585687957675,0.5608292711165522,0.3673243535639469,0.25914958442781993
bent_forward_3.mp4,bent_forward,816,0,124.68482717463434,114.29772197261174,144.45258753633374,0.4201416078667781,0.5502776195266398,0.36888025919019846,0.2603458341148245
bent_forward_3.mp4,bent_forward,822,0,122.80580351055477,113.46653479820162,154.6552743685138,0.4921487649901801,0.5319613491313684,0.3597463749761916,0.26911870089700957
bent_forward_3.mp4,bent_forward,828,0,123.63155835766754,115.55578247454876,164.68820416575716,0.5631511781285512,0.5214804000348295,0.33371029367300326,0.2675575346888351
bent_forward_3.mp4,bent_forward,834,0,123.06891607623949,116.68400721864826,164.5958709810935,0.5425802520812603,0.5048701278425395,0.3165847975524426,0.26200631610903763
bent_forward_3.mp4,bent_forward,840,0,122.18392282281664,117.71251070425622,164.43804458276313,0.5451094504116566,0.504920936100453,0.2783110583587043,0.2540462639261095
bent_forward_3.mp4,bent_forward,846,0,122.71504853568045,120.58078939908381,162.10649227282093,0.5308391370008839,0.5087121782558517,0.2826628024316784,0.2655236805581372
bent_forward_3.mp4,bent_forward,852,0,122.45121668706781,118.67002106081294,162.25241264946666,0.4885654942453163,0.5132077927132895,0.3159969788155418,0.28448057399154386
bent_forward_3.mp4,bent_forward,858,0,122.40707486066202,119.29187935481661,162.37465456918417,0.4927740428143022,0.5307098293610948,0.3306563911600911,0.2972438452383686
bent_forward_3.mp4,bent_forward,864,0,119.52252280416768,117.69822282251907,163.51000203985265,0.5041675308241085,0.5285468554599435,0.34961964329094053,0.3171303787562359
bent_forward_3.mp4,bent_forward,870,0,119.86677788294557,117.99465014241484,158.71936156422535,0.4712480668811965,0.5133053402106355,0.3450425650523742,0.31034424205487643
bent_forward_3.mp4,bent_forward,876,0,121.21948073008718,119.73039514652143,157.18435702466854,0.45138672617972947,0.5253329883292606,0.34905730759813697,0.30752440277287973
bent_forward_3.mp4,bent_forward,882,0,121.41938029296412,119.69188768932766,154.0140549342312,0.4169990706266982,0.5264079966129535,0.33412803866039725,0.3019249579154025
bent_forward_3.mp4,bent_forward,888,0,121.18518705177344,119.12381266718025,151.35664820863195,0.4226683783491993,0.5305321622288343,0.34219658228165156,0.3057242218825403
bent_forward_3.mp4,bent_forward,894,0,121.03382964062504,117.18996998339348,154.16347653177755,0.4625933626769184,0.5207896058086765,0.3801728980181994,0.31240504896992716
bent_forward_3.mp4,bent_forward,900,0,120.7647871222319,115.31666107239302,153.08533552142293,0.4698454102253329,0.5128584484703046,0.3921870283218633,0.3084353828861738
bent_forward_4.mp4,bent_forward,6,0,127.9920482059711,96.53713720439335,161.37267553759847,0.4338395206364088,0.5087465483275384,0.28734828772714294,0.11934084162785553
bent_forward_4.mp4,bent_forward,12,0,124.45976355960018,96.81942083315369,167.3312393175236,0.49282105081123995,0.5648168889573035,0.38137926024917185,0.20246501174772275
bent_forward_4.mp4,bent_forward,18,0,125.1499963592885,95.01644211429567,164.57665037292148,0.5356157089726865,0.585608141688043,0.3847043773188322,0.2017190634198936
bent_forward_4.mp4,bent_forward,24,0,126.62575573583842,97.81759569222578,162.70918830896474,0.4757548885804496,0.6044515121712812,0.39348373732896424,0.20155245177205533
bent_forward_4.mp4,bent_forward,30,0,128.15234144589712,99.72167157639647,167.63178477895926,0.4721611607965514,0.6071350964251956,0.39541617528754924,0.19329225259040417
bent_forward_4.mp4,bent_forward,36,0,127.90361332494165,98.03157241109766,160.87438259824384,0.4644046755838889,0.6131954722434023,0.3789523188963969,0.19171748449805565
bent_forward_4.mp4,bent_forward,42,0,131.35696525784655,100.41213573474923,163.7944573273145,0.4220734804739438,0.6375827455762842,0.3889714895637412,0.17280144988736118
bent_forward_4.mp4,bent_forward,48,0,134.36134423887415,101.43125190010339,164.69065175189428,0.3805905433421049,0.6505874516774663,0.3838606307612021,0.14435761484114187
bent_forward_4.mp4,bent_forward,54,0,138.91720109382652,104.26397651527681,167.97029340078564,0.38680599804590704,0.6762012929747373,0.42060324830006646,0.12859499338512706
bent_forward_4.mp4,bent_forward,60,0,135.80159301660686,100.7955695499879,168.15313414451725,0.38366235274123994,0.6749748987777328,0.3907158716196629,0.13403729319305513
bent_forward_4.mp4,bent_forward,66,0,140.24543208619886,99.4083184454397,156.62445527548138,0.40771617646872743,0.6739425342191078,0.31247739742294806,0.05931853712239402
bent_forward_4.mp4,bent_forward,72,0,138.406333527469,97.90911420995906,163.38819680326827,0.3927007383957789,0.6750286751956217,0.3192510325829282,0.06815714901369992
bent_forward_4.mp4,bent_forward,78,0,138.0843335225708,97.9709125074958,156.79026542485687,0.4339476317191424,0.7017228471114372,0.3415278452767242,0.0877849178852702
bent_forward_4.mp4,bent_forward,84,0,141.22183292068445,97.31113558511004,156.63324853652435,0.4240729698061086,0.7089646630795675,0.28600027604639117,0.04432504125862357
bent_forward_4.mp4,bent_forward,90,0,137.66735097221058,97.71507999032043,160.99176879232473,0.4363311711049003,0.7204677761187748,0.3383927247069201,0.10187199431754648
bent_forward_4.mp4,bent_forward,96,0,140.15373690360602,97.36994854098597,164.6076062139334,0.4242796367996239,0.7009628285372379,0.2975176824550945,0.059346166449774994
bent_forward_4.mp4,bent_forward,102,0,134.5062010610898,98.01873170557374,170.6040299169636,0.43385729839218073,0.6680888723055409,0.34892949178380983,0.11818096502184143
bent_forward_4.mp4,bent_forward,108,0,131.23337093886587,96.94505685608533,174.39316706474824,0.42128179270092525,0.6495777742768233,0.3659169712753784,0.15211664400811722
bent_forward_4.mp4,bent_forward,114,0,130.13595721375927,97.31785054462381,175.05519551411712,0.4248025538740112,0.649535074690628,0.3601865391911802,0.16143189902516694
bent_forward_4.mp4,bent_forward,120,0,131.14095039942882,99.67408458502638,162.19343512218853,0.37847996658780003,0.6415968082700229,0.35376173193270294,0.1513520576768851
bent_forward_4.mp4,bent_forward,126,0,131.7137340646971,97.67522494449777,173.92886999446603,0.42213197791984824,0.6417442930111852,0.33092490815472725,0.13367797276044505
bent_forward_4.mp4,bent_forward,132,0,129.01540306743584,98.59827971769677,175.4252456852941,0.4412978292695278,0.6550413882452364,0.37489459563950167,0.18355665552950903
bent_forward_4.mp4,bent_forward,138,0,128.37713865819367,97.4688993794382,172.15178874695346,0.41985200710204457,0.6441512468073597,0.37214990363297523,0.18849260666054365
bent_forward_4.mp4,bent_forward,144,0,130.13009522404093,98.43972779330252,172.51894880758525,0.4108815597112852,0.6450344764040247,0.3650846926781245,0.17203815610971782
bent_forward_4.mp4,bent_forward,150,0,135.90461655338763,101.3577979454806,169.13300953034644,0.3812678330546045,0.6417680657043325,0.36491279459534254,0.12347777206962678
bent_forward_4.mp4,bent_forward,156,0,138.20006140096595,104.4439517131452,155.27101418818123,0.35208306180804616,0.6647929769993473,0.3785097603442481,0.11915466350401056
bent_forward_4.mp4,bent_forward,162,0,140.842245743205,106.45485269952871,169.3373456988035,0.38840828765894503,0.6843339069848593,0.4042189331405381,0.11484286021506152
bent_forward_4.mp4,bent_forward,168,0,141.6315004392624,107.83587513924454,166.7321467487215,0.37260290640574334,0.6833528794069065,0.40879880131616825,0.11313317542672832
bent_forward_4.mp4,bent_forward,174,0,143.30585925148634,107.79969486603453,164.0661165564523,0.3524616554484483,0.6982439429131979,0.34782317813860836,0.07915787092741283
bent_forward_4.mp4,bent_forward,180,0,146.10917597085745,109.25200901486014,152.21688068294705,0.2958209341168144,0.6869310930879121,0.38618038435346413,0.0738331041877437
bent_forward_4.mp4,bent_forward,186,0,145.46313617025584,107.93037316316615,160.81849200384767,0.307906445074834,0.6830193732587861,0.38173325534097824,0.07119921353749437
bent_forward_4.mp4,bent_forward,192,0,146.9401878704246,109.73907503743699,166.53386209986687,0.343712810118253,0.6937394501324872,0.39664407920452,0.07237901530836555
bent_forward_4.mp4,bent_forward,198,0,147.33632552090756,110.94897869672995,161.456260865226,0.34797741641558383,0.6878838403704466,0.395639623695794,0.0679499266932123
bent_forward_4.mp4,bent_forward,204,0,145.1165543544688,106.68126356863672,141.77375220903974,0.2840817420301445,0.6710538402118849,0.3474750649470766,0.05718996618861697
bent_forward_4.mp4,bent_forward,210,0,146.8238687970085,109.27052685071045,166.29105227166002,0.32639746360754285,0.6980551951128064,0.3943553511023798,0.07263683900773495
bent_forward_4.mp4,bent_forward,216,0,146.82854987109582,109.40391664639174,170.8710232213417,0.36034387869896556,0.7126658589638927,0.38474032045011725,0.07271930860847688
bent_forward_4.mp4,bent_forward,222,0,145.09875332352422,108.85225262469493,170.33830991705725,0.3666611402827024,0.7008163436795711,0.3923110990898031,0.08471476551663798
bent_forward_4.mp4,bent_forward,228,0,142.88914330200643,107.92149119199459,159.22229718679472,0.33576133482359855,0.683593722258433,0.38896077233162907,0.10102262077288782
bent_forward_4.mp4,bent_forward,234,0,142.57784106132397,108.40097889009542,150.8001595196554,0.28378375908603054,0.675300209641485,0.3900547014789336,0.10631712101547437
bent_forward_4.mp4,bent_forward,240,0,139.13083670430697,107.03909400775758,140.0851803454639,0.2728283703574161,0.6389503970582741,0.36851320940721594,0.11819571901084375
bent_forward_4.mp4,bent_forward,246,0,140.97807007401374,110.61125183640983,162.61769644941575,0.33445347548163484,0.6599050308471379,0.3755345515937182,0.12422386992924186
bent_forward_4.mp4,bent_forward,252,0,134.7265094263959,109.39368424731629,161.38002246432413,0.3884883563939014,0.6120042236246633,0.28270119083060585,0.13996773710914678
bent_forward_4.mp4,bent_forward,258,0,137.41979144155664,113.56609464991698,147.45274946539246,0.45699023634424,0.6157567665661492,0.24498561939655203,0.1260763209643071
bent_forward_4.mp4,bent_forward,264,0,139.2220662782073,113.43091560705216,144.914721878649,0.44041638478587014,0.5331471758827805,0.2645406036493837,0.10616506441951294
bent_forward_4.mp4,bent_forward,270,0,138.08926366872544,112.85153216445661,148.00594044627596,0.4252189328209802,0.5177435741281285,0.2826505868948251,0.1205140905232117
bent_forward_4.mp4,bent_forward,276,0,135.38018261284324,109.98665950021153,145.2809261733971,0.4317717812364226,0.5070246618716305,0.30000005782757055,0.14177995831024293
bent_forward_4.mp4,bent_forward,282,0,135.84570192944852,106.54463518235549,156.3577508523038,0.4681593301775733,0.5850339095797598,0.35591183875717763,0.15720828718392707
bent_forward_4.mp4,bent_forward,288,0,129.29584089005394,99.9910841258944,162.404883233412,0.43153338594733426,0.5427623350867019,0.381652980685766,0.17155335125280424
bent_forward_4.mp4,bent_forward,294,0,132.67472034869598,105.68981921582728,170.14207814266769,0.3832009199029751,0.6024020020791055,0.39316976713767926,0.16874351433414614
bent_forward_4.mp4,bent_forward,300,0,128.7328131893582,102.30676272519727,164.10207940976787,0.3600878101626147,0.5729426252329661,0.3941757427515303,0.18949086177874339
bent_forward_4.mp4,bent_forward,306,0,127.20443801305744,99.50397172444636,161.80316736135958,0.36526971064337627,0.5599087521068933,0.3986036684001808,0.19138460691797174
bent_forward_4.mp4,bent_forward,312,0,126.61513067734155,97.70716754696701,168.96921878058663,0.40307010550383165,0.5838902617771795,0.43010039175489556,0.21037659843341017
bent_forward_4.mp4,bent_forward,318,0,128.2500593170265,96.84006706329124,172.035886963869,0.3850122789110526,0.577981256901709,0.3965632494347164,0.17939675357394755
bent_forward_4.mp4,bent_forward,324,0,126.6059022499465,96.69833075886477,169.0575343989143,0.3766690643127404,0.5630481723342345,0.3782883777859985,0.18090388895806483
bent_forward_4.mp4,bent_forward,330,0,131.37638452051849,101.02608175288836,156.33551603218623,0.3743835856879956,0.578275249476599,0.385519416214508,0.15561900090972144
bent_forward_4.mp4,bent_forward,336,0,125.09728902811682,99.93886920175281,164.73255467306674,0.33716178654821977,0.5606735153292857,0.4142960782830586,0.21504127108555893
bent_forward_4.mp4,bent_forward,342,0,122.85986820132706,98.13132821411642,169.02083827694426,0.36374044915371845,0.5284964415293846,0.38498804125837377,0.2120849244181661
bent_forward_4.mp4,bent_forward,348,0,123.86184217073058,96.96889014445168,169.8706706421008,0.3700825143383841,0.5217861442684458,0.34974493108983246,0.18926035570928978
bent_forward_4.mp4,bent_forward,354,0,126.44306849922062,100.41743315318183,168.73284692785012,0.3885876704140618,0.5252848586572841,0.37391810986399054,0.18726624900501937
bent_forward_4.mp4,bent_forward,360,0,126.85526945548479,101.460345581096,168.5263347046186,0.36494146708265723,0.5159319476489368,0.36746393495566276,0.1803346169942304
bent_forward_4.mp4,bent_forward,366,0,128.97159175011592,104.78534141343592,162.15876463591545,0.3789928802190516,0.535511295212809,0.3769194809037596,0.18460679303093516
bent_forward_4.mp4,bent_forward,372,0,124.81623374254325,101.83297773512741,162.33143484438565,0.372631619707483,0.5362732843068962,0.35791866409523315,0.20478477509942367
bent_forward_4.mp4,bent_forward,378,0,123.03435997421697,100.95707594105107,153.33245238932014,0.38688947163091736,0.5221717416843646,0.3483460900751335,0.20608398603445083
bent_forward_4.mp4,bent_forward,384,0,126.1674603249307,101.26949765308709,156.4185822483157,0.38804433254763343,0.5137065771916876,0.31847159285093596,0.16263991159664049
bent_forward_4.mp4,bent_forward,390,0,127.00881609530961,101.59719280631508,162.3711018617215,0.37244489786581075,0.5138428439849131,0.3220683958335644,0.16187477657218707
bent_forward_4.mp4,bent_forward,396,0,124.86075865547218,101.98616156359401,156.05297515215483,0.40490630076860323,0.5255629276322522,0.32903533548820973,0.18771777616032162
bent_forward_4.mp4,bent_forward,402,0,124.78687278247416,103.05248721107841,160.12609401036391,0.4744800142229857,0.5005805878327083,0.32928981549793984,0.18318494621954295
bent_forward_4.mp4,bent_forward,408,0,121.09990707503154,104.51095604788445,158.35941203324234,0.5450627329163914,0.4960195565550056,0.38110437016029425,0.24051670630192387
bent_forward_4.mp4,bent_forward,414,0,120.686947667407,104.34143997534191,158.63411661212106,0.5019729047059209,0.46843105139005964,0.37899820106412335,0.23955321363137927
bent_forward_4.mp4,bent_forward,420,0,120.9977251870362,105.69957324622683,156.34101928178526,0.46628916805712933,0.4606925803699996,0.3536728411674998,0.23410519236292274
bent_forward_4.mp4,bent_forward,426,0,126.17180203383481,110.73244889743813,150.21024587593365,0.43954351740728415,0.4472530261060456,0.32194317447632115,0.19579448655084805
bent_forward_4.mp4,bent_forward,432,0,122.83232872684604,111.61566342980876,144.14607309495312,0.42007168806312095,0.4803064462328398,0.28249245336928247,0.2259082952802001
bent_forward_4.mp4,bent_forward,438,0,123.41674795833649,113.91665613499113,142.55467948083384,0.4286747766885826,0.4984232779258028,0.27796721524960843,0.23663777938924976
bent_forward_4.mp4,bent_forward,444,0,130.4551228609773,116.25317660547942,140.2030370194094,0.42025138613940644,0.511366015711983,0.2570299651482795,0.18580431954840465
bent_forward_4.mp4,bent_forward,450,0,120.77157260999815,111.01679293575891,143.1454899907492,0.4231584095610631,0.4703383658893076,0.2538245991623182,0.23009250550173804
bent_forward_4.mp4,bent_forward,456,0,119.65192183153907,109.16724533970833,142.51829337249816,0.42896950309352694,0.44821048974582633,0.24836530029396564,0.23103945119609356
bent_forward_4.mp4,bent_forward,462,0,117.33330773872306,106.66274206653044,139.2700048410953,0.44461408520305273,0.3941180978789062,0.21331958704966392,0.22031728166259856
bent_forward_4.mp4,bent_forward,468,0,120.32154954727208,110.8221858079467,139.62785962495948,0.4108347299572404,0.4247035423649657,0.1802039337779539,0.2085032531299202
bent_forward_4.mp4,bent_forward,474,0,119.36895119347462,109.26526804091631,140.29632141686284,0.37387813696091565,0.41612234298424516,0.19568892883953684,0.22228280084012553
bent_forward_4.mp4,bent_forward,480,0,125.49922383738472,114.14641189395863,148.4898282138697,0.4289626981338481,0.41698330819448715,0.21725456280953298,0.19256408136314535
bent_forward_4.mp4,bent_forward,486,0,123.7239322422824,109.78495438535666,147.61619051956706,0.4634289218072982,0.3776875098107183,0.22007317566548038,0.183416695161438
bent_forward_4.mp4,bent_forward,492,0,116.9892473409579,106.89991469707157,155.40932556138605,0.43073622312828014,0.3652472687279984,0.229803474678297,0.2216238033935715
bent_forward_4.mp4,bent_forward,498,0,124.4789856257776,108.37437206042017,150.09399496169036,0.43716647358227206,0.3466556818598205,0.17632668423116832,0.154799946861853
bent_forward_4.mp4,bent_forward,504,0,132.30418222941555,111.58244044516736,146.9436370945974,0.43363518542848184,0.37382076934752306,0.16739626087385248,0.11662909922624524
bent_forward_4.mp4,bent_forward,510,0,123.19717159972366,109.02337209010828,144.02260434191294,0.42539638908083427,0.3717593497746288,0.19563669516639462,0.18250383458217254
bent_forward_4.mp4,bent_forward,516,0,122.8179502832715,109.38098426226276,143.47082256699775,0.4070714819354246,0.3680585348762587,0.198290531951748,0.18386172937237122
bent_forward_4.mp4,bent_forward,522,0,122.27007318592509,109.89586352041343,148.33343855505228,0.40783848697462943,0.36318614792602766,0.20605573614968883,0.19044602617697584
bent_forward_4.mp4,bent_forward,528,0,122.19826200692806,109.5533091868221,149.1184829812931,0.4124137651663729,0.3754749399228449,0.22615411763446266,0.19856732001551694
bent_forward_4.mp4,bent_forward,534,0,122.64082332316774,113.70583878105009,146.23551511614025,0.38992792654266617,0.4210014675796115,0.21096146864215476,0.20384492462441997
bent_forward_4.mp4,bent_forward,540,0,122.70124184491074,113.34274304154866,152.3185918955077,0.40539603982310657,0.43607302488909433,0.2535957239617213,0.22879897474359517
bent_forward_4.mp4,bent_forward,546,0,120.62121193287328,111.45931352929613,153.15897919102687,0.39698100804622183,0.4270084073738567,0.23020996955799414,0.2182014374091901
bent_forward_4.mp4,bent_forward,552,0,122.70311119657369,110.54470652783533,149.99248299956426,0.40828445101708416,0.4267259644538936,0.20717559107355066,0.19405724137268668
bent_forward_4.mp4,bent_forward,558,0,125.76391078309335,109.6100837850825,146.61970762659516,0.4013597754207196,0.37941825437404814,0.19077949514020728,0.16022066040908445
bent_forward_4.mp4,bent_forward,564,0,126.41466995040301,111.13407599804222,145.20194914992803,0.4010838166108296,0.3873719655760403,0.18920395670309773,0.16111069325512975
bent_forward_4.mp4,bent_forward,570,0,127.81345411483997,114.00111480160582,146.62991288488334,0.3871340618720767,0.391029550998049,0.21138635138241504,0.16843739735959573
bent_forward_4.mp4,bent_forward,576,0,132.73075084458156,113.98810684964191,144.92702968309166,0.3672564324750976,0.38313283181016006,0.2126680840310353,0.13743847114113472
bent_forward_4.mp4,bent_forward,582,0,136.96498258515962,118.48333522599384,146.31907693638752,0.4046941404200103,0.44338849581891676,0.24125842256785282,0.13813983518679512
bent_forward_4.mp4,bent_forward,588,0,138.3578065803214,118.85679549021513,149.48381771761768,0.39828079575835196,0.47180501096379845,0.2672651030540012,0.1342455739887788
bent_forward_4.mp4,bent_forward,594,0,131.0785576033586,114.70033512357668,142.75695767876525,0.38701342555764917,0.4716835923299165,0.2700187479639686,0.17275893904822556
bent_forward_4.mp4,bent_forward,600,0,132.44222275387568,112.47261457169972,144.05502890830581,0.4223922899503192,0.4349443599580427,0.25097396854519965,0.14743900682282807
bent_forward_4.mp4,bent_forward,606,0,125.65890418673177,110.56696032062383,146.15451526558297,0.4123674924751553,0.4402487912400838,0.29116068991403304,0.19729429889055644
bent_forward_4.mp4,bent_forward,612,0,124.53832259819386,109.74557428483729,137.43970120204784,0.407247098207624,0.443654666236311,0.2786911045774706,0.1970828537996898
bent_forward_4.mp4,bent_forward,618,0,123.88567030833555,112.16138636080325,138.88439589482488,0.4261247296842693,0.48349069099223824,0.27937077660984944,0.21296365524956046
bent_forward_4.mp4,bent_forward,624,0,123.66619091001166,112.5853298541651,141.46143079716904,0.4308973105509426,0.46992400254326555,0.26750658816012624,0.2134697807202317
bent_forward_4.mp4,bent_forward,630,0,128.16587630351594,115.96919543006629,141.49736662325134,0.3880952147930172,0.45936321638510436,0.2728753292124097,0.19399443770326152
bent_forward_4.mp4,bent_forward,636,0,128.27353217980422,115.51648152613251,146.873616621236,0.41072671285322576,0.4570035032623762,0.2514603554619013,0.18397441367390246
bent_forward_4.mp4,bent_forward,642,0,123.29123773531865,111.27312916571141,148.596332426567,0.43161804198736076,0.45602944050632205,0.2682845036690622,0.22098524807000153
bent_forward_4.mp4,bent_forward,648,0,121.88850536038795,107.87746014731394,143.63616132796784,0.4148783468193464,0.44894126365696113,0.26856122331166543,0.21927841385717825
bent_forward_4.mp4,bent_forward,654,0,120.54564863744305,105.60238740947493,141.53654930619072,0.39746163133421747,0.42711830805202733,0.24179185047014773,0.19878421492737144
bent_forward_4.mp4,bent_forward,660,0,121.28204670674677,108.55635262507451,143.79851519791225,0.40333711276718925,0.4387828687098402,0.26917131528065485,0.21178169400535943
bent_forward_4.mp4,bent_forward,666,0,119.90467847489376,105.00829793261774,146.0457808340552,0.37920169746538435,0.4007922126127824,0.2554683355408058,0.20117214280083887
bent_forward_4.mp4,bent_forward,672,0,123.46913805520873,105.61099862149281,147.2714923492923,0.3903854694394117,0.4172748245094919,0.26190787628572465,0.17903413568042223
bent_forward_4.mp4,bent_forward,678,0,124.60163532271588,102.13973569420148,148.18322863956652,0.3453348523891302,0.42712297312291125,0.2635826449133003,0.15433554031970234
bent_forward_4.mp4,bent_forward,684,0,125.01116641847305,100.1782515780974,151.9067479126662,0.3782764961335256,0.4496662193004189,0.358611048409284,0.1845538834382976
bent_forward_4.mp4,bent_forward,690,0,124.6106478022122,99.27055157253736,161.3096028352009,0.3872139674837349,0.4948462274067871,0.3777780713505622,0.1955294358041709
bent_forward_4.mp4,bent_forward,696,0,127.83943100167562,101.5911869437609,165.6945527255947,0.4190853453858602,0.5123837979078095,0.3746423413670266,0.1722834723565278
bent_forward_4.mp4,bent_forward,702,0,123.21403914609027,100.10025647258267,161.43678356068634,0.42240327821775364,0.5092989527328414,0.3908265314319053,0.21217719809221328
bent_forward_4.mp4,bent_forward,708,0,122.52640822357844,100.97514192224934,162.09308378730717,0.40513803549348176,0.5171934093426216,0.413376454708123,0.23200295572753796
bent_forward_4.mp4,bent_forward,714,0,123.63369835145272,100.8986988345693,161.48677867739642,0.40068700496078274,0.5063323304011839,0.41798088042639014,0.2262385583143895
bent_forward_4.mp4,bent_forward,720,0,122.57376766253627,101.80976626920548,156.93436244838637,0.39753670732816937,0.5227420023299227,0.4182624862004881,0.24130261714628196
bent_forward_4.mp4,bent_forward,726,0,120.63080152526979,102.05089593884468,155.65445346526045,0.41655451127669985,0.5155304819416228,0.40969933575985046,0.2560554905734423
bent_forward_4.mp4,bent_forward,732,0,121.16835915828572,103.28918597217073,155.6633687919893,0.4299300089967197,0.5233501769524866,0.3993511838507555,0.25060560704818297
bent_forward_4.mp4,bent_forward,738,0,125.58365988924655,106.30030710651208,163.58892421395086,0.4415629503079468,0.5107514581869388,0.38070784170022404,0.21537814106119216
bent_forward_4.mp4,bent_forward,744,0,129.95483536402,106.5284730132051,154.92342560629336,0.2997669791145758,0.5332706404111276,0.3766002842769985,0.19263779473695636
bent_forward_4.mp4,bent_forward,750,0,147.9484894323732,113.24683930221036,71.67780189063342,0.5222052417462363,0.5910723940768181,0.14106920571292997,0.02084143610313389
bent_forward_4.mp4,bent_forward,756,0,158.04708270001754,128.77681786444683,13.858395378078306,0.8666485730556258,0.7314520677308909,0.18306288543531665,0.0025183604899138416
bent_forward_4.mp4,bent_forward,762,0,165.50128207496655,144.92214914805803,20.033055159067363,0.9579069354910544,0.8392383931200187,0.43359038166209,0.11485702635929473
bent_forward_4.mp4,bent_forward,768,0,162.43142928512177,147.75907110099706,31.165272309909415,0.9172252273730654,0.8160408659980722,0.4063445882305686,0.12269165556909872
bent_forward_4.mp4,bent_forward,774,0,154.11449731589448,127.84011354366102,83.4078010499842,0.23306565010764796,0.6891626566130735,0.3463278170725833,0.1039500662289551
bent_forward_4.mp4,bent_forward,780,0,152.3108727870126,131.2853062146977,145.46481929115686,0.38125789202401633,0.6742895270572936,0.3355116102621235,0.10228384632417697
bent_forward_4.mp4,bent_forward,786,0,148.86301654269795,129.7833791921733,147.23398553796446,0.5751943037694267,0.6375711259279603,0.3263372168322006,0.11559977166679646
bent_forward_4.mp4,bent_forward,792,0,144.62391109451744,124.87550416825326,150.63043494565386,0.5763892516530637,0.6259478489892498,0.26205814005904243,0.11895905585338203
bent_forward_4.mp4,bent_forward,798,0,141.12273396556841,122.2697300089612,146.14056937731812,0.49011628388459616,0.5669356502044474,0.23692523309300192,0.12610412334484775
bent_forward_4.mp4,bent_forward,804,0,139.92774615663885,122.3563708382364,141.6076635381224,0.42621717481589655,0.5445601076495921,0.2316813219812122,0.13092186678920054
bent_forward_4.mp4,bent_forward,810,0,141.043617173307,122.30420552102439,147.24416983199842,0.42676951302153604,0.5643334026204225,0.24974772974916395,0.13856056252752216
bent_forward_4.mp4,bent_forward,816,0,137.90332256385537,117.43019127046037,144.09318372844206,0.4660169160333918,0.5160897288078707,0.25639588322959944,0.15408622380443962
bent_forward_4.mp4,bent_forward,822,0,136.76312402151135,119.4431285247008,148.2672519566781,0.46471003085344736,0.5462751256112183,0.28427911326436367,0.16889216468147827
bent_forward_4.mp4,bent_forward,828,0,133.09497314430433,115.99525390284853,147.81369847868777,0.47612401579042996,0.542558192767025,0.28053415186327857,0.17544803075789048
bent_forward_4.mp4,bent_forward,834,0,136.22484999286516,116.23475603836499,149.93500308885717,0.453767153994037,0.5430033175816091,0.28874048747103287,0.15300815819839458
bent_forward_4.mp4,bent_forward,840,0,139.64771913889717,117.93924723232053,145.5230514631822,0.4625131954285178,0.5583574182274372,0.269507859602182,0.1266021917776749
bent_forward_4.mp4,bent_forward,846,0,134.90039104485035,115.06426489118186,151.70367827365033,0.4498280362452944,0.5403403889454589,0.2506688842530144,0.13819129201566524
bent_forward_4.mp4,bent_forward,852,0,123.79941402681321,111.79550854516779,151.60220920173984,0.4808439275820091,0.5246521519870588,0.2856661055592146,0.23166904985009326
bent_forward_4.mp4,bent_forward,858,0,127.16350804617284,115.48197919454228,155.33576883249958,0.48236539127199113,0.5244708534293555,0.31642469175509874,0.22305151511542493
bent_forward_4.mp4,bent_forward,864,0,121.99898590229454,113.92513325775676,158.4534300216415,0.4725837361292317,0.5201196994990523,0.29981446493395414,0.25064132049791427
bent_forward_4.mp4,bent_forward,870,0,125.49836647494188,110.25489039042415,155.26625148130373,0.4800008707633726,0.45331100698104415,0.190836786868488,0.16125269725180738
bent_forward_4.mp4,bent_forward,876,0,125.43362164572089,114.32035036406405,150.7052757570756,0.4556278371538718,0.5057888656042643,0.27129571431211286,0.21620844696311323
bent_forward_4.mp4,bent_forward,882,0,125.39605386654844,113.71743270965422,146.5119038155371,0.45864978492532354,0.5053682203947579,0.2742215834727578,0.21841189284228316
bent_forward_4.mp4,bent_forward,888,0,126.52202009456455,114.52270424824876,147.17429500557142,0.4585816530842082,0.5157941126511085,0.28355736587871705,0.2152362924148102
bent_forward_4.mp4,bent_forward,894,0,124.18554414961858,111.36027691850813,148.60514352301104,0.44024969178557727,0.48958894906641365,0.2927434756980856,0.22360132987001993
bent_forward_4.mp4,bent_forward,900,0,126.32304615594671,112.39876923358884,152.2963817644051,0.419614062639816,0.4885762680562874,0.2910263726992181,0.20005077279692485
bent_forward_5.mp4,bent_forward,6,0,110.72595832544498,105.63711518103317,153.52653091247203,0.5335306409412844,0.43893949012183725,0.28878455786574997,0.2903662968030606
bent_forward_5.mp4,bent_forward,12,0,117.16287137304491,109.92549718611212,150.665267547529,0.5555891085720753,0.4535315852722584,0.2986732828372094,0.2528364851209837
bent_forward_5.mp4,bent_forward,18,0,118.47632764813648,108.2151654536828,146.7376030524777,0.517649268630983,0.42725819486231154,0.24757206284047764,0.22342888154066148
bent_forward_5.mp4,bent_forward,24,0,117.55225477901918,105.81132704280101,146.0568426203158,0.5028414264116151,0.4158401419606184,0.22632180408770902,0.21680674780783263
bent_forward_5.mp4,bent_forward,30,0,118.26456316460498,110.55673899156324,154.608479433761,0.5272090000182382,0.4478814505130039,0.27658133273820446,0.23862591545287634
bent_forward_5.mp4,bent_forward,36,0,117.91513989425538,111.61938767772024,162.2365073677068,0.5184255503794002,0.48766325905684615,0.27511633720252227,0.2503935825955647
bent_forward_5.mp4,bent_forward,42,0,125.94356140074163,112.53576914803268,156.97904751619907,0.5006352117442707,0.48549415672196466,0.19522159793660596,0.16935806859906993
bent_forward_5.mp4,bent_forward,48,0,119.11686118865134,110.54817515197617,154.35379015858095,0.47665362216811313,0.4606796940050907,0.25278094863646955,0.23081755876110333
bent_forward_5.mp4,bent_forward,54,0,115.53159066367445,108.19676167962052,155.27850436945488,0.44260517061850396,0.4322736681112272,0.2635022343967869,0.25248459816833657
bent_forward_5.mp4,bent_forward,60,0,114.71736820750452,105.83296117938895,151.9459521726693,0.43200095470672695,0.4262173215689725,0.25838648907052814,0.25317388088532217
bent_forward_5.mp4,bent_forward,66,0,113.23588031248977,107.11660680066149,151.9427900294052,0.43136621866661545,0.46389471469304505,0.2855135627821174,0.2762398240434104
bent_forward_5.mp4,bent_forward,72,0,114.22515033957156,107.46285266172089,152.03623717626172,0.46149879352398,0.4635343191652042,0.28242957584409334,0.2625179064860465
bent_forward_5.mp4,bent_forward,78,0,116.71854108137157,106.3485153692786,148.61188314984068,0.45340322930687943,0.435146047518123,0.29311210623595785,0.23604026271466852
bent_forward_5.mp4,bent_forward,84,0,116.64489765220011,104.22566789886658,148.59884986636743,0.5113389687475359,0.45945646229063297,0.3208952351359374,0.2497448518886496
bent_forward_5.mp4,bent_forward,90,0,117.20797262257994,105.42306404819784,147.71058078056595,0.5153940416604548,0.4812427406527664,0.33316427514828695,0.2571467277093026
bent_forward_5.mp4,bent_forward,96,0,117.69754060679819,106.18058687118466,149.19051399067897,0.5285730855185048,0.4854007221507762,0.3384700962086908,0.25469870925243465
bent_forward_5.mp4,bent_forward,102,0,116.90485631341349,105.7827402535339,150.2125462193199,0.5004267642339782,0.4812794935419021,0.340627899684144,0.26090236393595073
bent_forward_5.mp4,bent_forward,108,0,114.91468421144056,104.71537608970927,152.66151411428754,0.5103315362093662,0.48116330593133744,0.3476970480100861,0.2804443195733494
bent_forward_5.mp4,bent_forward,114,0,116.42530206291774,104.6147577165066,151.0535918014032,0.5046317991102763,0.47055800904410783,0.3189053313510159,0.25067849721767177
bent_forward_5.mp4,bent_forward,120,0,116.18776719593542,104.87837059634528,147.95617589536886,0.4572382921722105,0.45649137461675804,0.3270801560249216,0.25343525680476453
bent_forward_5.mp4,bent_forward,126,0,113.63036653502068,104.58566246036021,149.40245803021548,0.4572097686945183,0.43442062991074404,0.3024818729497028,0.2581473961925756
bent_forward_5.mp4,bent_forward,132,0,114.73026320790083,105.68355265188637,150.36336724465372,0.4698574351716777,0.44074187759266586,0.28936741938087274,0.2545045577663626
bent_forward_5.mp4,bent_forward,138,0,113.66253779810874,107.41814466768757,150.15110699850374,0.48125081566303085,0.4663976203849628,0.29404285562757043,0.2685476717743834
bent_forward_5.mp4,bent_forward,144,0,113.36816121077946,108.25599206491562,154.49346094369807,0.5110771274655517,0.4709693418986862,0.28077815316943117,0.2721919563549988
bent_forward_5.mp4,bent_forward,150,0,113.21688280865946,105.65378218450104,150.72114217799012,0.517294944577364,0.43721193591253016,0.27815409559146814,0.261883751874777
bent_forward_5.mp4,bent_forward,156,0,115.56020863751002,107.56223646846117,141.85605955255554,0.43365306091052286,0.42333128784930585,0.26061045648432307,0.2370966143145685
bent_forward_5.mp4,bent_forward,162,0,117.03624565389742,109.96521834452025,150.81198433309245,0.5006045169521582,0.43311355858995126,0.25516561345614264,0.2307057773446753
bent_forward_5.mp4,bent_forward,168,0,117.39018758934495,108.58273327640566,152.53673712281022,0.5068627271551287,0.3940949671796014,0.2138674901784321,0.21561280913757738
bent_forward_5.mp4,bent_forward,174,0,118.4307316588975,109.97495015400997,149.9222801193563,0.47833158579975077,0.39471013757358925,0.1874613179751605,0.20863326438215135
bent_forward_5.mp4,bent_forward,180,0,124.43236754410671,113.11110762006442,150.43893616467759,0.48391456390903403,0.40663228477581265,0.21113962511731596,0.18402228203387602
bent_forward_5.mp4,bent_forward,186,0,122.55907516698295,110.57756777023255,146.11359750973298,0.46363150386806434,0.4087475999299875,0.18525544101235253,0.17875106323692108
bent_forward_5.mp4,bent_forward,192,0,120.90128762568872,109.33250283624257,150.80502077230028,0.45276993517890535,0.42128104210857137,0.17900076255728117,0.1927584367001478
bent_forward_5.mp4,bent_forward,198,0,122.80787852133815,109.41963753019142,151.2283196276551,0.47071767238820844,0.43208711136301464,0.1774088909739565,0.17977138090687694
bent_forward_5.mp4,bent_forward,204,0,123.88327509700315,110.63511261149388,146.47685515411277,0.426706264870619,0.4345366785653179,0.17197571717728313,0.17508890850368256
bent_forward_5.mp4,bent_forward,210,0,122.26380795983768,112.97550033994327,147.8622942788525,0.4298772251275147,0.4560785337735795,0.23235786226632352,0.21900844092834126
bent_forward_5.mp4,bent_forward,216,0,122.20826797707583,115.58603330260408,148.91568216808946,0.4211989540383268,0.4925390368281964,0.2248641884840451,0.23840564713076837
bent_forward_5.mp4,bent_forward,222,0,130.97651220411737,117.94838069385001,146.1040962034703,0.39538935003080744,0.45031101839983056,0.19130443145775428,0.16949426165952078
bent_forward_5.mp4,bent_forward,228,0,140.29808880452933,121.5761010512285,145.7317153941582,0.3916344741171687,0.4718226023073084,0.15471481303523907,0.10565051490747115
bent_forward_5.mp4,bent_forward,234,0,144.64217370032245,125.62238687340003,148.13153487126488,0.42753954247788345,0.5018489903309246,0.15957240756599808,0.09024359441083965
bent_forward_5.mp4,bent_forward,240,0,149.59613771563673,129.16532491542253,149.3190573270928,0.43210270314798294,0.5522340609926083,0.20334654055270782,0.08995903063986184
bent_forward_5.mp4,bent_forward,246,0,145.95279572925327,125.56292958839799,148.9458949368309,0.42264427990552494,0.5214877363513429,0.184769494188306,0.09492437228151464
bent_forward_5.mp4,bent_forward,252,0,131.31262551945656,118.29458437738833,149.85969396472998,0.40315332632728224,0.4732988320484483,0.20222610315267753,0.16167874313400674
bent_forward_5.mp4,bent_forward,258,0,124.47508966356357,113.93765824710349,151.43815125101563,0.4346866928622463,0.44981754774117555,0.19396889198532916,0.19172541539727567
bent_forward_5.mp4,bent_forward,264,0,118.6974838399525,113.29361085325695,146.63414574998447,0.4368258634577194,0.4354676198006928,0.16054347780652656,0.2238802887339599
bent_forward_5.mp4,bent_forward,270,0,124.44926882084707,114.68636963518225,154.2881464942076,0.458737723644126,0.45899374596350295,0.16651321150785067,0.20114858819620118
bent_forward_5.mp4,bent_forward,276,0,133.38995907522576,123.12120967506569,145.53501748925603,0.4409413835335646,0.4843017766424998,0.17778734860945403,0.16260359555771808
bent_forward_5.mp4,bent_forward,282,0,129.36903385194304,120.91353373312113,145.22151762165385,0.43582107530739395,0.5063555105020878,0.19442656168541597,0.20147196678392185
bent_forward_5.mp4,bent_forward,288,0,141.03770776884986,125.45716121200392,147.82537244152905,0.4405916906571832,0.506696519918623,0.1735530583774237,0.1259419546387949
bent_forward_5.mp4,bent_forward,294,0,128.03562274693485,116.68032033931878,155.44583144097336,0.4854700655787372,0.491866927726361,0.1745932007603153,0.19211755008352605
bent_forward_5.mp4,bent_forward,300,0,128.02581718964126,116.5817451791294,152.925557573319,0.4458520831499782,0.4838368321276464,0.18042076463902998,0.18538139259517905
bent_forward_5.mp4,bent_forward,306,0,135.26850340805032,119.08873374724104,145.14632131961474,0.4645720699158532,0.5391666221936952,0.1095027640361713,0.12343822129612202
bent_forward_5.mp4,bent_forward,312,0,138.29254950365294,121.7985621815487,145.16390862893292,0.4710787125927467,0.5407159159788009,0.09440520576222422,0.10532624794640216
bent_forward_5.mp4,bent_forward,318,0,129.0896400541758,120.89953131758833,152.1365773950449,0.4099695410511416,0.5412779446202985,0.12262227940959403,0.18149784083151294
bent_forward_5.mp4,bent_forward,324,0,130.37553004060754,119.77683928082418,152.28210360282029,0.4176303378748443,0.5370347382012773,0.15745050709861833,0.17372061960831203
bent_forward_5.mp4,bent_forward,330,0,129.70119806238978,118.26749088553237,151.53029526327614,0.4927349769000378,0.5415155454456938,0.1589353713655462,0.1783355231205632
bent_forward_5.mp4,bent_forward,336,0,130.02183894271093,116.11917788156855,145.318136942913,0.4634281478948637,0.5192685577148838,0.13019424551148018,0.14823484231508313
bent_forward_5.mp4,bent_forward,342,0,133.91238268687133,115.58880404581194,148.1843591259889,0.4566349425253889,0.5209448341239832,0.11235198925017169,0.1109950858455339
bent_forward_5.mp4,bent_forward,348,0,132.82705280082118,114.76888829738715,141.31004879440474,0.4313379390584985,0.5098483329346032,0.10381527929397323,0.11009501340016799
bent_forward_5.mp4,bent_forward,354,0,129.19091993174592,118.77970330893265,145.43785491951587,0.42590824970452995,0.5362163064118913,0.1496839021984281,0.1696700618009823
bent_forward_5.mp4,bent_forward,360,0,128.83468541385713,118.81877487015282,161.3944636804804,0.5383334410375075,0.5199610283304915,0.15714544565236724,0.17684311922055787
bent_forward_5.mp4,bent_forward,366,0,121.86623652658783,117.19835922485171,152.74647691396814,0.5391334402903939,0.4199331620773503,0.0969888211054077,0.18465405952373223
bent_forward_5.mp4,bent_forward,372,0,128.427405390903,121.58111635848094,151.8315185711656,0.49387080509146764,0.48289520558655413,0.09031393509942186,0.16722299539567445
bent_forward_5.mp4,bent_forward,378,0,127.77752308380033,125.07501119951344,144.92764278525613,0.4697208444483448,0.4940260136123388,0.10984651453045167,0.19727702493967214
bent_forward_5.mp4,bent_forward,384,0,124.03251952610579,119.36795267989984,153.73552025748123,0.5241777767726543,0.489805693753935,0.1383787954535683,0.21785430204813389
bent_forward_5.mp4,bent_forward,390,0,120.74356928894147,115.12232109986466,156.01267906595046,0.520769497882748,0.449700083348405,0.15428819150259296,0.2251402369862656
bent_forward_5.mp4,bent_forward,396,0,122.5022801809462,114.39068381868486,157.00428646017482,0.4858508561348607,0.4313060686063982,0.14524414660190113,0.19587109159781807
bent_forward_5.mp4,bent_forward,402,0,120.55904543800655,113.23299958044058,158.7787143543183,0.5325801211303117,0.4344133940527482,0.16397259485822532,0.2104335100818256
bent_forward_5.mp4,bent_forward,408,0,118.69640833493388,113.92392399682291,157.67531849493434,0.5777468347999456,0.4274256145856185,0.18493738487806596,0.2292371364839502
bent_forward_5.mp4,bent_forward,414,0,118.2908421626904,114.86469867416837,152.17287062819435,0.5582100169713596,0.4345304622881708,0.20232091088495854,0.2420328445824588
bent_forward_5.mp4,bent_forward,420,0,118.28527398467304,117.72546697479221,147.06267952996677,0.5353893953383227,0.42497707548290153,0.18461862085370773,0.24468206287241565
bent_forward_5.mp4,bent_forward,426,0,121.65451186910302,117.04083715521544,153.45436815851278,0.5392179602122061,0.4157041228558294,0.1716589630521602,0.22083831122225603
bent_forward_5.mp4,bent_forward,432,0,118.85822888644869,116.1890791891692,154.34778753208124,0.5291469492026465,0.41242880100328067,0.18203637300806783,0.23413786410083326
bent_forward_5.mp4,bent_forward,438,0,121.1054262220274,118.92262755995364,155.45150604809658,0.5706507704966023,0.45752939028286616,0.1855352375179845,0.23584715838424308
bent_forward_5.mp4,bent_forward,444,0,118.4587215597735,115.57294774102223,157.01815452631175,0.5121127735769618,0.4323892388346079,0.18076913344131462,0.23652540136095385
bent_forward_5.mp4,bent_forward,450,0,121.50970649526008,115.4667581860483,159.50300762241258,0.5236481237021129,0.4242708974796482,0.18966878096180018,0.22029256570553468
bent_forward_5.mp4,bent_forward,456,0,121.56384164149141,111.3670220662735,157.51563899780453,0.5234065901996178,0.41562685726028675,0.2274958929463483,0.22846729196695978
bent_forward_5.mp4,bent_forward,462,0,119.78565396518007,109.07850313940881,160.55689891212856,0.5087969707107207,0.3778770720793452,0.22826071168928455,0.20983113813180895
bent_forward_5.mp4,bent_forward,468,0,115.00480760772949,105.07167670368041,162.6565675067905,0.5095409605954787,0.3740453647838469,0.23821497471709793,0.2256759451739553
bent_forward_5.mp4,bent_forward,474,0,112.44854900891781,103.01586123711465,159.26286588884255,0.5389175409280597,0.39543898385974896,0.25895386847527163,0.25183066171514945
bent_forward_5.mp4,bent_forward,480,0,112.20841886989648,101.97734547749884,160.88538396960845,0.5291077350840199,0.40826058750925603,0.2687915398614063,0.2488582986671927
bent_forward_5.mp4,bent_forward,486,0,110.14879026103749,99.13635903762538,158.87420999273573,0.5207792299603445,0.36524934053051916,0.2807124519776964,0.24913344666977472
bent_forward_5.mp4,bent_forward,492,0,108.05917061702539,98.909412415613,158.3564373162548,0.510423333964285,0.37226269980690235,0.28159068575723545,0.26344816523446307
bent_forward_5.mp4,bent_forward,498,0,106.00537581250506,99.50856466228029,151.80296889877548,0.5059581052605066,0.37805503001816404,0.27312486022716176,0.2739770456179813
bent_forward_5.mp4,bent_forward,504,0,105.2773297023685,99.6369825382453,163.03501231570806,0.4922240606112002,0.35784758729938737,0.2720451825976322,0.2703695375205031
bent_forward_5.mp4,bent_forward,510,0,105.00911073739692,100.52696215830015,158.94104659363444,0.44867907902639925,0.3604353861837068,0.28871891661897003,0.2811486545657939
bent_forward_5.mp4,bent_forward,516,0,109.94036156651816,103.53536245379951,155.6057980888286,0.4367370771567796,0.39766020093993054,0.2887882267484192,0.26821728337583306
bent_forward_5.mp4,bent_forward,522,0,109.2699759580483,99.80437256366706,157.15135978085252,0.45532945329788943,0.3485328131308596,0.2742053946318294,0.2526477816970002
bent_forward_5.mp4,bent_forward,528,0,106.12457177005945,98.84525172707525,151.35279307790083,0.4720638328893705,0.35135671351177944,0.26276489826315363,0.26592847701370104
bent_forward_5.mp4,bent_forward,534,0,103.76284110913414,98.02466065391613,157.8653108275608,0.48958302215446975,0.34777042176422157,0.28197537108417875,0.28499921452621896
bent_forward_5.mp4,bent_forward,540,0,104.22599489829936,99.53339762538093,154.43189542853625,0.4824493012453421,0.34956090574564086,0.2741250942041182,0.2758312294989112
bent_forward_5.mp4,bent_forward,546,0,107.17461157526041,99.30095906687946,158.28976956263358,0.4842551396353813,0.3464864433945827,0.2772380962313321,0.25862514785162216
bent_forward_5.mp4,bent_forward,552,0,107.32221746287804,98.51372979844933,155.52095559379384,0.48157126130195277,0.3371133007818617,0.2841096564970489,0.2548234178749116
bent_forward_5.mp4,bent_forward,558,0,107.90991608589546,98.3035446468216,156.6644692580577,0.45204929666688604,0.3360791786912564,0.2939323916667856,0.2527617358153851
bent_forward_5.mp4,bent_forward,564,0,102.45320422440751,94.77394268457216,157.50590518729692,0.4634217098949297,0.3236678195452366,0.29059041915822065,0.27503315532168376
bent_forward_5.mp4,bent_forward,570,0,100.55694927175456,94.60555212849667,165.03798905970748,0.4294157207370596,0.323095038204748,0.33008248881999613,0.29332307582721723
bent_forward_5.mp4,bent_forward,576,0,101.90842863293511,98.87697052444928,151.5050635964653,0.47387629055552205,0.34874383588766517,0.29714223090762326,0.2894505882658006
bent_forward_5.mp4,bent_forward,582,0,106.91690554530012,105.06790752551136,157.8762663954618,0.4984245183414766,0.38067614198652877,0.29961180098065676,0.2888076400516177
bent_forward_5.mp4,bent_forward,588,0,114.85799195288989,109.75130314672232,163.85692732191563,0.5122199578199432,0.4083481120983287,0.2772558229763847,0.25787921437488875
bent_forward_5.mp4,bent_forward,594,0,120.72921225848268,110.20066182675602,160.21640524837971,0.4655703580036003,0.4018271130220709,0.1465360265085649,0.17310580576985735
bent_forward_5.mp4,bent_forward,600,0,122.22289567655564,113.90142336679901,161.03930523091918,0.5209915140727868,0.45216743505323825,0.18132738116519545,0.20663802123953798
bent_forward_5.mp4,bent_forward,606,0,121.64266108836841,114.2328382762984,161.02746852237792,0.4968547805809644,0.44302331705048165,0.20355702614209817,0.21507284497829204
bent_forward_5.mp4,bent_forward,612,0,125.00663561524264,118.73523314647319,156.81287966134394,0.46699284035061395,0.4661146986979036,0.2003062253749003,0.210890227708467
bent_forward_5.mp4,bent_forward,618,0,134.9887030781283,124.59975921735717,157.37786425505092,0.5219865449053136,0.4951463345715382,0.18629682096617844,0.1642169298926583
bent_forward_5.mp4,bent_forward,624,0,141.72043501714714,128.17908099151074,150.4352438687381,0.48522354133380435,0.5616282246713834,0.16384246747797362,0.1317795634835312
bent_forward_5.mp4,bent_forward,630,0,142.98094877297558,128.4497049798412,148.3903118741661,0.4028191108860161,0.5359744025634838,0.15344161755815452,0.11484612668065523
bent_forward_5.mp4,bent_forward,636,0,146.64531597003767,125.66709899660441,147.81926967794206,0.4022822343785711,0.5158452979409216,0.10011007077864144,0.07488417554635307
bent_forward_5.mp4,bent_forward,642,0,132.8679726817088,123.73364594056673,151.56385093670286,0.46335597512372995,0.5204830344248181,0.12036440054339807,0.17199284397177217
bent_forward_5.mp4,bent_forward,648,0,132.04363956761645,126.22543090414914,153.3352247194639,0.5380587756404471,0.5450485041129376,0.15721854322829532,0.1971351829108407
bent_forward_5.mp4,bent_forward,654,0,131.044839514521,122.58361840932956,152.9423909909776,0.5134530055217795,0.5228161280397544,0.1446283161379855,0.18544279019369428
bent_forward_5.mp4,bent_forward,660,0,129.18698787117066,121.39886548784709,146.73124229194727,0.5197472467314879,0.5219278346413891,0.16569086686679418,0.20291461518111079
bent_forward_5.mp4,bent_forward,666,0,126.20944260730556,117.2643111136057,145.19166976587556,0.4362733737963313,0.4559030276761709,0.15592239595940094,0.18371186173685725
bent_forward_5.mp4,bent_forward,672,0,124.06697935906007,109.97399621594653,138.48833019369314,0.398930914839168,0.36390765110160833,0.13823780266934155,0.14924641496905922
bent_forward_5.mp4,bent_forward,678,0,119.06890131801258,106.07865508214482,151.2806000382992,0.4035404935582586,0.36583548971062857,0.1207211992866726,0.1595905277452934
bent_forward_5.mp4,bent_forward,684,0,119.79489329426178,103.92037291208959,150.88130893011513,0.37936758028758216,0.3363801227750539,0.1067324355058223,0.12568938890338907
bent_forward_5.mp4,bent_forward,690,0,113.21261455122112,99.00182353435883,143.60234105956064,0.4016274560973751,0.28358340361725576,0.09665684364748582,0.13760695666842904
bent_forward_5.mp4,bent_forward,696,0,111.00539664887064,98.56289688829247,143.10411156352743,0.3875301419607938,0.27380640669458095,0.06662176201002015,0.14430826245860032
bent_forward_5.mp4,bent_forward,702,0,113.85958255161654,99.15370829815565,148.2435803653139,0.38592312286578867,0.2738777763789821,0.0877495326967186,0.13013029958937036
bent_forward_5.mp4,bent_forward,708,0,110.57929745138048,98.15355245582988,150.17456302060071,0.3945617388410163,0.2770654720297804,0.08567460273667334,0.15296997312898827
bent_forward_5.mp4,bent_forward,714,0,112.79515864363722,101.05332147422625,152.19509936488654,0.4161768233466688,0.30126970549853826,0.10569666684067051,0.15431513134332286
bent_forward_5.mp4,bent_forward,720,0,111.46137323604322,100.05131231062275,152.02171764394947,0.4106699866782306,0.30402867673290174,0.10323242096426637,0.16159922056667134
bent_forward_5.mp4,bent_forward,726,0,112.01807462117684,101.08223455678016,150.57031618513102,0.4087767091530733,0.3062756188136533,0.10181746910656814,0.16242919819748167
bent_forward_5.mp4,bent_forward,732,0,111.84655151733273,100.93175171723799,148.52123859258538,0.4026172004814843,0.3111355870099252,0.09453630854043929,0.16579679480855522
bent_forward_5.mp4,bent_forward,738,0,110.70116303051529,100.58485843880736,145.27919749925402,0.4032247760955329,0.30475970764692806,0.10081980689509187,0.17593800046415772
bent_forward_5.mp4,bent_forward,744,0,111.27234897155475,101.09116863646621,147.96399189857556,0.4063770090967338,0.3159804151330375,0.10132976188837697,0.17693979954230987
bent_forward_5.mp4,bent_forward,750,0,112.80284040496798,102.4345172453893,144.67831214048684,0.41438004607236745,0.33395107573951843,0.10544280248431764,0.17853245735759063
bent_forward_5.mp4,bent_forward,756,0,112.50865707251023,102.13764254375577,156.38373610539654,0.4194686095739223,0.3251228604771511,0.08965864829349439,0.17192345722446137
bent_forward_5.mp4,bent_forward,762,0,114.49090863138746,103.43865189666634,150.09404126490446,0.41735175911871597,0.3122059626421662,0.08871611060416823,0.164558341898881
bent_forward_5.mp4,bent_forward,768,0,114.81180005526173,105.95075340248913,149.83483147687647,0.42180631577580124,0.34881229429946486,0.10667775102652717,0.18806911466007595
bent_forward_5.mp4,bent_forward,774,0,121.78343381275907,113.08400152542568,147.71683704714545,0.42659308241830163,0.42064968218671345,0.11092021676327005,0.1852975478185413
bent_forward_5.mp4,bent_forward,780,0,128.66133418750084,116.79952966727056,147.36062428659463,0.42093034485316494,0.40213049940526857,0.10875544428827101,0.140127137681483
bent_forward_5.mp4,bent_forward,786,0,129.56512742753594,119.70535742224448,150.25084953109064,0.42653138351759695,0.4446040215946042,0.12388371547743517,0.15546381865949432
bent_forward_5.mp4,bent_forward,792,0,129.82335470849506,120.22560096986125,149.42179212682402,0.443364814373013,0.4611317780682584,0.10709539868108277,0.15374747595193194
bent_forward_5.mp4,bent_forward,798,0,127.10057661988138,118.57838003229651,147.24571991942727,0.44804572361624734,0.4418770006266873,0.09906601991788304,0.16748743343241757
bent_forward_5.mp4,bent_forward,804,0,131.06859911942368,120.37925856428049,153.41868427030508,0.46207967165401953,0.46324624478889503,0.08214561817448453,0.13571085616721262
bent_forward_5.mp4,bent_forward,810,0,135.9873001664216,121.3988643176505,152.62308104219946,0.45614109437238054,0.45856971700318017,0.0723969450299888,0.10094672103253526
bent_forward_5.mp4,bent_forward,816,0,138.04909238925356,126.27802529432407,150.02734343061084,0.4536439028964471,0.5065423411803532,0.10381855855962509,0.12645583701373178
bent_forward_5.mp4,bent_forward,822,0,137.69973763999045,123.34257915325287,144.4238122356859,0.4660358549544722,0.49040298855462666,0.12172817135046558,0.1293168353876978
bent_forward_5.mp4,bent_forward,828,0,139.50707227831026,124.3570752506187,145.70465170371236,0.4621465559041281,0.4917278538448234,0.0988938747507296,0.11035192781820401
bent_forward_5.mp4,bent_forward,834,0,135.66064213302684,125.13695082053879,145.6288463495615,0.42498682028888457,0.4790530874732142,0.07935987207134547,0.12502147973132557
bent_forward_5.mp4,bent_forward,840,0,142.13724381644,129.62320754677043,148.28376953164772,0.4597379017304153,0.5299230611197584,0.09104516629445801,0.10611843296153511
bent_forward_5.mp4,bent_forward,846,0,144.03853682872486,127.61805821421487,140.54058138070818,0.45972535516356366,0.5172062095759998,0.06475272101376817,0.09153915664988763
bent_forward_5.mp4,bent_forward,852,0,145.61749370199553,134.22470741642803,148.3184999639884,0.4750118956423171,0.5694774802957743,0.0891448534901942,0.10176981994917195
bent_forward_5.mp4,bent_forward,858,0,141.41332702791934,128.07758665317047,138.964234244957,0.3099519357249698,0.5406085633673264,0.07897329471828887,0.11176816221034336
bent_forward_5.mp4,bent_forward,864,0,154.52269939258625,130.06198182548096,58.75288222858115,0.4905532044216817,0.6941529196991004,0.13964294410172093,0.06865639184727618
bent_forward_5.mp4,bent_forward,870,0,157.58493242995567,139.02259644074155,15.531252190592776,0.9734016839323543,0.6925302284540776,0.15678683469287713,0.05885414330352266
bent_forward_5.mp4,bent_forward,876,0,162.54186608298986,143.27572766945747,10.225803764211818,0.9261501641722871,0.8086494256184531,0.23083015897758527,0.06632275633927907
bent_forward_5.mp4,bent_forward,882,0,158.8169727672995,142.26330588037493,21.43066111627815,0.8712781110453949,0.7962768192168992,0.2138980356296006,0.08068512569369408
bent_forward_5.mp4,bent_forward,888,0,150.5149672645646,133.6268739786215,108.32533441285173,0.13934055963819894,0.6877087408152756,0.1426625439882556,0.09146125347689313
bent_forward_5.mp4,bent_forward,894,0,156.67892077852233,136.24618586695044,109.27620219027806,0.05873869120048538,0.7087512837925004,0.08845679737582396,0.04780669511342841
bent_forward_5.mp4,bent_forward,900,0,163.68005959103954,145.68892183809356,96.34537411477395,0.26982161655576486,0.754341679010111,0.08173105578868042,0.03693475548023007
Chair_Pose_or_Utkatasana__image_306.jpg,correct,0,0,120.70840706207375,119.52129850358062,162.2204964214551,0.7974716879721488,0.47710857400907214,0.017053137063043552,0.17937094074461676
Chair_Pose_or_Utkatasana__image_308.jpg,correct,0,1,115.54977566707197,112.20636136694516,166.0868085459645,0.8648453213204684,0.3942878624964056,0.1752086080021348,0.19611073480847963
Chair_Pose_or_Utkatasana__image_309.jpg,correct,0,1,123.53088038670143,115.24068625413291,158.67537404043247,0.861776066122864,0.5008251996404307,0.1680115499188947,0.2020168544885164
Chair_Pose_or_Utkatasana__image_314.jpg,correct,0,1,160.78890785187068,64.12022911729949,106.46344697472392,0.1733320754582416,0.42527381076291926,1.798704393608825,1.485768922669551
Chair_Pose_or_Utkatasana__image_318.jpg,correct,0,0,128.4951575854614,117.41516539826019,151.52099065233566,0.7766751656084172,0.5164842740916286,0.1223725789064535,0.1614928315274923
Chair_Pose_or_Utkatasana__image_323.jpg,correct,0,1,137.08146783511603,134.45274186577615,150.27111183248454,0.8673295735107303,0.5939798646941029,0.1852233521003131,0.1896693911652334
Chair_Pose_or_Utkatasana__image_325.jpg,correct,0,1,93.47474826111628,96.67338025562114,167.44428276320343,0.6021573021830038,0.3441015259620109,0.0543682921595451,0.2998885417576734
Chair_Pose_or_Utkatasana__image_327.jpg,correct,0,0,67.14685251188618,63.12509100952951,147.8904019631414,0.6663215392004656,0.2475302830953485,0.36238171847167905,0.4501606926465605
Chair_Pose_or_Utkatasana__image_329.jpg,correct,0,0,110.79658046482115,104.44461462993071,148.3792465849766,0.25058607842376385,0.4898783997631723,0.14778174110547132,0.21326824583184834
Chair_Pose_or_Utkatasana__image_334.jpg,correct,0,1,92.0378657861256,112.68183139825362,150.72680494524542,0.9017364520340372,0.5049954750719579,0.21335826557112264,0.4129392125219021
Chair_Pose_or_Utkatasana__image_335.jpg,correct,0,0,106.2058700282848,110.37275948617594,170.23479364526776,0.8085379778993289,0.3122189009027972,0.09173560984752173,0.22891720227347018
File13.png,correct,0,0,67.14685251188618,63.12509100952951,147.8904019631414,0.6663215392004656,0.2475302830953485,0.36238171847167905,0.4501606926465605
File16.png,correct,0,0,77.00679702488738,71.19576279664815,140.23781344564307,0.47663600875496426,0.22936362531928364,0.31019721146244095,0.3505383373314156
File17.png,correct,0,1,64.02084067937018,81.66288415483575,168.80654669925843,0.7418818884080014,0.17910983801742736,0.11308898037501534,0.37945666176875115
File18.png,correct,0,1,80.52925490616455,82.40862135135032,121.39944451922624,0.5226856297218778,0.44273325821399717,0.21251876260454275,0.41621142743922523
File19.png,correct,0,1,95.36308153591509,64.31052022401715,142.79211974310743,0.48884671729081525,0.3229965627429053,0.08914175371130531,0.16574139295443588
File2.png,correct,0,1,107.80945121362024,103.31170232579302,146.32943562921704,0.6440069603649625,0.4536579766096144,0.22317774593348633,0.2797346116786698
File20.png,correct,0,1,81.9994496045562,70.69261226591293,144.84011662676798,0.5038241590117526,0.38335906668600944,0.14315455252478873,0.3467421077868146
File21.png,correct,0,0,95.16945607652744,61.96199623017563,108.26400614635017,0.08532316521590584,0.3264238234142187,0.17228398752910393,0.1663769701023263
File23.png,correct,0,1,72.70014615096996,51.639571069200365,143.56031235622467,0.4980901884502574,0.2146353832525764,0.056692022372732215,0.2723268782577826
File28.png,correct,0,0,80.00548597125855,60.144236080916116,162.34178693217882,0.6142238690879711,0.21773513654384,0.17028509831964825,0.24706814896935594
File34.png,correct,0,0,61.29367928331488,52.90963451937737,149.72035184719093,0.6522952378380548,0.05951319414900176,0.2427517443610448,0.362325663979262
File4.png,correct,0,0,138.7293453754698,130.4883802187828,168.29827847538854,0.7403100085732363,0.5077466797875121,0.10261079438317613,0.11777894669806048
File40.png,correct,0,0,84.1136033137771,68.78054169288113,153.96316638583005,0.47379840908814685,0.2635013294925798,0.25135567146547344,0.2537080099357615
File42.jpg,correct,0,1,71.30869349629566,65.83335577039306,147.83818976614296,0.5297787450683311,0.3290409426892061,0.25446116999840995,0.3704658531179926
File43.png,correct,0,1,72.86724020665704,65.52151017888222,152.45461575362083,0.5432385443550234,0.3219563124460084,0.07985457597964199,0.38436457107512567
File44.png,correct,0,0,120.10497514274512,83.5549995180226,165.29440738281426,0.5075606803798293,0.5615950015126429,0.3518521512077278,0.20210098490157508
File51.png,correct,0,0,86.71314589155361,67.31030739894099,153.84577068537277,0.6188054501084533,0.2834697151675786,0.17282596298368866,0.24423778605485783
File53.png,correct,0,0,64.61748799689857,89.75987406412833,162.39407630265416,0.8130039523961405,0.4392148938612851,0.3750647254750272,0.6428609495973839
File58.png,correct,0,0,92.43452234148221,98.69767122552051,157.1107359129792,0.732506470093893,0.3745880657449438,0.011676757957378922,0.2968127452705063
File60.png,correct,0,0,49.901070879140605,63.062867266926155,150.93279595275553,0.6693233874075402,0.24011654573906802,0.5226683686778195,0.5567004065202249
File61.png,correct,0,0,64.1095083439342,77.13452191138897,174.4134577347992,0.7861303240198084,0.18615732482739247,0.2642059531761759,0.44754520906554607
File62.png,correct,0,1,48.65169554730448,63.56561393650152,134.73007419375708,0.7612492989519917,0.27604694463354473,0.42797166865459274,0.6349618774440211
File64.png,correct,0,0,71.18663708406369,68.42149032489887,150.54936803463653,0.6646911730883102,0.29602252977215926,0.1407596107288753,0.39031248280519887
File7.png,correct,0,0,67.14685251188618,63.12509100952951,147.8904019631414,0.6663215392004656,0.2475302830953485,0.36238171847167905,0.4501606926465605
File70.png,correct,0,0,53.93003274747897,66.35690900863952,112.8351380413503,0.6396350514536081,0.3178258989539051,0.6536394558643668,0.6734086585257624
File71.png,correct,0,0,79.55138424070076,86.87994960278036,168.2259192782206,0.7647579828401154,0.4037973228914855,0.05237821044389501,0.3589218818808352
File74.jpeg,correct,0,1,83.9426695462771,84.27108870139094,162.98502861092015,0.7602673912494515,0.33117587321673386,0.11218383953600634,0.34486920387851644
File75.jpeg,correct,0,0,63.043261773430636,70.99318740574492,116.71881758654023,0.30836815835755144,0.2819423199786543,0.4406362971872607,0.5163506221542897
File76.jpeg,correct,0,0,130.838413564013,117.36753019615443,159.76279125077605,0.7429720630147826,0.463175832453565,0.12326067057783091,0.12820027575380757
File77.jpeg,correct,0,1,99.89969687603285,107.66717723134418,151.21261878249018,0.7034585068718016,0.45731767348244345,0.17998940618197865,0.3177613962597476
File78.jpeg,correct,0,0,130.94814599372978,123.39270955664604,148.09669875023357,0.600309927982425,0.38501682713177526,0.12775873237966365,0.12952799977935045
File8.png,correct,0,0,152.03199650807682,145.6388183971536,178.40889090845397,0.8101805758742286,0.5665149077369619,0.10704200530392131,0.08319092768322751
correct_1.mp4,correct,6,1,102.48225482054718,89.33479948491589,156.94668595646826,0.7280208614083712,0.31078402981665115,0.1571752691209441,0.17241942309659794
correct_1.mp4,correct,12,1,99.54451320602844,92.08255193505275,167.9941436670001,0.7346465887105134,0.306905694408552,0.13604686820912165,0.18918420580957757
correct_1.mp4,correct,18,1,99.04579207199015,92.86424580585091,166.7093235173638,0.70570895549976,0.3006660773226145,0.13942588165798633,0.19015288589806692
correct_1.mp4,correct,24,1,100.66631004125163,92.83805001217733,167.83890747286387,0.7411315515448197,0.3105580524457214,0.14469961530181746,0.1913945497340187
correct_1.mp4,correct,30,1,99.9957094932915,95.05629764004146,170.95036154173343,0.724053644071792,0.30927137611946204,0.15873157771115579,0.19107592909734553
correct_1.mp4,correct,36,1,100.64623057490574,96.75426906829749,173.3969067207736,0.7282565192271419,0.3065766699050517,0.17294540231963837,0.1909052507829143
correct_1.mp4,correct,42,1,100.38681852087859,93.97571838164541,167.0681108560347,0.6940254626440887,0.30313726548748454,0.17199871422095733,0.18573949133832227
correct_1.mp4,correct,48,1,101.06224449010259,93.79867240389792,166.7470865966605,0.7019344899415589,0.3004354687641604,0.1771603542263035,0.18147765166119578
correct_1.mp4,correct,54,1,99.07236265664902,91.52388604930152,164.36380038948965,0.6769752342779192,0.2924444192216152,0.18281366840122007,0.19404229876760815
correct_1.mp4,correct,60,1,99.21104246408832,93.68224887787792,169.48540402794885,0.6954668611245858,0.2985765224886678,0.18588079031847232,0.19666904889931883
correct_1.mp4,correct,66,1,100.35985619359393,90.61101023940896,160.33635186614978,0.6915854482379691,0.30746205531291815,0.18019503636298945,0.1931364600505561
correct_1.mp4,correct,72,1,100.37671195403814,94.07844408816108,166.84435653584833,0.6974687224020566,0.30931021225245164,0.17618389991418212,0.19586999983453024
correct_1.mp4,correct,78,1,102.78775190338953,94.14633428799941,164.19327616567767,0.7079326108397482,0.3139106935547774,0.17163481624390228,0.1848404465081426
correct_1.mp4,correct,84,1,102.97505009953117,95.13684778901715,166.4022277857377,0.7079894516538475,0.3193224510949252,0.1691504837721694,0.18800124452506015
correct_1.mp4,correct,90,1,103.79826093260705,95.3643353900059,166.42468099563303,0.7173059248030913,0.3239642459194007,0.17415331602974057,0.186161651275921
correct_1.mp4,correct,96,1,103.62796083492816,95.47301955683409,167.5804438365374,0.7165210328840554,0.32439007547126214,0.1726979380513177,0.1876813016222414
correct_10.mp4,correct,6,0,122.00388987260358,118.99443708981086,166.71371198774818,0.8051176022495462,0.30983669874435704,0.02352219863966788,0.12457046618364172
correct_10.mp4,correct,12,0,120.61544871917857,119.88252866695022,160.4332772205789,0.8398748251564094,0.30724127334393,0.024006507063224738,0.13778510029716837
correct_10.mp4,correct,18,0,121.57648675291833,121.02850306943702,160.11787986477995,0.852111558894691,0.31663519278179425,0.020853296512094138,0.13886631608458136
correct_10.mp4,correct,24,0,121.87579765133614,122.65236372610518,160.36774297615963,0.8687218644183026,0.33241521634590515,0.02697696139453052,0.15043657515616105
correct_10.mp4,correct,30,0,120.5141369886345,122.44157350217864,161.10880247887553,0.866957133153848,0.3332365667084557,0.026204280248546576,0.15991892511497055
correct_10.mp4,correct,36,0,121.07037887382923,123.00145121052665,160.61227680239017,0.8671718079628556,0.33064787871756773,0.022141734931935875,0.15543555228553327
correct_10.mp4,correct,42,0,121.60879218476555,123.25974084890181,157.32341565932916,0.8772064323647193,0.3371395615135299,0.02127040365276255,0.1572764780530795
correct_10.mp4,correct,48,0,119.97619229228926,122.70778108805409,157.77663612166856,0.8769333529853512,0.33455348798233536,0.019844097753015964,0.1665026700815841
correct_10.mp4,correct,54,0,121.87452916102387,123.84569418200083,158.35973115923954,0.8849288060364737,0.3461897291052469,0.02088039899806152,0.16222848455017916
correct_10.mp4,correct,60,0,121.97029541816184,124.51086778581937,159.38785569137914,0.881737703353318,0.35751174724754564,0.025533740800045897,0.16914035134447652
correct_10.mp4,correct,66,0,123.19866108730126,125.58721837677949,158.3293492644227,0.8901071696468579,0.3640266914490198,0.029373769768216512,0.1676309628805722
correct_10.mp4,correct,72,0,122.03116461685775,124.66609849754218,159.9364100641839,0.8811003757798194,0.3565731422732908,0.03146367235775634,0.17186496462470055
correct_10.mp4,correct,78,0,120.21519136722613,123.41958465070763,158.13145710755254,0.8817333012957281,0.34595034028845256,0.035496988384851755,0.1750708960911908
correct_10.mp4,correct,84,0,118.97024106558158,122.26035618136473,158.73901429353376,0.8714035326670984,0.3348271494993368,0.031577798397370786,0.17512942499368536
correct_10.mp4,correct,90,0,120.53428268239296,122.94628174705308,158.53505129453,0.8732718790470849,0.3374530872703245,0.03277425051110001,0.16782717548970674
correct_10.mp4,correct,96,0,118.68751855246083,121.73159227463834,158.52140695578117,0.8671628289589485,0.32843886888801593,0.031119627622402588,0.17215339225933393
correct_10.mp4,correct,102,0,120.08735857889133,122.90178003576023,158.5884183004938,0.8761982731340923,0.32945634933165824,0.034685836575215595,0.16715668515544232
correct_10.mp4,correct,108,0,119.15371745373677,122.17007338434473,160.17777931714366,0.8711503256227137,0.3244152993493223,0.029025692540338946,0.16755300037881124
correct_10.mp4,correct,114,0,120.62048958205101,123.8465216564851,160.52938309429345,0.872436769774661,0.3277122298743483,0.027162496959702884,0.1596319908487738
correct_10.mp4,correct,120,0,119.96690700332195,123.96323322430611,159.94189049892856,0.8728317264295211,0.3306440953343406,0.027673019670910962,0.1642413833924428
correct_10.mp4,correct,126,0,120.81188502233982,124.18536287565601,161.2723809233208,0.8720468103886398,0.3405181810049692,0.027779012713032174,0.1636996706965672
correct_10.mp4,correct,132,0,120.58270259058636,123.78544916080477,161.0760014222454,0.8732144146579667,0.34113777944481427,0.030181174214125268,0.16534412628743253
correct_10.mp4,correct,138,0,120.03690709145155,123.73978634283914,161.0168118614894,0.8691402149482585,0.3408543514712343,0.030861297900269563,0.16843088098987136
correct_10.mp4,correct,144,0,121.03686449658028,124.02589696720253,160.63341781259618,0.8716891601966329,0.34194130211968016,0.03378863704558872,0.16500238064729209
correct_10.mp4,correct,150,0,120.62261697758072,124.21516990354944,161.18358935649553,0.8721454516731953,0.3450429108399941,0.03708835417973767,0.16973872917848695
correct_10.mp4,correct,156,0,120.44028313250172,124.91609146929612,161.09860285314227,0.8737028288700402,0.3493204104460982,0.04303753951360793,0.17564076300296996
correct_10.mp4,correct,162,0,119.6113391023047,124.55812160328139,160.02403135916538,0.8728542105277003,0.3458170151224826,0.040691747982065735,0.17797420906651745
correct_10.mp4,correct,168,0,119.1578728112379,123.37026874113565,159.1196047082028,0.8747103741921993,0.3345124473862998,0.04426364522470776,0.17728203053267516
correct_10.mp4,correct,174,0,119.80744328546251,123.75512448710325,161.0819573109222,0.874486217759763,0.3337321555480049,0.04859003197602445,0.17379886846606443
correct_10.mp4,correct,180,0,119.94527834338271,123.42950127228015,161.6687510733038,0.8659572001897675,0.3336047574838215,0.049238860466669476,0.1722568354964315
correct_10.mp4,correct,186,0,120.45549990399397,123.56408309952693,160.9387640742571,0.8753348917383813,0.34116514626382377,0.054429902133727726,0.17279189619035057
correct_10.mp4,correct,192,0,121.26245164691153,123.31672867321977,161.28252609405877,0.8723000541246859,0.3568116185602378,0.05514442701020379,0.17444263297508905
correct_10.mp4,correct,198,0,120.7456158232989,122.29761462125552,159.99945882426113,0.8688309469429466,0.3558333401429657,0.054736716443900955,0.1766699249449927
correct_10.mp4,correct,204,0,120.03673999377327,123.06857365968582,159.85423469998412,0.8693257908147296,0.3544157922010008,0.053249217371677246,0.18054274867236794
correct_10.mp4,correct,210,0,119.52234694655628,122.77154256750794,160.72195498349254,0.865384705623897,0.3480544134377614,0.04807500858216555,0.17935262923940587
correct_10.mp4,correct,216,0,120.20903475823256,122.67523302679012,161.716835769749,0.8636394462232178,0.33738337514047856,0.03755944051329912,0.1707708783119872
correct_10.mp4,correct,222,0,118.95729574672518,123.05481836715249,160.2697872734348,0.8725366107117477,0.31807078465106725,0.03347550041508858,0.17097563370014363
correct_10.mp4,correct,228,0,111.40648790396683,119.82409539768328,167.35776120334089,0.8714663631735893,0.29116955199348915,0.02144772301275154,0.18311152812076684
correct_10.mp4,correct,234,0,113.82878402865448,119.06408077696882,164.35895258282778,0.8591322477364918,0.28633491289165913,0.03146087686645876,0.17840528222153765
correct_10.mp4,correct,240,0,114.58689329281569,119.89327548659739,160.76947493415622,0.8655286943691867,0.2878916965758254,0.03270260310213739,0.17684591137916034
correct_10.mp4,correct,246,0,116.15459594080289,122.92400115885334,159.77774664012915,0.8743395923427749,0.3099197445070941,0.03147634966053007,0.17922918898282575
correct_10.mp4,correct,252,0,118.25671066890082,122.46678165233547,160.32728791589713,0.8700190154391182,0.31000938243810683,0.03217000602803658,0.16670055189155403
correct_10.mp4,correct,258,0,115.83851825955017,120.79135120709059,160.49234048760505,0.8680055619464195,0.30836775781936965,0.03655332856014562,0.17862985030652045
correct_10.mp4,correct,264,0,114.95653208220999,119.80147389574452,160.4366924926834,0.8532569678835629,0.30832787467191203,0.03269038875220539,0.18066358012301753
correct_10.mp4,correct,270,0,116.2475437416501,121.3122257512273,161.66478461180856,0.867138425721935,0.31852523939430216,0.036826627231700756,0.18103718977141456
correct_10.mp4,correct,276,0,115.2782177523624,120.48014257152093,161.91812917654232,0.8645000434793313,0.31497906025429656,0.03588678228271127,0.1820885916804849
correct_10.mp4,correct,282,0,126.31497669680321,129.12524277346358,163.754684333378,0.8456632241737394,0.38663261009395283,0.03124151220273444,0.15547154127843898
correct_11.mp4,correct,6,1,118.2991192485943,109.98124852719043,177.24803319358435,0.8113666687291788,0.2812373966651713,0.04650370413159067,0.1206108291025159
correct_11.mp4,correct,12,1,118.53757983749414,111.28138670904688,170.00076822671008,0.7751589396178403,0.28883357526794423,0.06888724068611998,0.1311752644106752
correct_11.mp4,correct,18,1,114.66013273985529,106.53657293526483,171.78534695361824,0.7760695035348971,0.29595261016529584,0.15523714610115416,0.19481256904415484
correct_11.mp4,correct,24,1,119.59601646726817,114.25595927615649,169.64682152729728,0.8236594541013817,0.2982936537265182,0.08977723558453968,0.14051523274014155
correct_11.mp4,correct,30,1,117.86033714168596,109.31559789735886,168.80558716418136,0.8485679554569557,0.2719695785514889,0.06495028436162421,0.1263757845473512
correct_11.mp4,correct,36,1,106.09368309105133,104.8897627876347,171.97868625577496,0.841986516210387,0.27874960237904306,0.16233805586020814,0.2172357965642693
correct_11.mp4,correct,42,1,117.62909291971582,112.45201331604441,171.09939280420366,0.8032783438301395,0.2946866600032526,0.07238202205693675,0.1466697015922132
correct_11.mp4,correct,48,1,118.2556622851787,113.38738095724186,170.25580032773127,0.8148518076524867,0.29613844377600046,0.06782506646663473,0.1398046486088723
correct_11.mp4,correct,54,1,118.9242197618175,112.68025662687754,169.3554215921817,0.8208238241220511,0.2962897254621702,0.06417045464923452,0.13305081589973974
correct_11.mp4,correct,60,1,120.36693240170369,114.15497522182099,167.87743223875776,0.8258858935469765,0.3025435714377125,0.06823816335462284,0.13164509123908855
correct_11.mp4,correct,66,1,122.3112461192783,112.33238438964337,167.9430293846209,0.8447606902503442,0.30842811296005385,0.06778764384673851,0.12956043975434592
correct_11.mp4,correct,72,1,122.19963105415195,116.30620453178688,167.0581057401131,0.8516665380785838,0.33063571848278,0.07593475591533455,0.1460174393830694
correct_11.mp4,correct,78,1,121.58856788387071,116.46708839249327,167.63033816694576,0.8595849535685846,0.33032284868444955,0.07937374537502424,0.15315963187343945
correct_11.mp4,correct,84,1,121.7404722811415,116.00889883659548,168.27006429626528,0.858407167076147,0.33836633340521777,0.07951712070354645,0.15727470917054376
correct_11.mp4,correct,90,1,121.4147225791488,115.36992704642347,169.42243320504548,0.797373890664608,0.33518356809019806,0.09090843387960702,0.1587782923555052
correct_11.mp4,correct,96,1,121.29117874365924,115.83208545998647,167.50024217860945,0.884029241616282,0.3362180450434094,0.08984137146273753,0.16005092973912058
correct_11.mp4,correct,102,1,121.55479370863551,116.5537561325237,164.80051601539697,0.8972236206305689,0.33279070639430375,0.08864944918633184,0.15779715619792703
correct_11.mp4,correct,108,1,119.84433980328171,115.84995198492571,164.68927591569445,0.874780097608372,0.316638211817045,0.07609298678320098,0.15889912871180203
correct_11.mp4,correct,114,1,120.15556197726536,116.22702097894373,165.17252598460632,0.8868820784575471,0.32273340845413323,0.07452739023760135,0.15927423767136278
correct_11.mp4,correct,120,1,120.38684643948848,116.36765143061795,167.90635014995945,0.8781393393870132,0.3214850352389288,0.07840736842597254,0.15852907593495413
correct_11.mp4,correct,126,1,120.26755038811721,116.2936395191265,168.22856238982905,0.888439102477951,0.32714065111052515,0.07956488842744641,0.16342824489445162
correct_11.mp4,correct,132,1,121.18006852759228,116.80783948406749,169.93770857687792,0.8838144868819107,0.3384370583680064,0.08597469080917462,0.16561121222181538
correct_11.mp4,correct,138,1,121.25017718375607,117.24011102712447,167.06375409771346,0.8921663636305573,0.33293274859363525,0.08694531001038547,0.1634789172885567
correct_11.mp4,correct,144,1,121.11073662869353,116.95080025717459,166.64472492810253,0.8869044267477075,0.33606379653152685,0.08574935327284994,0.1637030727918977
correct_11.mp4,correct,150,1,121.20325850158503,116.84894157639775,167.26932410011946,0.8731283529241733,0.33329600178590907,0.08566309693589048,0.16146005922033238
correct_11.mp4,correct,156,1,121.90179174081264,116.86727821943228,167.7207735162958,0.8424269249906731,0.34314951486152784,0.08480872406320814,0.1623806696918568
correct_11.mp4,correct,162,1,121.6944433843295,117.11268802359548,167.02412089919116,0.8464963857030398,0.3355372685081265,0.08413399490470616,0.15971288650650792
correct_11.mp4,correct,168,1,121.60538301051996,116.71587517641338,165.8777958086564,0.850083505207307,0.3381863092875182,0.08575730986368849,0.160912696673227
correct_11.mp4,correct,174,1,121.58941526065469,117.18999362122406,166.06318468750015,0.8291772959239057,0.3353553111730479,0.086922319868097,0.15937921583938555
correct_11.mp4,correct,180,1,121.06837920346372,117.18412037850527,165.68770378927658,0.8734872990795437,0.3335268859247704,0.0834883509721304,0.16125043050561744
correct_11.mp4,correct,186,1,120.51456201273493,117.70995354015032,167.2399208243968,0.8847881557832757,0.32972666742787016,0.08564482580256255,0.1626148597022204
correct_11.mp4,correct,192,1,120.31497209634028,114.42753516229288,166.7088424420963,0.6457120486878821,0.3244683053714384,0.0898400914674309,0.16130529757385909
correct_11.mp4,correct,198,1,119.05868220000102,114.06843483183913,171.15345745870238,0.7894171214257814,0.31539179668153183,0.09698173054905071,0.16481869817562017
correct_11.mp4,correct,204,1,118.31782669047335,113.06541069311672,170.66970469945235,0.7885377194041212,0.3032564399660867,0.097106546611133,0.1594267999473708
correct_11.mp4,correct,210,1,117.22036447478924,109.2572070383298,174.06044018197488,0.8023633325715976,0.29864410558667004,0.09819523666390594,0.1573628503441219
correct_11.mp4,correct,216,1,107.82150203633192,109.3668943230463,172.45051720652992,0.8137809585793596,0.3168217394112318,0.1988052374226345,0.24944575224933901
correct_11.mp4,correct,222,1,118.21260354815176,116.17955960110164,171.61788106980606,0.8290773464392295,0.32392074328563764,0.1209118435047261,0.17520095596137733
correct_11.mp4,correct,228,1,120.47348415957313,115.93915537860352,171.87198600405478,0.8136665790396608,0.3256460021089656,0.11273449592865893,0.1619044323500323
correct_11.mp4,correct,234,1,120.96377183656057,116.46268024894232,171.43495669582416,0.7866987957749106,0.33494605866817706,0.11608563045667349,0.16508411831646816
correct_11.mp4,correct,240,1,122.77433597644864,117.72809942311443,167.89102035009384,0.7566866411579072,0.35204244386634215,0.12060870831246831,0.16623315457637683
correct_11.mp4,correct,246,1,121.55100140434514,116.80259385747692,163.80803937022833,0.6330496445630048,0.3510856795392428,0.12640901647682118,0.1765914118800447
correct_11.mp4,correct,252,1,121.72823938626432,116.18539210872787,169.25623136283664,0.8096065796624135,0.35314832253024114,0.12422056061529567,0.1784985137593568
correct_11.mp4,correct,258,1,121.50701220771177,115.64181596072348,165.41649292530317,0.8303904947746219,0.3601305989998284,0.11434624650060944,0.18190754427005737
correct_11.mp4,correct,264,1,122.70803212136387,117.9336196575794,165.7327333703229,0.816829348928338,0.362718258990619,0.11937100683979615,0.17675221390163515
correct_11.mp4,correct,270,1,122.23808496815188,117.95873948910592,166.0773425986417,0.8145040784523232,0.36365748165158135,0.11063321868957225,0.17810446394298257
correct_11.mp4,correct,276,1,125.22415992479516,118.43484147634416,169.9608315788433,0.8042438409985067,0.3558216776517539,0.11039468023322922,0.1571651159625361
correct_11.mp4,correct,282,1,125.2847630789733,120.71950955867467,167.9926335510872,0.7948943921689167,0.36252784143986583,0.11465618521004248,0.1652026734386346
correct_11.mp4,correct,288,1,124.4813852771088,120.35294131996756,169.18528229116396,0.8035664956434354,0.35759906314847695,0.11258589548894747,0.1671483196042126
correct_11.mp4,correct,294,1,124.53025512333278,120.20908743694272,168.0494857678756,0.8153074392546568,0.3644018722506786,0.11653950187738403,0.1716474590468554
correct_11.mp4,correct,300,1,123.8642446175295,119.41913120641746,168.23502565183972,0.8338409186406787,0.37067634179660014,0.11345725303203964,0.17670242467341654
correct_11.mp4,correct,306,1,124.04971959503327,119.57555565019301,167.127217598463,0.8156437663557209,0.3712225108929631,0.1108913611155759,0.17481520036737327
correct_11.mp4,correct,312,1,124.01217703447544,118.99245107907473,165.9301261571789,0.822750746138917,0.3697951036900788,0.10919790945943553,0.17405232133892645
correct_11.mp4,correct,318,1,123.29423344370637,118.61070724721212,165.95127793732587,0.8072775218126675,0.36156956385396394,0.10297644914747249,0.17300346327868887
correct_11.mp4,correct,324,1,121.81865300783194,117.6372224204564,166.87633747736612,0.7891747072106533,0.3452991215598214,0.09761969248697931,0.17394157694279136
correct_11.mp4,correct,330,1,118.23945657418308,115.16814095560883,165.1335149419507,0.8126567598543205,0.3279020816868623,0.10152039389021432,0.18204251082147266
correct_11.mp4,correct,336,1,118.38153083857416,113.3581317561665,167.58495830907856,0.8083688730674387,0.32795915868088715,0.1039365972325038,0.17930544463562187
correct_11.mp4,correct,342,1,117.12350625634038,108.46962944484761,171.25373145966986,0.8036423764925766,0.3126379642748486,0.10741075264338563,0.17579276308549152
correct_11.mp4,correct,348,1,114.21369400147388,110.72668040348442,172.74907744640632,0.7837346489735669,0.28034118390126656,0.10477897952255982,0.17184380454512307
correct_11.mp4,correct,354,1,113.7458503075409,108.79436267834906,173.9509606714461,0.7856144135547471,0.27234327565475686,0.09966476956702386,0.16259597586877
correct_11.mp4,correct,360,1,114.22918741515332,106.37808514066643,175.7422049562491,0.818463176692703,0.2666099459085522,0.09828517165441314,0.15713631428438588
correct_11.mp4,correct,366,1,114.2104977494149,108.27186204746005,172.33665651167098,0.8028334821863053,0.2669404497193063,0.09694967278823081,0.1563579567190355
correct_11.mp4,correct,372,1,114.73034245222591,108.4511473007931,172.6741205468283,0.7990826617060198,0.2755980832498646,0.09830398218242253,0.1568649745169037
correct_11.mp4,correct,378,1,115.77204327021113,106.61386382121012,173.2629545400236,0.8174921399236831,0.26996388178815584,0.09601607326385692,0.14931324010088806
correct_11.mp4,correct,384,1,116.44623413641625,108.8749484549866,172.6916432086043,0.8013650038194016,0.28131806794182834,0.10608335886280117,0.1518634923794169
correct_11.mp4,correct,390,1,116.3417416731132,106.392611154568,168.08442164320266,0.7888156660737182,0.2879578966029757,0.1034892471178311,0.15444160877145408
correct_11.mp4,correct,396,1,116.08311786954438,104.87988200210704,168.73357962908423,0.77628983890769,0.28572274552059024,0.10492408810406449,0.15485211282773645
correct_11.mp4,correct,402,1,119.27711173452614,104.45207386625464,171.19941563746616,0.8000094554389163,0.29633042347465816,0.10601385604194652,0.14215712257491436
correct_11.mp4,correct,408,1,117.85683660846723,103.9743318580338,172.3722289455205,0.7941711140471044,0.2936178816803282,0.09771800243869903,0.14968319943585337
correct_11.mp4,correct,414,1,116.30730742904895,108.78894262322045,172.39110882356488,0.7954839074687391,0.2963361880694197,0.10703523269831311,0.16275688429980312
correct_11.mp4,correct,420,1,117.99089030623405,109.97495119178718,171.26214651037623,0.8100810587939516,0.3142333367154654,0.10364941266526845,0.15869493263878368
correct_11.mp4,correct,426,1,118.1160090556625,109.94786624470986,168.15460723110135,0.6554651653168975,0.31354111594692263,0.11213202897762002,0.16023337516622146
correct_11.mp4,correct,432,1,118.58639941612577,111.12284490483371,171.30517956923237,0.7710888325062222,0.3198792659486113,0.11424149007559642,0.16219703942459043
correct_11.mp4,correct,438,1,118.36358569377731,112.22784945430135,171.2125185632156,0.8000703808321317,0.3205643100486564,0.11891622759892823,0.16606431955030698
correct_11.mp4,correct,444,1,119.07892464071594,112.15853879820725,171.09987233548154,0.8381793365161178,0.3285458872157929,0.11797793070406798,0.16452330352970668
correct_11.mp4,correct,450,1,117.47519135688138,112.15478690512501,170.99148259813052,0.8357798392587126,0.33018598964904755,0.11928329421833486,0.1747276928748816
correct_11.mp4,correct,456,1,118.35990977355206,112.52534645935886,170.7843119304504,0.8277664423703179,0.32962779000798154,0.11939411454199515,0.16888711916552565
correct_11.mp4,correct,462,1,118.73680045244092,113.33482657458286,171.55466125840425,0.8217604468345505,0.3274354119468393,0.11971524469252737,0.16610668783682958
correct_11.mp4,correct,468,1,118.95644732937501,112.88667749604505,168.75286190883855,0.8186483667892136,0.32945806717302084,0.11397245064367381,0.16462761473000517
correct_11.mp4,correct,474,1,118.02759757166605,112.31548539176455,168.77205286426,0.8155291504314468,0.32047727457991604,0.12096033563680483,0.16867626244006298
correct_11.mp4,correct,480,1,118.60530525965113,111.71285179504868,170.41995651647363,0.8012794199057252,0.3222870109209683,0.11764617411563351,0.16257405116583723
correct_11.mp4,correct,486,1,119.12155042097876,113.02004140653231,170.90595309851489,0.7862376157852043,0.3253984970833859,0.12157184550955016,0.1630016972965232
correct_11.mp4,correct,492,1,118.94894416889446,112.91114266966798,170.67468781719535,0.7967629149905928,0.3276269645218709,0.12279509914329992,0.16441271577017463
correct_11.mp4,correct,498,1,118.96752316861736,112.07341333604006,169.51754335398104,0.81629254229952,0.33214145288756186,0.1181999565156579,0.16576932527288168
correct_11.mp4,correct,504,1,117.77401910915688,112.23081894354974,170.46599779485229,0.8284185299048493,0.33230301759778447,0.11510952109249963,0.17007737654139188
correct_11.mp4,correct,510,1,118.5878555868762,112.51706706606325,170.20302342789813,0.8237840593750373,0.3312322804339857,0.11684090603359695,0.1660696762390162
correct_11.mp4,correct,516,1,116.93758414760752,112.18049980452092,170.79051439620582,0.8149845551281294,0.32812790786466306,0.12353031147593993,0.1784304425826147
correct_11.mp4,correct,522,1,117.12437017479549,107.96266718317426,175.30277364890495,0.8207828557801469,0.32448296547630856,0.1133533039853253,0.1717162037141441
correct_11.mp4,correct,528,1,117.20885822984879,110.75773022649471,169.13800543652113,0.8030718519970591,0.3169863093391992,0.11983733128354823,0.17021602538727557
correct_11.mp4,correct,534,1,117.9077545014449,111.90391401275926,171.4474279882718,0.7972302458019161,0.32170044257125674,0.11956699411533586,0.16778203092668426
correct_11.mp4,correct,540,1,117.03860060367681,112.20950071468035,170.22871804604063,0.8022940334410114,0.3256160542399392,0.12376766918689211,0.17840648431014114
correct_11.mp4,correct,546,1,118.19190796588951,105.459586850002,175.84150886091035,0.8388838986060928,0.3366994629087548,0.10994905699162827,0.17008849504315157
correct_11.mp4,correct,552,1,116.61843433350816,112.2562830256278,170.79528490924318,0.8267262861957828,0.31900449705518075,0.11628864548416443,0.17237289704043274
correct_11.mp4,correct,558,1,117.55334679661635,111.95082304950618,172.2213536760097,0.8230860649731666,0.3231238894640146,0.11801957174057959,0.16629015391167326
correct_11.mp4,correct,564,1,118.43489154303721,110.25928610360032,172.4106253214256,0.823256099046749,0.33009057054623786,0.12457371667013202,0.1670998876341911
correct_11.mp4,correct,570,1,116.6290227726622,112.42788321244399,172.11452716666176,0.8135077470042335,0.3186129703387005,0.12417805236467293,0.17385970942880502
correct_11.mp4,correct,576,1,118.10712125956988,112.85979021308297,171.9329420274981,0.8190552767816992,0.3285194330826615,0.12473656365112416,0.16911426581096195
correct_11.mp4,correct,582,1,118.66110688764113,113.03087025294285,171.94240896979898,0.8161874637185992,0.32820345833251835,0.12544417218371834,0.1679265836584503
correct_11.mp4,correct,588,1,118.47416872480231,112.76522243705185,171.9942649501123,0.8119097217725637,0.3296456023722108,0.13105128062056934,0.174538814911349
correct_11.mp4,correct,594,1,117.09171114534414,107.02064371010746,171.7404615684914,0.8163190810235715,0.3250553533179517,0.13680277959543777,0.180138549519279
correct_11.mp4,correct,600,1,117.7983851310945,105.0073116728733,174.30642606711118,0.8247308300426035,0.33746059592322203,0.12609527450845767,0.17896014734003843
correct_11.mp4,correct,606,1,115.02976396387623,108.87754060394704,173.2544918719474,0.8210029607708405,0.3130763909285631,0.12008127666345617,0.177291487740636
correct_11.mp4,correct,612,1,116.10146732244874,108.41760063623411,174.09165229978356,0.8263885897562596,0.31627272154193015,0.12092011379567777,0.17345957714492954
correct_11.mp4,correct,618,1,117.34534993714253,109.08895702110766,171.7925848458635,0.8378768310519329,0.3256632274079586,0.1216165994565031,0.17175798743175297
correct_11.mp4,correct,624,1,117.21503548798698,108.39225671301786,171.21478440728853,0.8339784270921728,0.3238145681439625,0.12514670950887372,0.17475627689127757
correct_11.mp4,correct,630,1,116.63375952257732,103.99138369473235,171.8310797076403,0.8366341861689711,0.3233755315006549,0.1313276014143703,0.17936932189076119
correct_11.mp4,correct,636,1,115.93719475236487,105.64919553349891,170.8498977512471,0.8200678045423369,0.3185681711563557,0.13562497548450977,0.18247110569410083
correct_11.mp4,correct,642,1,116.60029555024053,109.87994192897145,170.84971015438222,0.8359513988877436,0.3192860829827328,0.12394867340874352,0.17536614967763448
correct_11.mp4,correct,648,1,117.65994558191298,111.4894690430126,170.5254777936826,0.8177859208312798,0.3235235827931164,0.1270996058073959,0.17121564151058644
correct_11.mp4,correct,654,1,117.5489159468273,111.63132864193422,171.47621500604654,0.8265848508208826,0.3240795044247297,0.12916094280669768,0.17309492947599167
correct_11.mp4,correct,660,1,118.35681278078474,112.22541070365146,170.904093491166,0.8191014651958475,0.3263774241380499,0.12603933741159065,0.16886209845740677
correct_11.mp4,correct,666,1,118.51636926453058,113.0586091330409,170.44946312712548,0.8227635625699391,0.32507158728012664,0.12559744305092863,0.1701438162579778
correct_11.mp4,correct,672,1,118.91111064031115,113.32255151592537,170.58256954003258,0.8196249185283024,0.3267142718537779,0.12549931354345067,0.16911007510505555
correct_11.mp4,correct,678,1,118.05214197665708,112.07667127266093,170.7855229444032,0.8168230371734182,0.3233793198932371,0.1312491183078616,0.1755260061651785
correct_11.mp4,correct,684,1,118.38022856297971,112.79459495588942,170.98827386324794,0.823992046089273,0.32577980935405415,0.12972500559831177,0.17445199964893315
correct_11.mp4,correct,690,1,118.63163667988277,112.76084024393445,171.4290411042508,0.8157465858211128,0.3256026586528201,0.12799008325064945,0.170034676920416
correct_11.mp4,correct,696,1,118.96109917364167,112.72752762149958,170.75654868645512,0.813316789516841,0.3265945961652901,0.128718808584063,0.1697369189976504
correct_11.mp4,correct,702,1,119.0471109251111,112.80440841666473,170.81956765699795,0.8118843289460904,0.32720339502658474,0.13016878486185984,0.17056155974948586
correct_11.mp4,correct,708,1,119.15028116144539,112.97321554984434,171.0425636333247,0.8113983889645486,0.3278273312626023,0.1302775141291878,0.17038023431643554
correct_11.mp4,correct,714,1,119.19721766948855,113.04411765688653,170.97438651832363,0.810381618070386,0.32833360126220085,0.13080927662006367,0.17084985407301737
correct_11.mp4,correct,720,1,119.24028044170869,113.25960206792402,170.8406311613577,0.8102500806523281,0.3286654190880546,0.1304619326344908,0.17064461085000165
correct_11.mp4,correct,726,1,119.32688429154913,113.25026455229246,170.68566471280917,0.8109094307930107,0.3290407527110714,0.12608956149668424,0.16581243404086962
correct_11.mp4,correct,732,1,118.30345801530376,111.99385826895316,171.2376773184289,0.8137374609199267,0.32532076170067303,0.13014494002296204,0.17343082498543363
correct_11.mp4,correct,738,1,118.51141093464109,112.46942647112297,171.3022602109144,0.8243105765755487,0.32772305588601425,0.13017725401951413,0.1738449480086682
correct_11.mp4,correct,744,1,121.34285606832184,104.96407734934589,176.8736655241914,0.8358747830704069,0.3333948612441441,0.10855654668269478,0.1529611727928335
correct_11.mp4,correct,750,1,114.94319460255915,110.19182324997793,167.7712555829104,0.8057067207866563,0.3058976076310479,0.11923225911279563,0.17653377810067916
correct_11.mp4,correct,756,1,116.14144250438163,110.57955821061685,171.08061678289894,0.8133454460881293,0.3122864600782144,0.11708866356684382,0.16950670931555947
correct_11.mp4,correct,762,1,116.32726017708352,111.15231476053582,169.24839121411878,0.8115022748866861,0.3079724840104977,0.11448252813588897,0.16513696937551883
correct_11.mp4,correct,768,1,116.38352449665224,110.05739088466326,172.88968717348115,0.8079772059453104,0.310965514191015,0.12482613292960937,0.17566244487449073
correct_11.mp4,correct,774,1,117.12707276076671,111.06656093408452,172.73356995654524,0.8069951506113651,0.31699865619464057,0.12462372440354434,0.17466890529804202
correct_11.mp4,correct,780,1,117.40725983771108,109.84174914786313,172.17851124166089,0.8084753811313954,0.3227050845551018,0.12455853119753013,0.17466612042313734
correct_11.mp4,correct,786,1,118.16589985963444,110.8632562198811,171.32760424440676,0.8286037336943148,0.3261130761342869,0.11736731214111867,0.16715667291137096
correct_11.mp4,correct,792,1,118.80258698486848,111.06614460906607,170.89813424698474,0.8373964533864227,0.3299994145593527,0.11181387936706914,0.1695490924607023
correct_11.mp4,correct,798,1,116.76044913460854,112.21219451711285,170.12841712653358,0.8315602581824179,0.3196847498762671,0.11247138458985043,0.17542469187388693
correct_11.mp4,correct,804,1,116.45162538602432,111.94590007888588,170.23479110621665,0.818595451735534,0.3147429848900482,0.1115141027509437,0.17238844066721618
correct_11.mp4,correct,810,1,117.47731476197114,112.0352287168964,166.5991753912029,0.6319056485845113,0.3208408403521943,0.12359027861081343,0.17541824856772223
correct_11.mp4,correct,816,1,117.74133195278411,110.57792333005422,172.57219677504682,0.7890683579029509,0.32622567838097377,0.1240855795130877,0.17601037788643056
correct_11.mp4,correct,822,1,116.6333033197041,112.10554868870906,171.6422898003689,0.820456795807495,0.32465254085662504,0.12049539415634886,0.17878552744432236
correct_11.mp4,correct,828,1,117.78954660494121,112.27668730820139,170.58478133406274,0.8366701587864919,0.3343814245145645,0.11096300138178598,0.1750972990247261
correct_11.mp4,correct,834,1,116.71962249617032,112.58915038627688,170.74228019463337,0.8330807280758153,0.32623093831698413,0.11304306104467804,0.17811678084906432
correct_11.mp4,correct,840,1,116.59179752881668,111.65132567697341,170.9548422917332,0.8244716415489137,0.3198485682346974,0.1143357534510171,0.17454913964857693
correct_11.mp4,correct,846,1,117.71075042051383,111.65344414052011,168.5845479789695,0.7613898063979375,0.32499585309274376,0.12080325116306963,0.17331423697858628
correct_11.mp4,correct,852,1,117.86424904913079,110.4981863538774,171.67376607885257,0.7827224447821908,0.3286054627500896,0.12151759907403543,0.1735127486146705
correct_11.mp4,correct,858,1,118.58424657966097,112.57238306924346,171.72786469249587,0.7900690243554496,0.32947534091583747,0.1205823733144171,0.1728162151503752
correct_11.mp4,correct,864,1,117.15398141880509,105.45385229484687,172.10343744978564,0.8297444249119773,0.3270055361911864,0.13207754188017518,0.1835634218561256
correct_11.mp4,correct,870,1,115.97655481166386,101.08817749710363,172.46605920533017,0.8286163842701019,0.32842909567165124,0.12558412707509933,0.1871354933412746
correct_11.mp4,correct,876,1,116.27701497336753,104.49152384144004,171.1979573211214,0.8254777532599433,0.3232265173227935,0.12300488300232626,0.17924214086165197
correct_11.mp4,correct,882,1,116.799484190008,109.93303899823216,172.96435120711757,0.8280278614966947,0.31754408636772347,0.10895478371045567,0.16933564639560644
correct_11.mp4,correct,888,1,115.49367361820272,102.03898669550952,173.09897635491768,0.8266098947358014,0.32058388007764865,0.12579467595970867,0.18389169574548783
correct_11.mp4,correct,894,1,115.97892023187403,104.73341585666292,170.83108339214178,0.8280893878700158,0.3216960873653634,0.12240029437794436,0.17984559456911292
correct_11.mp4,correct,900,1,115.11471244194315,103.54515433318292,171.93990306184088,0.8351693675482423,0.3226921891409612,0.13010576046546837,0.1847705023864235
correct_11.mp4,correct,906,1,115.43295760568034,98.16245138760111,169.5135549609941,0.8405241562965682,0.30381461002979465,0.11662148311286698,0.17300071013222246
correct_11.mp4,correct,912,1,105.89941456193263,98.12417356110716,164.52629720043828,0.8404541578511219,0.3070184405862825,0.22450029154777226,0.26704525168336857
correct_11.mp4,correct,918,1,106.07716405632885,102.67117372340233,169.69812905094867,0.843935525649106,0.30648455387289897,0.21582628995682293,0.25297637170141574
correct_11.mp4,correct,924,1,116.93350423713477,101.3249241093824,168.82033837233524,0.8389907015705265,0.3092139326876282,0.14323127490443094,0.1782889804191123
correct_11.mp4,correct,930,1,115.83733414576653,102.95677085694899,169.75944818997007,0.8357587385379749,0.3142904703122928,0.13613044615115427,0.18308179886401588
correct_11.mp4,correct,936,1,114.15747377765345,102.75931564580682,169.85571704255614,0.8245875718772615,0.31601338929306777,0.1454264307344112,0.19398513742279255
correct_11.mp4,correct,942,1,121.11411137731464,103.46684526963267,170.55584582395437,0.8289856188818225,0.33260554870387604,0.13905478971893365,0.1601668030443974
correct_11.mp4,correct,948,1,117.80656656064141,102.35441662703901,170.32522979010625,0.8308923731509357,0.3304123927852072,0.13876306109310996,0.1768950160485051
correct_11.mp4,correct,954,1,118.30253893703444,102.2024002386693,170.4472913604199,0.844881555567972,0.32219779640643287,0.12746204778832806,0.16040006595222306
correct_11.mp4,correct,960,1,114.13449448264991,101.73234325282327,171.23659439358713,0.8432322354992925,0.3246055049404339,0.15347629287053843,0.19528694720317563
correct_11.mp4,correct,966,1,117.44126158028442,109.2180617200862,170.3631813338908,0.8481634639361852,0.3292438959094035,0.12930916780006846,0.1759803941703987
correct_11.mp4,correct,972,1,118.3111378896983,112.52893484536298,171.76179862863393,0.8249046333806366,0.32790029849009095,0.12314206371180866,0.16672335566959606
correct_11.mp4,correct,978,1,118.48397318747985,112.82397149081105,171.68646755789837,0.8317287431552051,0.32961233991918176,0.1209029481904717,0.16576879100409386
correct_11.mp4,correct,984,1,118.54515576226538,112.46997270785728,171.2231799181335,0.8223922797966315,0.32990374520734583,0.12360637261595385,0.16578650888416852
correct_11.mp4,correct,990,1,119.36368056567215,113.40155440340156,171.26814039316207,0.8140695611581074,0.3287153414414271,0.12310633376040607,0.1663588176618873
correct_11.mp4,correct,996,1,118.84531682843581,112.95214797958741,170.98580756412156,0.8125517795913811,0.3274407320849523,0.13314172678979685,0.17256692060662945
correct_11.mp4,correct,1002,1,119.12034389077115,112.66389336712152,171.14410767283675,0.8177455007939656,0.32725847721416884,0.12388228509136158,0.16712983967078987
correct_11.mp4,correct,1008,1,118.54069872256467,112.13809998064525,170.88726015077174,0.8100166414559209,0.32743912210348836,0.12618962605199374,0.1699027017956136
correct_11.mp4,correct,1014,1,119.23220256681486,113.2872858786733,170.09822223564353,0.797009746748437,0.3268349987288551,0.12682767757462607,0.16832683374531476
correct_11.mp4,correct,1020,1,119.11007207505598,112.03109955848284,172.2306174849759,0.7995358512660051,0.32930577389426163,0.1265600831171407,0.17186508966644726
correct_11.mp4,correct,1026,1,117.79623022977238,111.12016684859948,169.43229260970259,0.8089508853233075,0.3294915330134041,0.10860068445738758,0.1740505235689611
correct_11.mp4,correct,1032,1,117.5806814066921,110.27607860426593,168.85764169525135,0.7995646557033482,0.32165207613473606,0.09887407483991158,0.16364416658586028
correct_11.mp4,correct,1038,1,118.0022320761958,110.24126855334474,169.77051382076363,0.7962292748172486,0.32490808432123564,0.10464178989702802,0.16329883264011288
correct_11.mp4,correct,1044,1,116.3891873178377,110.65599715465379,170.1237124759325,0.8046365237828899,0.32758202800075836,0.11340075679424261,0.17532912547029858
correct_11.mp4,correct,1050,1,117.25437085732871,111.28125468434726,168.54237534127034,0.8080124975655548,0.3298668232507162,0.12069035695447113,0.17801581595234456
correct_11.mp4,correct,1056,1,116.62085800865574,107.10651129603383,171.95631350447556,0.8220306258928648,0.3299596808758034,0.12673491756707292,0.18064918496220655
correct_11.mp4,correct,1062,1,115.93964130496974,112.02840849208337,171.92126205025102,0.8229636793697173,0.31414004372841825,0.13930353485235028,0.1872408647882004
correct_11.mp4,correct,1068,1,117.70309104718194,113.78787694182594,165.50889991353867,0.8498982580121872,0.3339545763605144,0.1310926749933616,0.18606586627316254
correct_11.mp4,correct,1074,1,118.73339848698511,116.42424219548667,164.73521082483106,0.8220987320777899,0.3356185298194661,0.11402055969666923,0.18360371048074367
correct_11.mp4,correct,1080,1,116.47002704338917,115.57365646643905,167.5444014466512,0.8225782827432684,0.3327159868491156,0.11234325762275267,0.19540913106021687
correct_11.mp4,correct,1086,1,118.54579718625003,116.0086598788965,164.08174226943973,0.8257392158842667,0.34520419524699913,0.10234178088522516,0.18761373812059634
correct_11.mp4,correct,1092,1,116.268969842503,115.75825616544968,165.68168659572004,0.8321449602712421,0.3342956497225002,0.09700500124566332,0.1950484485172733
correct_11.mp4,correct,1098,1,118.1150558493594,115.9945759750915,163.7172520274854,0.8303402080439773,0.33337619095379606,0.09398982757571814,0.18141582305271742
correct_11.mp4,correct,1104,1,118.42076599870275,115.7771128261821,165.9516359781286,0.8356656792082916,0.332270624043282,0.09730803925403124,0.179545421656078
correct_2.mp4,correct,6,1,119.11748699222355,116.22478272458325,174.38454520234836,0.8210611044314355,0.3200171073686549,0.14564071492485017,0.17237664140609513
correct_2.mp4,correct,12,1,133.4356965903319,136.04781905037464,158.2441375611479,0.8161575584963879,0.5117852121739751,1.0488855277574327,0.5810680785539256
correct_2.mp4,correct,18,1,127.95148183973693,138.27810884841216,153.8545406139559,0.8131916994376874,0.5997025280046409,1.0692862858429484,0.5738110553608997
correct_2.mp4,correct,24,1,128.0665554271678,133.2338324404797,153.2451439392726,0.7822369830907502,0.5997006819930093,1.0576666029602189,0.5672718405631091
correct_2.mp4,correct,30,1,131.3730963004731,128.7722395018797,160.58278313941184,0.801465010046306,0.5417693184421817,0.9754710077396659,0.5253385495230111
correct_2.mp4,correct,36,1,127.55239691632484,131.0860386139525,152.74582345363922,0.8157716423286612,0.5879645248240245,1.0565580519778222,0.5703612441977869
correct_2.mp4,correct,42,1,125.24920073257455,134.50193078972086,151.60375984012953,0.8256677069996216,0.6124134832896883,1.0846854079487607,0.588089958320099
correct_2.mp4,correct,48,1,123.79033597306598,119.71794811322742,179.0834823368346,0.8153035935870162,0.39341789845912084,0.10575722908127874,0.14684434166560353
correct_2.mp4,correct,54,1,136.27094128285484,129.3434639439068,160.2616533477588,0.8206696605014064,0.5250722137001191,0.848521202785631,0.43318701675264415
correct_2.mp4,correct,60,1,128.95551878931457,134.70570113432078,143.79231959160705,0.8233343509291204,0.6463707342370483,1.0988137045862705,0.5730821370642464
correct_2.mp4,correct,66,1,127.63512481598251,127.24441113770793,147.3244057487971,0.8248428806394462,0.6352333027891632,1.0198407164628451,0.5343189819561792
correct_2.mp4,correct,72,1,132.3885339247047,123.21071812059249,170.20997895851102,0.8252968624459,0.5151392657678145,0.5660561961075241,0.28179210433406787
correct_2.mp4,correct,78,1,138.33298458454024,121.20917128424861,173.43485077194853,0.8277486474278182,0.4503684351846442,0.5395026248901956,0.2655287961958844
correct_2.mp4,correct,84,1,126.6168536727914,133.0075411271097,147.40492510227998,0.8463351758418043,0.6336333635325606,1.094054212875149,0.5856413557884919
correct_2.mp4,correct,90,1,129.31794409549715,131.88349866682665,148.86375061370987,0.8292322816629093,0.6137368425470108,1.0984579457830186,0.5782743493513192
correct_2.mp4,correct,96,1,130.02958240050444,128.83028736286178,154.79267950230187,0.8510375566602488,0.6041587951556733,1.0849792669528184,0.5705425787715004
correct_2.mp4,correct,102,1,122.23131721453824,114.4066566463804,174.69595137101422,0.8494849827003722,0.3839341083668008,0.13109810805427163,0.15347498079122782
correct_2.mp4,correct,108,1,134.7763802228259,128.00690808981693,167.30477542105274,0.8204492958358872,0.5055663872571912,0.9658687802352343,0.5184742782270534
correct_2.mp4,correct,114,1,118.55553067233473,117.67665061349464,173.69061026308822,0.8057148334001931,0.37196247996804976,0.0676209121679133,0.14427685538673268
correct_2.mp4,correct,120,1,116.69407799562738,113.46482797925385,170.66879139929378,0.806251014602995,0.3367484858934775,0.059857802239049476,0.14491154147869
correct_2.mp4,correct,126,1,116.96589833058371,115.00937596954978,173.29358320774568,0.8199243950904171,0.34657150921277335,0.060019554196329955,0.149289116422148
correct_2.mp4,correct,132,1,116.44003095824861,112.03322503161516,168.4007282561041,0.8130777566918397,0.33934648786186417,0.06557139976010708,0.14991619612511056
correct_2.mp4,correct,138,1,116.53669446513412,113.9600243653971,171.5639021485318,0.8243650631522585,0.3433006628419579,0.06342385128317815,0.15129752838819155
correct_2.mp4,correct,144,1,116.03757406211123,112.58429937842128,170.38805044712294,0.825833607109615,0.33611513842845026,0.06371502485440371,0.15120528593715976
correct_2.mp4,correct,150,1,115.85928682087075,112.29131929401618,170.0244549815419,0.8136576434374433,0.33741088530736874,0.06339554619226356,0.15288282449990165
correct_2.mp4,correct,156,1,116.58493626693176,113.21752315801386,171.12657898831438,0.8280964928823784,0.34647734989842865,0.05899652310544732,0.14973879897656364
correct_2.mp4,correct,162,1,119.3281585174799,111.11857968186925,170.16053440108018,0.7811680582268176,0.3364609868455495,0.10330281778048561,0.14677480865033798
correct_2.mp4,correct,168,1,118.32122490988138,113.36678013484749,167.35230054664189,0.7927741001756908,0.3460353561768198,0.07176209001537658,0.14395913748928643
correct_2.mp4,correct,174,1,118.71636862907312,113.61653139064342,166.8189247266627,0.7980470137577765,0.3491930862283218,0.0653668156512187,0.1419957457502811
correct_2.mp4,correct,180,1,119.34734546596975,111.7867434955164,166.87065681774592,0.7780897501117423,0.3408961185079245,0.07949684313358174,0.14207478340932062
correct_2.mp4,correct,186,1,117.94195540296738,113.79077256675687,166.43784686308342,0.7832674521016603,0.34498940151874047,0.07612329686962606,0.15278380453806914
correct_2.mp4,correct,192,1,117.7897275984031,114.14229692290102,166.96260221233078,0.803131437355282,0.34495668679720876,0.0763172120733804,0.15479625718615755
correct_2.mp4,correct,198,1,117.6852171052844,114.72473740191182,167.77783346909067,0.8054416324613484,0.3458731184194315,0.07696386087909939,0.158193725862844
correct_2.mp4,correct,204,1,116.13172336277736,114.28877757830779,168.07058861876456,0.8168699357933175,0.3477811198774544,0.07897237842581108,0.17078581092764517
correct_2.mp4,correct,210,1,117.78846421961335,116.12950720434472,172.35802820362156,0.8311308691144994,0.3501800882591838,0.0823690380170402,0.16167193108423936
correct_2.mp4,correct,216,1,116.48876718813983,114.98890363172693,169.0693365840049,0.827132928850907,0.3509676091624548,0.09160650334287786,0.17042615613663153
correct_2.mp4,correct,222,1,116.15334444240742,114.0636202116327,168.67635040455988,0.8289134736330134,0.34539623153857996,0.09181607588190611,0.16860218696352197
correct_2.mp4,correct,228,1,116.07531607995465,113.4690020034957,169.52289202659162,0.818349886602777,0.34073337102890994,0.08270682668102676,0.16184076987415053
correct_2.mp4,correct,234,1,115.34023883989127,113.13561746010006,172.34140047392466,0.8398508384971198,0.3362916804366532,0.08618052864737859,0.16234837777617708
correct_2.mp4,correct,240,1,115.65437532619451,114.21251224065463,175.2994058460887,0.8284549127540183,0.3380955147188403,0.0857603776798526,0.1592130601364249
correct_2.mp4,correct,246,1,116.05394455851223,116.01052224407695,176.86612864672418,0.8285016811766625,0.34443382899830977,0.08973322221505452,0.15812383611696582
correct_2.mp4,correct,252,1,115.69033392253019,115.14109046187122,175.22576251116757,0.8269511138911156,0.3438378897519484,0.08645240271881129,0.1584219793077961
correct_2.mp4,correct,258,1,115.98605976348297,115.17951765779652,174.93747945765196,0.8242748381076677,0.3453513404715848,0.08562258759941069,0.1567639238729529
correct_2.mp4,correct,264,1,115.59424008073266,115.3032220503254,175.86916353257354,0.8251760126609412,0.3430845709234866,0.08917115088478882,0.15818616901768368
correct_2.mp4,correct,270,1,115.37684993790782,115.12406246539736,176.23440327834666,0.8282547136576833,0.3425653670060501,0.09038771854124049,0.15929539390506697
correct_2.mp4,correct,276,1,115.59650531983786,114.38953619215773,175.32419831139737,0.8285201341287693,0.3402971184459632,0.08745391357836128,0.15439325018217664
correct_2.mp4,correct,282,1,115.7700020041747,113.31040404508076,173.43417360857413,0.796763335197538,0.33802267900221694,0.09109606783101037,0.15142467842210283
correct_2.mp4,correct,288,1,121.78773136372611,120.97083625459847,174.98725263701422,0.8855080128356396,0.36465763755807246,0.09953866017800894,0.12976437603870522
correct_3.mp4,correct,6,0,142.21311766903816,138.4041850206403,174.78425557823877,0.9356851621913098,0.4091170276252632,0.03414819348918298,0.08804537225412896
correct_3.mp4,correct,12,0,142.9557442569098,139.97367133961328,172.88019882266792,0.9437999059208727,0.4130738305037042,0.03146940612206051,0.08844990179076215
correct_3.mp4,correct,18,0,143.12646130114072,139.5391229823424,171.66771952823981,0.926124488975019,0.41164840409580855,0.028494789025941065,0.09024655947674075
correct_3.mp4,correct,24,0,143.4591881381208,140.25847925918012,171.500707347914,0.9188608539443537,0.4113996580742936,0.021713836285112535,0.08859880801461341
correct_3.mp4,correct,30,0,145.1653921901491,141.5536239720135,171.41267929715372,0.9315370393765108,0.4300941645772185,0.009891396262315059,0.08022493026214159
correct_3.mp4,correct,36,0,145.38518632610393,142.46082566362963,172.50423454333747,0.9158227354647999,0.4216578902128265,0.0008694646547705873,0.07447969054817918
correct_3.mp4,correct,42,0,146.29319317485272,143.95443861786055,175.28072367831345,0.9021354021860779,0.41081358048813044,0.0009479443568325408,0.06954230427020695
correct_3.mp4,correct,48,0,147.18705413571993,144.84329402862383,175.048812393342,0.8982033699838338,0.41251518925155534,0.000371491907361495,0.0679100764756086
correct_3.mp4,correct,54,0,147.7181822530132,145.35199295588254,175.0181955545405,0.8835381807857174,0.41437825488458135,0.002936793454832943,0.06666767408785183
correct_3.mp4,correct,60,0,147.88566490840483,145.14443732131573,174.4187658341384,0.8803254386886176,0.412900522337539,0.0010107358360251048,0.06731657434014882
correct_3.mp4,correct,66,0,147.82693231772592,144.96824121176277,174.86236070548557,0.8760533749982902,0.4160192670538971,0.0016628373164801124,0.06597915424757032
correct_3.mp4,correct,72,0,147.23892456259773,145.31786247709033,174.43323183608877,0.8823158328914196,0.41736932079473027,0.007107445716591679,0.07404944362816183
correct_3.mp4,correct,78,0,147.54729514130375,145.03213685050275,172.8909410438108,0.8868774483861346,0.41687467988157717,0.008800936193191833,0.07276021640459564
correct_4.mp4,correct,6,1,133.64776351585783,115.03224795967421,157.32671407431133,0.9042408218830988,0.49303325668615816,0.1397623441303989,0.09940041654440021
correct_4.mp4,correct,12,1,134.20020465880305,116.56862215114921,158.47685921520073,0.8845569572127611,0.5040657110234263,0.14504145656009468,0.10804732358617924
correct_4.mp4,correct,18,1,131.21136737951377,114.56013861124566,161.30997575276112,0.8399702347226484,0.48253316233848814,0.13240085232731846,0.11637258159272246
correct_4.mp4,correct,24,1,132.2828552817101,114.84765826869668,161.84729867704993,0.8773815790228052,0.5041507198198475,0.14497666457554859,0.1201345355979412
correct_4.mp4,correct,30,1,131.80468543173743,114.4705876553289,160.95449454797344,0.8521956935252295,0.496395295090565,0.13172974578468252,0.11543370798353794
correct_4.mp4,correct,36,1,130.9196755627454,113.97755602685253,159.97992969566408,0.8349218720672288,0.4774745129613385,0.13930212965426392,0.11934863112741527
correct_4.mp4,correct,42,1,129.57591285874983,112.83956138835134,160.1084580036247,0.8196651488421888,0.4603172955793191,0.12483639006332599,0.11633368415029721
correct_4.mp4,correct,48,1,132.90119106428807,114.54325711008724,152.7633141955934,0.7854453440100334,0.47749714156941425,0.13288019114774774,0.10000392081329947
correct_4.mp4,correct,54,1,133.6839735055092,115.66510127638448,155.81488144437307,0.7985925163450064,0.5015508669147357,0.13478207585039037,0.10461962756416847
correct_4.mp4,correct,60,1,132.5892871107949,113.85505356650867,153.43007546330827,0.7990999577979685,0.4815475406355062,0.13909090778291494,0.10539366340368944
correct_4.mp4,correct,66,1,131.78573638187225,112.81051498252766,153.89971674890228,0.7904174301988003,0.47309120900628443,0.1231320077120296,0.09922480418495928
correct_4.mp4,correct,72,1,133.13843346064436,113.00549211873428,154.75431040132128,0.8174999430072523,0.4732375404066972,0.13924348836210854,0.09233853309551426
correct_4.mp4,correct,78,1,130.7934043042175,112.7567830271786,157.90236316556278,0.7753895125180986,0.44853317149319827,0.14373691787780984,0.10572212408209185
correct_4.mp4,correct,84,1,130.22744553818686,111.69663553067302,158.32249179143503,0.8213003267167578,0.45235334993731513,0.15278196886617434,0.11375736984347525
correct_4.mp4,correct,90,1,128.7265408769807,109.42723682759176,158.73869456190127,0.8149780627606473,0.43929979338905656,0.16172585520973817,0.11480017926554084
correct_4.mp4,correct,96,1,130.8806618526597,110.48620896161158,156.71369551896285,0.792928822523708,0.45131009747493217,0.14814374024731772,0.0991015582204888
correct_4.mp4,correct,102,1,130.52736074242654,111.07428496244185,158.4840077223344,0.826800519830702,0.45498496439102487,0.1508119794012763,0.10692401633349569
correct_4.mp4,correct,108,1,130.76192350106658,111.18022359332883,157.03495044594285,0.7932758321583855,0.4681065360150938,0.15039761956698092,0.1059629821379045
correct_4.mp4,correct,114,1,130.91868351491178,111.01431284344504,155.7301784509958,0.785460530971022,0.46601368416501865,0.14988546692213317,0.10412174429710185
correct_4.mp4,correct,120,1,130.18241810756874,111.17778161130894,156.24747259656567,0.8220275285304057,0.45972447835126323,0.15018752987339165,0.10897636783721999
correct_4.mp4,correct,126,1,132.2484527240311,113.74240259907143,155.07229100188508,0.7785735269271937,0.4741967434887604,0.1518377797055108,0.1076237245757347
correct_5.mp4,correct,6,1,113.67568816659514,118.07094339573314,177.79469632278565,0.8468125723185135,0.1579204607543971,0.05446645773933962,0.11618278377810001
correct_5.mp4,correct,12,1,107.75851853879213,115.79463424317521,179.0854845877387,0.6400300694237088,0.17977101895612146,0.05441885613782721,0.1478413199274548
correct_5.mp4,correct,18,1,105.67477591166548,113.10729422667815,175.0982412041829,0.8628151379399743,0.22954429843774646,0.04741359343941008,0.17560822981899052
correct_5.mp4,correct,24,1,100.7077505878178,107.21033994143899,171.89615194276237,0.8951658874163891,0.21486907070438946,0.04837193036105437,0.18832258006399666
correct_5.mp4,correct,30,1,97.90508619965469,108.23833579125977,172.58486903687177,0.8927667476709742,0.20729954680749701,0.07451775807464876,0.18789231290347763
correct_5.mp4,correct,36,1,95.19569556601391,103.02142176022967,171.57545271011767,0.9026488243217097,0.17622128296409473,0.06796263573151665,0.1827510322294565
correct_5.mp4,correct,42,1,95.2033228163422,104.41967183743179,171.41319165915326,0.879261188080633,0.18562521021822584,0.07053818548516483,0.1863170738494375
correct_5.mp4,correct,48,1,98.99348021715956,104.76981569880475,170.58253912312819,0.8529430515441525,0.21217388493994457,0.08603649198000148,0.1810812320539596
correct_5.mp4,correct,54,1,100.96713547084157,103.6340491164679,165.81325854482344,0.8475727374396544,0.22562424632900072,0.07837888026422593,0.18164784893414165
correct_5.mp4,correct,60,1,101.18429827088283,102.43056657684218,162.58490241283295,0.8534687951365922,0.23708835381398477,0.07824507602165157,0.1834312549498563
correct_5.mp4,correct,66,1,101.27531363036998,105.06688992945092,166.31379724354434,0.857114753315038,0.24239510010038287,0.07908465841722921,0.18517905906315527
correct_5.mp4,correct,72,1,99.87786092554931,102.42127793250552,164.68292753560453,0.8783578028477833,0.23603841431072428,0.07672620836487731,0.19144270321045295
correct_5.mp4,correct,78,1,99.40629297154221,101.8537278365821,164.74428739688162,0.8873226794937273,0.233665999979011,0.07583540803765262,0.1923092660025603
correct_6.mp4,correct,6,0,145.3147504730633,133.78424032259377,174.80368131938224,0.8324824720987871,0.47970605543545586,0.06439705950868203,0.06070569992362629
correct_6.mp4,correct,12,0,144.5113057629545,132.1489015499555,165.21341429635086,0.8364955244645934,0.48329165089266135,0.07832610833238317,0.07617052304849842
correct_6.mp4,correct,18,0,144.8299113095048,133.47043748913921,164.00375047328217,0.8335740823228889,0.4675002359873063,0.0773343679271123,0.07446876940777852
correct_6.mp4,correct,24,0,144.903063387257,133.93042470657034,162.7240937242291,0.8287676644592663,0.4685805407843383,0.07463801955021777,0.07487703964364877
correct_7.mp4,correct,6,0,141.89356164400874,133.95998896730856,163.81819713448812,0.9226667608873698,0.4476410419342993,0.10694479643710006,0.1760096117998878
correct_7.mp4,correct,12,0,141.12610524135474,141.7514375095503,168.11389896321924,0.9291710422754946,0.45434161991767186,0.10164500527134422,0.17054660350042072
correct_7.mp4,correct,18,0,141.0223045542595,147.99328348565552,170.49456789111028,0.9197234421418382,0.45176889431568396,0.09841800602993331,0.1670301642083909
correct_7.mp4,correct,24,0,141.02126845077814,153.82469515274644,171.92425482873946,0.9156480903389824,0.4525473728807951,0.0977880790897956,0.164908632410597
correct_7.mp4,correct,30,0,141.72778685394374,151.78472474685475,172.65026225439883,0.9199458452669552,0.46285067125579954,0.11099747366598565,0.17279241395212508
correct_7.mp4,correct,36,0,142.0130020940435,154.12471876233593,173.27745046842162,0.919249566748786,0.46806425639309684,0.1106098687601537,0.17217606047807565
correct_7.mp4,correct,42,0,142.1805325228448,154.46165645448576,173.99805326198805,0.9215754757121166,0.4799492941793215,0.10736601931096905,0.16852869703517592
correct_7.mp4,correct,48,0,141.93567679202985,152.31189715882135,174.90902554240023,0.9383957627842237,0.47435063504524927,0.1086212701222556,0.16887402996415482
correct_7.mp4,correct,54,0,142.7057774933894,153.48741918493613,177.58071154675022,0.9558346091769466,0.47749747264414766,0.10842071192577583,0.1700048869237314
correct_7.mp4,correct,60,0,142.23781230325312,152.52819430379566,177.4384633930992,0.9722341830917753,0.4769488510968079,0.10356320705937432,0.1685292333242564
correct_7.mp4,correct,66,0,142.55622536650307,156.6435087583014,173.47672930575655,0.9862469188926258,0.4843009846369507,0.10055523209778,0.17312989602604514
correct_7.mp4,correct,72,0,142.5952056683903,154.1136155345676,169.39695144619992,0.9926320637915715,0.48685201139100015,0.10227250400847455,0.1781452871973817
correct_7.mp4,correct,78,0,142.54705671707126,156.9079946884019,168.57911890837687,0.9952888045924577,0.4947984741619491,0.10284057001552749,0.18368064987718605
correct_7.mp4,correct,84,0,142.50583557789312,157.68086033992992,170.09353814717332,0.9957194312587829,0.4953020659315383,0.09510277085038828,0.18371658103159533
correct_7.mp4,correct,90,0,142.694780870653,158.12528153723295,172.71841787029234,0.9965826073305089,0.49918291974678547,0.10017992750035674,0.18538771883794938
correct_7.mp4,correct,96,0,142.60570601366592,156.91506017535553,171.2381020221906,0.9819088784746673,0.5003710772147714,0.09697607749230648,0.18520848487515112
correct_7.mp4,correct,102,0,142.41048378199406,156.60823558495127,171.482399771005,0.9798441061006377,0.5004744904236519,0.0964822327484154,0.18658338253177453
correct_7.mp4,correct,108,0,142.10393961944797,157.3052071685587,170.9109714054186,0.9751406220117024,0.5010851834058706,0.09393706021642238,0.18782168193675539
correct_7.mp4,correct,114,0,141.9871111156203,157.70626070608662,169.92216290304785,0.9829817294663786,0.5087798017125296,0.08656226526629858,0.18906263052778324
correct_7.mp4,correct,120,0,142.24951202024099,158.5555340578572,168.1826288863128,0.9883864803953701,0.5115531597218512,0.09193475706810189,0.19061953441809104
correct_7.mp4,correct,126,0,142.5262033787359,158.69903286852988,168.3951884737774,0.981752900926241,0.5099480993543231,0.08800539351143025,0.1910067998761794
correct_7.mp4,correct,132,0,142.87603347274103,158.63457372234384,168.92359771297663,0.9828804411768732,0.5079371482305318,0.09491729359064316,0.19132502685519515
correct_7.mp4,correct,138,0,142.8774777142747,158.98801695811483,169.7975454287584,0.9823005457736448,0.5088709390843715,0.0886639487025615,0.1911168184965894
correct_7.mp4,correct,144,0,143.01381839525777,159.15199660417323,171.07214108728607,0.9838855396794264,0.5088645798182269,0.08554583934279451,0.18994909206279906
correct_7.mp4,correct,150,0,143.02763436422487,159.10354774777417,169.966048444557,0.9841301258659488,0.5078606398430281,0.08458602677510767,0.1898858967378071
correct_7.mp4,correct,156,0,143.60462116763347,158.8889828858512,169.21382152413173,0.9892793545117066,0.50791781419951,0.09676881552508192,0.18996650535257276
correct_7.mp4,correct,162,0,144.72568872217113,159.93077967684414,169.14446231259217,0.9732755667311672,0.5133464112218082,0.0913142078099047,0.18411075563038812
correct_7.mp4,correct,168,0,144.75132442025566,160.1447368308936,167.10952744306576,0.978559121394295,0.5239737054749419,0.08544102167759644,0.18165422508543747
correct_7.mp4,correct,174,0,144.5965912571972,160.31891799483626,166.56215648140278,0.9862624346216056,0.5257523353616548,0.08600757993240228,0.1840899601036809
correct_7.mp4,correct,180,0,143.90076541634346,159.75775166610362,168.65302083457672,0.9759678325040393,0.5252714412427993,0.08533799926381536,0.1884181489382916
correct_7.mp4,correct,186,0,144.13177538870323,160.3226875577391,169.34392759566947,0.9705041915563942,0.5282266930508714,0.07977002080044059,0.18520843355764777
correct_7.mp4,correct,192,0,144.1180532266502,160.29151805704657,168.55603384563938,0.974329218382903,0.5301597727677323,0.07922289458094105,0.18458922662450428
correct_7.mp4,correct,198,0,145.03968926561302,160.75517454105875,169.3513729168219,0.9703970703914747,0.5241548709763567,0.07613869409769158,0.1802167483004701
correct_7.mp4,correct,204,0,144.95792593186553,160.88354290873488,168.68755308107703,0.9747774013742617,0.5309677487700152,0.07680223987970863,0.18114183980030696
correct_7.mp4,correct,210,0,144.97428034807484,161.1090096798625,168.3756712715537,0.9787923510202708,0.5289262473041557,0.07757781862572277,0.18101395090470898
correct_7.mp4,correct,216,0,144.4709194498575,160.77663719456558,170.1762196396204,0.9768960364829833,0.5247134986022962,0.07751276352542374,0.18341680718917946
correct_7.mp4,correct,222,0,144.48187288756768,160.6518459077573,169.61342646963686,0.978843395945931,0.5210697141521256,0.0777936452525411,0.18342264460150234
correct_7.mp4,correct,228,0,144.77676798396607,160.67362617263385,170.02488453099795,0.9757596809375563,0.5218886135469317,0.0717159234450171,0.17897173096880586
correct_7.mp4,correct,234,0,144.75553534440593,160.880960409537,168.56952181988942,0.9783862666882609,0.5243509140170128,0.07668172926655585,0.1840569892312516
correct_7.mp4,correct,240,0,144.7190827131607,160.9613725419157,169.36609581445546,0.984547856686165,0.5291684641473395,0.08055425987623145,0.18356669185366528
correct_7.mp4,correct,246,0,144.61837960347998,159.80184547117966,172.20611829482684,0.986822970511084,0.5277401226608931,0.09706721096708144,0.18513079428546675
correct_7.mp4,correct,252,0,146.54124412939444,161.56312113979868,174.04477104131757,0.9459026622069633,0.5326622247993966,0.0907991879894417,0.17535710277069336
correct_7.mp4,correct,258,0,150.88507807963057,159.12386243832046,169.95400403775392,1.0216603945917504,0.5762046605844744,0.11196157962596659,0.17491752902587313
correct_7.mp4,correct,264,0,158.8510209528285,167.6820950940395,165.8717990662967,0.9791244773065257,0.6000092240320821,0.12113501204564939,0.1514640505256532
correct_7.mp4,correct,270,0,164.6053476528369,174.26751317283916,168.27001150574176,0.9575750511228713,0.6526820909786966,0.13931096416777233,0.13212503123949762
correct_7.mp4,correct,282,0,130.71290252956518,131.0564016433686,172.87715427003442,0.8085860830056414,0.38315035011292126,0.05596710489938098,0.14460587627487528
correct_7.mp4,correct,288,0,133.93269929415644,132.52270501237928,174.1249388174441,0.8261213991169344,0.3863948305677176,0.05183338537597433,0.1303970491096104
correct_7.mp4,correct,294,0,134.45341062383375,132.96802606846387,175.2127994789755,0.8339488395989488,0.38561263648503724,0.05126349224954382,0.12985278558246166
correct_7.mp4,correct,300,0,134.4009298639401,132.71707119004682,175.3496433978175,0.8517094499188607,0.39131861482686925,0.0515769621024561,0.13166442864760206
correct_7.mp4,correct,306,0,132.7164333584234,132.21448854717397,174.5558860146894,0.8494749786134103,0.40100163003708567,0.051415969357275194,0.1454098791042508
correct_7.mp4,correct,312,0,133.88898744232557,133.08186338388813,174.85479666042468,0.852870988448208,0.4016682740126046,0.04990802587575915,0.1404114532971012
correct_7.mp4,correct,318,0,133.00765675369638,133.83722274533153,174.4941255669499,0.8577903171620435,0.40907210213046186,0.04839689952080434,0.14709501793815083
correct_7.mp4,correct,324,0,132.5155401461637,134.18337111041853,174.62452464235176,0.8524057003674809,0.41113400226836766,0.04857296899325341,0.15004981662101224
correct_7.mp4,correct,330,0,134.53771834354333,134.56434539107127,175.5356371331444,0.8424502037784961,0.4081406799989333,0.04769304737449655,0.14036539018196764
correct_7.mp4,correct,336,0,134.87600517649912,134.59588236944398,174.15575416334482,0.8476322762875552,0.41548348097188814,0.050907294538165296,0.13962371519633834
correct_7.mp4,correct,342,0,135.46902144457218,134.77694377268296,175.0025343069771,0.8452957465733973,0.4165512133086664,0.05877639069399824,0.13974999359413873
correct_7.mp4,correct,348,0,135.95550170007917,134.38081441639793,173.22308901311007,0.8381819657013349,0.41713612212643436,0.05807600679679618,0.13808537081416866
correct_7.mp4,correct,354,0,131.81721795514642,119.88109341570846,168.61986709531047,0.9040646175309897,0.37691865828510474,0.08634557488746535,0.16332803786789213
correct_7.mp4,correct,360,0,139.3547623573565,130.08222213995091,167.43795890657896,0.8744638676614662,0.39319080277669155,0.10334844157092915,0.1364184999669694
correct_7.mp4,correct,366,0,141.6840807198442,134.61588551135443,160.3162773633385,0.8671438404332692,0.4032740781796519,0.09516939697006102,0.12768049397260212
correct_7.mp4,correct,372,0,140.13577988678625,140.33559890626188,163.9070642180483,0.8583342873606947,0.40796127807436605,0.07946739488724987,0.13527259496592187
correct_7.mp4,correct,378,0,139.8415029063786,143.8274534544602,165.0620404006295,0.8531167200431139,0.41188826117298555,0.0734801078435923,0.1374833102234603
correct_7.mp4,correct,384,0,139.90193606053444,144.72791549959814,165.5575114377574,0.8520097221901266,0.41194692241137415,0.0737024450096708,0.13942962544739962
correct_7.mp4,correct,390,0,140.52129292384384,145.37667128037526,168.24040290799996,0.8577531904996333,0.42432910815593045,0.07626802829734906,0.14231428387770148
correct_7.mp4,correct,396,0,140.4996709908631,145.5903798956411,168.08263427852216,0.861342910168123,0.4257328674561821,0.07776271771486981,0.14385353558795475
correct_7.mp4,correct,402,0,140.7145150661304,143.16788376841595,168.0506863692738,0.8645357682079724,0.42498066043570215,0.08057418039728546,0.14456726153366756
correct_7.mp4,correct,408,0,140.73005243725822,143.66431749237256,167.55126748251732,0.879184779737155,0.42639488175243245,0.08137694893536475,0.14599344260577674
correct_7.mp4,correct,414,0,140.96824118169224,144.42003406956331,166.8604131160174,0.882321221512368,0.4255269590398066,0.08122298141293129,0.14597493591700042
correct_7.mp4,correct,420,0,141.31710195289455,145.5546149669314,166.7179622160722,0.8843402502396465,0.4262685128033954,0.08125096325509659,0.14622686284926062
correct_7.mp4,correct,426,0,141.51538764650394,146.01388598662373,167.003533492087,0.8930886239473882,0.42752750231932346,0.08150501728618187,0.14629621255887196
correct_7.mp4,correct,432,0,141.99508916117898,147.54877062569327,166.83406485320202,0.8929852816530239,0.43227877419640964,0.08258300363731666,0.14505366170983758
correct_7.mp4,correct,438,0,142.24549891282405,148.31578923167766,165.1662322029663,0.8911438630863104,0.43431553131770495,0.08334531038300906,0.1446123996477662
correct_7.mp4,correct,444,0,142.04491557793042,148.34385630805485,164.8380342258278,0.8977771629569002,0.43590964759642126,0.07727722432140186,0.14508601532226603
correct_7.mp4,correct,450,0,142.31717917904177,148.5287411770873,164.9556971186368,0.9024976219651643,0.4415457331510331,0.0757782656853991,0.14434390126339275
correct_7.mp4,correct,456,0,142.30023361254285,148.15017909907846,164.01420803454383,0.8941937650278478,0.442028256436016,0.07299284015140187,0.14275177964358615
correct_7.mp4,correct,462,0,142.13283173341512,147.8696458286455,164.65599466810463,0.9046982201712717,0.4455203604373253,0.07082207717777957,0.14366121099413717
correct_7.mp4,correct,468,0,142.21982048701972,148.53568143648008,165.1106225849641,0.9068649538892292,0.44495348311777344,0.06933784204174248,0.14377623393837283
correct_7.mp4,correct,474,0,142.4364474492343,148.85180065762523,163.79851390931935,0.9017165509418704,0.4420477518601743,0.0630822906469301,0.1410409100990708
correct_7.mp4,correct,480,0,142.50047350571896,148.85057251251538,164.28421358198526,0.9101478953568355,0.44256274473655144,0.06176761500465278,0.140358535981404
correct_7.mp4,correct,486,0,142.68309642942836,149.2197302220973,166.09934027467574,0.9101346363788921,0.44438305208102546,0.06050655607118444,0.1393072924814735
correct_7.mp4,correct,492,0,142.8333496574298,148.65329250551753,167.16828060904604,0.9126428725850073,0.4448281254695642,0.06281347055551685,0.13919136221954895
correct_7.mp4,correct,498,0,142.836639991219,148.76475990089125,165.76132951699796,0.9115052393004357,0.44544232367540165,0.06273092470442702,0.1393255514020345
correct_7.mp4,correct,510,0,148.13333734249053,122.77208907218359,173.08904321542676,1.1518048696567023,0.33826155293667887,0.035764065962519395,0.11491922297147146
correct_7.mp4,correct,516,0,147.58684891142303,122.94646192571537,171.35684357239973,1.137962294269383,0.3695677590972959,0.01185143568314736,0.11422565819959196
correct_7.mp4,correct,522,0,172.45014816584174,8.214866127685555,162.73459231204603,1.0999584833887344,0.7160532658346378,0.08862057251350824,0.014281820237092046
correct_7.mp4,correct,534,0,141.3770359703027,147.85649534579636,165.22015087690818,0.8878547154918329,0.42298139991609324,0.05506026642814019,0.14685670802345555
correct_7.mp4,correct,540,0,144.34512218367766,146.00494288962105,166.84446173178875,0.8980571120981297,0.4493729940153047,0.05944091673939274,0.14331168899398444
correct_7.mp4,correct,546,0,144.76596847133584,148.58952396232627,166.94027171696226,0.9014184301386945,0.4591250780125032,0.06559947878960935,0.14515477159880819
correct_7.mp4,correct,552,0,144.88820314538756,149.85187528369727,166.44339061091392,0.9027093743689832,0.46375535418557257,0.06798962262844095,0.14665192191765836
correct_7.mp4,correct,558,0,146.33232548852396,151.03679156804765,166.90863137467247,0.9096329571211186,0.46032100082369254,0.07055048470770803,0.13907454852110976
correct_7.mp4,correct,564,0,146.91780275232216,151.87637632299703,166.93920819568478,0.9224704678145281,0.4662193015479642,0.07050725074131341,0.13568301217355577
correct_7.mp4,correct,570,0,148.1179503532118,146.72479391211962,165.77944560587335,0.9183570736693741,0.4639005527588886,0.07164360493599208,0.13025553682128188
correct_7.mp4,correct,576,0,147.55042148530606,146.40838282272213,164.1728375362294,0.9209477380677104,0.4593341594967594,0.06663421453377688,0.12868808940954876
correct_7.mp4,correct,582,0,147.58681014891707,148.16763794271458,164.35108939795023,0.9173382562384168,0.45361093480207165,0.06764657705305065,0.1257171932426573
correct_7.mp4,correct,588,0,149.50254755227522,143.96330111377247,163.840846339144,0.9144815872550117,0.4537320207651954,0.07083049382235869,0.11735208280769631
correct_7.mp4,correct,594,0,147.94338503731177,142.02998923554514,163.96789525207322,0.9155414726526968,0.4512721668429512,0.07102407089918227,0.11903989824777057
correct_7.mp4,correct,618,0,139.65322980757733,137.16234303338592,163.881741260093,0.869529935164905,0.4875671425104851,0.019644363169895675,0.12902232101726233
correct_7.mp4,correct,624,0,141.64237587776176,137.7440269484407,166.77491703256962,0.870751708144981,0.4797396693176274,0.020908767808307496,0.11704247410633516
correct_7.mp4,correct,630,0,142.15200823092133,137.44692584985722,168.31036684535036,0.8563331856463247,0.475823513879183,0.015328121934003536,0.11018040006280944
correct_7.mp4,correct,636,0,140.90264965295543,137.17709927033917,168.3176619148306,0.8597049940349888,0.4777901084207253,0.020472279399906704,0.12036817513872472
correct_7.mp4,correct,642,0,141.86686141044225,137.2907898052649,169.12381193491572,0.85690878846665,0.4743216925788733,0.02086025331008619,0.11519094445726459
correct_7.mp4,correct,648,0,142.29778740346256,137.6497657046224,168.6973984494215,0.8644943663740697,0.4741735666316741,0.024206035307671746,0.11658396661377816
correct_7.mp4,correct,654,0,142.26458411631327,137.23218655675143,168.5791425854305,0.8645031415017939,0.471762327394575,0.025231809311895066,0.11747284158853076
correct_7.mp4,correct,660,0,142.4502435440556,137.35475323048522,168.31329012130377,0.870674952192121,0.4759078405040546,0.0284858177184038,0.11894159291112731
correct_7.mp4,correct,666,0,142.85781220379164,137.68333162559392,168.44951814979723,0.8700204821542694,0.47718752342022,0.028859268612490083,0.11740024341113205
correct_7.mp4,correct,672,0,142.86623672247057,138.07980923282082,168.62929510161075,0.8728907774975736,0.47788963504594556,0.031600557159254625,0.1185148978331257
correct_7.mp4,correct,678,0,142.85613806923703,137.93400407292006,168.0110518647776,0.8661497013728581,0.4767268733887385,0.03043932977542325,0.11731870924133678
correct_7.mp4,correct,684,0,142.74904980490138,138.09055187410007,168.54212185220328,0.8699820427950581,0.47765992672091345,0.03248741287674403,0.11895411555563945
correct_7.mp4,correct,690,0,142.700759853514,138.11436014787765,169.79408113704625,0.8595717427737406,0.4768731414432191,0.032092229093944706,0.11797395627778368
correct_7.mp4,correct,696,0,142.725158419041,138.16417641368113,169.30117181849863,0.8705391071783917,0.4888559961286141,0.03171072110519745,0.11799257659854655
correct_7.mp4,correct,702,0,143.6241005803352,139.24579534222823,169.41081862868754,0.8668062991344662,0.49016144024336805,0.030363526698242067,0.11521476572403204
correct_7.mp4,correct,708,0,143.83286213252035,139.66091792643698,168.76973091872713,0.8720019370389361,0.49169430652268925,0.03461965176162477,0.11789954104615
correct_7.mp4,correct,714,0,143.91002158285917,139.47494731394244,169.8705482846669,0.865712564387238,0.49038720504185296,0.03626585650574328,0.11886315977774439
correct_7.mp4,correct,720,0,143.50426778738375,139.0445288896731,169.66854164153582,0.8676453503665886,0.48869302883966387,0.03648430645858742,0.12137841727339213
correct_7.mp4,correct,726,0,143.59324096175092,139.95061965538022,170.32887468444073,0.8619805179382319,0.48614387292075945,0.03712361556276332,0.12127713383222086
correct_7.mp4,correct,732,0,143.75655247192827,140.10555911388468,171.5775312877691,0.8661589944511353,0.4937110308076163,0.03751038231540603,0.1224454197564359
correct_7.mp4,correct,738,0,143.68003967236982,141.04988406904474,171.00916218895176,0.8772897041362911,0.49906769389371736,0.04207746416322858,0.12873405171945676
correct_7.mp4,correct,744,0,143.81921434775438,141.30272710100968,170.61985068369745,0.8839591903880489,0.5076102528094604,0.042721407301153966,0.1304814307193363
correct_7.mp4,correct,750,0,143.79603498392277,141.47848413036428,171.36727594488949,0.8604476530693803,0.502066311123528,0.04012975872804721,0.1293733607871365
correct_7.mp4,correct,756,0,143.90558691207832,141.1572531551288,170.94964050559406,0.8677762330561531,0.5049477314296049,0.04010359328588718,0.12978121420037478
correct_7.mp4,correct,762,0,143.7276565241917,141.01769321318574,170.34716475277588,0.8712933523754547,0.5068245473965769,0.04055412385147232,0.1315946942767043
correct_7.mp4,correct,768,0,143.63395355296785,140.69217749579946,170.4981846822212,0.8577917989533989,0.5008935455483704,0.03933274313400578,0.13106894717530765
correct_7.mp4,correct,774,0,143.68105033946807,140.53236350863247,169.7923690784465,0.863728399154085,0.5048912952331459,0.03879457831434148,0.1313724273253672
correct_7.mp4,correct,780,0,143.8609907454264,140.92059893079377,170.78555642923712,0.8598972353003377,0.5044459003207347,0.03901079626262437,0.1312437048405563
correct_7.mp4,correct,786,0,143.97468499815457,141.01001178059607,169.66675739393037,0.8643996397318565,0.5112856622873914,0.04298815694777959,0.1329567706967704
correct_7.mp4,correct,792,0,144.29299864455726,140.76903125654422,169.44921064909474,0.8683018145766394,0.5163315237899906,0.04752634356438529,0.13372422316174523
correct_7.mp4,correct,798,0,144.42224490858945,140.991803508524,169.4497979354776,0.8666625650933562,0.5193135349282417,0.05149541811335578,0.13526421951140533
correct_7.mp4,correct,804,0,144.37911523771524,141.4150763645437,169.34600797446512,0.8743239348960815,0.521907655818865,0.05374690136667959,0.13657040281006577
correct_7.mp4,correct,810,0,144.1908228505846,141.1947599811118,169.95649398181746,0.8740575479869599,0.5180723886044041,0.057170707302981044,0.1384817601002063
correct_7.mp4,correct,816,0,144.36882616769591,141.0515823955566,169.20887177636638,0.8728748767722546,0.5203853359303865,0.06343820482417092,0.13944972313437606
correct_7.mp4,correct,822,0,144.5173388726934,141.11370558249826,169.41688255686273,0.8718433041840326,0.5220694707483978,0.06630424210494887,0.1400617636971137
correct_7.mp4,correct,828,0,144.67273273899426,141.73863284835193,169.3827699673067,0.8748496742055689,0.525311873807704,0.06651023774800521,0.14049266671443983
correct_7.mp4,correct,834,0,143.89569070668477,148.42417814023,167.10748300974015,0.996664684859074,0.5058132531596946,0.04603533895696245,0.1386279533887794
correct_7.mp4,correct,840,0,147.04840024546505,149.05537301828184,169.6694908601945,0.942836746905252,0.4722216450391718,0.06227088963301668,0.12710640965588274
correct_7.mp4,correct,846,0,148.291834162622,152.19533115322292,164.18839137097885,0.9341671565391835,0.4701909422392939,0.06024344270949024,0.12674693663682282
correct_7.mp4,correct,852,0,148.7021753713167,152.2316474429163,164.03709457964325,0.9437898166042693,0.47198889984603115,0.058782942718036454,0.12673925190097082
correct_7.mp4,correct,858,0,148.19946275925577,150.36398724422133,164.3725698729817,0.939811832094424,0.46020994348370614,0.05990844881249113,0.12761084149325613
correct_7.mp4,correct,864,0,148.3586152076815,149.96231998069246,166.3624490454834,0.944533896070398,0.46524726743902667,0.059819447085669976,0.12771910578319634
correct_7.mp4,correct,870,0,146.94385730677683,150.0265242875289,166.66656002472203,0.9404972453717417,0.46148929572343894,0.05960876682291648,0.13440287966480322
correct_7.mp4,correct,876,0,147.49486058858307,150.45957920616473,166.8345872262837,0.9454505873922963,0.46571447840958774,0.05945574052214647,0.1326013594532442
correct_7.mp4,correct,882,0,147.8371095711512,152.07600133128963,166.81732945838115,0.9495267703363669,0.46781886095447295,0.05902246139235739,0.13206656139458328
correct_7.mp4,correct,888,0,148.25785257754632,152.0473391446983,166.94603403679574,0.9496999926883685,0.47173325431633384,0.059075506729722206,0.13126751236143036
correct_7.mp4,correct,894,0,148.41001825330972,152.5948188121095,166.92553703369094,0.948656721539658,0.4732592578429219,0.05892917140942855,0.1310780419539017
correct_7.mp4,correct,900,0,148.41340699152695,152.89184182984064,166.90536836997686,0.9477769035688604,0.47128134026547835,0.05913978493265335,0.1310239196388628
correct_7.mp4,correct,906,0,148.84238697971253,151.10126851630548,167.81349738373808,0.9526084336717667,0.4713117490361946,0.06278481096827912,0.13082972123164022
correct_7.mp4,correct,912,0,148.8818984272625,151.44085595174403,167.41476027591023,0.9468669759252326,0.4717659917957819,0.06300963154146051,0.1311332252095859
correct_7.mp4,correct,918,0,148.99112127725894,153.25651642314435,167.33188430115933,0.9458187003250369,0.4715403538321945,0.062235695889802996,0.1303087220436488
correct_7.mp4,correct,924,0,148.99072267566555,152.91106664462168,167.16277294154867,0.9400962893790002,0.4715340746673943,0.06315801061102125,0.1306972027775658
correct_7.mp4,correct,930,0,149.1559490663841,153.46502628013846,167.2337084924854,0.94231005488853,0.4738694485736192,0.06305365480747097,0.13030235659522837
correct_7.mp4,correct,936,0,149.09726370052405,153.6455692222941,167.08024583550133,0.9405160288783825,0.47439972007499476,0.06297842551886236,0.13071883128800374
correct_7.mp4,correct,942,0,149.25876031060932,154.50828416936136,166.66851652761312,0.9377196490165274,0.47539391618502097,0.06300315855573871,0.12986965462587116
correct_7.mp4,correct,948,0,149.27750867824088,153.97750918325136,166.1550000262611,0.9311555586988567,0.47575606381420577,0.06346870561647489,0.1301814683614602
correct_7.mp4,correct,954,0,149.31658281866805,154.53620515192256,166.1220914377468,0.9342442631330535,0.47800619760853946,0.0634416949244009,0.13025818319538088
correct_7.mp4,correct,960,0,149.30028533384035,153.46170084392975,166.52475931513803,0.930987210236779,0.47768799509296084,0.0634483338620193,0.13028885341741714
correct_7.mp4,correct,966,0,149.42298181421637,153.72758434618927,168.05915053538737,0.9364232083530944,0.47779643373890984,0.06351733345173986,0.12958569931900962
correct_7.mp4,correct,972,0,149.3467245227044,153.2734504890708,167.93893788496842,0.9402203102379033,0.4754690885979017,0.06377768603855068,0.12949982320468956
correct_7.mp4,correct,978,0,149.43792025339036,152.04386373897952,167.69641125218737,0.9393160826724971,0.47480023955880407,0.0645499565916753,0.12942298526177182
correct_7.mp4,correct,984,0,149.4555022468769,152.49827034553138,167.44400944865689,0.9454133247047196,0.47813799171944155,0.06487930859620895,0.13029122174811672
correct_7.mp4,correct,990,0,149.7101843848024,151.03946298923535,169.47676874328252,0.9423840415149628,0.4771161479029437,0.06494958694496739,0.12849490754065265
correct_7.mp4,correct,996,0,149.68858437617905,154.0822898459419,168.92162106062156,0.9466480174286496,0.47722311120003424,0.06457344896089959,0.12845887824070384
correct_7.mp4,correct,1002,0,149.82828758606118,150.58659187169286,168.62111356622253,0.9415560514664094,0.4764966595239694,0.06547160261237744,0.1281025208586935
correct_7.mp4,correct,1008,0,139.4792125955207,139.03237528111202,167.7422069669991,0.8720076080689826,0.4623010597789706,0.030915748906392752,0.14906706889009003
correct_7.mp4,correct,1014,0,143.21173001589068,141.86021137510838,164.1118385241757,0.8803401725735717,0.51193449832224,0.038391416855379064,0.14314262165920294
correct_7.mp4,correct,1020,0,142.47259152137198,141.81297192678596,165.8214605037807,0.8580629595294919,0.5023870222863283,0.03172729747037795,0.14560235470884744
correct_7.mp4,correct,1026,0,143.2649364380531,143.2030033767947,166.96986325378307,0.8685732976945579,0.5201957163758932,0.03928334335663151,0.1464945571639152
correct_7.mp4,correct,1032,0,143.2022864741843,143.01772481772136,167.8481051705862,0.872892327114738,0.5275471653793332,0.04729644811452448,0.15135870121999664
correct_7.mp4,correct,1038,0,143.35335295523066,142.71442002476832,168.04441477795456,0.866382562820354,0.5244042430420658,0.04605607169293123,0.14998384699810233
correct_7.mp4,correct,1044,0,143.44593344354806,143.475668846791,167.86053690549787,0.8716361501775766,0.5228914576689105,0.045595218411912185,0.1485065521157593
correct_7.mp4,correct,1050,0,143.4111075272745,143.36283966933064,168.5418102290841,0.8669897880535411,0.5225994309083138,0.045486118467717995,0.1487148487531332
correct_7.mp4,correct,1056,0,143.3793129558479,143.3625621585024,167.73092858025996,0.8697916590573462,0.5264042505288993,0.045672890187024626,0.14956661058862877
correct_7.mp4,correct,1062,0,143.6561034924959,143.41495469169473,168.14415729769584,0.8671393815247923,0.5259728573351905,0.045005505722315035,0.14867707774631972
correct_7.mp4,correct,1068,0,143.86598626754613,143.56918779966705,167.32040076025797,0.8776649279854317,0.5299024256522217,0.04371606476472587,0.14845112662401508
correct_7.mp4,correct,1074,0,143.98474994705361,144.11323527045386,167.47992000554353,0.879696874907148,0.5305246673508974,0.044655525777913235,0.14863015949875935
correct_7.mp4,correct,1080,0,144.00840463397242,144.39779806451702,167.46242949366783,0.8842249560899786,0.5329438212121798,0.04149275678926951,0.1477714843541092
correct_7.mp4,correct,1086,0,144.11978880605972,144.16634132394464,167.653031845447,0.8743698381249139,0.5275844862764357,0.04180008301191396,0.1460644566518612
correct_7.mp4,correct,1092,0,139.06095380885202,138.7582695766768,164.0385581916478,0.8518351795132699,0.44819707368867195,0.013173582438813114,0.13816893250847834
correct_7.mp4,correct,1098,0,139.926630726851,137.54390684386536,164.65346973883382,0.8621250433869092,0.4665852876579912,0.021782490584286402,0.1390401287972396
correct_7.mp4,correct,1104,0,141.04304798683805,137.04586842179395,165.20225160529827,0.8737480153329418,0.47178550996255264,0.026666810652383407,0.13407361719041494
correct_7.mp4,correct,1110,0,141.17838995025485,137.2782833821667,165.41150405563164,0.8686373905027505,0.47646544687330344,0.027846181844994964,0.13419685110141324
correct_7.mp4,correct,1116,0,141.01675882401216,137.08963213007007,165.2772790981912,0.8715280703026137,0.4755702012377246,0.026952660556908287,0.1331700027645353
correct_7.mp4,correct,1122,0,141.19636530421593,137.31437497360773,165.9627369268001,0.8675799245293835,0.47886896326830936,0.029289878545088136,0.1333185869316954
correct_7.mp4,correct,1128,0,141.0905663241963,137.241892126415,165.8950876801591,0.8732781030470721,0.4769738339441552,0.02763010131269424,0.1325377180880381
correct_7.mp4,correct,1134,0,141.2491605295518,137.57020897756294,166.4134295492217,0.871908891041797,0.4809624015122264,0.03133522339137832,0.13434450700528783
correct_7.mp4,correct,1140,0,141.3334679001133,137.4261332094075,166.14809116984227,0.8757779138535693,0.48124801439729104,0.029359903095609367,0.13235962230217635
correct_7.mp4,correct,1146,0,141.41272122199,137.42453031775923,166.35354881033763,0.8701745862258558,0.48216051398109083,0.031180224218897535,0.13264191843432804
correct_7.mp4,correct,1152,0,141.42868222155627,137.55089439116307,166.11814122804887,0.8763377238681734,0.48293357805965786,0.02941124990722807,0.13202530038260155
correct_7.mp4,correct,1158,0,141.4564257104262,137.57973290625932,166.50565252302027,0.8735412105316809,0.4841639082025143,0.03260105415530503,0.1339878713970915
correct_7.mp4,correct,1164,0,141.24777646228017,137.06876541286675,165.86505391200254,0.8773321984871087,0.4773487578860786,0.030672492343701566,0.13269581557501767
correct_7.mp4,correct,1170,0,141.68427972586707,136.89086366722304,167.7018163809992,0.8719539380612376,0.4791885809325151,0.03262813173768672,0.13272781612535495
correct_7.mp4,correct,1176,0,141.28107779651918,137.0086076353151,167.41642405329094,0.8752709628329439,0.4812160302319174,0.02948761670933309,0.13634335130273087
correct_7.mp4,correct,1182,0,141.39502639110742,137.1766464391911,167.37578787057546,0.8764310203011865,0.4833212806205916,0.029842105270706472,0.13698202478861948
correct_7.mp4,correct,1188,0,141.53245467086052,137.19148565720684,167.7721276728518,0.8758178888958563,0.4855275633995837,0.030233121463354856,0.13778465441883386
correct_7.mp4,correct,1194,0,141.6934309929916,138.59868889758232,168.04651904310023,0.8804065947733968,0.4892915000085133,0.03632076134990364,0.13865243194667473
correct_7.mp4,correct,1200,0,142.01694194086423,139.90623578653856,167.8132115536233,0.8853428090260103,0.5002100505869385,0.04059233009048437,0.14101790329578415
correct_7.mp4,correct,1206,0,141.98039485578622,139.90116263969435,168.14837837167624,0.8894563126480476,0.5009848972629684,0.04683333738964965,0.1432263799660009
correct_7.mp4,correct,1212,0,141.8200368408811,139.9627444757592,167.64882722741396,0.8861488332012643,0.5030553583410948,0.046244706894784236,0.14503735911562682
correct_7.mp4,correct,1218,0,142.35098183896497,140.51440723793314,167.6075139283991,0.8919406288348248,0.5121881602655878,0.04982952258029875,0.14705585278307237
correct_7.mp4,correct,1224,0,142.3360199750798,140.50892707873786,167.85434752648263,0.8896185524659593,0.5068844721379591,0.049466406876178676,0.14708615206594794
correct_7.mp4,correct,1230,0,143.0219865439561,141.51389015872812,167.60666832166382,0.9024086903343733,0.5238013704878698,0.048839918429309376,0.14814661327766862
correct_7.mp4,correct,1236,0,142.7626980682942,141.309987534902,167.23168734243367,0.8974770885940807,0.5156264554084281,0.04740694665355734,0.14839357288290858
correct_7.mp4,correct,1242,0,142.71335620488523,142.63509170010946,167.14782092105833,0.8986096064795163,0.511600671911707,0.04477851643713332,0.14785242763483425
correct_7.mp4,correct,1248,0,142.97979268615333,141.9179023793389,167.31249813792283,0.8895377607391808,0.5096043008010751,0.043701441736261705,0.146601180294231
correct_7.mp4,correct,1254,0,143.1321648660338,141.84830356917962,166.31475088063164,0.8956822125482159,0.5115607801231108,0.038344983390002044,0.1468659477181079
correct_7.mp4,correct,1260,0,143.697937721475,144.07848821129966,165.55856603687428,0.8831247698582261,0.5171168915762838,0.03779624775377337,0.14710569999104708
correct_7.mp4,correct,1266,0,143.98100231701005,144.44957672776926,166.876917969744,0.8859681638476249,0.5183236349659117,0.03174279789532841,0.143647647200455
correct_7.mp4,correct,1272,0,144.06712872875087,144.11399929206968,167.31339627733487,0.8750733386601037,0.5162629571513152,0.0283040751839309,0.14106525078500853
correct_7.mp4,correct,1278,0,144.07470314208845,143.47271383151516,167.31981102950937,0.8757207460495762,0.5161134710254146,0.027409305592999596,0.1403588743966305
correct_7.mp4,correct,1284,0,143.93849115669926,144.50010691237722,166.09155300870478,0.8733948965673287,0.5217441500850596,0.032384517345292886,0.14480070589266383
correct_7.mp4,correct,1290,0,143.54319209377417,144.25664904490804,166.47836767444738,0.8745939053877013,0.5204871954397173,0.04147468182945883,0.14941570238849458
correct_7.mp4,correct,1296,0,143.505465376971,143.05432839965678,166.49552681558893,0.8799191905535638,0.5172015655873178,0.039907503995644196,0.14819481051530875
correct_7.mp4,correct,1302,0,143.50107118101988,143.45833758903618,166.62682799359533,0.8783575394493618,0.5195017600560623,0.039539705902915834,0.14875451104454296
correct_7.mp4,correct,1308,0,143.28116217411358,143.9410918894816,166.33486268450218,0.8818101970537169,0.5200995234394882,0.04062062015434262,0.15040042734763362
correct_7.mp4,correct,1314,0,143.44372524610762,143.60409103776405,166.300040806629,0.8828508756753652,0.5192414250070341,0.04085367866296998,0.1489611242144282
correct_7.mp4,correct,1320,0,143.34232762730713,143.7613885230027,166.84438417474453,0.8826824595533391,0.5195519351764877,0.04172911468757032,0.14963754276694768
correct_7.mp4,correct,1326,0,143.27832067348547,142.44038697845593,165.85090873919862,0.8836915840330448,0.515183847603722,0.03821768736369501,0.1476514254676421
correct_7.mp4,correct,1332,0,143.1608544769636,142.6626538980858,165.9827262020552,0.8774569701282476,0.5169283811370425,0.03989760532152473,0.1488564718564743
correct_7.mp4,correct,1338,0,145.9021002452049,151.6887934592934,166.87728068467618,0.9836727364006604,0.5121607016218277,0.03773592112728058,0.1347050874175325
correct_7.mp4,correct,1344,0,145.56619726980543,152.58214304358273,165.46923931187618,0.9455198651933162,0.48364005469224713,0.045873734054861455,0.14256448020232385
correct_7.mp4,correct,1350,0,147.85769852624566,154.7937445246258,165.5594095645548,0.9658533708623397,0.4942649095723518,0.04506533231292066,0.13728277898757243
correct_7.mp4,correct,1356,0,147.76930715107432,154.2867117135537,166.48610068448306,0.9579423126727373,0.4893637695005275,0.0440282300055189,0.13631548561696097
correct_7.mp4,correct,1362,0,147.6183127575681,152.96437638230373,167.00992613069442,0.9525218555898955,0.48141632461975714,0.044166216832563526,0.13554028249695893
correct_7.mp4,correct,1368,0,147.64960696226171,154.03685338967446,167.2269500063887,0.9586004876605476,0.4821324943544044,0.04404339383681081,0.13542180294587158
correct_7.mp4,correct,1374,0,147.58680218528374,154.9777337543738,166.85389864390046,0.9565164235091952,0.4862921635342105,0.043640094062980674,0.13824709314013822
correct_7.mp4,correct,1380,0,147.77063901351377,155.09992654464816,165.9004814693054,0.9531676885656776,0.4887201065021055,0.043575172559001576,0.13822042336761386
correct_7.mp4,correct,1386,0,148.80703533667977,155.74610365735,164.65615288638512,0.9374496520231664,0.49430778838607775,0.029941175371062084,0.12999998605935792
correct_7.mp4,correct,1392,0,149.01447790949055,155.6664756637862,163.75521105112458,0.9279252694281146,0.4948283606481277,0.02417587658861043,0.1268364470322829
correct_7.mp4,correct,1398,0,148.97570236411025,155.72526965923362,163.6246129237909,0.9298127478306669,0.4970238073289322,0.024201935724100697,0.12776594999923832
correct_7.mp4,correct,1404,0,148.3842317596841,155.48711636691755,165.20133278083898,0.9320957067626957,0.497604593412657,0.0400691174906129,0.13564337873609897
correct_7.mp4,correct,1410,0,147.92554767432225,155.35487529713424,165.42944403139364,0.9375625868113899,0.490509245884562,0.045352557954511374,0.13913376085295376
correct_7.mp4,correct,1416,0,148.10998803689307,155.364470874774,165.29858404467714,0.9450956952793582,0.49309446538121976,0.04715943252489864,0.13935401749003268
correct_7.mp4,correct,1422,0,149.03139708762916,155.39212973515268,166.12132622443482,0.9428965805317507,0.49456928474359957,0.038424352359812126,0.13015197902875109
correct_7.mp4,correct,1428,0,149.28848531359148,155.50902005351034,166.23947491504262,0.9447722936193574,0.4956363162507238,0.03822426682034262,0.12861779043980384
correct_7.mp4,correct,1434,0,149.01060684475564,155.12877255574665,165.92473939353692,0.9495455899066861,0.4928330873748645,0.03981017201865794,0.13073192853431895
correct_7.mp4,correct,1440,0,148.8963687061976,154.8829611678539,166.84096305456904,0.9559759259899536,0.4858157053734852,0.039582124441079704,0.1310669910802232
correct_7.mp4,correct,1446,0,148.93746719765952,154.93170767000626,166.57140128449402,0.958414481142079,0.4873980893391687,0.041196525937554775,0.13167629461845717
correct_7.mp4,correct,1452,0,149.01165678415933,154.8741702777593,166.67273701358403,0.9580431974394523,0.4887169743666561,0.04350016696818896,0.1315195734728246
correct_7.mp4,correct,1458,0,149.12993658634366,155.3544495467926,166.4334316511222,0.9580218332984463,0.49011706055825205,0.04256969544157591,0.1314172868986466
correct_7.mp4,correct,1464,0,148.76833120411024,154.85937607823544,166.57145203762815,0.9540845582594699,0.4780210737470409,0.04037418998447216,0.129965150683432
correct_7.mp4,correct,1470,0,148.6759961600983,153.9609601921867,166.89678158555344,0.9570824961865042,0.4775942296249083,0.04192067956439696,0.13264726283396133
correct_7.mp4,correct,1476,0,143.32702345998692,145.88939342041076,167.16096899875447,0.8925971573705347,0.5433309391271576,0.011604839054324238,0.15562122325745775
correct_7.mp4,correct,1482,0,143.21912610511885,144.87168985279038,161.36797063289816,0.8755430970772914,0.5507151027874058,0.03288679184539262,0.1685134393847164
correct_7.mp4,correct,1488,0,145.64262482242268,145.96692877866533,162.95330404824173,0.8857772195112645,0.5532188085521812,0.039655734460037895,0.1601472634590884
correct_7.mp4,correct,1494,0,143.8666257564993,145.97115366338224,163.52174460243972,0.8845663410132604,0.5484303998917895,0.04784174371900003,0.17237806252615284
correct_7.mp4,correct,1500,0,143.98136378490975,145.97146540468697,162.8895147104841,0.8855277439483925,0.5484985004049372,0.04825498920437872,0.17109339203292134
correct_7.mp4,correct,1506,0,143.86687401616936,145.95336967883838,163.34552518222847,0.8812972876118499,0.5462322499375724,0.048174238020715944,0.17133990455168502
correct_7.mp4,correct,1512,0,144.3603895876482,146.17732092245657,162.69055207244264,0.88352630703812,0.5459951066580334,0.047184565409453226,0.16814440843168083
correct_7.mp4,correct,1518,0,143.5814218408949,146.2992540365535,162.63330474622308,0.882303079736885,0.5461198490782152,0.047057505941956325,0.17250112692686417
correct_7.mp4,correct,1524,0,144.40366886472037,146.1780219942787,162.93587312077887,0.8805033690929729,0.5405133018253322,0.04653696905748108,0.16661174618435518
correct_7.mp4,correct,1530,0,145.11427263793092,145.6428136754889,162.94774878368912,0.8797847111140401,0.5420915622670216,0.03680261816651606,0.15946734186706846
correct_7.mp4,correct,1536,0,145.2754348331361,145.92032603028912,164.28637930199892,0.8789229762080385,0.5421350692797279,0.03692418111524151,0.15885780354950116
correct_7.mp4,correct,1542,0,145.5700395583446,146.74762021585732,164.40412145306658,0.8835609509518025,0.5507512394307073,0.03594797839076349,0.15948479376872265
correct_8.mp4,correct,6,0,130.6050939149981,123.98124625748078,168.2428699830432,0.8144893162354492,0.41712863443361287,0.13650884398055402,0.15863753672483835
correct_8.mp4,correct,12,0,133.93395831493913,129.63718522025061,163.24458331393723,0.7922056934874949,0.44556618877001747,0.13325503917714715,0.15122130145549545
correct_8.mp4,correct,18,0,132.63309256270125,128.14781171684302,160.96528151768547,0.774934776089417,0.42251669141078807,0.1316887985015302,0.15305503971927334
correct_8.mp4,correct,24,0,133.2174763674982,129.21307970463127,161.89406795872748,0.7760043295023888,0.4171637329839176,0.11449864649498312,0.14618747278906769
correct_8.mp4,correct,30,0,143.1378469645849,135.06819407529127,161.1097426199283,0.7795706484088225,0.4332061511873293,0.14715928047609822,0.11353098922525112
correct_8.mp4,correct,36,0,147.33781014135167,138.44180349929928,161.28126727129467,0.7712641952514966,0.4568059410441823,0.1508346555709194,0.09945418379503058
correct_8.mp4,correct,42,0,147.95224193219184,139.67067920487077,160.5894023541513,0.7758632714365877,0.4556434033389407,0.17501379757433008,0.1070584243023596
correct_8.mp4,correct,48,0,136.70778780642462,132.83919351161092,160.0000204212702,0.7756106208223362,0.44251978080690163,0.1330751792149992,0.1390430765719623
correct_8.mp4,correct,54,0,135.979642483762,132.57952890218291,160.1628095629268,0.7757479534904298,0.4431126516554709,0.14791189861475507,0.15155131143021544
correct_8.mp4,correct,60,0,132.06145972215631,130.0325199076301,162.15410193638888,0.7776789730136554,0.40408786616681736,0.1329463872241862,0.16004206847227057
correct_8.mp4,correct,66,0,133.13899666368167,131.15523201041148,162.2070522292307,0.771628353508144,0.42310155701253116,0.12953484370970866,0.15693200076887057
correct_8.mp4,correct,72,0,133.7864535440374,131.29640705902864,160.81493102869737,0.7723197275656132,0.4309950861788034,0.13345740979302004,0.15558653851819892
correct_8.mp4,correct,78,0,129.98521407544763,129.20896522036037,161.80771923052507,0.7803451935191341,0.4238228608674693,0.112582854289841,0.16591289992827293
correct_9.mp4,correct,6,1,125.07529993436576,117.51058169669847,177.4421068488831,0.7844196481312493,0.3028968785663352,0.12405195383951534,0.1192310531415224
correct_9.mp4,correct,12,1,125.98335324112546,116.41783993380255,178.3211014882076,0.7720802153892933,0.31762791022050885,0.11719052920060416,0.11815780428727744
correct_9.mp4,correct,18,1,129.9520065036773,117.09994523509346,179.50916672540595,0.7427470282862517,0.3421385620801915,0.1265248790994403,0.11452761933863165
correct_9.mp4,correct,24,1,131.42753603276532,118.96587831539625,176.36877557141955,0.7364416992356523,0.3435403252013492,0.13131573441486138,0.10913329360388774
correct_9.mp4,correct,30,1,131.5986613755272,119.83743302505565,177.058830361141,0.7440714963022457,0.34578476202026304,0.12495408745410862,0.10593715811757715
correct_9.mp4,correct,36,1,131.14068284275592,119.93196388542327,178.10913351081228,0.7447156575702224,0.35849519531625357,0.11724219709793433,0.11281873689230301
correct_9.mp4,correct,42,1,131.36930601979893,121.80240829434254,177.95703131496438,0.7654341163568179,0.36354806860600714,0.12180575087662672,0.11506188512355138
correct_9.mp4,correct,48,1,132.49138159520388,122.45153323320092,178.02288441800576,0.7943525127807955,0.3737478610162213,0.12328926298103694,0.11370315694822973
correct_9.mp4,correct,54,1,132.51011162172568,121.84287854669881,178.3332836850023,0.7935136463803399,0.3741292274571218,0.12583920733184645,0.11390849264437267
correct_9.mp4,correct,60,1,132.0235220039594,121.41422815222425,176.8882541699819,0.7927018639249901,0.37155597611536073,0.12244933162305766,0.11435967889260412
correct_9.mp4,correct,66,1,128.8443769107092,119.0619219725359,176.74802637420748,0.7966071497440433,0.35307854980162307,0.122997811978954,0.12224356982326832
correct_9.mp4,correct,72,1,127.63724726632248,118.49569702423513,174.71801406018628,0.8059654539550956,0.34600906394345843,0.13096109213283977,0.1275610236363443
correct_9.mp4,correct,78,1,127.83055027217925,117.76584532158938,179.21826708978577,0.770582009598229,0.3393316551519587,0.1331761628898746,0.12553410352030653
correct_9.mp4,correct,84,1,131.44741679526408,119.47627848628777,176.12131298753633,0.7695144817605392,0.351675368879342,0.11700425480953487,0.10988382218546838
correct_9.mp4,correct,90,1,132.01697769578902,121.0587467451616,177.58738120082216,0.7699845205890694,0.36221941011134173,0.12195390267578173,0.10993989529339
correct_9.mp4,correct,96,1,129.46674180003956,119.62717289790704,179.45295699101374,0.7927192836884405,0.3463738470934351,0.1229682124497372,0.11590755791333036
correct_9.mp4,correct,102,1,128.05681046738053,117.94020130605496,179.33595443418304,0.8011391537677752,0.34130929261969867,0.11852150821693558,0.12066853995592396
correct_9.mp4,correct,108,1,127.96142480617073,117.60551031344063,178.57442660054892,0.793318817444025,0.340382305437861,0.12234723319124231,0.12036470238843788
correct_9.mp4,correct,114,1,126.9679876971948,116.64253115960526,172.82768235846038,0.7846701249634106,0.33480575933530565,0.12790696151547637,0.12468746853062714
correct_9.mp4,correct,120,1,126.5680748839047,116.29621742789091,175.01571564784422,0.7507906425545423,0.3218438363272385,0.13709156527464883,0.12258147232929878
correct_9.mp4,correct,126,1,126.70786076331129,116.21089713587573,173.4116529352944,0.7240465017153787,0.31838294370658293,0.13616527339515466,0.12033752871548484
correct_9.mp4,correct,132,1,126.44432869047935,115.44807311743563,170.23446113802473,0.7650040487543629,0.3237225856591841,0.1402033097658988,0.12396342915871533
correct_9.mp4,correct,138,1,126.87251582763024,116.04801511532345,178.50473513822627,0.7707477925322218,0.3304017792006318,0.1404976478825788,0.12462157588605952
correct_9.mp4,correct,144,1,126.71481844924062,115.38408931187018,177.83592163378106,0.7672448609848003,0.31774916362767003,0.15298718560866534,0.1210081416200078
correct_9.mp4,correct,150,1,125.88601943117605,115.17529803919247,177.52774481701178,0.7968663185185159,0.3230630170935973,0.148171689235149,0.12216856990084198
correct_9.mp4,correct,156,1,126.13497722445737,116.12238394514122,178.56015382363617,0.8030003219266272,0.3286535013649491,0.13733462956231737,0.12215855561056709
correct_9.mp4,correct,162,1,126.59017866881518,116.51110591650874,178.45057683815978,0.7945394782923977,0.3316948332737222,0.13630000103461493,0.1257838551777811
correct_9.mp4,correct,168,1,126.2333720758937,116.72560868634714,178.39092854183903,0.7591392506283188,0.3123905172547156,0.13410925936627915,0.11952805844173423
correct_9.mp4,correct,174,1,124.5098671884922,115.09507644576033,178.45240649492237,0.7387746433258698,0.30763316656871287,0.119910722939973,0.12453871421980767
correct_9.mp4,correct,180,1,122.7389438337045,113.72298892835045,177.5872436272153,0.7436013720819507,0.2949751896778975,0.11396275389555831,0.12852489323212715
dropped_arms_1.mp4,dropped_arms,6,0,116.01410118444282,105.42507519940665,154.69331486775303,0.5815497130283489,0.25840787050417646,0.0843109383876095,0.13157822748170714
dropped_arms_1.mp4,dropped_arms,12,0,113.24410685994658,102.8299622083036,149.361393873313,0.5773444543247,0.25842575318199174,0.08949867168389955,0.1389732985104146
dropped_arms_1.mp4,dropped_arms,18,0,113.62468466561216,104.5981206606771,154.72525910942466,0.5607655398553438,0.26525903817131735,0.11625992831418326,0.14907403728402016
dropped_arms_1.mp4,dropped_arms,24,0,107.04384569967323,102.3129474675892,157.46271687634643,0.5761502269666247,0.26926077970044077,0.1388483326344774,0.19518568133828848
dropped_arms_1.mp4,dropped_arms,30,0,109.50597417129606,99.07980060021477,151.82235100003953,0.5573957924237463,0.2515716782724704,0.1395235385323757,0.16694097283843395
dropped_arms_1.mp4,dropped_arms,36,0,108.91488847161908,98.99499665001379,139.32859515488977,0.44231898267387293,0.2620836919002846,0.15015335647507974,0.17565981504002776
dropped_arms_1.mp4,dropped_arms,42,0,109.26423948695819,99.74071587078217,138.79369543324594,0.4053500451982749,0.2577643888500538,0.13935953203833729,0.166527975029359
dropped_arms_1.mp4,dropped_arms,48,0,110.69548816821391,99.95035146444494,138.97978121946414,0.4109450555717266,0.27076664755837376,0.1561015389529461,0.16795175943597243
dropped_arms_1.mp4,dropped_arms,54,0,111.82555007102137,101.10726133324101,140.32096575126167,0.3973937349034303,0.2860603982846504,0.15227622687979103,0.16539927295946244
dropped_arms_1.mp4,dropped_arms,60,0,115.26024823319328,104.20968135352997,139.83686626190794,0.39312408696150025,0.29790158826265273,0.142045943129907,0.14907376855760793
dropped_arms_1.mp4,dropped_arms,66,0,108.49723331971286,101.91144621924208,143.523868662679,0.4277861478376096,0.3054920314351275,0.1296676729094284,0.19761755421700505
dropped_arms_1.mp4,dropped_arms,72,0,107.03601381407375,101.0093262225892,143.2013591960618,0.47369293499985543,0.3026615565926085,0.11978173985875305,0.20690435140907296
dropped_arms_1.mp4,dropped_arms,78,0,106.08612191077931,100.31514974824478,144.08536080153146,0.47358152326915787,0.28950707224428524,0.11490458050702898,0.2061586219229428
dropped_arms_1.mp4,dropped_arms,84,0,106.83466441828303,101.96973777865664,144.21481093937686,0.5047590754824174,0.28985557939093604,0.11076345179148663,0.20250059379201257
dropped_arms_1.mp4,dropped_arms,90,0,106.06876962860343,99.26322903696537,139.86986196019973,0.5069056749208251,0.2709540538762843,0.09485386172001747,0.19098305424477827
dropped_arms_1.mp4,dropped_arms,96,0,105.92790205397095,100.57989851157147,137.541806664005,0.5198716581757775,0.2895520900197687,0.10733258528859327,0.20988863476309166
dropped_arms_1.mp4,dropped_arms,102,0,105.18547146690958,99.95206631924962,136.73548319561448,0.49821369717507846,0.2829301801455117,0.1036078589081492,0.2112547756295214
dropped_arms_1.mp4,dropped_arms,108,0,106.59779183858214,101.22883001292413,137.25494398629726,0.5049540930459189,0.3057050710986002,0.11030853715819997,0.2154050925983232
dropped_arms_1.mp4,dropped_arms,114,0,105.05557543002298,100.7306323680108,141.3718007915295,0.5197051455759054,0.2844896981234958,0.11426910214983457,0.2175989369176009
dropped_arms_1.mp4,dropped_arms,120,0,107.62414007497527,101.42699413354391,139.43884071775489,0.5195153747456157,0.28637094081118986,0.11419130197948862,0.20081627761367557
dropped_arms_1.mp4,dropped_arms,126,0,108.53813029739054,101.6792155227274,145.15140129839565,0.5293844392854583,0.2732585161890948,0.10425668051364081,0.18244320464706962
dropped_arms_1.mp4,dropped_arms,132,0,108.29588608902432,100.03686616447749,142.0671878052066,0.5058513706162046,0.2817073061031314,0.11586774011916186,0.19015412276776975
dropped_arms_1.mp4,dropped_arms,138,0,107.64301773843161,100.97675150571797,144.52163534787837,0.4704710949335104,0.2566132932261444,0.11124524902503294,0.18087526597988665
dropped_arms_1.mp4,dropped_arms,144,0,117.33972582140917,106.08568564263759,140.61405636304676,0.4740391095735145,0.2967863586817152,0.11297077418514562,0.14004310193621924
dropped_arms_1.mp4,dropped_arms,150,0,106.56761010827044,98.1432525948431,142.24457823012727,0.4920722696875215,0.2332448958247761,0.11151335089243226,0.16651673146051524
dropped_arms_1.mp4,dropped_arms,156,0,106.23522149923923,98.88995439196798,142.27733309319342,0.4898666077872845,0.24029693428354273,0.11186396950223339,0.17236251133750466
dropped_arms_1.mp4,dropped_arms,162,0,108.62663191132067,103.55913382542691,145.6414759862474,0.514522659135926,0.27864090455878043,0.11484071869022609,0.18394972491873587
dropped_arms_1.mp4,dropped_arms,168,0,108.84983368040015,101.13778731107325,144.17283479001406,0.5294394509451401,0.26694249943247633,0.09228218206697977,0.17117123828662995
dropped_arms_1.mp4,dropped_arms,174,0,107.24170740857944,99.30379938199056,143.36758783194782,0.5381727021865893,0.25449067760761046,0.07708610549167853,0.17311666198200829
dropped_arms_1.mp4,dropped_arms,180,0,105.31468993700211,99.28781778993229,144.6334569325849,0.531784722783898,0.2394596689243667,0.07147008888165118,0.17612269849558776
dropped_arms_1.mp4,dropped_arms,186,0,106.34722712355936,100.52705576161006,142.54141798424817,0.5430733423471948,0.2449939059976349,0.07244159672907466,0.17504151249117997
dropped_arms_1.mp4,dropped_arms,192,0,105.59799019183501,100.85107968178045,143.3678329602809,0.5675450961537731,0.24523553679324872,0.07506963688796446,0.18115757005808775
dropped_arms_1.mp4,dropped_arms,198,0,112.48016735582769,104.91743183248505,145.68401397705165,0.5710827647298822,0.24969158545582693,0.09370117157982838,0.1503655461704882
dropped_arms_1.mp4,dropped_arms,204,0,107.112565706468,102.19258567422385,144.49408104154935,0.5722400319421799,0.24905768711152138,0.08438854750137233,0.17828399508303652
dropped_arms_1.mp4,dropped_arms,210,0,113.11246739618662,102.4571296195534,142.81772760332095,0.5506938556629806,0.25312204088701346,0.08519164635812591,0.14292650619492123
dropped_arms_1.mp4,dropped_arms,216,0,107.19693114063305,102.01430341260266,142.48743171917945,0.5460635291807434,0.26148221266225313,0.07210760343293555,0.17965954210999033
dropped_arms_1.mp4,dropped_arms,222,0,105.8341268602412,100.30436663800636,143.31962217269893,0.5384505765912829,0.26155042925186023,0.07845965522368437,0.19112970544710062
dropped_arms_1.mp4,dropped_arms,228,0,101.31790506193437,100.2442212267386,143.70667822695728,0.5578394831130435,0.2691727402284277,0.07636318874250014,0.22498109769815428
dropped_arms_1.mp4,dropped_arms,234,0,108.03262217603329,103.11533146906773,144.4024862776118,0.5583016416798549,0.2763206853640702,0.07667621918849063,0.18414209693891165
dropped_arms_1.mp4,dropped_arms,240,0,107.86588622573701,102.52647946111527,142.71436160319794,0.5576259613090154,0.2687344014809211,0.07410562754546342,0.1815690227991987
dropped_arms_1.mp4,dropped_arms,246,0,108.8717281833169,103.93040798135645,146.27292461162764,0.5481297821051992,0.2678912427473968,0.07425326010229816,0.17466052196667128
dropped_arms_1.mp4,dropped_arms,252,0,107.76558728494919,102.02514599484455,141.66000330579433,0.5503309775849747,0.2686242045621266,0.07490696688495846,0.1828133175414498
dropped_arms_1.mp4,dropped_arms,258,0,107.85038019280081,103.2809246129158,142.8660110109149,0.5318978582047551,0.2727848294923565,0.0791300456419577,0.1858649499068284
dropped_arms_1.mp4,dropped_arms,264,0,109.64860441331471,103.46167806745619,141.54909530821993,0.5305357712610236,0.291882975210391,0.08127698261048931,0.18219214850869486
dropped_arms_1.mp4,dropped_arms,270,0,117.50788256034126,104.71367599514542,147.5939547154237,0.5059421395576669,0.2869581009327918,0.10429101119187614,0.13063519599353574
dropped_arms_1.mp4,dropped_arms,276,0,116.00804841804143,103.94853311338528,149.33868169305848,0.5051331952358554,0.2967310337041741,0.11105406874995842,0.14435335423742723
dropped_arms_1.mp4,dropped_arms,282,0,115.89452546472265,103.241939107912,150.15236563917017,0.4950466529849636,0.2920579321500183,0.09567883076722035,0.13750939435700557
dropped_arms_1.mp4,dropped_arms,288,0,119.86642507258713,103.96702740847242,149.24032100321358,0.5330194588760123,0.28055544737589977,0.091958037595348,0.10504435325379105
dropped_arms_1.mp4,dropped_arms,294,0,117.39385996845564,104.03362411076722,150.52987691492262,0.5434101471263048,0.28664604097026547,0.09868270068296207,0.1262471041964557
dropped_arms_1.mp4,dropped_arms,300,0,117.48711584642767,104.43050435867245,150.5928491365317,0.5399402432076673,0.2852330063317443,0.10298384188947673,0.1270168099558203
dropped_arms_1.mp4,dropped_arms,306,0,114.89131258837865,104.889273845284,149.70044331826213,0.5227528296211144,0.28232891172605157,0.10855258164998234,0.15141306508012867
dropped_arms_1.mp4,dropped_arms,312,0,112.38922645091547,104.23660315718958,147.07795755836102,0.5399372475716399,0.2905546835490497,0.1033855823844416,0.17153539476594482
dropped_arms_1.mp4,dropped_arms,318,0,111.46080102978962,103.07607856178038,145.92265251890382,0.5142125986067193,0.27913029843625853,0.10103681676649989,0.16917946766232705
dropped_arms_1.mp4,dropped_arms,324,0,109.67921479018912,102.5205517836263,140.12795925719266,0.47993592695301196,0.29064650881203646,0.086836201944615,0.18133546965530356
dropped_arms_1.mp4,dropped_arms,330,0,108.05646390043455,101.83823017008525,141.91167253679367,0.49093060726852816,0.28619008540343843,0.09197096559348317,0.19055603523222628
dropped_arms_1.mp4,dropped_arms,336,0,107.79620859008038,101.75986297033218,142.59132022046163,0.5106298921222905,0.2882847641600424,0.08558921213497112,0.19128614339307565
dropped_arms_1.mp4,dropped_arms,342,0,111.72459811159878,103.55447460466291,146.90444071369666,0.538457186568163,0.28176283043836786,0.08649125300498874,0.16327852850834135
dropped_arms_1.mp4,dropped_arms,348,0,112.25134936327879,104.27691670000253,149.81217535695427,0.5756409497033714,0.28329367519210324,0.09337343359817343,0.16949290179310064
dropped_arms_1.mp4,dropped_arms,354,0,116.73774011079662,107.63326993536765,152.38252936877274,0.6026411197293455,0.3094590623864483,0.09267836278809292,0.15159542555523667
dropped_arms_1.mp4,dropped_arms,360,0,111.74605928446057,106.86165439826819,150.09087790120748,0.5876436305340643,0.29840631319605776,0.08661097235646321,0.17547517136345298
dropped_arms_1.mp4,dropped_arms,366,0,113.80197695719245,101.95452755592702,139.85991674384587,0.47725456005969485,0.2606991909245017,0.08920082613260501,0.1401870414105372
dropped_arms_1.mp4,dropped_arms,372,0,108.75489394694371,97.49570971183478,125.69921662512608,0.3456613662952235,0.2701002449623093,0.08795766929959936,0.17102623080492751
dropped_arms_1.mp4,dropped_arms,378,0,107.40460496587565,97.77779930756617,121.92678053748742,0.29700731968110156,0.2722178788684151,0.09837037282084392,0.18094057951583875
dropped_arms_1.mp4,dropped_arms,384,0,107.70674903348261,97.44861250345205,124.69181710792773,0.2892338761853993,0.27674737300478064,0.11419495432225814,0.18216257591694635
dropped_arms_1.mp4,dropped_arms,390,0,109.24292247808974,94.80804661365572,107.06540231486689,0.035861212475901814,0.28758530455586057,0.11430662023400441,0.1812438013731536
dropped_arms_1.mp4,dropped_arms,396,0,111.17188528636774,94.91655264032397,85.75119800431375,0.20972461550117752,0.3097699250670495,0.11449430136158315,0.19093352202949262
dropped_arms_1.mp4,dropped_arms,402,0,112.26885020337929,94.83460700988815,62.702966446509244,0.5099879500823862,0.2977285210220079,0.09128888963091474,0.17399619979576253
dropped_arms_1.mp4,dropped_arms,408,0,111.33583790968187,92.72874757215737,61.41633911667651,0.4970980578288709,0.28426192669334127,0.08623444491149643,0.17585304015610131
dropped_arms_1.mp4,dropped_arms,414,0,115.15982544256595,93.0043623676377,69.55490716215054,0.37288197563588127,0.2704569619943579,0.09700477457735555,0.1419558389985512
dropped_arms_1.mp4,dropped_arms,420,0,113.78591769702402,92.97692937588033,79.97858071282063,0.25213712524720827,0.24358394022247448,0.0983127415399806,0.13866952868968088
dropped_arms_1.mp4,dropped_arms,426,0,114.85645041019272,96.04640239394534,102.59509604742881,0.04251531606072794,0.27575966991933537,0.09483180775096571,0.14439428331771748
dropped_arms_1.mp4,dropped_arms,432,0,113.10761321984036,104.66698178409835,160.3098215210648,0.603920434488356,0.28229108736085945,0.10476404354587242,0.15918557969698566
dropped_arms_1.mp4,dropped_arms,438,0,111.81363608738098,104.93352701248564,162.92275364243994,0.6354570980351445,0.27702327136344984,0.0988142373679109,0.16544984557348363
dropped_arms_1.mp4,dropped_arms,444,0,111.30275201942166,104.4294626907975,160.2920344706536,0.6062806035974043,0.2756639527545402,0.10278376826834386,0.1698191883582156
dropped_arms_1.mp4,dropped_arms,450,0,113.15167448424894,106.52653184322699,158.55854598936563,0.6078395174460576,0.29083553435682646,0.1060867733848415,0.16907922249131904
dropped_arms_1.mp4,dropped_arms,456,0,111.53559668717558,104.55036805679974,156.27345500120256,0.6069183718953977,0.27708839403941143,0.09800688148663075,0.17181879604299544
dropped_arms_1.mp4,dropped_arms,462,0,128.54180889183291,116.2981350253997,153.87332881906107,0.613291512556479,0.36038521727547623,0.09988510873496723,0.11258631776317576
dropped_arms_1.mp4,dropped_arms,468,0,132.10739511261548,117.16888124321034,149.57750944915986,0.5922915030361716,0.3720408724039421,0.08620626678381368,0.09884599829074876
dropped_arms_1.mp4,dropped_arms,474,0,121.05110291918308,112.42133587223901,150.37435076844972,0.5566531989790532,0.3422673975157217,0.08191894295063379,0.1434989677290378
dropped_arms_1.mp4,dropped_arms,480,0,114.31434483631641,109.02993103198723,144.73314112792784,0.49215082897235324,0.3244992615033237,0.07621872902866159,0.1746529568899063
dropped_arms_1.mp4,dropped_arms,486,0,111.33104784841412,103.78798076063994,142.9981966552676,0.5012662786287466,0.2955853980275754,0.06600470610666534,0.16933668952283157
dropped_arms_1.mp4,dropped_arms,492,0,107.10999916511244,100.3612337110903,137.66733341138698,0.4408370109678654,0.26733563654923176,0.07978813060392988,0.18450614866617207
dropped_arms_1.mp4,dropped_arms,498,0,107.53446360332158,101.46179380426291,136.36433738149591,0.45084345548386007,0.2770028205287329,0.083315425808325,0.19156180215141078
dropped_arms_1.mp4,dropped_arms,504,0,107.34047309111841,101.43396991275557,132.63389153132718,0.4037438942418828,0.2766752358812855,0.08838885439897536,0.19149516247816672
dropped_arms_1.mp4,dropped_arms,510,0,108.03044970547656,100.51450995910022,139.9436001510334,0.45077533353692695,0.2624830734223582,0.08519415849389282,0.17544681058860553
dropped_arms_1.mp4,dropped_arms,516,0,111.5308682665775,101.94685646818473,142.65692478345514,0.45646411927297326,0.28612182059265234,0.09365640502165275,0.16822641464366841
dropped_arms_1.mp4,dropped_arms,522,0,109.9224153523238,104.12543106657301,148.8895130349781,0.48937310797440975,0.2895285530610455,0.09605632701934765,0.1849542745827852
dropped_arms_1.mp4,dropped_arms,528,0,113.16122446743863,105.6245644120301,145.5794519622299,0.44871477257555126,0.28763605211523824,0.10061786002958621,0.1678980196773542
dropped_arms_1.mp4,dropped_arms,534,0,113.90476560077211,106.58206713849665,144.50251962138645,0.44717370601247836,0.2857144086023082,0.0956836703319072,0.16019038282440204
dropped_arms_1.mp4,dropped_arms,540,0,111.14347460879007,105.11884815897982,143.72360545295223,0.48536710973859515,0.28018561165056594,0.10581626971887735,0.17394788647645484
dropped_arms_1.mp4,dropped_arms,546,0,111.53861247555072,103.82918809291724,143.8905443684098,0.5059236250089651,0.2788815488013491,0.10205793441012687,0.16999432627698033
dropped_arms_1.mp4,dropped_arms,552,0,111.59921134549639,103.9251234982686,144.83111227402324,0.5245559931558156,0.278949912370759,0.1018898761347818,0.16994083465499282
dropped_arms_1.mp4,dropped_arms,558,0,108.93280118528645,100.34113587127443,135.24645878217075,0.4656821674058394,0.27196210247071634,0.10377349695897957,0.18206428320698947
dropped_arms_1.mp4,dropped_arms,564,0,107.66508725481583,97.22961309763977,126.21274059834072,0.3679643230037344,0.26131919990348174,0.10306430861100331,0.17923684494231112
dropped_arms_1.mp4,dropped_arms,570,0,107.79470988336047,101.39254724759682,129.49200685060725,0.38044554761014215,0.2704556660302924,0.10280628657668847,0.1907577587154336
dropped_arms_1.mp4,dropped_arms,576,0,106.09829816880054,100.76641251538041,127.85057651121389,0.39146733173848514,0.2747875542962842,0.10102516533108764,0.20574139914733816
dropped_arms_1.mp4,dropped_arms,582,0,105.05086012586521,100.09444170470091,127.74844112034103,0.3701109109789014,0.26880324304144,0.10053690746953951,0.20929314051557782
dropped_arms_1.mp4,dropped_arms,588,0,105.71900075199649,98.16408726219261,119.24527583317017,0.283000361266767,0.2753316547648545,0.09998972944738738,0.20607703727561857
dropped_arms_1.mp4,dropped_arms,594,0,106.07914906334778,97.44529601046624,118.81504859198702,0.3055643947531987,0.2825845967111965,0.10631712965754547,0.20978637294132016
dropped_arms_1.mp4,dropped_arms,600,0,107.7584846819484,99.01870080361273,119.16435796570634,0.3144235442382941,0.2927078721604207,0.10442985531610917,0.2018180633961438
dropped_arms_1.mp4,dropped_arms,606,0,106.43701449575802,98.39705086412788,124.21698846816646,0.35636287523072063,0.2767951381416639,0.10323572541242153,0.20264451176383044
dropped_arms_1.mp4,dropped_arms,612,0,107.3925926554261,101.34743515208974,132.17926023316133,0.4292512819709951,0.27680843907912783,0.10055396732651792,0.1999147034586839
dropped_arms_1.mp4,dropped_arms,618,0,107.65162426851177,103.06511990377908,143.08925280013128,0.5454421501536949,0.2886277584354557,0.09673049577689627,0.20311717563320797
dropped_arms_1.mp4,dropped_arms,624,0,107.31654517725714,103.55871634938144,144.04911602816264,0.5537296204761238,0.28531071171214867,0.07771538752110928,0.20206729255781186
dropped_arms_1.mp4,dropped_arms,630,0,106.44284333590656,102.04395804277178,145.83769792809645,0.5499590740920467,0.2742662716623112,0.07029622023769562,0.19750703944074502
dropped_arms_1.mp4,dropped_arms,636,0,108.76087414377135,102.75242689734269,146.3387506933558,0.5458586951126362,0.2719578679238046,0.06960306171410288,0.1804992251773929
dropped_arms_1.mp4,dropped_arms,642,0,105.04507040122465,100.35878915417466,140.64805720796286,0.5044990501506506,0.26908868534045827,0.0699232980477588,0.20310601460833003
dropped_arms_1.mp4,dropped_arms,648,0,105.73378495787112,99.879838219173,127.73798696526424,0.38504635373863344,0.2777606843026493,0.0815766246716927,0.2034573444526193
dropped_arms_1.mp4,dropped_arms,654,0,104.45041770731031,95.81878168399714,121.15352211824852,0.29361548133341886,0.2666330422926751,0.08541229306085481,0.20007495134271538
dropped_arms_1.mp4,dropped_arms,660,0,106.36793986738789,96.08957411277665,118.27581635681832,0.2681276341468096,0.26769802790678604,0.08020253541031182,0.18652010853038037
dropped_arms_1.mp4,dropped_arms,666,0,105.57664238889875,95.82836801644382,119.41606121873619,0.297259348192831,0.2631533951349656,0.08389938265812823,0.19142844930315225
dropped_arms_1.mp4,dropped_arms,672,0,106.41631883351079,98.08097283386822,124.69802379334389,0.38490460408845434,0.2736776130716901,0.09452008964037761,0.19431998449720056
dropped_arms_1.mp4,dropped_arms,678,0,107.44895071138025,100.89977777551326,134.7878559792865,0.4605167804148146,0.2824473532741734,0.09945366681418992,0.19410121743673478
dropped_arms_1.mp4,dropped_arms,684,0,106.21760480339071,99.64646290994723,132.36756242665294,0.43861073749320983,0.27777963716454607,0.10239421850769281,0.1998908532106444
dropped_arms_1.mp4,dropped_arms,690,0,105.56704040009767,99.13479616030925,130.18062398905585,0.3860689577103788,0.27352005915565525,0.11176125149359922,0.20389167426505558
dropped_arms_1.mp4,dropped_arms,696,0,106.00336712743805,98.63188183280577,125.26912047335071,0.3457155329050866,0.2733505803558543,0.10767529283682717,0.20079539006358718
dropped_arms_1.mp4,dropped_arms,702,0,106.47530135034552,98.70786089160993,119.30735323505101,0.25296386677185795,0.2808032833405297,0.10798509818188894,0.1995203861198667
dropped_arms_1.mp4,dropped_arms,708,0,107.95136356445168,97.67214634415375,109.37121562564555,0.11952343245371944,0.2961337770067077,0.10796376347493378,0.1972600898606202
dropped_arms_1.mp4,dropped_arms,714,0,103.06513313188724,94.57739289865131,111.21848057555569,0.163187072374334,0.27523365288524915,0.1009058554857455,0.21731386402081695
dropped_arms_1.mp4,dropped_arms,720,0,104.14817303580725,99.78475826473056,124.12373713850894,0.3779312450973532,0.282421460157497,0.09896597953852902,0.21690468669438154
dropped_arms_1.mp4,dropped_arms,726,0,104.01294323257424,101.56400338140742,139.21901771417424,0.4687945741229142,0.27860329089582286,0.10786902382559466,0.21831324630446222
dropped_arms_1.mp4,dropped_arms,732,0,104.37947290802033,97.6309863170537,118.44876110572284,0.1793734504161303,0.2779119721591923,0.11657771482588418,0.2153772989398874
dropped_arms_1.mp4,dropped_arms,738,0,105.63034035624662,95.13714150988562,106.3312402662127,0.017632055372876296,0.2749714212561044,0.1344158209511584,0.20752590964656206
dropped_arms_1.mp4,dropped_arms,744,0,105.44126838945529,97.73689949875306,110.61323086056073,0.034563102558400983,0.29079577547010427,0.1320340757308462,0.2216641835459678
dropped_arms_1.mp4,dropped_arms,750,0,106.57252056442512,92.94880691412047,109.69452929292038,0.05371881198225314,0.27490954654863203,0.11552651823703569,0.19754598562480222
dropped_arms_1.mp4,dropped_arms,756,0,103.68108832174848,98.96902746891108,130.55195114136197,0.44252507118449436,0.2720843284950372,0.10204188904150939,0.21552036053720897
dropped_arms_1.mp4,dropped_arms,762,0,105.23805733427932,100.7060221114557,133.59934428326144,0.4345201402105013,0.2808184474029349,0.10986661983062765,0.2100375353355463
dropped_arms_1.mp4,dropped_arms,768,0,104.29653248673789,100.93417233595585,135.31731932887465,0.4102457849422222,0.26600640148775145,0.10807549995238663,0.206830240201866
dropped_arms_1.mp4,dropped_arms,774,0,109.4740624614822,100.41055946200902,135.52363198829053,0.4183129072206274,0.27597209363845127,0.10958199544879436,0.17462130657255504
dropped_arms_1.mp4,dropped_arms,780,0,108.7728581536782,103.13427672838121,133.8885555139999,0.4146505300992114,0.28359890644802555,0.11264305084003849,0.1944842778372695
dropped_arms_1.mp4,dropped_arms,786,0,110.10293594033435,105.00381332321335,135.98120885505904,0.4362274101897473,0.30530771525999645,0.1129517668265871,0.19637362402597403
dropped_arms_1.mp4,dropped_arms,792,0,111.72576286450564,104.85859277800225,140.66209804536516,0.46785812874578303,0.300807297666086,0.1241235873251719,0.18494663831630737
dropped_arms_1.mp4,dropped_arms,798,0,107.66622624085237,103.78854020988861,139.4353923299259,0.4398259508363094,0.3007852816685768,0.11639319333512244,0.2087981908309493
dropped_arms_1.mp4,dropped_arms,804,0,107.68727862230965,103.77476389541447,142.31345465929448,0.4517074230021725,0.3007123690211677,0.11015613719194385,0.2043447545835663
dropped_arms_1.mp4,dropped_arms,810,0,107.13289503056257,103.80818682656101,143.15566351311517,0.48519300375136515,0.2967349032457402,0.10007764489574444,0.20846802612433915
dropped_arms_1.mp4,dropped_arms,816,0,105.79685571860153,101.35892721598718,144.9243671904317,0.5018113009073022,0.2892448324559896,0.10341152036371831,0.2113250258924973
dropped_arms_1.mp4,dropped_arms,822,0,110.14042671578656,105.89051733386125,144.99760561654367,0.548247922951234,0.312555391443335,0.0959928262951657,0.19728400433076798
dropped_arms_1.mp4,dropped_arms,828,0,112.84121272273859,107.02928325061745,144.02584548993977,0.5720598564895495,0.32670723572419424,0.0890826956470495,0.18370731291817657
dropped_arms_1.mp4,dropped_arms,834,0,111.73569642816665,103.77897407506092,141.6464824190992,0.48051702366160215,0.31311987144785625,0.10376992100668804,0.18213683857490306
dropped_arms_1.mp4,dropped_arms,840,0,114.37232712831893,96.1257123320521,114.01580380926062,0.12257846391250654,0.27659682921265555,0.14454342733514597,0.15971156550423468
dropped_arms_1.mp4,dropped_arms,846,0,107.25717579933576,98.38462784757168,118.84994938875674,0.20538098713693315,0.27575309022414707,0.11677883786958274,0.1937770461888683
dropped_arms_1.mp4,dropped_arms,852,0,106.65362516462889,97.82063957292348,123.99476230837591,0.26943780802371153,0.273484211838818,0.09947064325549301,0.19155833671307487
dropped_arms_1.mp4,dropped_arms,858,0,109.72247000040683,100.90811048002226,124.56794805251133,0.2677628142892763,0.30295844650658427,0.09560579541430465,0.18810049086764108
dropped_arms_1.mp4,dropped_arms,864,0,107.31152900823356,99.91916706646856,128.36081227520032,0.2911005736676733,0.2772656212133914,0.0947115453329114,0.19083542894548886
dropped_arms_1.mp4,dropped_arms,870,0,110.82674392850072,101.90740306988253,141.1626237694466,0.43426524850640996,0.3052771340225448,0.11498526044549917,0.18441657991216437
dropped_arms_1.mp4,dropped_arms,876,0,107.89262472489249,104.16613926016379,129.82610545578666,0.35336797198312936,0.32179093310230034,0.11013890706509738,0.21451021993705746
dropped_arms_1.mp4,dropped_arms,882,0,108.47518365329292,103.77595298467479,130.8745235505631,0.4128542895562163,0.32285265976935973,0.10852290182668307,0.21192220783464727
dropped_arms_1.mp4,dropped_arms,888,0,112.31839254048904,101.52471140981777,126.10500194699038,0.28076696388640826,0.30580046159155755,0.11385319887425766,0.17672415910630423
dropped_arms_1.mp4,dropped_arms,894,0,114.50407196803692,100.10087127831196,116.71472789498479,0.15640657930650326,0.31005441630526154,0.1369072155810741,0.1704113289443911
dropped_arms_1.mp4,dropped_arms,900,0,115.57726611049024,99.35467929791172,114.48193548621076,0.13453579508245703,0.3064654296638892,0.1528906712683939,0.16742752271930872
dropped_arms_2.mp4,dropped_arms,6,0,110.8400973342528,117.47143124213217,147.96161674085894,0.5209704354051296,0.3356529331379595,0.05442123807732893,0.23702260290224184
dropped_arms_2.mp4,dropped_arms,12,0,108.61445708948744,112.67779959063908,130.85430819014076,0.44714116651591124,0.32799092958796994,0.05170691144220605,0.23438719944432634
dropped_arms_2.mp4,dropped_arms,18,0,108.17945426695131,109.60964592268851,128.48585522447206,0.44862517288097253,0.32271777618618874,0.004802588168077474,0.20086018758014315
dropped_arms_2.mp4,dropped_arms,24,0,109.10509841083395,109.28074475423462,128.4062311209236,0.44720714745381956,0.33920897779865367,0.013354792952389316,0.20643783872527674
dropped_arms_2.mp4,dropped_arms,30,0,109.59534567095919,111.30803509686041,132.2686563692794,0.42490348995777827,0.35027382541819746,0.03513685395729883,0.21403491364872476
dropped_arms_2.mp4,dropped_arms,36,0,109.74906765084513,111.23279827177744,131.8337679878668,0.4240924261963569,0.35569679112051233,0.023306246157006463,0.20450676999174347
dropped_arms_2.mp4,dropped_arms,42,0,108.38315000742688,109.49037661390864,130.97062553599704,0.4118446966615425,0.33005562135098726,0.02293729595145362,0.20453555854765768
dropped_arms_2.mp4,dropped_arms,48,0,108.43003902968157,110.35217209531592,128.7208299012539,0.4172519235420657,0.3426402666243119,0.026591967023768537,0.2141046336449893
dropped_arms_2.mp4,dropped_arms,54,0,111.30328532290943,112.35392451798448,130.4578680555276,0.4230907077319282,0.3508814940083461,0.0430584150866628,0.20575936254628793
dropped_arms_2.mp4,dropped_arms,60,0,110.39697630673277,113.50790505323627,131.230355071342,0.43068710143145283,0.3741374090224341,0.03967323987917655,0.22313224468852647
dropped_arms_2.mp4,dropped_arms,66,0,109.79924567731828,112.08009405518084,134.1231115388044,0.43199324781468257,0.3532784339079596,0.02656605990568309,0.21519739643456803
dropped_arms_2.mp4,dropped_arms,72,0,107.69609071231315,112.24755932416069,131.5499498106672,0.42937883815013367,0.35255946214584016,0.03308391716687176,0.233189757788158
dropped_arms_2.mp4,dropped_arms,78,0,104.89567028678948,110.3405858530002,131.73105493605323,0.4407778330826132,0.34802537949862916,0.03473813347631039,0.2490304740239896
dropped_arms_2.mp4,dropped_arms,84,0,105.4578117528855,108.19321196428238,134.11710060703663,0.433356893229941,0.31416721269001474,0.03858411877542852,0.22300647853186778
dropped_arms_2.mp4,dropped_arms,90,0,105.76336598938691,106.99528348999459,133.56044784480443,0.40765260666057984,0.300953947795067,0.04110459779736211,0.21362659012093002
dropped_arms_2.mp4,dropped_arms,96,0,103.42837929795336,105.10406129603494,136.67816167291213,0.4175600218968828,0.26905811483921727,0.02873500831845322,0.20979941829730617
dropped_arms_2.mp4,dropped_arms,102,0,103.25547674024673,103.25402506535833,133.78233223075583,0.4201429579498302,0.2642982252166305,0.019046697168333106,0.19736940556213867
dropped_arms_2.mp4,dropped_arms,108,0,100.9958381027863,100.72582106603882,134.41689484811135,0.41710346951893634,0.23955877487689323,0.025371826578287956,0.2007655191202945
dropped_arms_2.mp4,dropped_arms,114,0,101.0866747164666,100.77530259801429,133.4143157258991,0.4183419814012868,0.25178175390076524,0.007762177486274141,0.1999253884855126
dropped_arms_2.mp4,dropped_arms,120,0,102.52319256166084,102.50522871278726,133.81348019441143,0.41475510629535145,0.2632525580588847,0.010801692428196473,0.19957813812133737
dropped_arms_2.mp4,dropped_arms,126,0,106.10749708839153,103.81251702627935,136.62833392054785,0.44290057805744043,0.2658943155558039,0.012274460112416972,0.1791933548168691
dropped_arms_2.mp4,dropped_arms,132,0,106.65865993509999,105.4433940042738,137.12314273471884,0.45087994141640186,0.29136023072497935,0.01022211786300589,0.18846775090597398
dropped_arms_2.mp4,dropped_arms,138,0,107.32207451680135,106.57581725295333,136.0462203781456,0.4649995365920148,0.3159066484191234,0.012799794660555126,0.1987502407133512
dropped_arms_2.mp4,dropped_arms,144,0,107.14954055323892,107.04998284408806,137.16546720084216,0.4565625087664884,0.3193950505142098,0.01246871640386278,0.20316202657233154
dropped_arms_2.mp4,dropped_arms,150,0,107.08308205415997,106.69467845561219,135.56586170248596,0.4519631093240405,0.31935125184148955,0.02275143670724844,0.20610444077305182
dropped_arms_2.mp4,dropped_arms,156,0,105.87840507479453,108.37633648385159,135.36046142564925,0.4335860846706444,0.33187063695687274,0.024081078378376784,0.22245920871461025
dropped_arms_2.mp4,dropped_arms,162,0,104.406955419399,107.34532406720528,134.65262755426977,0.4765433207315065,0.3236121133264982,0.017021681249295532,0.22741843707541878
dropped_arms_2.mp4,dropped_arms,168,0,102.8016181833186,104.98352109026621,135.35164155694784,0.48073974107473405,0.30402113208299486,0.022519382178622344,0.22967534271698783
dropped_arms_2.mp4,dropped_arms,174,0,102.16490306680285,103.57123944145633,135.42310148706784,0.4813660622049702,0.2790524009704383,0.02169508816337434,0.2177126989186196
dropped_arms_2.mp4,dropped_arms,180,0,99.22742323114258,102.51564194706113,134.11657921300016,0.4740104916087277,0.2561779226460893,0.02273507210253923,0.22755932529979397
dropped_arms_2.mp4,dropped_arms,186,0,99.16368338753568,100.4143289814501,135.92350372708378,0.45871452549091557,0.23963380818282654,0.01311728852960706,0.2111359582022163
dropped_arms_2.mp4,dropped_arms,192,0,96.54130919832579,99.62262704051533,135.22324317393858,0.4665282842882132,0.22552408807697003,0.021986530700770394,0.22869698177808603
dropped_arms_2.mp4,dropped_arms,198,0,100.63475235436775,102.40151721758913,134.24040473024897,0.4755634666485213,0.24863128087468267,0.027623387748663606,0.21612103094745494
dropped_arms_2.mp4,dropped_arms,204,0,102.59563444374595,105.84428076762862,133.09528241225217,0.4727920322926013,0.2946022653178714,0.032900279450519904,0.23033507062027833
dropped_arms_2.mp4,dropped_arms,210,0,106.35286362403282,106.93058084802712,136.49203130260284,0.4545386593897628,0.29708195605360876,0.027994370202847292,0.20479634147479306
dropped_arms_2.mp4,dropped_arms,216,0,108.26261602944575,108.43962518812529,130.31065014871794,0.4305717354162656,0.3075631128457868,0.004918474285157392,0.19412103272818038
dropped_arms_2.mp4,dropped_arms,222,0,104.41145448495668,99.89590896904183,106.47671145022191,0.14313051753462555,0.27079914475212147,0.006406093602402155,0.2004504137764506
dropped_arms_2.mp4,dropped_arms,228,0,99.95187123431211,101.19342495471778,69.66131412589719,0.4406660239480955,0.2699483797547615,0.028913929414798492,0.24602598294505545
dropped_arms_2.mp4,dropped_arms,234,0,102.8190695220327,105.95961656743361,18.4858509141318,1.00800033757462,0.30199043921221885,0.0236846424049225,0.23725465792277564
dropped_arms_2.mp4,dropped_arms,240,0,105.49485485831075,106.35722763839381,17.15886156298826,1.029706180212743,0.3693753504748521,0.035780332914684576,0.2497141393686537
dropped_arms_2.mp4,dropped_arms,246,0,103.41087237563849,105.25267656652893,18.20432193654456,1.043945387607193,0.3871629661056325,0.03675913297592257,0.27410297932237454
dropped_arms_2.mp4,dropped_arms,252,0,104.01048163172031,106.97977869867665,16.04120807632161,1.0631943072516874,0.41867160474400794,0.05315909490316616,0.2929014117319031
dropped_arms_2.mp4,dropped_arms,258,0,102.6533489350688,105.8671989590487,16.354819136415554,1.0919032909990303,0.40087608510762746,0.04672484847012297,0.2961804236041165
dropped_arms_2.mp4,dropped_arms,264,0,102.07529885715675,105.80049386223932,16.97726875030282,1.0818654966419863,0.4174704501001266,0.059508790417186284,0.3156888500987883
dropped_arms_2.mp4,dropped_arms,270,0,101.8711961129308,106.24442478397023,19.64354041546029,1.0822202631520264,0.4299004301713367,0.058446495771873205,0.32646745530499915
dropped_arms_2.mp4,dropped_arms,276,0,102.83052518417578,107.21644367493677,19.56719085592662,1.0779342711194928,0.4486602270421222,0.06593624574255517,0.3222218977842064
dropped_arms_2.mp4,dropped_arms,282,0,106.82144615755797,109.34343598298695,19.6381860206593,1.0854782654608033,0.442224396385133,0.06648587617670582,0.2892096061098331
dropped_arms_2.mp4,dropped_arms,288,0,104.04184157450908,107.15707175183297,20.12554490089745,1.0784150277093854,0.4234418914378358,0.08567761920871679,0.30805003053706315
dropped_arms_2.mp4,dropped_arms,294,0,103.22316624370903,105.30691760603352,21.5297997522922,1.0627533543047245,0.41944461553785817,0.0861185816034673,0.3107154392791253
dropped_arms_2.mp4,dropped_arms,300,0,103.97642491865122,105.83294706452752,24.15900523668771,1.0822926269223825,0.41650956061542155,0.07660815119589427,0.29722211329487697
dropped_arms_2.mp4,dropped_arms,306,0,103.07957804683495,105.45435643935105,27.321435024230077,1.0593738879008543,0.4153916400510028,0.09324786444236595,0.31648590506779806
dropped_arms_2.mp4,dropped_arms,312,0,103.10169295688584,100.10397914812313,44.2364900879197,0.8564654276855519,0.347672412370455,0.05606920660753303,0.2759120108601357
dropped_arms_2.mp4,dropped_arms,318,0,108.03298386486324,96.86182640270277,56.724017056757894,0.7283067167604781,0.3664053970771825,0.052346998313117926,0.2313883927366522
dropped_arms_2.mp4,dropped_arms,324,0,112.67500573099804,102.00264888454878,57.552758751461205,0.724308366803061,0.3921957771335994,0.0524653929562133,0.21112825727551748
dropped_arms_2.mp4,dropped_arms,330,0,107.08706691835087,97.19940755626877,60.66441730138514,0.6487398351874631,0.35523594025773014,0.07946051110347996,0.24087116704467662
dropped_arms_2.mp4,dropped_arms,336,0,107.95793464962212,98.85479568885383,66.26404318435497,0.561875866506433,0.3968960663935624,0.09094695175135191,0.25722853198484935
dropped_arms_2.mp4,dropped_arms,342,0,106.89778990703947,99.87561478442649,65.31015236762444,0.5308302169225653,0.3826833971920942,0.10597544618011552,0.26373741824006486
dropped_arms_2.mp4,dropped_arms,348,0,105.49491399571723,98.32923415150967,65.34319524655743,0.53830261516087,0.3610124095751675,0.09739926419385157,0.25882296814951894
dropped_arms_2.mp4,dropped_arms,354,0,104.07161992735863,96.4924303667385,65.71568435466473,0.5426672544034153,0.3450350556474683,0.09404243336211317,0.25899687876812183
dropped_arms_2.mp4,dropped_arms,360,0,103.22878251530963,95.45699631744685,64.3327447949796,0.600325047374596,0.32936424530664876,0.09657635939110214,0.25976164755835135
dropped_arms_2.mp4,dropped_arms,366,0,102.88615933349983,94.69549826767243,61.16752549148693,0.6500184948071237,0.3280087765351942,0.09234565030349513,0.2607199390729992
dropped_arms_2.mp4,dropped_arms,372,0,103.35738613215979,96.19936146410929,56.00975103652112,0.7670490261560293,0.34440942872751734,0.09230225900302243,0.27180321005390173
dropped_arms_2.mp4,dropped_arms,378,0,99.0056216077946,99.71153279940621,36.36118790209047,0.9946629815740113,0.3863517212299993,0.11268996103507209,0.3467505926956477
dropped_arms_2.mp4,dropped_arms,384,0,119.48949629219243,115.120251871867,19.23017416789832,1.117156103805473,0.5589406790717807,0.12875692582849216,0.2593926249651498
dropped_arms_2.mp4,dropped_arms,390,0,120.35675831515275,115.76946750891807,18.14129741059385,1.0917095104261003,0.5719381708461059,0.09728486022732508,0.24271898621122528
dropped_arms_2.mp4,dropped_arms,396,0,108.73895162361553,104.43845592217426,29.97901097318116,1.038637419278754,0.4413373730943293,0.05991256987861297,0.2625211231799508
dropped_arms_2.mp4,dropped_arms,402,0,110.76953164946399,98.57211416428841,35.474494812266734,0.9852073396920366,0.3758497293637621,0.038114900610178526,0.17607345610876787
dropped_arms_2.mp4,dropped_arms,408,0,118.65883251079916,103.78949495655083,47.51638617789011,0.8282637071944128,0.43032519220738846,0.053607530968262665,0.1399391018855264
dropped_arms_2.mp4,dropped_arms,414,0,110.11570728481271,100.65381325831115,72.03147590388328,0.4454205410041339,0.406864957038531,0.06543827854739168,0.23971858363031634
dropped_arms_2.mp4,dropped_arms,420,0,112.18232028058394,102.63147822697428,93.28696394223674,0.11814786550616471,0.44898646731997405,0.10954420996199841,0.2475160799843833
dropped_arms_2.mp4,dropped_arms,426,0,110.84690650739718,102.7242857264965,89.89886860314968,0.14848966658986973,0.40653204065090814,0.07172530031247876,0.23889620429478087
dropped_arms_2.mp4,dropped_arms,432,0,111.31238669211288,104.34867916875861,99.07532414151993,0.029627799544460775,0.39507859483116753,0.0764707338310709,0.22922859577170823
dropped_arms_2.mp4,dropped_arms,438,0,112.60932327787681,105.26251577139179,101.24033380715343,0.0636526900014595,0.40706880012661895,0.06208456807716838,0.2205370499850478
dropped_arms_2.mp4,dropped_arms,444,0,112.1624656208556,104.23071245581359,112.56364083425584,0.2111058617214683,0.39243404069665905,0.06245685538049773,0.21553023798036072
dropped_arms_2.mp4,dropped_arms,450,0,110.53481530657486,103.89803153869907,119.29386222722759,0.2352611786890606,0.38070970232094997,0.07520236722355374,0.22852140129319595
dropped_arms_2.mp4,dropped_arms,456,0,110.85940910930378,105.40157652858873,116.20941537237293,0.2884582125003394,0.3782678335689361,0.06885293798090512,0.22380336619427432
dropped_arms_2.mp4,dropped_arms,462,0,110.46788177900228,106.64885836042703,120.65011519409373,0.31221866519722935,0.376908799478638,0.06898715742860746,0.2235758055069595
dropped_arms_2.mp4,dropped_arms,468,0,108.58279003525892,106.68253186733284,119.36553469071012,0.3163604450560257,0.35984298847337315,0.06268870515447497,0.2280266898885516
dropped_arms_2.mp4,dropped_arms,474,0,110.07565300421831,108.962362530563,119.4863091660223,0.31799743346225084,0.37326139554656834,0.06450280638837155,0.22543200472771607
dropped_arms_2.mp4,dropped_arms,480,0,108.1542107825364,107.41874428911716,119.38906609860827,0.3080028609236578,0.36455961855366076,0.03606306729220827,0.2251862675340645
dropped_arms_2.mp4,dropped_arms,486,0,107.14431786482893,104.4990480518744,118.95415610802134,0.320630708660238,0.3291505571659039,0.030266396789168554,0.21902754858125348
dropped_arms_2.mp4,dropped_arms,492,0,108.58834353040496,106.34178445291491,118.1019084715438,0.32772837034874164,0.3374067205815867,0.023511519255646915,0.21224553907465687
dropped_arms_2.mp4,dropped_arms,498,0,109.1833866391545,106.01409862891613,105.68296538676036,0.14597353052274306,0.3479069133291632,0.022765095642186314,0.21284949602530137
dropped_arms_2.mp4,dropped_arms,504,0,110.43197446745522,104.98528901822682,64.10128235114252,0.41530642048246413,0.35992486555839637,0.022169425082614058,0.21507304728668034
dropped_arms_2.mp4,dropped_arms,510,0,115.0156635653373,106.16765090951705,51.19006054488852,0.6007793710316639,0.37283432676269385,0.021578310162572747,0.1941921058016835
dropped_arms_2.mp4,dropped_arms,516,0,115.91918112582051,107.26582340970144,50.6821531616677,0.5935616689321881,0.38174092642139335,0.021135620278318445,0.19412761531749634
dropped_arms_2.mp4,dropped_arms,522,0,117.46993414759429,106.03662075847164,55.15558315965336,0.5787279102017945,0.33192787608646473,0.005347002322032533,0.15251033259212246
dropped_arms_2.mp4,dropped_arms,528,0,114.72921626240237,105.59858297568422,60.600411811936254,0.4795889793652649,0.3396940807833999,0.011087168788308675,0.17431497370236387
dropped_arms_2.mp4,dropped_arms,534,0,113.36804159573347,107.65454139399833,84.16226469649868,0.12404258932514688,0.3736825886538256,0.018220449680971695,0.20860691460012576
dropped_arms_2.mp4,dropped_arms,540,0,112.74238792446165,112.26877390385506,116.50337700077333,0.2721509047330145,0.38643474277697887,0.028567481543384444,0.21545011297634037
dropped_arms_2.mp4,dropped_arms,546,0,112.81401499180723,114.38389577826808,128.52556573676182,0.4506409022295726,0.3808819187871305,0.026693198858674824,0.21294682174793328
dropped_arms_2.mp4,dropped_arms,552,0,111.93367855094539,115.03569843152196,138.24211419651508,0.5113958856770026,0.36969156884532384,0.020009055674560662,0.2158305622485183
dropped_arms_2.mp4,dropped_arms,558,0,113.93007099648834,115.06766643778167,140.20714843049052,0.5365951021384903,0.3713738441508099,0.018842303903677343,0.2026470247889446
dropped_arms_2.mp4,dropped_arms,564,0,110.97127842950552,114.75283043872206,141.45043787413934,0.5187274741663315,0.3582455086065273,0.011862787706017728,0.2140133267772562
dropped_arms_2.mp4,dropped_arms,570,0,118.31906166023073,117.08872235477945,138.56683172731454,0.521737869226319,0.3596640202331121,0.016640084305791728,0.1753662416486639
dropped_arms_2.mp4,dropped_arms,576,0,117.51738924760852,117.91298591498408,138.01407740979747,0.5165638904116459,0.3768698207175127,0.016762087717650583,0.1878136813521496
dropped_arms_2.mp4,dropped_arms,582,0,116.06595423555322,115.31988794130822,133.2031848991303,0.45890929345668535,0.37706002981576253,0.006872493284386838,0.1841069315622417
dropped_arms_2.mp4,dropped_arms,588,0,115.87401200443804,115.57146082700311,132.3960828161775,0.45342674232137636,0.3717963867334943,0.008133238485615884,0.18146429409676565
dropped_arms_2.mp4,dropped_arms,594,0,116.36544637620389,115.53441020408518,130.66570404294035,0.4749926582676831,0.37412134326783386,0.009893501003977852,0.1775342046105503
dropped_arms_2.mp4,dropped_arms,600,0,113.44093812072241,114.83944587574253,130.83567555946877,0.46147332917347117,0.37205988270892715,0.0066689862900898,0.2012303410071619
dropped_arms_2.mp4,dropped_arms,606,0,117.84414075134774,115.77593118145832,132.25465070983714,0.44098962486100285,0.3865711121649648,0.00303188355725397,0.17878065127069181
dropped_arms_2.mp4,dropped_arms,612,0,117.74310021499878,116.51547991854906,133.83044908863744,0.4606955489758699,0.38469859285543284,0.017231398894883575,0.18384860218349086
dropped_arms_2.mp4,dropped_arms,618,0,116.75530563566052,115.83853172254575,133.8710502366692,0.45889502066114296,0.3761731180335515,0.013711446626631827,0.18184106875324874
dropped_arms_2.mp4,dropped_arms,624,0,117.94178785948158,113.12515318411641,132.71303604682512,0.44791252546178845,0.36629568701811555,0.007983326699532497,0.17449816608456797
dropped_arms_2.mp4,dropped_arms,630,0,116.6310956300975,115.7405455979786,134.3234129524817,0.4903301110243162,0.36895145635113247,0.010457067964351618,0.18531724686296652
dropped_arms_2.mp4,dropped_arms,636,0,120.04173203367866,116.4088897134294,134.94740622575375,0.48387104695235705,0.36599041203472454,0.012630541126137375,0.16669629917198978
dropped_arms_2.mp4,dropped_arms,642,0,116.3239673337311,115.78129355668386,133.22706016547156,0.5068160263217768,0.3761738348352748,0.020402453867697658,0.19457202348581382
dropped_arms_2.mp4,dropped_arms,648,0,116.77970688337685,116.58838591942936,133.04967471356613,0.4759928697110418,0.3738256868696138,0.020963817386099797,0.18690458526714923
dropped_arms_2.mp4,dropped_arms,654,0,116.82602138029053,115.72307979920022,128.93691936499312,0.4499071286089615,0.3742641275965,0.020889715475647823,0.1899571706240363
dropped_arms_2.mp4,dropped_arms,660,0,116.69002837346765,115.8947720555376,125.8967152840467,0.4307005280996329,0.37299179133213084,0.020270832662159857,0.1898941626123357
dropped_arms_2.mp4,dropped_arms,666,0,115.61025320101548,109.93797533805959,85.89325428086732,0.07146251704300807,0.3701287506233116,0.02001519384522818,0.19125911777131763
dropped_arms_2.mp4,dropped_arms,672,0,116.71898376111176,109.47913568021134,70.52622789731866,0.2654141025804547,0.38109871887366265,0.024074499367182704,0.19396560925996
dropped_arms_2.mp4,dropped_arms,678,0,117.70924129492404,111.29288489562884,63.777649497362184,0.352654010337762,0.39314987739450946,0.012738402553490482,0.1928760693559721
dropped_arms_2.mp4,dropped_arms,684,0,117.51315964559768,109.05356072560306,61.69199048804905,0.3774856489725145,0.39258314611750605,0.003267479298445871,0.19352245227792164
dropped_arms_2.mp4,dropped_arms,690,0,121.35711955192897,109.16852574405557,60.5418500794906,0.40535680394232626,0.384882132324479,0.008731695392141628,0.15954717846745084
dropped_arms_2.mp4,dropped_arms,696,0,122.40348498228505,110.63401679669006,63.5091974996373,0.3947573349185327,0.387614404772981,0.002866022358865677,0.15547814826403653
dropped_arms_2.mp4,dropped_arms,702,0,119.24540311034252,109.7767248751966,64.51967490760741,0.3883643750388088,0.3897575768256205,0.006290744478998875,0.17750932890421348
dropped_arms_2.mp4,dropped_arms,708,0,117.97888596096855,109.54717303215061,68.5526472371757,0.2750196471688063,0.3815378520098613,0.002405361303655001,0.1835136624822117
dropped_arms_2.mp4,dropped_arms,714,0,118.91172744766482,115.05267145078037,122.96751678208355,0.2986926307598545,0.4125117251001831,0.008409096612924454,0.18912477937159314
dropped_arms_2.mp4,dropped_arms,720,0,119.23387316380521,118.07786458531449,134.49789311280048,0.4407544674525148,0.40180420537487305,0.005366901039951008,0.18431958068227455
dropped_arms_2.mp4,dropped_arms,726,0,116.54088283462129,117.73270001632082,139.32103265081238,0.4949770741381543,0.3850657417498645,0.0007826794222804168,0.1985475719038624
dropped_arms_2.mp4,dropped_arms,732,0,118.71608899121819,118.4324054040234,140.54836047918286,0.49246080197595965,0.391433039963635,0.01968056197155723,0.1975268595519177
dropped_arms_2.mp4,dropped_arms,738,0,114.8354368474981,117.43272293006996,136.199796666686,0.4934739166595022,0.38561609965409843,0.014755541896574466,0.2181871368656666
dropped_arms_2.mp4,dropped_arms,744,0,114.22564668420867,115.37652387181657,135.71445337847285,0.474711969777709,0.37838248692816634,0.02679676245114743,0.2162104364084621
dropped_arms_2.mp4,dropped_arms,750,0,114.58883859797457,113.55371743656963,142.73912215305523,0.3564180381923836,0.3461412916306206,0.04647690524291435,0.20101800363789168
dropped_arms_2.mp4,dropped_arms,756,0,114.28342705043866,116.6808767692824,139.1245246046475,0.29827265796107094,0.34926059922306985,0.03691206057449989,0.2077376740575039
dropped_arms_2.mp4,dropped_arms,762,0,111.21959595501878,115.33638045331152,149.71502455441504,0.39242228911946825,0.3487381531408059,0.03979149711528742,0.22810290881538453
dropped_arms_2.mp4,dropped_arms,768,0,106.95721771891365,112.46501435788996,148.1895121822936,0.3762494000519852,0.34911777837892977,0.05026682186684945,0.2583539166270188
dropped_arms_2.mp4,dropped_arms,774,0,109.10747086847229,112.96228528307398,143.6679591677256,0.403821915000728,0.3799494658518121,0.046678423731096985,0.2548189082497901
dropped_arms_2.mp4,dropped_arms,780,0,112.410264642947,113.2542421306618,146.9202894947172,0.40289036013857704,0.39781039078835617,0.02554980629830633,0.23001905098455286
dropped_arms_2.mp4,dropped_arms,786,0,113.18886972750981,114.49860347938693,142.21773677606194,0.4143631861573516,0.41474548123472615,0.025040740159066693,0.23100949237941215
dropped_arms_2.mp4,dropped_arms,792,0,113.00699183715301,114.70022667594901,137.92897301737815,0.4312965582387362,0.40983085990648205,0.026131868842612257,0.23097737604363008
dropped_arms_2.mp4,dropped_arms,798,0,118.77084008189006,117.95835570407763,136.30702192422956,0.38031209531846405,0.40870268727028813,0.03582933203156742,0.19152864058002037
dropped_arms_2.mp4,dropped_arms,804,0,118.0712027483036,117.91565293786724,131.70496514084022,0.36966597461727385,0.40368381874579806,0.039721021949401546,0.19667659404431226
dropped_arms_2.mp4,dropped_arms,810,0,119.25516332949083,118.40028514608846,138.58826043061165,0.44269329398400137,0.4100584787550631,0.027120439157306223,0.1931385719166246
dropped_arms_2.mp4,dropped_arms,816,0,118.91288324662045,118.61832804551338,138.5593400839475,0.47471360729335255,0.4044393299472848,0.0006214620756692038,0.1948616575355128
dropped_arms_2.mp4,dropped_arms,822,0,117.76036909591804,117.62236698761315,136.94700335389427,0.5052634506767723,0.3945831174015383,0.0032906693153454923,0.1963115048691255
dropped_arms_2.mp4,dropped_arms,828,0,117.7228306807843,116.65842262418552,143.48572392600298,0.48721687806083386,0.3884695816590136,0.003381105060999354,0.19284207757857405
dropped_arms_2.mp4,dropped_arms,834,0,116.92702284164017,116.65680392700969,139.0114743480148,0.48967533116132184,0.3732482889149736,0.0057193166849169585,0.1939314098587901
dropped_arms_2.mp4,dropped_arms,840,0,117.58470018128213,117.57469109470111,148.5007361654496,0.5172770408190547,0.37799707536224675,0.0003972615356256233,0.19524089746409212
dropped_arms_2.mp4,dropped_arms,846,0,115.39683799408576,117.41811548635057,146.9358262415012,0.510354830451913,0.3681237883899238,0.0005207785233691405,0.20601993675816624
dropped_arms_2.mp4,dropped_arms,852,0,115.18848995629052,116.88452206092215,148.2657645838806,0.5183217322935781,0.372763674443751,0.00632688485228215,0.2123734636367021
dropped_arms_2.mp4,dropped_arms,858,0,118.44101816631715,117.80779524320283,146.32531484211495,0.5318123289968668,0.3999639862969751,0.002070492214960859,0.20088868245255548
dropped_arms_2.mp4,dropped_arms,864,0,118.42634776537382,118.93192991700968,127.66791234169972,0.4504297450114561,0.3912511562486126,0.00997272100838936,0.1966645704723677
dropped_arms_2.mp4,dropped_arms,870,0,119.50055869542231,116.55207292960421,111.03901179668964,0.2738378320467405,0.412370854490486,0.013683868178594445,0.19938009965170475
dropped_arms_2.mp4,dropped_arms,876,0,114.05320045551244,106.6043397883612,103.41131588677851,0.10418568053049566,0.36001244679757655,0.018419954352198026,0.2056681064966811
dropped_arms_2.mp4,dropped_arms,882,0,113.80793483667074,107.0933707601249,102.8443286643614,0.09740970703913022,0.37873217396342007,0.02262230008217045,0.21190704216883147
dropped_arms_2.mp4,dropped_arms,888,0,114.48456850177838,109.30727658977365,102.66013222000169,0.10396250611426548,0.40003366166358534,0.018869568673448005,0.21727744559179746
dropped_arms_2.mp4,dropped_arms,894,0,116.8416160766143,111.3897122098197,99.18736302087524,0.05067318640220332,0.42365230161888806,0.016814395821119963,0.20843173107412785
dropped_arms_2.mp4,dropped_arms,900,0,114.63636685120012,109.16198955804501,102.87755673940265,0.11013198189202747,0.42713176578078893,0.010138511911396015,0.22576071405287024
dropped_arms_3.mp4,dropped_arms,6,0,123.43512195771461,126.80377910616687,170.23687615724654,0.7657169576457337,0.40843851584202767,0.07546635581435707,0.18540895472903557
dropped_arms_3.mp4,dropped_arms,12,0,133.87647690428997,133.2454068952477,173.86839074122153,0.7505543020098396,0.45284248727601956,0.12677690999673064,0.15899273165082128
dropped_arms_3.mp4,dropped_arms,18,0,133.71847408979633,131.37612743367566,174.8176825956548,0.7775547354912633,0.4709525827004718,0.12108983131488607,0.1538381743561537
dropped_arms_3.mp4,dropped_arms,24,0,133.91340516874752,135.9780574482176,175.75384998014832,0.7982427246209074,0.4657987241162466,0.12990970226991758,0.16064748484826674
dropped_arms_3.mp4,dropped_arms,30,0,138.48186927865908,139.224562602695,173.1183023924689,0.837536223587674,0.48532557929418196,0.15312640794923085,0.14172272928155366
dropped_arms_3.mp4,dropped_arms,36,0,139.207530795371,141.40248610279716,172.81216611643157,0.8120557469771619,0.46371893821832655,0.1569045281477414,0.14159683528786415
dropped_arms_3.mp4,dropped_arms,42,0,131.47338460215468,138.88967838596673,173.9568198671901,0.8029387097840688,0.4233350999010105,0.1716069772725002,0.18111219705382112
dropped_arms_3.mp4,dropped_arms,48,0,132.89833414012907,139.8055246755378,175.7007485555679,0.7945547565018891,0.41127921573046794,0.1849860076862302,0.180149856396211
dropped_arms_3.mp4,dropped_arms,54,0,135.7508002300141,133.55475923906783,167.18593369836455,0.6891924905381025,0.43806941761807966,0.14659583791415115,0.15102917200649835
dropped_arms_3.mp4,dropped_arms,60,0,135.51600518453486,124.99910855614031,137.90730663593055,0.40708802661145727,0.4189131238133633,0.13294184504346482,0.14654360702386998
dropped_arms_3.mp4,dropped_arms,66,0,124.62695220905974,121.2695250973151,135.2652459591593,0.4082035878130125,0.38130215411081814,0.13158639692662638,0.18515599533581198
dropped_arms_3.mp4,dropped_arms,72,0,124.07760851522174,118.6593477701709,135.61290695241496,0.4085872431646183,0.386830174669341,0.1292144767999812,0.19025069208538095
dropped_arms_3.mp4,dropped_arms,78,0,119.85190373456037,113.67939508145986,130.51390553019806,0.3059742557641767,0.3660496530602506,0.13345972442452012,0.19747971187581898
dropped_arms_3.mp4,dropped_arms,84,0,117.66006639427923,110.50575274951552,134.5341167100849,0.37967341527260096,0.36644092369591275,0.11920100344530046,0.1954677868711655
dropped_arms_3.mp4,dropped_arms,90,0,116.38060556349703,107.96897234946303,118.88990109610043,0.14828069705614666,0.35236330622455897,0.13324476387739848,0.20292997601166224
dropped_arms_3.mp4,dropped_arms,96,0,115.6682714077891,105.49267527085533,118.20225666400457,0.1282824037626526,0.35307752616542487,0.1349931777705575,0.20009250966735426
dropped_arms_3.mp4,dropped_arms,102,0,114.86377780467993,103.02544203100601,120.77098261591397,0.1512870628065109,0.34380701492138643,0.15979720710228176,0.20317249723742456
dropped_arms_3.mp4,dropped_arms,108,0,116.04239557695624,103.54861676072413,117.43469052077168,0.11424770234581395,0.3518003612222908,0.16012700566323756,0.19786055006786446
dropped_arms_3.mp4,dropped_arms,114,0,115.47225929266523,105.48822327099172,122.57715986289018,0.1270217663762034,0.36660436401009894,0.1831222421854842,0.2177425673095741
dropped_arms_3.mp4,dropped_arms,120,0,119.74433794533002,111.48843166156043,151.19363409103394,0.4924521211923897,0.3633658467775259,0.1654022161695207,0.18532246032043406
dropped_arms_3.mp4,dropped_arms,126,0,122.74351775138969,110.75451307884266,142.61552857258596,0.4164228208364429,0.35829249746223335,0.17464619694059808,0.17092737959289575
dropped_arms_3.mp4,dropped_arms,132,0,118.11326445067667,108.44856053213306,140.71009699869742,0.3972218376884406,0.36491435170292597,0.17749148055679256,0.20375283420324156
dropped_arms_3.mp4,dropped_arms,138,0,119.71032205104763,110.31780855944655,135.4017921793354,0.31411571567909885,0.38559243381952035,0.17796313251691206,0.20155186197344702
dropped_arms_3.mp4,dropped_arms,144,0,119.50242574166165,108.33180017393512,113.5194891465136,0.049760695116535164,0.39566112127791536,0.1820589994449895,0.20802603047166757
dropped_arms_3.mp4,dropped_arms,150,0,117.83605005659867,107.38668668859641,115.02625800151462,0.09932502852967733,0.3918443894685675,0.1976322180751643,0.22303119855105635
dropped_arms_3.mp4,dropped_arms,156,0,116.85758336629802,106.7888532730219,109.59237923982454,0.023862169295392074,0.3954843869348151,0.18003961147429892,0.22553548000180693
dropped_arms_3.mp4,dropped_arms,162,0,118.63759956513096,107.40087905221723,109.22210480514377,0.023292435066561708,0.3953913111905777,0.15984255184649396,0.21016662804253536
dropped_arms_3.mp4,dropped_arms,168,0,122.560040180093,109.89511099150646,109.11656489483904,0.03446710857201601,0.4018666747426816,0.18322463129129335,0.20256971379374147
dropped_arms_3.mp4,dropped_arms,174,0,120.07350389465563,110.52336436562558,104.72343937252644,0.002657312398060688,0.4110768772802202,0.13315148060400583,0.21915705602330032
dropped_arms_3.mp4,dropped_arms,180,0,120.86973369291252,111.43298151340726,111.45675215106618,0.17053027791790337,0.4207903820778826,0.12341786526353453,0.21779354294147005
dropped_arms_3.mp4,dropped_arms,186,0,123.64182492875011,117.62178072570904,148.15740290206077,0.6242836046964132,0.404825146762029,0.15598081278666567,0.19672012474402456
dropped_arms_3.mp4,dropped_arms,192,0,123.04589942657317,114.95808192736892,151.4644289581901,0.5699262499909381,0.3949632681074893,0.18266798598030412,0.20381640825226705
dropped_arms_3.mp4,dropped_arms,198,0,123.19137841985187,113.50595372538059,140.49085084223444,0.2879910358233946,0.3850656917073769,0.1907118851022882,0.20242274236257402
dropped_arms_3.mp4,dropped_arms,204,0,118.09504033753647,113.00275354869987,143.78573541612136,0.34845170933233877,0.38743744285556314,0.1931700610465278,0.2354282685935687
dropped_arms_3.mp4,dropped_arms,210,0,120.31419952658878,113.97272170104173,143.4806264998382,0.4354229411246126,0.38981729388802205,0.18765973554928375,0.22231220091653336
dropped_arms_3.mp4,dropped_arms,216,0,121.33512897933035,114.825005534684,141.9690833724843,0.43391855160604986,0.39486863645406883,0.19185545015845437,0.21901830102019199
dropped_arms_3.mp4,dropped_arms,222,0,122.37190710324593,114.18328578952222,137.2970908720205,0.3625453020255872,0.3911662317892433,0.1944756554926422,0.2122660282755177
dropped_arms_3.mp4,dropped_arms,228,0,122.00628373654693,116.0115637725251,142.52042300399015,0.4159619249192975,0.39263237975727633,0.18556085140491682,0.20822273957463913
dropped_arms_3.mp4,dropped_arms,234,0,121.93661801211425,117.7640152909687,144.199065687905,0.5147758780315748,0.40854316336722624,0.16740442631289207,0.2103840267006199
dropped_arms_3.mp4,dropped_arms,240,0,121.92665664208397,116.4062399582653,146.59409144772278,0.5181610480304559,0.41288400285096477,0.1692024400434765,0.21176839529061214
dropped_arms_3.mp4,dropped_arms,246,0,123.17976100601396,115.54650189442125,146.76790358664888,0.508032713335351,0.3979455350444715,0.17249579640066753,0.20061585884763417
dropped_arms_3.mp4,dropped_arms,252,0,124.61548800582864,116.05918383928002,144.49321901197948,0.48602104438682575,0.39987861949524134,0.1668558959449175,0.19145742913759228
dropped_arms_3.mp4,dropped_arms,258,0,123.79743031840283,115.66539891278073,146.15870533021294,0.5252123763519979,0.39731233036035635,0.1722204426652268,0.20016685216206895
dropped_arms_3.mp4,dropped_arms,264,0,126.82755023343123,115.78809438354703,145.32997153199221,0.5282108257161118,0.38946811676014503,0.1650640565056131,0.17740470287789942
dropped_arms_3.mp4,dropped_arms,270,0,125.82021426615641,115.07310153004605,139.54386032831172,0.45406130705253755,0.4000680775252328,0.16040565397703463,0.18750651651176023
dropped_arms_3.mp4,dropped_arms,276,0,123.15504386891419,112.82012972081888,138.1620729039392,0.41537085416342806,0.39159139816329336,0.1586378210528051,0.19000784532173087
dropped_arms_3.mp4,dropped_arms,282,0,121.25278629309629,112.61839407444845,142.71802241932838,0.44895446058165933,0.3868234767818579,0.1607652505263785,0.19704898707723195
dropped_arms_3.mp4,dropped_arms,288,0,119.9451727714086,114.1374421554866,146.05620603973247,0.5577798940377232,0.38381453880374367,0.15902789088231192,0.20431642753455936
dropped_arms_3.mp4,dropped_arms,294,0,124.13126160498265,116.3508759418846,147.22115474349636,0.5729604638743631,0.3886142055442021,0.1563074891673259,0.18571850322962327
dropped_arms_3.mp4,dropped_arms,300,0,125.95750512965155,118.59305618621082,149.34959848595136,0.5925151214986829,0.3849447525855011,0.1493218428309311,0.17554517465974487
dropped_arms_3.mp4,dropped_arms,306,0,127.47280544687634,120.67610925456985,148.90826972907757,0.5960710054035345,0.40951265755211474,0.156135349417052,0.17745355728590492
dropped_arms_3.mp4,dropped_arms,312,0,138.30100975505295,126.38102220852207,148.62891805607342,0.592023746864947,0.47003082188254547,0.15497372135295384,0.12583187148812652
dropped_arms_3.mp4,dropped_arms,318,0,130.6079038671426,122.29036508927048,146.99388019269443,0.5758298294974962,0.4355383579731876,0.15112668756883735,0.16654529568735515
dropped_arms_3.mp4,dropped_arms,324,0,127.41805350654063,117.0054681925192,147.9141366875473,0.5776573065368655,0.38552192543008584,0.15079909185524037,0.16955756182226706
dropped_arms_3.mp4,dropped_arms,330,0,126.75794369432825,118.72355640708116,150.41047859263753,0.5657845414617851,0.40047070703458976,0.15362223287304946,0.17956439668044302
dropped_arms_3.mp4,dropped_arms,336,0,126.75541576579857,118.08749767193076,149.35285734725215,0.5573650405037627,0.40206476186035606,0.14523897647597475,0.1748510393150977
dropped_arms_3.mp4,dropped_arms,342,0,140.72017519947389,127.53858530644747,146.77535204863395,0.5560177095846923,0.44863045927302186,0.15563275067790433,0.11966765300403366
dropped_arms_3.mp4,dropped_arms,348,0,128.5723769166203,121.75430370335509,145.3398641635432,0.5241691470643326,0.4188179967576925,0.1534908346478706,0.17776833588094518
dropped_arms_3.mp4,dropped_arms,354,0,138.2392838674024,125.57217241969944,142.3944246568725,0.4481890349624938,0.4463388676103744,0.15672989123507358,0.1318795106651184
dropped_arms_3.mp4,dropped_arms,360,0,129.14026746847827,117.0105654584966,137.43091222114458,0.4382829242371565,0.3879898073927609,0.14236415937750282,0.16080518702222765
dropped_arms_3.mp4,dropped_arms,366,0,131.8256043862019,118.58632205660412,136.30401714089095,0.4525175056301185,0.39688514446971884,0.1697952415176263,0.16343583890636912
dropped_arms_3.mp4,dropped_arms,372,0,121.4992772427441,114.95714076502631,131.93987037349618,0.38161465770709774,0.38697792223104865,0.13967726510562542,0.20199977989333012
dropped_arms_3.mp4,dropped_arms,378,0,122.25389332049234,113.24171040476433,133.4098432424439,0.4205617515499479,0.37717325254883455,0.14147463053299122,0.1897090211407699
dropped_arms_3.mp4,dropped_arms,384,0,123.09469908750047,114.02035526733897,131.6072772710136,0.3908064234009956,0.3775202218253055,0.15159798959479445,0.19102806825538504
dropped_arms_3.mp4,dropped_arms,390,0,124.50970856054131,114.16602182519304,137.41863358337912,0.4470266985643427,0.37640543416079986,0.15907107556372463,0.1863784514696724
dropped_arms_3.mp4,dropped_arms,396,0,125.60370596359819,116.82070117816619,142.9653323239307,0.5235958582330542,0.3904820751232238,0.15938184048922266,0.1862804290295607
dropped_arms_3.mp4,dropped_arms,402,0,126.57389032730926,118.58451009424037,144.6492347965868,0.5475627467553718,0.4113953827739534,0.153794057616119,0.1859306986676803
dropped_arms_3.mp4,dropped_arms,408,0,120.92742709664195,120.0774011387766,154.65367574324674,0.6789410935163341,0.40869660171367256,0.15188967260970276,0.2209444278293736
dropped_arms_3.mp4,dropped_arms,414,0,141.98765033077925,130.86466777153802,157.8016875241352,0.6541936994453879,0.4589290432203422,0.15379245794905994,0.11789825148313576
dropped_arms_3.mp4,dropped_arms,420,0,141.7862761762542,130.9507898878595,157.20438765309123,0.6490531128697474,0.4632810852220868,0.16207618785046765,0.12096086109423727
dropped_arms_3.mp4,dropped_arms,426,0,136.6018555921589,122.10848082941538,146.16466710388997,0.5565179572594254,0.4188487573387355,0.138144078008567,0.1262675251496321
dropped_arms_3.mp4,dropped_arms,432,0,138.32249449922793,122.12590886638036,134.68552995143907,0.32661861833543354,0.4446176365353206,0.1600269588286443,0.12673722539840657
dropped_arms_3.mp4,dropped_arms,438,0,126.64361887621658,115.89752759110348,130.93324686478098,0.3047057723798639,0.3978947622400236,0.1719508322088334,0.18046927779462038
dropped_arms_3.mp4,dropped_arms,444,0,118.28736618106372,113.50130568511528,127.81804684618115,0.32402889623492964,0.3918695544967394,0.16883500514904212,0.22711733685409213
dropped_arms_3.mp4,dropped_arms,450,0,119.7234794586295,112.46348241148388,131.24879511413624,0.4151700773383575,0.3845794227990731,0.14757720761696583,0.20869379961851053
dropped_arms_3.mp4,dropped_arms,456,0,120.77121085690361,110.21998169244782,128.64889410885934,0.41317464710071616,0.40173707075839765,0.14764992575512625,0.21317735378233824
dropped_arms_3.mp4,dropped_arms,462,0,120.78329849623536,112.65691490280663,128.9504695910345,0.42370846208848745,0.4188920181015877,0.1576172729340815,0.21936705417513844
dropped_arms_3.mp4,dropped_arms,468,0,122.81430160666206,114.8520868750545,125.10605834244477,0.33866771831743103,0.4272156445555849,0.16118178581505055,0.21608132511593506
dropped_arms_3.mp4,dropped_arms,474,0,119.36994553422339,113.35842507371511,129.23678558648206,0.40135453603762056,0.41395372515064555,0.14251687517932646,0.22543729552169062
dropped_arms_3.mp4,dropped_arms,480,0,121.17619765622428,111.80950276145418,120.19464020414887,0.3151708237770554,0.3993585660338259,0.14430342630850082,0.21471444127305042
dropped_arms_3.mp4,dropped_arms,486,0,120.1654974316777,111.84606664388318,120.17599824506958,0.286337446185431,0.3970262410879372,0.1321931016489226,0.2170030873337253
dropped_arms_3.mp4,dropped_arms,492,0,119.11590374918978,112.9285629688727,126.01035372085607,0.353661952635472,0.3981681102168623,0.12538952884825644,0.22102440010691218
dropped_arms_3.mp4,dropped_arms,498,0,119.84066357382198,113.76955007275883,125.93588831564983,0.36965378173766633,0.39896364875260176,0.12276818207506472,0.21843914823343571
dropped_arms_3.mp4,dropped_arms,504,0,120.19080571737844,116.46738321141602,128.39422440359877,0.4551739824067848,0.4158803435293063,0.12533287638889576,0.2241345375639165
dropped_arms_3.mp4,dropped_arms,510,0,119.88315625140233,114.94332542581573,120.04627376470418,0.306223358107707,0.4140694759774265,0.16490960339954452,0.22991720290282505
dropped_arms_3.mp4,dropped_arms,516,0,132.07205933997784,105.2354175124102,55.414613710281834,0.571965311194135,0.4441715601763446,0.12619170518109263,0.17092884835860242
dropped_arms_3.mp4,dropped_arms,522,0,125.57857304727303,110.78048446904064,84.61373995061537,0.08127084090496821,0.3862019636762535,0.12224776852455141,0.18108039653257754
dropped_arms_3.mp4,dropped_arms,528,0,127.70034347149497,117.68549878388998,137.04972728664492,0.4105043295903291,0.38817527968102283,0.15158103109702092,0.18285089189866077
dropped_arms_3.mp4,dropped_arms,534,0,126.30069134120376,115.41676187617192,139.97159186356137,0.4203236145924914,0.3553036915658108,0.1475104944332553,0.17440419851310845
dropped_arms_3.mp4,dropped_arms,540,0,133.70418396538292,119.3113018123342,139.7059853998751,0.3943432189862731,0.35248857682259405,0.15751323071967738,0.1425137585994052
dropped_arms_3.mp4,dropped_arms,546,0,142.53695816560503,128.35699179223673,139.26283134849746,0.38506832842505534,0.4726311330610712,0.1522354918680153,0.11344132830249111
dropped_arms_3.mp4,dropped_arms,552,0,131.51000349111374,119.86928200738862,136.64510147788738,0.37742612347962967,0.4195693604825248,0.15104070157846347,0.15877224887445626
dropped_arms_3.mp4,dropped_arms,558,0,136.96705373007222,124.30306428016775,146.0350889360915,0.5234417787595849,0.43901078397003457,0.148693084997009,0.13036784475216007
dropped_arms_3.mp4,dropped_arms,564,0,121.5398819590846,104.63208495782092,29.02914316779758,0.8526001791295467,0.3263809409739051,0.07323353050160093,0.12793525185215868
dropped_arms_3.mp4,dropped_arms,570,0,123.74156640908731,103.11630282543358,51.59080443527234,0.5458678955266903,0.3483065731770421,0.116378688348983,0.16550955344437654
dropped_arms_3.mp4,dropped_arms,576,0,128.1966884408894,107.71305988755302,93.68398029543172,0.04609578834559852,0.38180379384791663,0.1347295863079938,0.1588010809216672
dropped_arms_3.mp4,dropped_arms,582,0,130.04408742717843,118.02991148492987,136.44900296884188,0.40441558188342125,0.4192359424681062,0.13690306180671463,0.16583077189972667
dropped_arms_3.mp4,dropped_arms,588,0,138.36347786924975,127.45178291204954,145.2022232369531,0.5100644193080323,0.4632622336613029,0.1637058977007668,0.14059906084275256
dropped_arms_3.mp4,dropped_arms,594,0,127.82308750811944,117.76150297188714,139.50382050731014,0.4317548217674556,0.4007799608200371,0.14228219869801617,0.17801923785198556
dropped_arms_3.mp4,dropped_arms,600,0,134.85898518324285,122.4211529429311,140.29520960916224,0.45226551755647043,0.43825675632175853,0.14516666334020592,0.14500806492924195
dropped_arms_3.mp4,dropped_arms,606,0,128.47872407353285,120.93892641891507,140.298331677276,0.3833379375835402,0.4217879053588565,0.1360282954574638,0.1770083324501249
dropped_arms_3.mp4,dropped_arms,612,0,146.64858283681693,128.21786127935079,146.42616854721544,0.4139316973483592,0.4350140122574986,0.10396752712416106,0.07809140465702792
dropped_arms_3.mp4,dropped_arms,618,0,140.10841892468738,133.8093825197315,143.64574846957677,0.44267016754430777,0.43260585277223923,0.12561468140438223,0.12153618295567162
dropped_arms_3.mp4,dropped_arms,624,0,134.08364424197808,131.60556653911166,151.1026772525888,0.45307128830197113,0.42184748601910843,0.11863190619018585,0.1485856972532601
dropped_arms_3.mp4,dropped_arms,630,0,147.99960294946737,142.92679945328567,130.52207035365527,0.43712433443395166,0.5631894657363956,0.12170167819479706,0.09648409516365812
dropped_arms_3.mp4,dropped_arms,636,0,147.47873409471958,141.35958254115135,136.59435861162243,0.4852348315568868,0.5555948186091524,0.11628840638942793,0.0930546749144364
dropped_arms_3.mp4,dropped_arms,642,0,146.29234664263305,141.7019038059412,152.8779870818439,0.4865098646499433,0.5454688894244113,0.11462273574337646,0.09569000143747747
dropped_arms_3.mp4,dropped_arms,648,0,143.58737694537407,139.72274018773908,152.96159198221363,0.49595045584661845,0.5505063381372873,0.11136338226904156,0.10656995787087703
dropped_arms_3.mp4,dropped_arms,654,0,143.08022012220206,139.31673737176123,153.03102082060497,0.49399502584432586,0.5514963221331675,0.10925159851896513,0.10664954946051217
dropped_arms_3.mp4,dropped_arms,660,0,129.25073330623218,128.9214097430024,149.07670222214355,0.4766768371907415,0.4088350841044507,0.11077311196895874,0.16137291024123906
dropped_arms_3.mp4,dropped_arms,666,0,130.47785989433456,127.06500970966817,149.0097287099549,0.41722917227884837,0.40299325758951277,0.09708235671183806,0.15373511291308356
dropped_arms_3.mp4,dropped_arms,672,0,128.36572610421536,117.99575974107785,136.66652645998303,0.43871722189759715,0.43683621820464086,0.08864485609596619,0.17590499899376463
dropped_arms_3.mp4,dropped_arms,678,0,121.15542240093524,118.46130191636946,134.71688430838256,0.4509040212959782,0.42766982459741104,0.08800360657672973,0.2184355910993164
dropped_arms_3.mp4,dropped_arms,684,0,125.47832983948605,121.37742103089676,134.325637887305,0.48768115394488143,0.43135472992319424,0.08226566921546223,0.1941274888939299
dropped_arms_3.mp4,dropped_arms,690,0,125.05866078341624,121.07785480802042,134.68849253306047,0.48705313670317557,0.4352094575586163,0.09163982416522044,0.20124181237574956
dropped_arms_3.mp4,dropped_arms,696,0,124.36171519653486,117.48883948360739,134.19823799322762,0.48538772377694994,0.41389735760531704,0.09068056389797931,0.19737706004216773
dropped_arms_3.mp4,dropped_arms,702,0,124.37305336289754,116.18392424251002,127.80931197977002,0.40907876398501286,0.4184825113854847,0.09539168134075059,0.20015913253457898
dropped_arms_3.mp4,dropped_arms,708,0,126.79558115320758,116.66215400027217,129.86687653866602,0.38418319038452814,0.39926342426630684,0.11397213089141012,0.18173674691843525
dropped_arms_3.mp4,dropped_arms,714,0,120.37998751527725,115.01684007630644,129.86852010123107,0.3994338969511846,0.3874251363870414,0.13389551327648772,0.21794912709584532
dropped_arms_3.mp4,dropped_arms,720,0,125.46209932724562,112.8283007571601,107.08325680000097,0.08226288781940877,0.3906533619330331,0.13632408912497254,0.1836089661629937
dropped_arms_3.mp4,dropped_arms,726,0,124.30897136878033,111.98500778745351,103.48015353154487,0.05160947784545593,0.40070379116521615,0.1449498808388407,0.19921774551722138
dropped_arms_3.mp4,dropped_arms,732,0,125.60223419903998,113.32859932996838,102.88013047647179,0.03983923930581726,0.4094627959158531,0.13416271081684644,0.193629788552303
dropped_arms_3.mp4,dropped_arms,738,0,121.92152984696959,111.80284546547155,101.5790674704463,0.03454217948836741,0.42497881218517164,0.12359892446999762,0.21744202423241488
dropped_arms_3.mp4,dropped_arms,744,0,123.86463471032934,111.9875907631531,102.54627918245386,0.0391246925958737,0.41600103634231844,0.12754239703100956,0.20504956560528723
dropped_arms_3.mp4,dropped_arms,750,0,121.66567388758786,110.01440383900409,101.82934821608818,0.01884100611402809,0.4109315235998011,0.10740932258424024,0.20842208972222412
dropped_arms_3.mp4,dropped_arms,756,0,120.08124989219715,111.25745810790268,105.3513722455418,0.13347592490728225,0.4400634398822438,0.10666246105496313,0.22827970481611887
dropped_arms_3.mp4,dropped_arms,762,0,122.6744331214607,112.16921307058693,101.88863137456191,0.08100094945413329,0.44932267035072504,0.09467936395120788,0.21361073803882008
dropped_arms_3.mp4,dropped_arms,768,0,123.60273744039442,112.91542375874482,103.49314737433653,0.11866542875614548,0.4422924088853247,0.08779383943345041,0.2038251538887526
dropped_arms_3.mp4,dropped_arms,774,0,125.72985695259588,114.14010570734071,99.41527008438344,0.05646629045518548,0.45755198433052907,0.09294428076930285,0.20386748728600146
dropped_arms_3.mp4,dropped_arms,780,0,125.84103784972542,115.7764363020328,105.27154468697975,0.13406467988955595,0.4658950719182257,0.1014167887383266,0.21011771635807022
dropped_arms_3.mp4,dropped_arms,786,0,125.65033390560728,116.47730357964205,113.28125927476775,0.2924943510533257,0.46077981720736,0.0915515725056566,0.20673310859817454
dropped_arms_3.mp4,dropped_arms,792,0,128.4828248441255,118.41006307035319,116.4265118896322,0.2983604553725544,0.4509426218363318,0.09222161225039267,0.1905976454656916
dropped_arms_3.mp4,dropped_arms,798,0,125.98677286589346,115.20568146257015,117.16487047554803,0.29208275341453077,0.4080335015543177,0.10250410258263341,0.19387099672910366
dropped_arms_3.mp4,dropped_arms,804,0,118.12324387539368,107.82379419172486,116.20290362524143,0.23352031953543967,0.37778681417480414,0.10483886344836772,0.21941682064104653
dropped_arms_3.mp4,dropped_arms,810,0,112.52399675399482,103.76957656711956,115.32061292869535,0.20371916475022314,0.34761102028910723,0.10367815263467892,0.22573583440293465
dropped_arms_3.mp4,dropped_arms,816,0,106.57861285787213,104.51674702007813,116.46188301304183,0.2378174899160815,0.3467559874292921,0.11792625073536236,0.2660488022386933
dropped_arms_3.mp4,dropped_arms,822,0,107.22054575323592,104.4033419284328,115.7237993879675,0.23570605471394676,0.35720250253253005,0.12193809663800638,0.269295671474399
dropped_arms_3.mp4,dropped_arms,828,0,109.1574218714249,104.01994946902974,101.85175410203355,0.053829633245315714,0.3686152693131138,0.12556182167461574,0.26513658021571385
dropped_arms_3.mp4,dropped_arms,834,0,112.98927218095572,109.08397148239294,73.82774698968555,0.3411910425517798,0.3952289919095447,0.10544655673750403,0.25398033807862513
dropped_arms_3.mp4,dropped_arms,840,0,120.47928963806449,108.59305287589703,70.18606469653174,0.42752685875078184,0.4151950341238839,0.11047356472107042,0.21006837776879278
dropped_arms_3.mp4,dropped_arms,846,0,114.62420838027685,106.72895435709582,73.33116136531503,0.416994939963398,0.42973233310988995,0.1087458884927711,0.25272799939049945
dropped_arms_3.mp4,dropped_arms,852,0,114.87695305859049,107.48226682213097,73.96418878050902,0.38638794182044967,0.436334553673715,0.11505968917302593,0.25741788734853205
dropped_arms_3.mp4,dropped_arms,858,0,115.18711113949247,103.2884752172687,78.82052374079832,0.3196074645480682,0.43305752682222265,0.12224091073601918,0.2524380863893613
dropped_arms_3.mp4,dropped_arms,864,0,114.90547639942943,103.75673255834195,80.59423291141995,0.2895061346761234,0.4326082017987159,0.1198405327544835,0.2539248630498415
dropped_arms_3.mp4,dropped_arms,870,0,117.38459072113888,106.69450102966542,79.82537784940854,0.3127454367536789,0.4380909804230103,0.11290751434252257,0.23476916622621077
dropped_arms_3.mp4,dropped_arms,876,0,117.65451732719784,106.79630766407696,79.22872774541611,0.322725527121698,0.4521609607769215,0.12589462833175838,0.2415927911190443
dropped_arms_3.mp4,dropped_arms,882,0,116.06581250900608,105.05598086836727,79.07089506208473,0.32780972358629146,0.442385581237459,0.12981324666594335,0.2488343571709696
dropped_arms_3.mp4,dropped_arms,888,0,116.18299121973187,105.95927123244947,80.14892850902729,0.31811634565879066,0.4472663959572789,0.1360826272004128,0.24949629046675215
dropped_arms_3.mp4,dropped_arms,894,0,115.85626613301083,104.65205958709065,86.2154171699106,0.21000287768446552,0.4490266456611239,0.1475819618561709,0.2544688579946391
dropped_arms_3.mp4,dropped_arms,900,0,113.58700760396786,115.95002661268141,114.08839599849983,0.2433328792026535,0.4589363767057224,0.14288903687465213,0.2846204359102149
dropped_arms_4.mp4,dropped_arms,6,0,123.78053070049805,121.76246762889613,155.11652348163,0.5043362786001391,0.3872493794802304,0.02034515435452675,0.1672515892910704
dropped_arms_4.mp4,dropped_arms,12,0,117.48746429916721,109.86825158058639,143.32388975447338,0.3986327125639933,0.3356106680254922,0.03044604695082154,0.1700208469740504
dropped_arms_4.mp4,dropped_arms,18,0,110.69303379750556,105.25707281720666,142.48302517731886,0.3521666584937469,0.3341855467104653,0.04816278517357612,0.202964033469745
dropped_arms_4.mp4,dropped_arms,24,0,111.96897025297355,110.2105093179585,144.99911001447518,0.3480577405712478,0.3504773897908595,0.06449482029222632,0.20949362001683827
dropped_arms_4.mp4,dropped_arms,30,0,111.53202354035885,110.86480886074115,142.35689677027236,0.3701360839847404,0.3653297202720882,0.06595224790173951,0.21951785506038704
dropped_arms_4.mp4,dropped_arms,36,0,116.05345560138218,113.67074941540999,141.61359974171268,0.33200427331207777,0.37248054635219424,0.09215419309444178,0.20592732727805466
dropped_arms_4.mp4,dropped_arms,42,0,115.76938182720758,113.0589153052774,139.4384917051081,0.3527543174731206,0.37545292221476284,0.09928675678091292,0.20761585771546326
dropped_arms_4.mp4,dropped_arms,48,0,120.49966311299755,117.8773694656074,147.29920681469676,0.3771306102042539,0.41473744994734446,0.09921036783070666,0.1921659000301007
dropped_arms_4.mp4,dropped_arms,54,0,119.11349896461891,117.21151241220399,147.27551836150295,0.4127827537801053,0.4248548988766301,0.0741460506918116,0.20786549757314998
dropped_arms_4.mp4,dropped_arms,60,0,123.30239977511653,118.96641097399193,148.10892716753716,0.41978094793385434,0.4351191327381338,0.07779747333631022,0.19154833917817032
dropped_arms_4.mp4,dropped_arms,66,0,127.79148221995851,124.34262797776081,147.30892348497852,0.4333386719932088,0.49389101738176056,0.08279270843756631,0.1762013616358479
dropped_arms_4.mp4,dropped_arms,72,0,119.51492985560495,115.96889586145205,141.47368333418942,0.4652086452415219,0.4049420553200997,0.07981326798848455,0.1960886607984923
dropped_arms_4.mp4,dropped_arms,78,0,112.76192131427018,112.98787082972656,142.25715031474502,0.4549068941777009,0.37686006456200194,0.07132312530297481,0.21686074455860985
dropped_arms_4.mp4,dropped_arms,84,0,110.317627830334,112.60739696711748,144.01677219918935,0.4495444113791418,0.3642486761015781,0.0723450593476593,0.22819952189562748
dropped_arms_4.mp4,dropped_arms,90,0,109.75387907352659,108.81258380731758,134.35606626752804,0.3628737339367278,0.3693276610047336,0.07072190773574656,0.23482508331257407
dropped_arms_4.mp4,dropped_arms,96,0,106.98043843974146,102.82970914306397,110.12116603429581,0.14985785962612297,0.35008442111083365,0.074547222274144,0.247156689899702
dropped_arms_4.mp4,dropped_arms,102,0,108.56190620739942,102.05312912177702,109.38520131669974,0.14521900765821597,0.3646880716460063,0.07680209651556129,0.2415298859805699
dropped_arms_4.mp4,dropped_arms,108,0,109.14989368403148,102.24935411096568,111.83635995552953,0.15864956642093705,0.3774760840647786,0.0719074983497666,0.23938978292376326
dropped_arms_4.mp4,dropped_arms,114,0,112.21905744606516,104.53771427961489,114.68188410052144,0.1739939022343842,0.40364624223308754,0.08022923549184546,0.23452907250884242
dropped_arms_4.mp4,dropped_arms,120,0,116.82550154273072,109.82339928998893,111.24851509890928,0.19230573354412608,0.45649564689996974,0.08380809529399502,0.22249236757497134
dropped_arms_4.mp4,dropped_arms,126,0,116.66162583304796,107.36436276965422,119.17306641665265,0.16313543980536088,0.43484360925522925,0.085996705496697,0.22138679275301365
dropped_arms_4.mp4,dropped_arms,132,0,121.48354934821732,109.60513356765478,118.90418668047342,0.15993327654889228,0.45928620160507005,0.08958968940435341,0.19858795157143516
dropped_arms_4.mp4,dropped_arms,138,0,124.50386156086475,111.933960550102,117.81904015676452,0.1606187705906658,0.4486514543791194,0.07120691842823282,0.17349299414929678
dropped_arms_4.mp4,dropped_arms,144,0,126.4551778389396,114.25664435074768,117.97648445716008,0.19769945595818986,0.4822547694813762,0.06719204879667695,0.16840052912204845
dropped_arms_4.mp4,dropped_arms,150,0,125.66170201132418,113.24219888659587,127.12718391729875,0.23767420561699548,0.4663653225711231,0.06416965396664244,0.17223008330467046
dropped_arms_4.mp4,dropped_arms,156,0,118.2217648386867,111.15798423389526,125.88179930439615,0.2653386901664732,0.47224762883286275,0.06827527998393501,0.22166126580674475
dropped_arms_4.mp4,dropped_arms,162,0,113.00012468859083,106.0705575036559,121.00442169869854,0.16369127898580277,0.4136585687742938,0.0710662536151697,0.23753538923948642
dropped_arms_4.mp4,dropped_arms,168,0,110.32664449645216,105.44374780452694,118.6884192668478,0.21187602784509726,0.3866384173155718,0.07861697959965278,0.24301421655974434
dropped_arms_4.mp4,dropped_arms,174,0,107.89993186330005,102.3171903538148,122.87456499357411,0.22996362991722907,0.3557000394959771,0.0922219247778522,0.2367997899832508
dropped_arms_4.mp4,dropped_arms,180,0,103.48992508930743,98.93955654529844,123.98574358301222,0.2236007689615007,0.3274553821199413,0.0871385423038881,0.2553073542064381
dropped_arms_4.mp4,dropped_arms,186,0,101.99077353057895,98.15913740020899,120.59483177233753,0.24315252625265438,0.3276660258880686,0.08595922487974338,0.2730603887897966
dropped_arms_4.mp4,dropped_arms,192,0,101.16758781184959,98.40812667222471,124.95223312257028,0.2790436032387222,0.31053044006493075,0.07897490643288396,0.2686917972811455
dropped_arms_4.mp4,dropped_arms,198,0,101.71460181937006,101.87417890057712,132.25038879409942,0.3270680284391711,0.3081276213416907,0.06444130483086744,0.2612890724555435
dropped_arms_4.mp4,dropped_arms,204,0,108.15638744017826,110.92937411250425,138.7405137840433,0.4243575597459963,0.3476310789521078,0.06020066138712868,0.2377306205272451
dropped_arms_4.mp4,dropped_arms,210,0,110.39860679414328,114.13555569576351,149.47398010611275,0.5347892652183497,0.3543699328613211,0.060598047428909126,0.23049184898091926
dropped_arms_4.mp4,dropped_arms,216,0,110.88386186695148,113.44238187234816,142.99136507004096,0.5242132749765894,0.3746869591965858,0.07895188664339085,0.23370522090285809
dropped_arms_4.mp4,dropped_arms,222,0,109.68608261972958,105.65348977028665,122.07492995635225,0.2942627374161567,0.33594895503542477,0.07757332654117927,0.22311388224227052
dropped_arms_4.mp4,dropped_arms,228,0,105.82490333671603,102.63054446685084,100.28955321572808,0.04567466783615774,0.32813132616901186,0.06739437566440071,0.24145914836259993
dropped_arms_4.mp4,dropped_arms,234,0,103.04131860752858,101.73416015528237,91.19997392175833,0.08486711707644859,0.3211244240445302,0.05197147733030977,0.25830226209531165
dropped_arms_4.mp4,dropped_arms,240,0,102.42755155678383,99.73964245962821,94.36824196132368,0.0642647855681238,0.3182762765581165,0.04773807987043997,0.2593855055136927
dropped_arms_4.mp4,dropped_arms,246,0,101.75062785198139,99.59528252764545,95.00379346445295,0.04436808772157573,0.3297243880034112,0.04243304331603579,0.269407534818377
dropped_arms_4.mp4,dropped_arms,252,0,101.95101482409565,100.47618464583147,94.552408744559,0.041399442472702545,0.33118478099089205,0.04525992713085402,0.2678088434085502
dropped_arms_4.mp4,dropped_arms,258,0,104.71871946177033,101.99528979711725,101.23663945724071,0.06165219917843383,0.3586814458052597,0.05423503047956947,0.2615519534723036
dropped_arms_4.mp4,dropped_arms,264,0,110.78250886571884,107.65076236722786,128.82629796702415,0.28498196816653293,0.3649460219842049,0.04983765898453494,0.21898261170531028
dropped_arms_4.mp4,dropped_arms,270,0,119.2695761272333,121.09236464915162,151.80202621044853,0.5240394158439836,0.38115163858652307,0.05215439588304304,0.18518055679417578
dropped_arms_4.mp4,dropped_arms,276,0,120.98742223887685,124.22651944910227,160.62460798295226,0.5668571974885491,0.428275165421632,0.05951119285249158,0.19391292253168357
dropped_arms_4.mp4,dropped_arms,282,0,119.66997832726489,120.23538554567214,153.8738911212441,0.5634182145866627,0.4072594244076087,0.06291394520403969,0.19557396920827574
dropped_arms_4.mp4,dropped_arms,288,0,125.15814930531143,120.2089112701298,152.18737826949652,0.5192023013168922,0.4058262441212795,0.08312720653307444,0.1736460284256996
dropped_arms_4.mp4,dropped_arms,294,0,127.57843321706939,115.54613434437175,116.19362340275993,0.18763618602087853,0.4393232639675238,0.07901694484104715,0.16538098193421633
dropped_arms_4.mp4,dropped_arms,300,0,118.21415041099023,110.48097468807713,90.38091038390093,0.18270197205439812,0.36946917041674837,0.07946842016704865,0.19978960563861772
dropped_arms_4.mp4,dropped_arms,306,0,116.4503068291731,106.41457560449507,50.655412595981545,0.7406172808062514,0.294649318365112,0.0950908747370251,0.18454365711756654
dropped_arms_4.mp4,dropped_arms,312,0,112.1630536819759,103.0875724565544,71.81606819028787,0.418194345349345,0.3255984913841247,0.06888518939400473,0.21979332446009606
dropped_arms_4.mp4,dropped_arms,318,0,120.82920584121396,110.7845688756865,42.95614379046341,0.8169156224813465,0.36546154830957567,0.0730130337829932,0.18556500724851285
dropped_arms_4.mp4,dropped_arms,324,0,125.72961854129639,121.23345169203384,17.23823958358791,1.0724419897627864,0.4382579395417917,0.05831897112846562,0.16887749466746385
dropped_arms_4.mp4,dropped_arms,330,0,127.51686575317919,124.47364960601209,15.405048490012778,1.0813108169649426,0.507772694113108,0.06562998500431705,0.17561342597748156
dropped_arms_4.mp4,dropped_arms,336,0,134.13151088610667,128.14495736585462,15.67567877063136,1.0895251012102707,0.5473959032705783,0.07719916731785059,0.14999491088970976
dropped_arms_4.mp4,dropped_arms,342,0,134.89412495935363,127.59231323709723,15.532568159123404,1.085909639349831,0.5254463081188626,0.08297009225437085,0.13913025961202186
dropped_arms_4.mp4,dropped_arms,348,0,127.66271210004257,123.77402839820974,20.87106003605174,1.0235640937809718,0.5218860647361699,0.07605042225578709,0.1820104753595834
dropped_arms_4.mp4,dropped_arms,354,0,124.98925870336504,118.52491038454647,34.3201680709535,0.9050561909024742,0.5030125999107826,0.06808448092555593,0.19297261353536682
dropped_arms_4.mp4,dropped_arms,360,0,122.00787919012076,112.26243348476376,64.13240879481523,0.5492165689277614,0.46770466606970934,0.05591341726440956,0.19799320263319503
dropped_arms_4.mp4,dropped_arms,366,0,119.11692879344092,110.07254964179228,89.66846559776027,0.12108716350647382,0.462685550473686,0.07060449464805835,0.21228931111057162
dropped_arms_4.mp4,dropped_arms,372,0,116.64344073850236,108.67012603014484,95.92582727889578,0.030933520770012206,0.4183178429277694,0.058251799488471166,0.21311817953380538
dropped_arms_4.mp4,dropped_arms,378,0,114.03833659112281,106.61264807937762,94.4334336931643,0.04242594086601805,0.4018624614488165,0.057048264569132104,0.2249238229679524
dropped_arms_4.mp4,dropped_arms,384,0,109.86801724120879,104.81686864431427,94.71804259046569,0.04549117227877737,0.38984587030202605,0.06316198298758861,0.24771174261396414
dropped_arms_4.mp4,dropped_arms,390,0,112.62353625579614,105.17712919209652,95.76133518124449,0.025070139289235165,0.39423382730235706,0.06368706945290052,0.23159998926870312
dropped_arms_4.mp4,dropped_arms,396,0,113.52233495326385,105.55060651763235,113.78230790824097,0.18408955911468808,0.40229447704812027,0.06292443572662662,0.22931361854673604
dropped_arms_4.mp4,dropped_arms,402,0,114.13908449513052,115.4860935212238,137.79675659504787,0.4345867150599669,0.3973238713869337,0.08154395255543928,0.22372043727280885
dropped_arms_4.mp4,dropped_arms,408,0,108.68722328890215,112.72902289878026,157.33381011815572,0.4929748569561037,0.3425982254976947,0.08147484993207454,0.23308044263061128
dropped_arms_4.mp4,dropped_arms,414,0,108.93359362113945,113.17012429678674,157.2372312905268,0.4997509401440367,0.3457359307686271,0.09520237002014086,0.2352080074662181
dropped_arms_4.mp4,dropped_arms,420,0,107.5511577360099,114.69724404848579,155.0882190417701,0.4784394425995094,0.34376494729332985,0.1233366596258832,0.2545669822346634
dropped_arms_4.mp4,dropped_arms,426,0,111.7744750572839,115.66263643894631,159.08643575142366,0.5473805690089232,0.3421019775135428,0.12261252793223704,0.22600263804635737
dropped_arms_4.mp4,dropped_arms,432,0,117.65307867008781,119.0590598203828,163.19750377294187,0.5467429372044031,0.3708167970215136,0.11830519701007147,0.20091156937396062
dropped_arms_4.mp4,dropped_arms,438,0,117.78820833512445,122.08546456432342,150.56081173674113,0.5131721910195182,0.38371889168609896,0.11275490090851513,0.19976294931913335
dropped_arms_4.mp4,dropped_arms,444,0,122.1460155231629,123.083591890195,159.5149320657626,0.5359521025834475,0.40409855826945745,0.10505393923078062,0.18033894935446718
dropped_arms_4.mp4,dropped_arms,450,0,121.62502771120533,119.64236369591961,153.7372385170566,0.5431618819291926,0.3955245949760489,0.10539609194975233,0.17776243033784908
dropped_arms_4.mp4,dropped_arms,456,0,126.32130372068488,121.17534025783544,149.39931036893847,0.5583148744793895,0.397667937556361,0.1094877218493167,0.16436936822440987
dropped_arms_4.mp4,dropped_arms,462,0,128.2343693832796,124.41323502503528,147.59908777377288,0.5701112931135404,0.4147670091435875,0.1280445808133516,0.16587150841213202
dropped_arms_4.mp4,dropped_arms,468,0,127.52520167791236,123.41261779575595,154.02463963585248,0.5781450455869785,0.41582094233241307,0.11882496369617736,0.16638469488842536
dropped_arms_4.mp4,dropped_arms,474,0,131.51933658724823,126.24708858379633,151.88452593692662,0.5720907048670452,0.4294186016437672,0.11708977359596465,0.1485133432957547
dropped_arms_4.mp4,dropped_arms,480,0,131.94965780337742,124.39633543891851,151.42214332065026,0.49927592595838477,0.4385790052489705,0.10716341358421674,0.14816871459445363
dropped_arms_4.mp4,dropped_arms,486,0,129.61200640874486,118.82326043775399,150.51754651854563,0.45159558732332833,0.41148567889095494,0.09726994007632533,0.15035346138129868
dropped_arms_4.mp4,dropped_arms,492,0,120.83627506579742,117.79984983609077,145.52292463585684,0.49086644814827607,0.4149047172827508,0.08170427157580872,0.1846650472075274
dropped_arms_4.mp4,dropped_arms,498,0,124.11270226205808,118.45858768951051,154.90361288042962,0.5103359770936944,0.4092564477942557,0.08361985930525054,0.1703144986407833
dropped_arms_4.mp4,dropped_arms,504,0,121.0086670811835,117.11751280194261,146.51437192184136,0.4766609529448647,0.3959405993225283,0.08334170384415154,0.185744680319385
dropped_arms_4.mp4,dropped_arms,510,0,121.25334733805155,116.94699617808534,150.78078281725956,0.47872543401294926,0.3973116625566371,0.08326868891390733,0.1849930290339707
dropped_arms_4.mp4,dropped_arms,516,0,117.43058937043897,114.3464627308981,149.26567948484245,0.48114527184882305,0.3703302928275048,0.07883779291027991,0.19037362168553754
dropped_arms_4.mp4,dropped_arms,522,0,117.39261246113287,114.67203822474126,141.89199547698905,0.488898094899979,0.37235583590854404,0.07765960466078788,0.19542072073890357
dropped_arms_4.mp4,dropped_arms,528,0,115.0957683266321,116.50797552120208,145.5494218745837,0.5069319081817533,0.36584231695475,0.07909791606137313,0.208013888251766
dropped_arms_4.mp4,dropped_arms,534,0,115.86706201606825,118.17422807436004,151.51637133476737,0.4688892261788285,0.39141872209022993,0.09883401874584177,0.2131221123133345
dropped_arms_4.mp4,dropped_arms,540,0,116.8261910062625,118.72516966100382,144.22711249173813,0.5406706860041939,0.4064203416153788,0.1065433516321648,0.21837386595082348
dropped_arms_4.mp4,dropped_arms,546,0,123.71599156851347,122.13594319950525,145.3290648918596,0.5421973866804554,0.45216289786716846,0.11181375386376774,0.19308458149467367
dropped_arms_4.mp4,dropped_arms,552,0,123.13454170885161,122.72921765385571,145.6864115736323,0.5482407191378943,0.4528936554349835,0.11851923659104074,0.20017513315185767
dropped_arms_4.mp4,dropped_arms,558,0,121.79426602730926,121.99723500936429,147.05528713468993,0.5487692440534562,0.442089628045876,0.13699314869151147,0.21596589912838574
dropped_arms_4.mp4,dropped_arms,564,0,120.24490909792445,120.36432924202835,142.69907773033205,0.5318121073552556,0.406174305870031,0.12072322928413234,0.21425937397322498
dropped_arms_4.mp4,dropped_arms,570,0,123.11162566973358,119.18977962396089,123.40618740576929,0.18033815476906687,0.40894413234090304,0.10824202515673433,0.19548666225901332
dropped_arms_4.mp4,dropped_arms,576,0,123.71638396906464,121.90365305301707,87.66017067115928,0.09728082065921298,0.4657673223480076,0.1173380176015227,0.20961252404213254
dropped_arms_4.mp4,dropped_arms,582,0,129.23077443968452,120.73371600317738,67.23939938138844,0.1924738757540793,0.46762878004109193,0.10245033048593749,0.18235869993117512
dropped_arms_4.mp4,dropped_arms,588,0,129.3346723946256,121.45741882816885,59.82498095081122,0.3215145089329163,0.46529388462082066,0.1022289685942111,0.18348343303718234
dropped_arms_4.mp4,dropped_arms,594,0,131.75501660665122,123.49503894587579,78.1938508993768,0.17989285913617592,0.4759426949505469,0.08535162997223189,0.15344284249216794
dropped_arms_4.mp4,dropped_arms,600,0,124.39872425252128,119.98701215320109,100.49571177626689,0.025477119726647603,0.479784901548553,0.1448779263937083,0.2105046020386693
dropped_arms_4.mp4,dropped_arms,606,0,120.75505167148391,113.81307446749801,109.16013255205472,0.0736090174960151,0.39746691190848127,0.1038116815922327,0.20653078280171355
dropped_arms_4.mp4,dropped_arms,612,0,118.40294184523115,111.14333814307186,108.96187076599028,0.05563003477637714,0.39817965162894536,0.09368549312043267,0.21263076435949615
dropped_arms_4.mp4,dropped_arms,618,0,117.92819172298958,112.92400154252141,105.49140204696074,0.043589244690670194,0.3618877808959361,0.08522098185461217,0.2069838092865641
dropped_arms_4.mp4,dropped_arms,624,0,117.65386295365764,112.80937811014793,53.40256457376688,0.48219135295448723,0.3868410856039968,0.0796844404890084,0.2124739391368966
dropped_arms_4.mp4,dropped_arms,630,0,122.55000354365846,114.45783382836355,80.73029176571886,0.4457502310215165,0.3866479518363717,0.05114166129046631,0.18006617879509632
dropped_arms_4.mp4,dropped_arms,636,0,121.0369058523114,115.58052378888401,84.16171209240737,0.37718648806512817,0.3832348124179577,0.04954130184536683,0.18806362330714205
dropped_arms_4.mp4,dropped_arms,642,0,125.0422986567251,114.39798814167153,71.69941737012103,0.6180954215455882,0.4151614385763365,0.04822493457473331,0.169740809167567
dropped_arms_4.mp4,dropped_arms,648,0,117.62130545917516,111.8038197497729,80.89365738694312,0.39748506891624197,0.4032460819797026,0.04463788869434308,0.20823817251545992
dropped_arms_4.mp4,dropped_arms,654,0,117.42806447962177,114.49329009562003,68.60397002625444,0.4159942334116972,0.3863883088996558,0.0436836869406943,0.2061513412441664
dropped_arms_4.mp4,dropped_arms,660,0,132.90011107582436,130.39269405874091,18.246444205329166,1.0281603935511028,0.5048109867494255,0.056823342679489075,0.1491489281622475
dropped_arms_4.mp4,dropped_arms,666,0,129.10948450081705,129.74245092283533,10.667630160874669,1.045276282522976,0.499732941562205,0.09550091225513146,0.18252987671989443
dropped_arms_4.mp4,dropped_arms,672,0,127.23940774292151,129.55291055791648,14.72438830041862,1.087912531696139,0.510834393471509,0.11211000343252883,0.19471185798413462
dropped_arms_4.mp4,dropped_arms,678,0,120.14597959783478,120.46867471092355,29.750027288540657,0.9898513624244258,0.47341278796230213,0.059029147003638344,0.2146546043322852
dropped_arms_4.mp4,dropped_arms,684,0,114.3700676269787,116.11121546153436,63.43848491325784,0.4550524591851612,0.4623578801812827,0.07838584788822431,0.26763593261665763
dropped_arms_4.mp4,dropped_arms,690,0,114.1463278067105,110.99798584646796,97.84289173249006,0.027091543186183554,0.4304461883318973,0.09037357369519079,0.25772797758761307
dropped_arms_4.mp4,dropped_arms,696,0,122.83756240973653,115.40953488855345,111.2897363641129,0.10182889577329234,0.44312465441475823,0.062028334789478244,0.20842886512428543
dropped_arms_4.mp4,dropped_arms,702,0,120.87433150766947,120.3443207434722,134.66487311199828,0.49526921565595,0.43649136487669116,0.08562998674589711,0.21943413838320022
dropped_arms_4.mp4,dropped_arms,708,0,123.66797505910448,122.0593765402723,134.9983079601278,0.5270625295722206,0.45749221965784154,0.081438630502995,0.2040914465763368
dropped_arms_4.mp4,dropped_arms,714,0,114.70815586331011,116.15444067141424,138.91552089534142,0.5144656086093862,0.4099430856037445,0.11106103947152797,0.242197437258822
dropped_arms_4.mp4,dropped_arms,720,0,115.99534268153505,117.69291283476683,132.86704957664543,0.4992808704233697,0.40039551339019674,0.10948965174509494,0.22877157473842022
dropped_arms_4.mp4,dropped_arms,726,0,112.06795792737557,111.25896273445478,140.50647360025772,0.3801798480826604,0.3293873022363986,0.1014980830512352,0.22365916893951207
dropped_arms_4.mp4,dropped_arms,732,0,115.42966080776863,113.75279761496739,119.02603120103515,0.1276831775440093,0.3986534233607804,0.09406396619431695,0.2303244506953509
dropped_arms_4.mp4,dropped_arms,738,0,116.8196652926734,117.83106621800101,139.1223721634254,0.47900386817839546,0.41203488392125637,0.10094528998125284,0.22909519642665135
dropped_arms_4.mp4,dropped_arms,744,0,121.99917457709473,124.60221896874926,140.00950458613326,0.4415685429754863,0.46255493118473406,0.09735619795521742,0.21111086178940916
dropped_arms_4.mp4,dropped_arms,750,0,117.10605662782442,118.66035654204039,138.4341263695451,0.40547565078421366,0.44644829225833166,0.1016211571040663,0.23513195752441693
dropped_arms_4.mp4,dropped_arms,756,0,114.87586221866849,118.73604218440806,141.3912394284197,0.4294197504014925,0.43040345444186767,0.08825065146871724,0.23846308040634864
dropped_arms_4.mp4,dropped_arms,762,0,115.4500617237506,118.72427126730467,146.69989325122904,0.3991301904683167,0.42800660498862103,0.0866494782570382,0.24045976298480987
dropped_arms_4.mp4,dropped_arms,768,0,114.2932863815155,115.95135186288948,137.8713577598547,0.4034380043477411,0.3994210644893165,0.10371731794659164,0.2398697817991151
dropped_arms_4.mp4,dropped_arms,774,0,118.6302994261377,116.82565989917751,139.26245626923196,0.39732791439784015,0.40986768283170794,0.09984574086211719,0.21286288463799355
dropped_arms_4.mp4,dropped_arms,780,0,117.37160266225037,116.75409179578769,140.43689416266878,0.37204086525001123,0.41765993331451823,0.09009528186786146,0.22015992328345035
dropped_arms_4.mp4,dropped_arms,786,0,117.93085522917117,117.3471496132253,138.83637693368942,0.35007097193259756,0.4200314019455425,0.09878477410294506,0.21674131978030822
dropped_arms_4.mp4,dropped_arms,792,0,113.36284327052026,115.06153085849188,141.97465906915744,0.35413255013887857,0.39795759293051447,0.09106545043326436,0.233752049120063
dropped_arms_4.mp4,dropped_arms,798,0,110.46064072487768,114.66885471560157,139.494952362658,0.37368086525136596,0.39884022302207756,0.09175376610234386,0.2544063991613212
dropped_arms_4.mp4,dropped_arms,804,0,109.98895250986008,114.57347663908463,136.5017349281986,0.3524299584776853,0.40332886506794285,0.09847575955054881,0.252497600811644
dropped_arms_4.mp4,dropped_arms,810,0,109.22654482049481,113.41384785620596,146.2842539114759,0.32525756195175,0.3707901423629689,0.10159894536964016,0.2468899101264562
dropped_arms_4.mp4,dropped_arms,816,0,110.23995329647761,117.60840324160492,141.5768058243303,0.4103723055603438,0.3576171579924703,0.1005259939591462,0.24012239850625988
dropped_arms_4.mp4,dropped_arms,822,0,118.68963202224711,123.47662656109043,149.11238345736265,0.46938918986495837,0.38938978565172966,0.1012294978841496,0.20856718984333775
dropped_arms_4.mp4,dropped_arms,828,0,122.1761747004244,123.88029714681291,145.22845914494332,0.35794522261451994,0.42610820010823713,0.10995573569201006,0.19466358823371943
dropped_arms_4.mp4,dropped_arms,834,0,116.68830117638358,114.06281513570582,130.1441731168374,0.28255863887429666,0.4010679588861124,0.1219640801326517,0.2201839921383429
dropped_arms_4.mp4,dropped_arms,840,0,110.25563349673348,108.29126304359724,106.52814539822084,0.13748883910319762,0.3785891170647112,0.12081003110005303,0.24416276792203168
dropped_arms_4.mp4,dropped_arms,846,0,111.64645761381301,107.62456744330684,114.89179640940054,0.22012661711491413,0.38734071924903307,0.132156946338612,0.24457304312328146
dropped_arms_4.mp4,dropped_arms,852,0,108.86587442945502,107.01581060794787,122.65386553475774,0.2194969169795839,0.3704333004743672,0.13384726498626995,0.2568223407785732
dropped_arms_4.mp4,dropped_arms,858,0,112.32688409302928,108.83276900861564,132.69169604460586,0.26968563851936006,0.3853954456154214,0.1384631931909521,0.24257698193704028
dropped_arms_4.mp4,dropped_arms,864,0,107.71112735521292,105.90303659120796,136.01389463281222,0.26909488746599963,0.36742711285948687,0.12367071269005273,0.2608854820288259
dropped_arms_4.mp4,dropped_arms,870,0,117.34996794366927,116.33763632361719,139.65157478875324,0.29693857995804335,0.40734687145281595,0.12864846615144127,0.22414353270376228
dropped_arms_4.mp4,dropped_arms,876,0,123.98465802788562,124.90367908607323,147.9776355150807,0.44469479202713,0.4526400770444366,0.1422422440013085,0.2071053470223766
dropped_arms_4.mp4,dropped_arms,882,0,125.53929436641528,127.72232109259731,151.5912873300655,0.4896219184100993,0.49734154940935343,0.11739665255469521,0.20552851015330273
dropped_arms_4.mp4,dropped_arms,888,0,124.77796256461625,128.30581345393404,157.30290722750155,0.5420724460905194,0.48521763799306217,0.10363174919644784,0.20210192995182003
dropped_arms_4.mp4,dropped_arms,894,0,124.06649288410223,127.47489537879466,157.22133682130692,0.5288384089730952,0.468667764885736,0.11520041038993328,0.19365210398951707
dropped_arms_4.mp4,dropped_arms,900,0,122.19455698020917,125.91544718372143,155.46411400159923,0.47801237869789104,0.46969980531380734,0.10718075859722,0.21374930120540317
dropped_arms_5.mp4,dropped_arms,6,0,114.36188683556853,114.74759965083175,141.06630327329754,0.3890512171325584,0.3412747589777177,0.1238513909875623,0.22758223009780706
dropped_arms_5.mp4,dropped_arms,12,0,106.74967653416545,110.6297389967452,141.7930568079308,0.3743263185025568,0.29352098262137544,0.10194875895988294,0.24182479667738402
dropped_arms_5.mp4,dropped_arms,18,0,110.50521610304057,110.93694601663174,147.81944007733355,0.40871658319543575,0.31756886296971454,0.11212994517513034,0.23162716760792854
dropped_arms_5.mp4,dropped_arms,24,0,109.17666203661062,109.67092713291203,141.37631906866787,0.42625298060843037,0.3214648997200916,0.08086263469080174,0.2303823396860425
dropped_arms_5.mp4,dropped_arms,30,0,111.78889963509391,112.32238696971612,146.72678340837763,0.44838758953481694,0.3448143594867046,0.07146664317873738,0.23073293898250294
dropped_arms_5.mp4,dropped_arms,36,0,111.6062170254958,113.39231777082165,149.3719672583172,0.4448462861437814,0.3836153837932025,0.06836682995138321,0.2385754332543896
dropped_arms_5.mp4,dropped_arms,42,0,114.44227153973084,115.67497060745056,144.39259237972917,0.4227866174291832,0.39816771776484083,0.07365386968418829,0.22975649957455838
dropped_arms_5.mp4,dropped_arms,48,0,116.33215277788265,115.58427039486446,148.61661345938342,0.39655105424775716,0.38159694854889575,0.06072057410321108,0.22111575930828153
dropped_arms_5.mp4,dropped_arms,54,0,119.02499400869551,119.38834604598466,145.27409427190395,0.3780960062955264,0.42266911540924007,0.06394639099080648,0.21974233515312214
dropped_arms_5.mp4,dropped_arms,60,0,117.26777561095551,120.18963755298232,142.43265763786368,0.3979520215793839,0.3987625359266057,0.07860949404669347,0.23153488573564765
dropped_arms_5.mp4,dropped_arms,66,0,118.29563397437637,117.79724736775019,137.97941686597514,0.3869784293921025,0.4136615771012457,0.08591922153352052,0.2336829589947205
dropped_arms_5.mp4,dropped_arms,72,0,120.84103201656639,119.110268354448,136.64654563950708,0.3908461515065319,0.40036298895003,0.09397250349583565,0.22217646884001016
dropped_arms_5.mp4,dropped_arms,78,0,121.0820511367872,119.07796555905917,128.11386976466756,0.3845170998519835,0.39691796641402055,0.09252141574606144,0.21607188083330803
dropped_arms_5.mp4,dropped_arms,84,0,121.09947852915995,119.37414151479548,129.04836198786592,0.39008549247860286,0.40496695535900074,0.09603354703049506,0.21918078215291673
dropped_arms_5.mp4,dropped_arms,90,0,121.22264696948734,119.22833671959647,127.84827387033508,0.3872329283765424,0.3977906167797133,0.10446649915528222,0.21804542979110508
dropped_arms_5.mp4,dropped_arms,96,0,114.51241186964342,117.91567137347565,134.78667028325356,0.4430526637699272,0.3770177444008779,0.100062037955792,0.2471259950086278
dropped_arms_5.mp4,dropped_arms,102,0,119.83905374820603,120.67107842541796,139.47542878374213,0.4616813443963556,0.3931208189083193,0.08695004806029318,0.20437448343934914
dropped_arms_5.mp4,dropped_arms,108,0,114.27591182014051,115.64566901105019,142.29600827366107,0.45273432087580673,0.3451048916124824,0.06463362577991257,0.21284606001805578
dropped_arms_5.mp4,dropped_arms,114,0,116.6215123445072,113.16762716421127,142.71633891884895,0.41692742020346374,0.3463366409809377,0.06323314626900256,0.19162147364518178
dropped_arms_5.mp4,dropped_arms,120,0,110.873966809731,114.03310820831885,146.32470026650276,0.4041409396321757,0.3611780166244913,0.06600369172791413,0.23015372085898209
dropped_arms_5.mp4,dropped_arms,126,0,118.91585468394557,121.99273024533562,141.81601105514972,0.3826325006981829,0.41002172401202996,0.060359311762839984,0.213558536221945
dropped_arms_5.mp4,dropped_arms,132,0,119.38051885963627,124.77839985864821,143.9300250187217,0.4055819008253872,0.4313628328295193,0.06563345440432794,0.21791944936256327
dropped_arms_5.mp4,dropped_arms,138,0,120.6855241024699,126.01242759418143,144.39765787006252,0.39797338686056166,0.42880748920700895,0.07014380427868201,0.21474490125640838
dropped_arms_5.mp4,dropped_arms,144,0,122.59428417103408,126.87467499894981,145.53430326863747,0.4045184672616009,0.43656522581015295,0.07556704064280495,0.2074535498651758
dropped_arms_5.mp4,dropped_arms,150,0,121.81708488462436,125.13165053164683,143.86107818925197,0.3945740992396875,0.4239209917044873,0.06952814171255713,0.20610552655863548
dropped_arms_5.mp4,dropped_arms,156,0,119.53454728031616,124.03455467906,145.43555536101098,0.42280207439437967,0.42037401716626127,0.07165118248760896,0.21834278750429006
dropped_arms_5.mp4,dropped_arms,162,0,119.47542014039236,122.52273611014151,142.63929022629887,0.4520777928465301,0.3987608950020568,0.06493218399585252,0.209105947419437
dropped_arms_5.mp4,dropped_arms,168,0,114.43256565330793,116.66617938313054,142.24149895238057,0.44712990946563297,0.3647278137671319,0.04218138089784858,0.20965591335984354
dropped_arms_5.mp4,dropped_arms,174,0,113.45885376843698,115.52549873118893,142.50578099521607,0.4650168471893701,0.36002682120598667,0.04032015230984271,0.20841372724842833
dropped_arms_5.mp4,dropped_arms,180,0,115.35049993963342,116.98048954897274,145.21194804883447,0.4606064137774785,0.3681220531645177,0.03710038992102175,0.2033665479866794
dropped_arms_5.mp4,dropped_arms,186,0,112.68626409985707,115.07464925081125,141.85259184185838,0.45980875664692594,0.35555454164706507,0.04191292692107715,0.2158501086940033
dropped_arms_5.mp4,dropped_arms,192,0,109.07893687174233,109.83783283789295,133.22599809971027,0.3457751821954214,0.31656629028123306,0.04055059187677735,0.21970895080741856
dropped_arms_5.mp4,dropped_arms,198,0,108.77240751113418,106.88454666001286,132.61078754893455,0.2922422123672557,0.3255416419682507,0.04039797922821504,0.2330619706064806
dropped_arms_5.mp4,dropped_arms,204,0,110.67287042191205,109.33014396005684,132.80630074965072,0.30859295853553975,0.3378079699529396,0.03473470074212232,0.22840972882052818
dropped_arms_5.mp4,dropped_arms,210,0,117.73325521185588,115.60459021793129,136.8956367243457,0.33404277222469386,0.3889381796270635,0.02866448438546667,0.2045760473365705
dropped_arms_5.mp4,dropped_arms,216,0,116.98616345860835,116.4903616430554,138.1569164839835,0.34171396992540676,0.39964033428008294,0.03646634879173439,0.21510576654568087
dropped_arms_5.mp4,dropped_arms,222,0,121.87766973462323,117.70243756359744,135.7612896689914,0.3446377812977292,0.4279854553154365,0.026249393965564225,0.19647780912642307
dropped_arms_5.mp4,dropped_arms,228,0,118.62264374649277,117.2623935253586,138.19802550384554,0.35348950867394724,0.3986073107899804,0.032595373378198615,0.21493973090318902
dropped_arms_5.mp4,dropped_arms,234,0,120.6968728775724,122.758070013825,142.92175077899722,0.4399923113064362,0.4042825440464163,0.058146388846531345,0.21419153975854613
dropped_arms_5.mp4,dropped_arms,240,0,122.13987988484972,125.93194460427554,160.7342307077321,0.5812284659097727,0.41065638783150243,0.050306068649900365,0.20459578836282918
dropped_arms_5.mp4,dropped_arms,246,0,122.24452715801361,127.38809207333736,159.74178338212621,0.5473580782810289,0.4309365940863479,0.061041604422352735,0.2056954748768153
dropped_arms_5.mp4,dropped_arms,252,0,123.70728836727201,126.63041778194915,160.4453123425128,0.5290754025528872,0.4257836638311058,0.065325107977736,0.19357399054565816
dropped_arms_5.mp4,dropped_arms,258,0,124.44038570713575,124.67359963658572,129.81912730739273,0.48915263943463816,0.3751110368651114,0.0629646925543484,0.17107151352473796
dropped_arms_5.mp4,dropped_arms,264,0,116.99510160470514,120.09867193291264,144.2542099017461,0.49312711376456625,0.3753604397334755,0.06963553540177628,0.20953954291439925
dropped_arms_5.mp4,dropped_arms,270,0,117.89347181729747,122.35777256864034,137.21182831038564,0.44818599647422525,0.38712688268137385,0.06547923706530374,0.20848183894183783
dropped_arms_5.mp4,dropped_arms,276,0,119.84146264995384,125.40508760125493,151.27709128088912,0.47463627767650785,0.42087960073734265,0.05829436442622283,0.20622363732705196
dropped_arms_5.mp4,dropped_arms,282,0,122.6616191116267,128.86833356603086,145.02692498538326,0.5141480543948689,0.43776001710492857,0.06614316205501918,0.20630279306331822
dropped_arms_5.mp4,dropped_arms,288,0,120.5123549518715,126.77602865973887,152.06586025543942,0.5178975383075239,0.4198191287658181,0.05681832870509133,0.20715472584187766
dropped_arms_5.mp4,dropped_arms,294,0,123.80670502838338,127.69404939428189,145.04888761224979,0.5203425185968141,0.4450600971300906,0.05207888903914749,0.19470448591208567
dropped_arms_5.mp4,dropped_arms,300,0,123.9089208062634,125.4573375713265,149.0423380595061,0.5191927689081595,0.44077449118947315,0.040728632390592864,0.19109952588013393
dropped_arms_5.mp4,dropped_arms,306,0,123.53183153517205,125.5686073056948,144.06897170142616,0.5205638722556065,0.44358644249371787,0.03086690008095389,0.18442958556140146
dropped_arms_5.mp4,dropped_arms,312,0,124.34925839730388,127.62601411596788,149.7611857045096,0.5190939157642931,0.4552999244909197,0.03524554200843795,0.18244163730261717
dropped_arms_5.mp4,dropped_arms,318,0,127.80153054987031,129.06583414683203,156.00195747109782,0.5478184470548589,0.46898920963352103,0.03344372487450082,0.16891942656333744
dropped_arms_5.mp4,dropped_arms,324,0,126.33250790700964,125.800956533525,146.0453874719208,0.5009771829256212,0.4377597796249711,0.03138028392187396,0.1718949457683583
dropped_arms_5.mp4,dropped_arms,330,0,133.3823785368885,121.78919613848593,134.61180217969084,0.2880595704348848,0.44019871031736546,0.03903396211957368,0.13553893240846315
dropped_arms_5.mp4,dropped_arms,336,0,131.65431325606096,120.64448647070645,133.36841734063958,0.2713855453301347,0.4225327356823034,0.06849739745807716,0.15205812064414093
dropped_arms_5.mp4,dropped_arms,342,0,119.28301103690269,119.34558001757817,131.3487444269005,0.32807255964228627,0.4056220551458854,0.08296648136017765,0.21151074058886674
dropped_arms_5.mp4,dropped_arms,348,0,117.97649197764714,119.44822598447104,136.52136445652857,0.3433002943941877,0.4069154748409574,0.08411611373912535,0.2214524823871776
dropped_arms_5.mp4,dropped_arms,354,0,119.24686568430396,120.60383845847217,129.05461315809364,0.3482208967458796,0.41299374819834134,0.08758877954776467,0.21770041216591107
dropped_arms_5.mp4,dropped_arms,360,0,123.32825915057757,123.09436829737716,135.64963107516223,0.37463001495277964,0.4170190042903779,0.09053108240617562,0.20002281632334692
dropped_arms_5.mp4,dropped_arms,366,0,124.40318420734475,124.20731556645896,135.94208409145935,0.3839684248372343,0.4327241840474028,0.09132160925893841,0.20138133647799988
dropped_arms_5.mp4,dropped_arms,372,0,123.70098314253306,117.71008810235043,128.99711704682068,0.2654296157868192,0.4393467749707504,0.07550372844151038,0.19825454830380548
dropped_arms_5.mp4,dropped_arms,378,0,122.57935286031571,116.5154797846854,119.65028678680805,0.19656722794898476,0.4341398523574823,0.07724172877744598,0.20182665479563802
dropped_arms_5.mp4,dropped_arms,384,0,115.53353206106203,110.0775752735257,115.76068604276945,0.22137981206823437,0.3770608079048068,0.07145678963172215,0.22421225859152075
dropped_arms_5.mp4,dropped_arms,390,0,115.4948593108276,109.67161477915015,119.47826146783234,0.2334984921664019,0.37687518164126654,0.0758233494191495,0.22490740842268064
dropped_arms_5.mp4,dropped_arms,396,0,115.18337233231337,110.32219979356529,123.91247795989514,0.27360239554521515,0.3665698135398787,0.07371068944816926,0.2216669351017596
dropped_arms_5.mp4,dropped_arms,402,0,115.93501611356521,112.14946579120789,116.90065031757193,0.2968292212034783,0.37176383368446636,0.08311669690461672,0.22292730401645874
dropped_arms_5.mp4,dropped_arms,408,0,115.1422562821167,111.18889133835572,101.46021798311773,0.09998863345896965,0.3687808176769794,0.059017236173895905,0.22355320224482356
dropped_arms_5.mp4,dropped_arms,414,0,109.20765338512338,104.5705875778267,86.5713531075695,0.19091799198093423,0.3547268782890234,0.06153701283319822,0.24893110266701707
dropped_arms_5.mp4,dropped_arms,420,0,107.74682489464217,103.49097663518934,85.01554768539695,0.2128343534902131,0.360178710894212,0.10220660758099383,0.26065365666289003
dropped_arms_5.mp4,dropped_arms,426,0,105.98707440333949,101.09584925975695,88.62199607546718,0.18463375610004829,0.34307050860794386,0.10998700896221482,0.2661388390309779
dropped_arms_5.mp4,dropped_arms,432,0,103.75776845132553,99.41163766677806,88.34709109119204,0.19882793472563748,0.3511591951988662,0.11890077687964005,0.2871486057763078
dropped_arms_5.mp4,dropped_arms,438,0,108.66960013260054,102.13915551463444,65.64103359694562,0.5226075631619148,0.3346311801629881,0.06167682344127363,0.23648017776671076
dropped_arms_5.mp4,dropped_arms,444,0,107.34428163196115,104.41035221360778,30.46952927198282,1.0381023128640443,0.3289675085311587,0.09853860100028937,0.24540646193332005
dropped_arms_5.mp4,dropped_arms,450,0,123.79130159419648,116.3844919976419,13.76913279202733,1.0134955674581791,0.46139733284320494,0.11846165254455042,0.18306259948958545
dropped_arms_5.mp4,dropped_arms,456,0,124.34511916510408,115.3092507360895,17.80514211274238,0.997791490523417,0.4583584252423152,0.13931321625889248,0.18039597527299578
dropped_arms_5.mp4,dropped_arms,462,0,135.81438001430092,126.23859857896826,16.27920619392886,1.1087473249560176,0.5230644375679583,0.20035696616944948,0.14831990047849603
dropped_arms_5.mp4,dropped_arms,468,0,128.36331397887875,117.71635282828103,35.37793269184016,0.9854704993824744,0.5068345123391663,0.1177722434068507,0.1715945170239274
dropped_arms_5.mp4,dropped_arms,474,0,126.37978504295097,112.5228542230365,93.86778605466816,0.25690211720645256,0.4966037009973902,0.10174765139538502,0.18196978308080236
dropped_arms_5.mp4,dropped_arms,480,0,117.6866636623316,110.93667589358596,103.92685754219879,0.10434132940487796,0.45403578314927623,0.12272617182205255,0.22555832338351686
dropped_arms_5.mp4,dropped_arms,486,0,115.04634425428101,107.29096218208639,109.72924464554472,0.08433103287938637,0.38859864888832496,0.1088792007577457,0.21969887156455029
dropped_arms_5.mp4,dropped_arms,492,0,116.51993113920322,108.53493442783045,106.42480082016164,0.06819861441214405,0.39695153510980635,0.10057225170433468,0.21183647161042668
dropped_arms_5.mp4,dropped_arms,498,0,120.46608029058966,113.68256216250369,102.69065078991585,0.06668721999079287,0.4680862643208638,0.08840659127369387,0.21105057431687452
dropped_arms_5.mp4,dropped_arms,504,0,123.13046496624486,114.0534905674556,104.59327146532021,0.08003661589452601,0.4766669025844315,0.09350970494179896,0.20053174145971572
dropped_arms_5.mp4,dropped_arms,510,0,125.28388152368942,114.60522087405447,107.38810111898626,0.14441939035466872,0.4813841304944278,0.09092112297824137,0.18630331019895321
dropped_arms_5.mp4,dropped_arms,516,0,125.09796027834992,116.24468318562802,119.33245907598852,0.2788079351603537,0.46888851171181933,0.10117984626180539,0.18895326053794897
dropped_arms_5.mp4,dropped_arms,522,0,124.06702853357939,115.85053605933403,134.52867763812756,0.3355864774051188,0.4368921137219163,0.09261810776776258,0.17800320644889123
dropped_arms_5.mp4,dropped_arms,528,0,124.5479035978472,123.27833872863351,153.62924326302797,0.4800267762364291,0.4243698496132076,0.09384497895964299,0.17807837148365782
dropped_arms_5.mp4,dropped_arms,534,0,123.7333949226146,122.77617866505011,158.99521538135133,0.5230148572919459,0.41821524410673167,0.0629474822799286,0.18419233509906208
dropped_arms_5.mp4,dropped_arms,540,0,119.7079635367069,121.17688341306811,142.81663636975296,0.4972762111456652,0.4118401253883919,0.0663892946388777,0.21023328302363134
dropped_arms_5.mp4,dropped_arms,546,0,119.87334173636108,112.87191463016896,135.44044793073851,0.32846038773848746,0.42201545027051707,0.10124846337085924,0.21651859549046618
dropped_arms_5.mp4,dropped_arms,552,0,122.59431208738587,111.9804032656409,116.2352861983935,0.048110662441033195,0.4298227354016662,0.1083181942528396,0.20089851677251835
dropped_arms_5.mp4,dropped_arms,558,0,123.78489678788951,111.24316160729359,108.12540292267195,0.003560119920998718,0.4366449361441537,0.11426080034881539,0.19311335980557345
dropped_arms_5.mp4,dropped_arms,564,0,121.8859442279079,109.3164794428249,102.9194356234496,0.046593658717164255,0.42678249680590274,0.11505742032576845,0.19777908718657972
dropped_arms_5.mp4,dropped_arms,570,0,119.90607935969938,114.12563673563179,142.7676015309194,0.42083113825569557,0.3807096471542615,0.11619241743923236,0.1948350837965441
dropped_arms_5.mp4,dropped_arms,576,0,122.98744936759797,115.84803391626407,129.51300022278977,0.3756631284736192,0.3966767071071204,0.12070724705267082,0.1835864695366087
dropped_arms_5.mp4,dropped_arms,582,0,124.27741083716936,116.04217311564584,146.1193563338454,0.3804601586036967,0.3849702608879063,0.10790441132721852,0.17176857339464752
dropped_arms_5.mp4,dropped_arms,588,0,121.6326667248336,111.94884951797489,118.44644136180021,0.1605103088213115,0.36470793653457995,0.09642693445409713,0.17860043463228414
dropped_arms_5.mp4,dropped_arms,594,0,122.78615798486139,111.33906026761026,116.77253150800564,0.13760564680285994,0.36609826035779364,0.08124090403338535,0.17073598146965732
dropped_arms_5.mp4,dropped_arms,600,0,119.5547726524212,116.24406194238138,157.6232467630049,0.5005708915039694,0.37588400008927814,0.07429686198730551,0.19239240603021682
dropped_arms_5.mp4,dropped_arms,606,0,121.6418034208271,118.74505655464554,163.30262923276646,0.5650044318609395,0.3915173099791706,0.06680096485860898,0.1858086607997607
dropped_arms_5.mp4,dropped_arms,612,0,121.57240360822244,119.44598016395219,166.6365088739093,0.5561945621948191,0.3807294773800696,0.057774697459681085,0.1836364129375052
dropped_arms_5.mp4,dropped_arms,618,0,125.5258097835568,122.5912084980307,145.72092968758645,0.4830350956592784,0.40161384201265743,0.06228875224433956,0.16816487090913332
dropped_arms_5.mp4,dropped_arms,624,0,121.6792390235767,120.56519520861609,159.69855920334706,0.51858959514061,0.4056091523450312,0.06773003781070325,0.188823602888832
dropped_arms_5.mp4,dropped_arms,630,0,121.7006609929938,120.2188363729059,143.4353280816166,0.5146825264924115,0.3985350837187539,0.07477192562159964,0.1898730457741676
dropped_arms_5.mp4,dropped_arms,636,0,124.92664310642039,123.30280181196368,146.7852535239546,0.4805989044083929,0.43280303850124185,0.09722785618373615,0.18938982531422385
dropped_arms_5.mp4,dropped_arms,642,0,121.92893750082098,118.28683273918121,141.16618223341163,0.43373626548658084,0.407127827837672,0.07884786859710073,0.19002432795841478
dropped_arms_5.mp4,dropped_arms,648,0,122.13598545873192,117.64400653058743,128.7902551406722,0.3887940861637744,0.4192764193203974,0.09945663021268805,0.19908741220165097
dropped_arms_5.mp4,dropped_arms,654,0,118.63534687712547,115.92490849781028,130.09080351607872,0.3559303345010984,0.41478072216772277,0.0936267111296751,0.21835758491363635
dropped_arms_5.mp4,dropped_arms,660,0,116.59988770479461,116.95060324397245,145.91115905723538,0.357795920409928,0.40313148744170624,0.09259617853105137,0.2287388815619148
dropped_arms_5.mp4,dropped_arms,666,0,118.89422831629126,118.78318293208125,154.65315805867476,0.5288145429457131,0.40710088084468044,0.08644697396783857,0.21468698536556227
dropped_arms_5.mp4,dropped_arms,672,0,119.66835741980607,119.84215238700935,159.1430912173513,0.5238450905253199,0.40895299191839646,0.08450955508535526,0.2122931546886058
dropped_arms_5.mp4,dropped_arms,678,0,121.33230634037214,121.181692733337,146.86856641184391,0.46757801170131813,0.43479814674945505,0.08329671107462863,0.20916897808884036
dropped_arms_5.mp4,dropped_arms,684,0,125.52047774043159,115.65193636594613,133.78659658451272,0.23692084285772752,0.4259895003759406,0.08339199995296301,0.18108249221034528
dropped_arms_5.mp4,dropped_arms,690,0,121.01476948754087,109.69715182858877,118.18957067275653,0.18855776859943627,0.41279559863446624,0.07590799271486151,0.19390739686658423
dropped_arms_5.mp4,dropped_arms,696,0,120.85098855727007,110.29006790861237,119.49706317826478,0.17439064271929214,0.41706499261015373,0.08682571559262636,0.19544004522935407
dropped_arms_5.mp4,dropped_arms,702,0,117.65221798298286,107.82900776146947,82.11220534937104,0.26008229442084285,0.4102443295847719,0.07146615777589134,0.20584814586599798
dropped_arms_5.mp4,dropped_arms,708,0,120.52772371129224,113.08290526891845,31.583499202384733,0.908901256218435,0.42543184324587074,0.08315234497111523,0.19876073168906414
dropped_arms_5.mp4,dropped_arms,714,0,142.52869164824097,128.83379536437573,17.238867677991145,1.0495873087111525,0.5107577566017255,0.09600046103524251,0.09083393343193508
dropped_arms_5.mp4,dropped_arms,720,0,143.42537930369068,127.93131740950919,18.902945543337495,1.0253449252720686,0.5355193652749056,0.10154303191515605,0.08861005358694482
dropped_arms_5.mp4,dropped_arms,726,0,139.100707904477,123.49749931582069,19.47610927816482,1.0727357313202495,0.5064953507286083,0.09507337848831202,0.10101656378771691
dropped_arms_5.mp4,dropped_arms,732,0,138.74948311977363,120.49055405362677,50.23171588094995,0.782160833260514,0.5138388083019928,0.10387426541124495,0.11201473809236921
dropped_arms_5.mp4,dropped_arms,738,0,140.97870901282843,117.99491332367762,87.54719805929088,0.3160976754859463,0.5476887860254981,0.11074784341212479,0.10689593260628479
dropped_arms_5.mp4,dropped_arms,744,0,141.84767633025777,120.66412457890402,82.6076931814046,0.2690209002747602,0.5668265730739235,0.0986364339702675,0.11033443612744911
dropped_arms_5.mp4,dropped_arms,750,0,141.71253971529543,126.62099815630171,72.14403714478036,0.2755865267845877,0.5359469934284246,0.1022158831821603,0.11033396752215581
dropped_arms_5.mp4,dropped_arms,756,0,138.4551186251715,125.12278096493517,39.31040959904608,0.6175084885586871,0.5019616873222834,0.10405437062822326,0.12478168447503703
dropped_arms_5.mp4,dropped_arms,762,0,131.90339013906143,117.91418322526518,112.19437511952532,0.002839887831197821,0.46761971335903113,0.11382456353262929,0.16051608964003927
dropped_arms_5.mp4,dropped_arms,768,0,131.1267361166356,116.6958185761111,76.0616478732942,0.2575714401455909,0.452702301211715,0.12383614315299887,0.1651278050053028
dropped_arms_5.mp4,dropped_arms,774,0,126.61860697020032,116.43564574622245,130.1294385329134,0.31657315995613117,0.4445952807157446,0.12891481810138344,0.18753870593271812
dropped_arms_5.mp4,dropped_arms,780,0,123.68691162204323,119.83168549561515,135.286676017417,0.4106477335252752,0.4358881410111173,0.11011157854968984,0.2018831815893522
dropped_arms_5.mp4,dropped_arms,786,0,140.22899253689673,126.7097732748772,149.34098311145343,0.4252865502604985,0.4981961898219858,0.08786072867111906,0.12033818510180085
dropped_arms_5.mp4,dropped_arms,792,0,148.54470898593667,132.40367535699605,125.68290208655759,0.43546009527050505,0.49380878283338514,0.06712748371720981,0.07035413925064073
dropped_arms_5.mp4,dropped_arms,798,0,127.80162640000626,119.22711825473678,154.23244027144787,0.42696187305080335,0.3954209964382307,0.03991564828612568,0.14843575397611056
dropped_arms_5.mp4,dropped_arms,804,0,132.12509111707328,121.10798198214623,142.81783257872493,0.3922820965193288,0.4365500790058334,0.06365988495243759,0.13767260327115888
dropped_arms_5.mp4,dropped_arms,810,0,130.37708928923183,125.63735228543197,131.2048796156525,0.37658278075757784,0.47969681909061196,0.08649305890513335,0.16331424900447192
dropped_arms_5.mp4,dropped_arms,816,0,126.8401589264586,122.81241280915822,138.17588665283463,0.3597486493672015,0.40465071594322416,0.08954625935933228,0.16951572184550207
dropped_arms_5.mp4,dropped_arms,822,0,130.6541650094443,125.46203450654055,144.91603975196062,0.383341312289948,0.45512409473742105,0.10231827925741724,0.1634976802553135
dropped_arms_5.mp4,dropped_arms,828,0,132.77761621169563,126.8852850304158,142.90299367083804,0.38262442184398204,0.4995122083210715,0.0973280839483312,0.1551090676511093
dropped_arms_5.mp4,dropped_arms,834,0,133.79686596529504,129.45676586423218,146.75458748567598,0.40767583627506654,0.48134628639033056,0.08372033649172113,0.15103774962899133
dropped_arms_5.mp4,dropped_arms,840,0,135.69228909928424,133.57913054396786,145.2869075379134,0.42700465099907436,0.47197348200001554,0.0934890056008875,0.1416962932254685
dropped_arms_5.mp4,dropped_arms,846,0,139.80766281558385,128.46133822031257,144.6910724747486,0.37725194080193397,0.49252775972226476,0.09239431316467991,0.12239093431883658
dropped_arms_5.mp4,dropped_arms,852,0,131.73226942922983,116.98963015854838,114.67263087430538,0.24360710374140165,0.4950371836362056,0.0995300561648307,0.16939816984920025
dropped_arms_5.mp4,dropped_arms,858,0,128.2275180407103,116.02287633592492,105.47512621803129,0.18071394347501543,0.4614666687557625,0.11169379738195628,0.1833845534014345
dropped_arms_5.mp4,dropped_arms,864,0,126.22130159925672,116.2287378525547,108.52651358247113,0.20898374553805057,0.4573596502265028,0.10864964698259957,0.18896897193375947
dropped_arms_5.mp4,dropped_arms,870,0,125.09431235419319,115.95744996314654,110.666171343947,0.23367649951114403,0.45164980103016034,0.1236709101350125,0.196207850283072
dropped_arms_5.mp4,dropped_arms,876,0,125.11819581785592,118.32892852081955,123.59296892516191,0.3306342753522994,0.43794700966421196,0.12027243760341579,0.19158074765979372
dropped_arms_5.mp4,dropped_arms,882,0,133.30537534896598,128.47121872743182,143.2689449065029,0.3326815708903585,0.4658019152919849,0.1247636743027026,0.1558857286102673
dropped_arms_5.mp4,dropped_arms,888,0,134.70614120647866,131.53730509342043,152.0499278204744,0.42574949757271857,0.4842532147858773,0.09598600059575031,0.15227145534715408
dropped_arms_5.mp4,dropped_arms,894,0,141.99315354300367,135.43155314486117,151.41446121251198,0.45171041385788735,0.5021517659089275,0.10322678724311678,0.12001376848000042
dropped_arms_5.mp4,dropped_arms,900,0,133.94067562655047,129.57709693737556,154.15649486991836,0.4708709549038826,0.48579002453923403,0.08645720473806502,0.15332394815360667
shallow_squat_1.mp4,shallow_squat,6,0,164.72066516858618,163.51729143424032,157.14539862077027,0.6474943600667329,0.7298695203111897,0.09554057999943391,0.11439166352668977
shallow_squat_1.mp4,shallow_squat,12,0,163.27147105234374,154.93357371664965,123.92386699817868,0.21151026117225044,0.731606605226301,0.04086574520681007,0.11442722638803891
shallow_squat_1.mp4,shallow_squat,18,0,154.0947080166998,153.39036620585674,158.59094837935285,0.6134160506365413,0.7089805298241949,0.03846044368543086,0.16338490464672165
shallow_squat_1.mp4,shallow_squat,24,0,147.20103457868746,144.3426280831858,144.93978047434652,0.4180697796599479,0.6553182840027224,0.008618017600348861,0.18210909270795936
shallow_squat_1.mp4,shallow_squat,30,0,141.57071029369487,144.16224210430875,159.25544700684293,0.6368922817425895,0.6054477059212011,0.008146778153908383,0.19500889643416036
shallow_squat_1.mp4,shallow_squat,36,0,130.27860732778248,138.57008447041818,168.02479452133952,0.6651624005592209,0.5589324057548803,0.036493741745470924,0.23985517399441153
shallow_squat_1.mp4,shallow_squat,42,0,128.84143170903604,136.81791900551863,164.7121100700519,0.6323037418974158,0.5373514263664965,0.02072510134817795,0.24164156446579965
shallow_squat_1.mp4,shallow_squat,48,0,126.31530976382504,135.7606489046897,166.46150429082627,0.7029769805954987,0.5435049727919865,0.020432041995004056,0.2586458839272657
shallow_squat_1.mp4,shallow_squat,54,0,122.55800053546648,135.02152978696176,168.7438946938697,0.680652507703336,0.5304645390571974,0.054014939022447195,0.28082701157990075
shallow_squat_1.mp4,shallow_squat,60,0,121.80360469719245,134.70820112696492,165.80054744031278,0.6337905921349892,0.5182408838487244,0.05559024735525089,0.27826196847004864
shallow_squat_1.mp4,shallow_squat,66,0,121.62350301082188,133.81070617035357,166.32175827581034,0.655757035051241,0.5194247089152905,0.05043079781476667,0.2822253427202921
shallow_squat_1.mp4,shallow_squat,72,0,115.85250904215845,131.73091708036586,165.61843957508322,0.6636263464484733,0.5050297000466667,0.05084951288978436,0.3019004897039887
shallow_squat_1.mp4,shallow_squat,78,0,114.31233800851116,131.30477732077847,165.70685051997376,0.5790988272640152,0.4826091389259664,0.06448786737416325,0.29569905012944964
shallow_squat_1.mp4,shallow_squat,84,0,111.00310639535401,128.38934924551484,166.37000785997816,0.5702117837647519,0.46893296720181843,0.07395393956921902,0.3038873354879825
shallow_squat_1.mp4,shallow_squat,90,0,110.30979753961626,126.48883203672918,165.90118836958575,0.6037464035991402,0.4546348222250127,0.05914916970992216,0.30366505149774087
shallow_squat_1.mp4,shallow_squat,96,0,119.36812155531676,125.69225706373294,167.03383394015137,0.6586853194549535,0.45483320825767637,0.03009638778540851,0.2170252846910083
shallow_squat_1.mp4,shallow_squat,102,0,122.5798755841868,127.54312274984079,166.8538168857548,0.6134715708309632,0.4381931751048994,0.03824538546049379,0.1874402063819207
shallow_squat_1.mp4,shallow_squat,108,0,122.20572907140556,127.08135188104312,166.16283293641274,0.5956370935144463,0.4201374196353932,0.012147262245582817,0.1986118114962776
shallow_squat_1.mp4,shallow_squat,114,0,120.95111304127236,128.53982541726003,163.34244219839613,0.6385187819206938,0.4222547091222172,0.02199428207803597,0.21203093249589852
shallow_squat_1.mp4,shallow_squat,120,0,120.84326422380497,129.14709086611956,156.92647028451637,0.6286959818396515,0.42800888248435487,0.0406875222549004,0.20582677515700767
shallow_squat_1.mp4,shallow_squat,126,0,122.40486948340758,128.36543230384908,154.34747097410775,0.6228853900815889,0.412102752537187,0.044574141708398796,0.1831964940099703
shallow_squat_1.mp4,shallow_squat,132,0,124.94317711614636,128.98906693193393,157.86062703328363,0.6551066737708442,0.41335561440434876,0.06577901735373941,0.16463675097957908
shallow_squat_1.mp4,shallow_squat,138,0,121.19817080382337,124.29579924923311,164.81918267310093,0.6701380430752164,0.3931226235237304,0.06552367996693678,0.17995910992468936
shallow_squat_1.mp4,shallow_squat,144,0,117.22549328882047,122.38791198796036,166.0381440371517,0.7129378602062856,0.38389684071326685,0.07103649494989271,0.2031882865645295
shallow_squat_1.mp4,shallow_squat,150,0,119.49160937498075,117.77129797287424,163.01470395399494,0.5926069980712889,0.3502668814517839,0.1250549542907536,0.14205747578687838
shallow_squat_1.mp4,shallow_squat,156,0,118.41088115598764,115.46569339600251,161.74842659447555,0.6003107796863776,0.34220787888885007,0.14124005786367766,0.13605657169093596
shallow_squat_1.mp4,shallow_squat,162,0,116.65612035759322,118.3326937675907,163.0228392441748,0.5919278680421545,0.3637802982518498,0.09548157851869861,0.17615627052031893
shallow_squat_1.mp4,shallow_squat,168,0,118.8109072585799,121.58463754571729,146.51791371967013,0.5493040189419137,0.37320595142329854,0.0957758018206899,0.17114601693709222
shallow_squat_1.mp4,shallow_squat,174,0,120.70051681272876,126.39511715554208,154.83487944581262,0.6170005761196385,0.4126276263891392,0.0648686021534279,0.19184685745162036
shallow_squat_1.mp4,shallow_squat,180,0,122.90102867954504,129.87759017367594,159.5098434361378,0.6622677916733115,0.42302539326762384,0.05846209994558786,0.19209908419424895
shallow_squat_1.mp4,shallow_squat,186,0,128.19033467632423,128.3772719155814,162.35660816132034,0.5515609727605864,0.47276631116725387,0.08271924801928116,0.1649583913395085
shallow_squat_1.mp4,shallow_squat,192,0,122.84389447725304,131.4386944816177,170.12634008072024,0.7027745814038098,0.4767888324677165,0.006084733006725401,0.22532814675211008
shallow_squat_1.mp4,shallow_squat,198,0,123.94584011645946,131.04653092227628,169.36410931947012,0.7187098097805856,0.46887136732661244,0.01955708614866825,0.22174770102680297
shallow_squat_1.mp4,shallow_squat,204,0,126.12613843281383,130.9864298150155,171.24683496743611,0.730909248279112,0.4640111395238195,0.016575572149865218,0.1923825369114857
shallow_squat_1.mp4,shallow_squat,210,0,122.78866899259897,130.58018090816003,168.8944351939204,0.7214013308956401,0.47352537488725077,0.002743699185616806,0.22608547777327315
shallow_squat_1.mp4,shallow_squat,216,0,124.75197887424737,130.86696541798716,167.2033977836548,0.6898150048067875,0.468765730740513,0.0015735866898680467,0.21378829924722886
shallow_squat_1.mp4,shallow_squat,222,0,125.43744078318015,131.17252771105922,167.76379462125655,0.6876805545578212,0.47042094322756417,0.0011112645010186008,0.21269335571112072
shallow_squat_1.mp4,shallow_squat,228,0,124.54206526773116,130.63825488496047,167.36153443848576,0.6991675499281619,0.471936096866791,0.0012602108453253367,0.2170644878759561
shallow_squat_1.mp4,shallow_squat,234,0,129.55145203974138,136.53326204824168,159.1332949099311,0.6609722829316304,0.5034419196956669,0.013689680831715408,0.206626422932445
shallow_squat_1.mp4,shallow_squat,240,0,133.0315224557345,137.42129952255783,166.74171466324685,0.6703690097739886,0.5611686830906942,0.015780317382890267,0.20207557746050306
shallow_squat_1.mp4,shallow_squat,246,0,131.90570179851105,140.84860259314263,165.15655311379496,0.6811862208856401,0.5434325938216528,0.018803314604015606,0.21147436675025802
shallow_squat_1.mp4,shallow_squat,252,0,133.9979241098471,139.2277403014008,157.88873938209179,0.63963398867511,0.5320832813411739,0.00011502244089187181,0.19180829036440075
shallow_squat_1.mp4,shallow_squat,258,0,135.1809715153124,141.22721173010984,164.67237550073224,0.6710483439518312,0.5422782831417071,0.0032222028257279565,0.1971423319875627
shallow_squat_1.mp4,shallow_squat,264,0,134.30443697801653,141.44289384599662,163.60661632785818,0.6785457319820076,0.5453510678416832,0.017733468002136675,0.19471501805311375
shallow_squat_1.mp4,shallow_squat,270,0,138.21510045417955,139.40458034176575,165.1036917276112,0.6250071627319204,0.5649241152028662,0.06665323992443543,0.15832667866590958
shallow_squat_1.mp4,shallow_squat,276,0,141.64083054004504,135.36844434865662,91.63337474817368,0.05029991643870406,0.5870770206847342,0.10593476951088968,0.12690490339277746
shallow_squat_1.mp4,shallow_squat,282,0,136.33740954385402,134.52907626974294,167.33938218626673,0.6401562392798046,0.5488903324093737,0.07589438211863074,0.15552254645470176
shallow_squat_1.mp4,shallow_squat,288,0,129.39308817170823,133.87798786355478,167.79154481221747,0.6992378954874839,0.5155495643626071,0.0309446179021546,0.20718443994642596
shallow_squat_1.mp4,shallow_squat,294,0,123.22833232264027,133.5134705543037,164.04048442124832,0.7136396965899768,0.4823471507048771,0.0023842238254163694,0.245563367963054
shallow_squat_1.mp4,shallow_squat,300,0,125.09876998214837,136.0414486993052,166.37600649196125,0.7292764037374734,0.5104683603042901,0.008772819382812233,0.2535859673961336
shallow_squat_1.mp4,shallow_squat,306,0,124.4196922733598,138.11212475903142,170.57272822670552,0.6386047045963218,0.524782213622246,0.008881111638941078,0.2615156695749733
shallow_squat_1.mp4,shallow_squat,312,0,118.58719984574414,135.55641754508545,170.49906333076024,0.6990034574777241,0.5007899266623946,0.043540420657725655,0.2955567319651017
shallow_squat_1.mp4,shallow_squat,318,0,118.36933256323597,136.86825880927415,170.24043885035232,0.7117659464866788,0.4972463787272552,0.04779852609075333,0.29424149631949487
shallow_squat_1.mp4,shallow_squat,324,0,116.04699016176063,135.24654581470557,171.43013251110403,0.7384959922963445,0.5057219413365397,0.06484811862752425,0.3087382774294231
shallow_squat_1.mp4,shallow_squat,330,0,116.05183281188407,134.92295355111008,173.33195474833744,0.7402214914476895,0.4965131558162643,0.07179552612903432,0.30819221794617235
shallow_squat_1.mp4,shallow_squat,336,0,115.47452054746307,136.00565329918265,170.9415510528825,0.7415588041231154,0.48866550849761137,0.06299293501705748,0.3102834024382871
shallow_squat_1.mp4,shallow_squat,342,0,115.31226288571979,134.02784902457915,172.0021118840072,0.7350690657200487,0.48183642573919727,0.0639179202125963,0.2999263609832523
shallow_squat_1.mp4,shallow_squat,348,0,118.98395074916559,130.9855815054359,165.62116064043613,0.7146241792033322,0.47748803724040634,0.04327726960692582,0.25924479282461643
shallow_squat_1.mp4,shallow_squat,354,0,117.96894668724924,124.57362119417931,169.76933600974021,0.7065832456223651,0.4393663323784115,0.01109006630615131,0.23267773915684142
shallow_squat_1.mp4,shallow_squat,360,0,114.95588212793582,124.84898380475961,170.96092874056737,0.7014044153300041,0.4000467968634486,0.02553949078813472,0.22742853888748807
shallow_squat_1.mp4,shallow_squat,366,0,113.27879424603653,122.86863750884343,170.87878142262034,0.7192708176093452,0.3859461231693602,0.028747156930352756,0.22771169537849578
shallow_squat_1.mp4,shallow_squat,372,0,111.42425435715025,121.3572239550811,169.74279622888923,0.7128396170781102,0.36507631178974814,0.03295866232458448,0.2330181747478161
shallow_squat_1.mp4,shallow_squat,378,0,116.69304354195442,123.94146519097777,171.0827802144775,0.7509352046747028,0.3879171856556741,0.06048213922726043,0.202376849746785
shallow_squat_1.mp4,shallow_squat,384,0,125.59214342366485,124.44252725607181,169.78737531249175,0.7352163827136244,0.4092614706723915,0.05345299634586377,0.15151462995473794
shallow_squat_1.mp4,shallow_squat,390,0,128.17862892640528,129.15122683213474,171.07271587470612,0.7382894430798794,0.4506987623298103,0.016178291237784973,0.1747318622653973
shallow_squat_1.mp4,shallow_squat,396,0,132.04593722515443,133.68560300605955,169.69370975702628,0.7050144462290474,0.47635003324804653,0.00011196082924690087,0.1639593266439702
shallow_squat_1.mp4,shallow_squat,402,0,130.24037148180864,136.0249779218896,168.69069376395348,0.685467725506736,0.47740249984420563,0.008301151252728331,0.18880884365687514
shallow_squat_1.mp4,shallow_squat,408,0,131.2574777378301,137.42686933072244,163.3833201065028,0.6900232646800951,0.5017386112874554,0.0008796939474900005,0.19690043190466897
shallow_squat_1.mp4,shallow_squat,414,0,128.95626066007125,135.2078950673311,157.7362059741602,0.6317865986621485,0.5193978693396593,0.01846173334406182,0.2285369393756971
shallow_squat_1.mp4,shallow_squat,420,0,131.95526729087067,136.579917744772,157.13269502777888,0.6357115414035001,0.5249986606604667,0.016178352651706043,0.21931391288645585
shallow_squat_1.mp4,shallow_squat,426,0,135.21371513284132,142.7746510194155,132.02272556554973,0.36296637441556145,0.5599219195509386,0.014693640389775471,0.21287362284665629
shallow_squat_1.mp4,shallow_squat,432,0,135.96751598405498,143.62928248130237,166.97019312917794,0.6116331784561835,0.5611901003830312,0.01407896571667233,0.2136284836754239
shallow_squat_1.mp4,shallow_squat,438,0,136.71110021365166,144.1932018177919,160.09574900535378,0.6172631955338377,0.5729953471364714,0.010651225782816937,0.21355015467571942
shallow_squat_1.mp4,shallow_squat,444,0,137.11338419484323,143.65979216302136,163.75119384054918,0.6362645577810476,0.5642905560172534,0.003717366564525913,0.20205218167339384
shallow_squat_1.mp4,shallow_squat,450,0,139.982038411662,144.37204204369002,157.03198784592695,0.672385545487513,0.5832739152162665,0.0009717953463573344,0.18976918384520244
shallow_squat_1.mp4,shallow_squat,456,0,138.1796652297277,144.10784873230145,166.2866705470728,0.6985637341902639,0.5828534053004552,0.01712836699137258,0.2070582088164622
shallow_squat_1.mp4,shallow_squat,462,0,138.32082229976083,140.17486111681495,165.30630555100043,0.7244463389494349,0.5921271522471517,0.015613202087680808,0.19565780764501922
shallow_squat_1.mp4,shallow_squat,468,0,136.54677585964686,141.95196676836764,167.0815588425019,0.6718239957059142,0.5668461207457072,0.01220595485200903,0.2056787702857731
shallow_squat_1.mp4,shallow_squat,474,0,132.72252666138357,136.5702794536474,166.68992366338713,0.6667397274955154,0.5278311417422097,0.0017916462473847687,0.20579212976217123
shallow_squat_1.mp4,shallow_squat,480,0,131.87708960981686,136.43737286765253,166.73759856211268,0.662360245643163,0.5284792132226315,0.009028253916062377,0.21657045842825978
shallow_squat_1.mp4,shallow_squat,486,0,125.11687533070972,132.36633751846216,168.30167762512863,0.6871175897903421,0.5062486882675057,0.01434006138289668,0.23248627097226
shallow_squat_1.mp4,shallow_squat,492,0,121.45005971280898,130.90297202069985,161.93866218892765,0.6998126882634806,0.47128151756289427,0.015299264285130591,0.24707881625065628
shallow_squat_1.mp4,shallow_squat,498,0,120.82981199101306,130.12255812860644,168.41812656214833,0.6692886426258455,0.4582898985951362,0.028586620607608706,0.24171388981773506
shallow_squat_1.mp4,shallow_squat,504,0,118.94217644033188,127.58968849328049,168.9297083675672,0.6414582726301625,0.42439246292482125,0.029177932608745974,0.2318324299960476
shallow_squat_1.mp4,shallow_squat,510,0,116.40828508223721,125.18579485368357,165.94181875530393,0.6728557048951287,0.37499704771707915,0.02045163038252449,0.2229532629926628
shallow_squat_1.mp4,shallow_squat,516,0,114.84313707757039,122.65345921812768,163.78341227515716,0.65030290528454,0.3695622691670445,0.012112703155141097,0.21834933270225226
shallow_squat_1.mp4,shallow_squat,522,0,113.72069931540132,121.08351951024885,164.20512542592894,0.6504861353352841,0.3682288607689161,0.010017946539912588,0.22398376290687072
shallow_squat_1.mp4,shallow_squat,528,0,119.47912121836877,123.377357693984,162.6603979725868,0.6460347473941088,0.413687962132191,0.013065204022678231,0.2083152491068072
shallow_squat_1.mp4,shallow_squat,534,0,127.36761618643183,126.96484763918973,166.50185299984705,0.6644495773196911,0.44863721236590365,0.056495990750704654,0.1627979494210583
shallow_squat_1.mp4,shallow_squat,540,0,127.9428647485938,132.1722749763337,167.0906851223783,0.6105677535510784,0.4796401772536145,0.0251932654093065,0.18145958147666644
shallow_squat_1.mp4,shallow_squat,546,0,133.01303932922107,134.3416840808535,163.60965133712938,0.6662641760946602,0.4979322318646746,0.052398177785814334,0.16412539985182492
shallow_squat_1.mp4,shallow_squat,552,0,133.1213522940802,135.7081206405624,157.31178659859387,0.6479563942272569,0.4972325588481216,0.04318128311721302,0.17559648975558667
shallow_squat_1.mp4,shallow_squat,558,0,133.98894803153627,135.07629645503874,157.9289467508129,0.6671005223287989,0.5000177678288821,0.054859730460693104,0.17294751091236393
shallow_squat_1.mp4,shallow_squat,564,0,132.33880324631312,131.7200731732932,163.80474753530652,0.6922110230359575,0.4842011630643009,0.02432871168990663,0.18284065283665563
shallow_squat_1.mp4,shallow_squat,570,0,133.97868896125365,132.2209903835236,165.32165910687092,0.6899958042020535,0.5020341029567005,0.007039456996773604,0.17934978138406882
shallow_squat_1.mp4,shallow_squat,576,0,133.84062437057204,135.82509083609517,164.63168730797588,0.676759429861721,0.5118850287049678,0.002459438145105121,0.19006773917925274
shallow_squat_1.mp4,shallow_squat,582,0,131.9831188218056,135.80866061844756,158.88744370765076,0.6579464009954857,0.5323693551973266,0.003785442220917463,0.21087159600534125
shallow_squat_1.mp4,shallow_squat,588,0,137.79325059255706,137.51139331764708,162.79305778860544,0.6761183586235106,0.545323024139298,0.0014318174796084007,0.18077847312204334
shallow_squat_1.mp4,shallow_squat,594,0,128.5558841797342,134.4040921631156,168.34839770444069,0.7215020512471635,0.5473351474476918,0.023411001757936672,0.24221829725521307
shallow_squat_1.mp4,shallow_squat,600,0,126.53762770243421,136.80521903020346,163.52105510087034,0.6864834260116054,0.5168379512885061,0.028004512236736053,0.24831858349560484
shallow_squat_1.mp4,shallow_squat,606,0,126.29636883961284,137.6635225586004,172.55863879262273,0.7544499434560764,0.5204296428862537,0.003154789807451247,0.2507254958159337
shallow_squat_1.mp4,shallow_squat,612,0,126.15330533481783,140.81142761070055,168.01237399130292,0.7855768512550386,0.5399550115181798,0.014800885224020887,0.2596164085883495
shallow_squat_1.mp4,shallow_squat,618,0,128.74887604020932,142.48421788206107,171.23239119235015,0.7787357056678197,0.5351827298184629,0.01599916645823928,0.24496388976483832
shallow_squat_1.mp4,shallow_squat,624,0,129.1275583168484,139.74245863147846,167.8119104618764,0.7595164664378484,0.5266185413606345,0.04152959309028081,0.23211289101965854
shallow_squat_1.mp4,shallow_squat,630,0,127.49306228797516,136.28966465582823,167.2510675430107,0.7338282241135978,0.5074087024958974,0.043371096074449306,0.22875592810428205
shallow_squat_1.mp4,shallow_squat,636,0,123.49573892330439,134.63359304182237,169.31987672439436,0.7233157663882602,0.480168737298018,0.015039609706276562,0.24515388501703
shallow_squat_1.mp4,shallow_squat,642,0,120.63186769275835,131.0649369852385,168.29080259303174,0.7321893430277477,0.4732254252511051,0.02008556345452143,0.24709562640327062
shallow_squat_1.mp4,shallow_squat,648,0,121.6052731344074,131.0399584747039,165.15210755758585,0.6619261185637902,0.4525499462922575,0.022194337802634526,0.23280295293310252
shallow_squat_1.mp4,shallow_squat,654,0,123.78074092655486,131.36388541698082,165.36144315324233,0.6696762547000212,0.4627256888495165,0.024934128029860052,0.2186199018769047
shallow_squat_1.mp4,shallow_squat,660,0,125.63525908456322,127.80526758829812,165.63676744162126,0.6790121739533331,0.45594458169031526,0.02984198931508812,0.2045216927224963
shallow_squat_1.mp4,shallow_squat,666,0,124.3919669002656,128.35444933852315,168.05581603906265,0.694759680591019,0.45418006975149305,0.01589287857939445,0.20586946671509287
shallow_squat_1.mp4,shallow_squat,672,0,125.53652782859666,129.18078070364834,167.3079152732507,0.6636242891665992,0.4593486662120639,0.04467841091603934,0.18875502146180279
shallow_squat_1.mp4,shallow_squat,678,0,124.8914969540972,128.8083239814691,168.9660680026279,0.6595803071528804,0.4421152289096247,0.011590918379781533,0.19089258519462854
shallow_squat_1.mp4,shallow_squat,684,0,123.7552889184543,131.00854738513704,168.72018257478587,0.6956065131619887,0.45532517298843966,0.0002085624937678563,0.20713541114666845
shallow_squat_1.mp4,shallow_squat,690,0,123.28230522312435,128.65302022001765,165.90406003733455,0.6971467408042685,0.46123274323822533,0.002312204986037093,0.22453573711590552
shallow_squat_1.mp4,shallow_squat,696,0,126.07829619857465,128.5877865086955,162.8196376209846,0.6974888610675924,0.465119444866689,0.025346721907076982,0.20445053835613672
shallow_squat_1.mp4,shallow_squat,702,0,124.42658439187052,127.51928870720077,168.3918377013984,0.6879986691586302,0.45567196181553726,0.0033146787380602407,0.20927534839267126
shallow_squat_1.mp4,shallow_squat,708,0,118.7414652478791,127.84638633047172,166.97217331257144,0.6623367578144547,0.43086145292946737,0.01672204669825718,0.23680976257507752
shallow_squat_1.mp4,shallow_squat,714,0,122.28878448619099,128.2325405499816,167.42885718077744,0.6614317192008123,0.43829039227223876,0.036856429958574195,0.22555356508324764
shallow_squat_1.mp4,shallow_squat,720,0,119.00713053592924,126.51889442406006,166.4145918241096,0.5911877128748702,0.4188700422981871,0.04114068294305225,0.22846065416240047
shallow_squat_1.mp4,shallow_squat,726,0,122.79581774736717,125.32064875582178,167.47397302811387,0.6049877851914868,0.40898416273142996,0.02158950454254062,0.17793254710328588
shallow_squat_1.mp4,shallow_squat,732,0,118.42850213021926,124.75489487184379,164.95731364511468,0.5860859565950983,0.4050994478307027,0.02971009714777563,0.22464708454583598
shallow_squat_1.mp4,shallow_squat,738,0,120.47405432950146,125.75971289268023,165.32846071763208,0.6263727633212057,0.4588312325069429,0.016272639562773743,0.22432263330521257
shallow_squat_1.mp4,shallow_squat,744,0,127.316675253165,129.76314350886813,164.52852431718418,0.6589538972942752,0.4746632349311737,0.023822623561446557,0.1837421778463623
shallow_squat_1.mp4,shallow_squat,750,0,125.27883594085252,128.48848845340086,165.41195771129236,0.6912766750195996,0.47878904847828774,0.0010627400551704328,0.21077362554728557
shallow_squat_1.mp4,shallow_squat,756,0,126.9024855710743,132.00738836263227,163.63295444509464,0.6769350910196659,0.49192309731642353,0.010780106900593642,0.2172642501650067
shallow_squat_1.mp4,shallow_squat,762,0,130.85001595827288,134.87754367449838,169.2314573079136,0.6743456388532652,0.5015755621100751,0.01074446786086133,0.20769055450835558
shallow_squat_1.mp4,shallow_squat,768,0,128.63642430528108,138.495512093862,170.88181256647584,0.6699965791676832,0.5061840321540225,0.02689867791400472,0.22757457003729614
shallow_squat_1.mp4,shallow_squat,774,0,125.46493523032353,138.56244999478756,167.48576309368048,0.6743528779046986,0.5148093265796329,0.0352324865578869,0.25250084015026986
shallow_squat_1.mp4,shallow_squat,780,0,126.14390519448999,138.937493549107,167.4051346609202,0.726620966401808,0.5221330399605723,0.022144842588352497,0.25462128454632094
shallow_squat_1.mp4,shallow_squat,786,0,126.32650514888282,136.57640706568577,171.03199890248558,0.7006531543671776,0.5149186713930459,0.03317898812562477,0.24914117257023644
shallow_squat_1.mp4,shallow_squat,792,0,127.230228886335,137.97924008329736,168.75140831802975,0.7098760352660002,0.539105578488073,0.0180419087457362,0.2486076144927415
shallow_squat_1.mp4,shallow_squat,798,0,128.65943334168136,138.24162999728517,166.22761510163352,0.704926263334612,0.535362340549228,0.01929171840668443,0.24138122234453482
shallow_squat_1.mp4,shallow_squat,804,0,130.27097116621144,137.84041592095383,164.2790664734606,0.7044446772539662,0.5868232224109705,0.0043798841467309136,0.24651777218912538
shallow_squat_1.mp4,shallow_squat,810,0,138.40302708060298,138.7377668535502,63.13800557727079,0.3496084259128533,0.5862644964937279,0.07053924717266975,0.18897463732745712
shallow_squat_1.mp4,shallow_squat,816,0,139.51146038482497,139.849690477655,159.60688331912806,0.49849291125635753,0.5839028868640039,0.048113126810066534,0.18097824197266085
shallow_squat_1.mp4,shallow_squat,822,0,144.44702748134566,140.83539617741684,88.16687800251796,0.030958216437455357,0.6010771581430011,0.07688973247085541,0.15267617965408378
shallow_squat_1.mp4,shallow_squat,828,0,141.81891721191238,143.38343203621605,125.32461129602369,0.15035550733942796,0.6115421647895974,0.056972619538231815,0.18161319844667145
shallow_squat_1.mp4,shallow_squat,834,0,142.48729791277,144.19877389275138,35.833104028848595,0.5409372344774139,0.6141115325400839,0.08637411650001271,0.17690182474644792
shallow_squat_1.mp4,shallow_squat,840,0,136.8446590948075,142.33342908835,35.65975696654808,0.34973709362781275,0.5998604637932745,0.07154756935610093,0.210479119492838
shallow_squat_1.mp4,shallow_squat,846,0,140.71206834680018,147.0654812301736,23.151054841062948,0.31521379340127065,0.6248776935958023,0.0556684126771391,0.20850531043819212
shallow_squat_1.mp4,shallow_squat,852,0,149.3761689741858,146.23770652961198,157.22034741624643,0.5457707537567659,0.6056077695619915,0.020702484921213935,0.13996602640767736
shallow_squat_1.mp4,shallow_squat,858,0,134.85214501343032,141.05720124059442,160.41222370501515,0.6906020286552615,0.5385533275576979,0.03676256078247724,0.1926876533468522
shallow_squat_1.mp4,shallow_squat,864,0,131.69109673174225,136.78971814996186,165.518292840063,0.6768049487094197,0.534430220199702,0.02749058404605173,0.20223290477791037
shallow_squat_1.mp4,shallow_squat,870,0,128.59857881117412,132.54967500748654,164.19745075999072,0.6427609687568503,0.49713158764406973,0.016928004741147064,0.20778826658553404
shallow_squat_1.mp4,shallow_squat,876,0,126.14783199363562,130.97884494450813,166.30894446109315,0.62596593133164,0.49939709621876094,0.009780053343469262,0.2219187748095686
shallow_squat_1.mp4,shallow_squat,882,0,124.40890684588666,129.43214937655523,168.31042370885694,0.6101251061926611,0.44871338257936133,0.027605631255030585,0.21920128077835907
shallow_squat_1.mp4,shallow_squat,888,0,122.77767923978347,130.42750201566616,163.98990268380697,0.5964868435795349,0.450277625747378,0.03199131157913665,0.232327479134115
shallow_squat_1.mp4,shallow_squat,894,0,122.41718992572633,131.46601465050742,164.801759649258,0.6206168689470157,0.4876253874299746,0.032689794438943966,0.2374131958328863
shallow_squat_1.mp4,shallow_squat,900,0,121.96640890411149,130.63315505696477,163.62386613723777,0.656643247371744,0.4819887903395037,0.027318960827724812,0.242475072662697
shallow_squat_2.mp4,shallow_squat,6,0,146.2595001600765,144.9326369720856,77.5125072646677,0.17735913871010853,0.6167119785935579,0.07822720213041955,0.17955263456489196
shallow_squat_2.mp4,shallow_squat,12,0,149.18846918929566,147.54913002794416,149.11817888279833,0.44709077669207614,0.6213511852322743,0.09370368759279625,0.16133960803884295
shallow_squat_2.mp4,shallow_squat,18,0,149.62469988894023,148.7745759451677,128.19283411029974,0.2365734289317918,0.6371999657323368,0.08903160018951334,0.1610402744798878
shallow_squat_2.mp4,shallow_squat,24,0,150.14151441137244,150.99080544269157,154.87216617303355,0.48077708473749836,0.6288618706607387,0.06147559114759023,0.15412038810409245
shallow_squat_2.mp4,shallow_squat,30,0,150.29740008090184,149.47414941287855,137.01194816379038,0.38116610569288073,0.60918980086524,0.11620133897497427,0.14547305214296125
shallow_squat_2.mp4,shallow_squat,36,0,152.80753413297882,149.05804562282563,143.6976261827253,0.41015308929199584,0.6371383031063232,0.14761986000172705,0.12506345602801733
shallow_squat_2.mp4,shallow_squat,42,0,151.6118892531034,151.34113772555585,162.53568726440866,0.7372341785201872,0.6589996227727483,0.07941666326848101,0.140105876042815
shallow_squat_2.mp4,shallow_squat,48,0,152.00115665173263,151.22425750061032,155.5803463609618,0.6413261484573951,0.6480600094193568,0.07434774838489006,0.13708398285773657
shallow_squat_2.mp4,shallow_squat,54,0,148.08356040118352,149.65253371725163,158.03706465806243,0.6708062053494801,0.6245164286210366,0.07378792394910416,0.1540487716851734
shallow_squat_2.mp4,shallow_squat,60,0,147.99773438425487,155.10710863328697,159.24157086738165,0.6443522636251389,0.637950132553076,0.05610278952179899,0.16599247146474186
shallow_squat_2.mp4,shallow_squat,66,0,151.30018868338237,148.57864314806687,144.00279179650522,0.4525956374671278,0.6301830998974974,0.16835407102652283,0.11984607379125028
shallow_squat_2.mp4,shallow_squat,72,0,156.24406067354423,147.9544066585633,107.72404173054525,0.07316431687448699,0.6417093602775157,0.1681229472675621,0.09656517287556593
shallow_squat_2.mp4,shallow_squat,78,0,154.59508177626967,152.3408618467581,159.07015373343864,0.6652882714132806,0.6413345254292508,0.11764396192541206,0.11291164147054719
shallow_squat_2.mp4,shallow_squat,84,0,148.95441150541714,149.17703716759868,147.932815647417,0.510083293918954,0.612466300588722,0.06264286356329393,0.1587795556107813
shallow_squat_2.mp4,shallow_squat,90,0,151.42361328420466,150.32158796974417,128.02674571640244,0.2446031719727606,0.6522996754444854,0.10519264596689337,0.1463670420884928
shallow_squat_2.mp4,shallow_squat,96,0,153.19089869267256,149.29636763585856,138.24253225137412,0.38139868066009397,0.6577074910280876,0.10513512398539603,0.13420003505482894
shallow_squat_2.mp4,shallow_squat,102,0,155.02255590858758,147.48229029851444,127.26828830117104,0.2747412797620601,0.6442422259760272,0.12212159482999105,0.11467752768596388
shallow_squat_2.mp4,shallow_squat,108,0,153.47866741988716,150.32864417126206,158.86786471392628,0.6276916678729589,0.6454536035640193,0.08937411183572373,0.12650806033513576
shallow_squat_2.mp4,shallow_squat,114,0,151.86784872745565,153.02493209195993,131.3451518129434,0.22474575128799687,0.6456428045345427,0.07827221398619057,0.14638815681707626
shallow_squat_2.mp4,shallow_squat,120,0,153.6246259297617,152.69616816963176,136.30866077183265,0.2591588769071287,0.645117060493643,0.09579682593213408,0.13786128433626313
shallow_squat_2.mp4,shallow_squat,126,0,153.82408128954853,155.32654087041854,150.5992169445216,0.48408054776503634,0.6510261648503392,0.07906444528343544,0.14179659356327362
shallow_squat_2.mp4,shallow_squat,132,0,150.25129031995243,154.78241050245043,155.41827731858572,0.5585479833682485,0.6736819983465661,0.07474551890753092,0.16226389434549968
shallow_squat_2.mp4,shallow_squat,138,0,152.73077784829613,152.74718203026308,138.4675495077413,0.40093607407396087,0.6487412630051537,0.1117587922700313,0.1385715437455281
shallow_squat_2.mp4,shallow_squat,144,0,151.79041758526773,152.761092816244,158.18657636303817,0.6287288122346006,0.647506109143003,0.08564270981210231,0.13648672972580295
shallow_squat_2.mp4,shallow_squat,150,0,151.04884953259892,152.02308186497993,157.87118619766727,0.5755191035943111,0.631211887116495,0.07339493950362452,0.13910305477565651
shallow_squat_2.mp4,shallow_squat,156,0,149.2988573468213,148.82407811251338,96.48789872427615,0.030841887537195557,0.6279842157450045,0.12565348340731772,0.15625307943875916
shallow_squat_2.mp4,shallow_squat,162,0,149.34876656111973,153.1091321773371,125.52292248608046,0.16361299890928205,0.6633420657741756,0.09344251093801426,0.1635581600265069
shallow_squat_2.mp4,shallow_squat,168,0,149.47888944839175,150.45104916989033,129.30998848346857,0.335674113697341,0.6615853953306878,0.07429925713918038,0.16451932425485621
shallow_squat_2.mp4,shallow_squat,174,0,149.6678304569951,152.61009503251702,157.5784052605201,0.6476847278040546,0.6345949011945828,0.03501305910806187,0.15490295718060826
shallow_squat_2.mp4,shallow_squat,180,0,147.33177006346125,151.35719204793068,160.41955932870394,0.6260989748278648,0.6179198921229394,0.018634423816466517,0.16221432593084414
shallow_squat_2.mp4,shallow_squat,186,0,149.10329065895937,150.61841892366988,158.36557434905072,0.6003557067031422,0.6181112763129426,0.020371098041525135,0.1520010146058212
shallow_squat_2.mp4,shallow_squat,192,0,152.98539944590436,147.50420164017555,87.40702200130777,0.19226590428289772,0.66134010378632,0.10609148636203929,0.13870519602388307
shallow_squat_2.mp4,shallow_squat,198,0,151.29465988280938,151.61519638740174,145.88728352116965,0.3822125142888175,0.6683966263974156,0.06409994487221836,0.15862844748719365
shallow_squat_2.mp4,shallow_squat,204,0,152.49748356770496,151.59944727472768,145.07739285043255,0.3828426051218384,0.6641401837065317,0.05754552328226899,0.1628399580782628
shallow_squat_2.mp4,shallow_squat,210,0,151.96329838946446,151.50644346279572,156.8063672167524,0.5798620268799023,0.6587184670551034,0.06516694513289303,0.1466987600206529
shallow_squat_2.mp4,shallow_squat,216,0,145.91408887687436,149.5191641895162,148.31492709746516,0.5893162182290131,0.6003600642010006,0.04282624938382957,0.16823918291175877
shallow_squat_2.mp4,shallow_squat,222,0,136.77798794959173,145.51176457235985,166.20694574647885,0.7175775585375478,0.5735165120892911,0.0018153845306739132,0.2075573448109953
shallow_squat_2.mp4,shallow_squat,228,0,126.76362158327882,141.70866344777798,161.42645021844586,0.6817556712919343,0.5414972304127671,0.00462340787050981,0.23363033246949802
shallow_squat_2.mp4,shallow_squat,234,0,124.04259508564078,134.37794244379282,162.29899269718064,0.6142019936704088,0.4982674282820086,0.008333145973438007,0.2293336472819724
shallow_squat_2.mp4,shallow_squat,240,0,120.32051600866373,133.6459699434162,165.44166570082083,0.6485359769348303,0.5147030678973702,0.01758883339421643,0.25927027665790303
shallow_squat_2.mp4,shallow_squat,246,0,123.20086101880244,136.38136576040088,166.51746682300677,0.6829888215213353,0.5435970811604056,0.05180170491680933,0.2626835705447382
shallow_squat_2.mp4,shallow_squat,252,0,124.52556841948106,133.91227667752278,168.74183099772418,0.6843344156446348,0.5348122183435575,0.04608736040512562,0.24802172467126454
shallow_squat_2.mp4,shallow_squat,258,0,130.29692608039832,137.1728992784329,164.32524941573263,0.6530442683360301,0.5654200362043799,0.029992942541183717,0.22331092325062477
shallow_squat_2.mp4,shallow_squat,264,0,130.57669366264565,138.69885099501923,165.10669092757104,0.6485357423208283,0.5707153929134061,0.02589788035579077,0.22393396525921566
shallow_squat_2.mp4,shallow_squat,270,0,137.9011245827892,137.58046319252884,165.8715929443607,0.6454184814892231,0.5701398328364494,0.022607599890963587,0.16045267937696406
shallow_squat_2.mp4,shallow_squat,276,0,137.87516697764872,140.5165321318278,164.58536059340128,0.6382383660801686,0.5506625331383885,0.018847998535806387,0.16873098985150192
shallow_squat_2.mp4,shallow_squat,282,0,140.09474508720626,146.30765822098775,164.277214915662,0.6745784753706622,0.5640362161076885,0.0074680578469671485,0.17830552761711568
shallow_squat_2.mp4,shallow_squat,288,0,133.75178723180483,145.09006809018896,162.326233857805,0.6863019175034111,0.59290341564897,0.020083848608851672,0.22400650888958976
shallow_squat_2.mp4,shallow_squat,294,0,135.20888288565212,144.15130750901872,158.95870366599246,0.731011038079022,0.5726571880856001,0.013666935683873855,0.19159233758980246
shallow_squat_2.mp4,shallow_squat,300,0,135.1152409358889,146.1917968327706,165.26841842626203,0.7262022593484215,0.5777510925329108,0.0023763614241505957,0.20195760961423428
shallow_squat_2.mp4,shallow_squat,306,0,136.59464917407433,144.638489088672,164.37253469130982,0.6983478658346107,0.5823875249418161,0.003992982845682752,0.19197142639126216
shallow_squat_2.mp4,shallow_squat,312,0,138.02291155573755,142.33152359664956,168.9948335426126,0.6643257715225727,0.5619908682600535,0.03835882140631492,0.1812776990632914
shallow_squat_2.mp4,shallow_squat,318,0,140.86434061039873,143.95898608513434,170.21544361065583,0.7790291359468635,0.588210903021523,0.039244663821756724,0.1730359188016283
shallow_squat_2.mp4,shallow_squat,324,0,140.7210361654934,144.31907557971735,155.86354616528487,0.3819186095199482,0.5426184174352625,0.13347884393536744,0.15727040433293119
shallow_squat_2.mp4,shallow_squat,330,0,152.5220698938538,145.48560107240198,163.05850813594444,0.7099495767845899,0.5985947104748627,0.07039113043427886,0.1073408126541081
shallow_squat_2.mp4,shallow_squat,336,0,144.79609356567028,146.11238212799847,158.0399225551855,0.5323182179796293,0.6012589297833718,0.027852013075719946,0.16933202585667445
shallow_squat_2.mp4,shallow_squat,342,0,143.77965419986282,145.4648211824007,162.6243866614153,0.6782803151206964,0.6062056868332637,0.035724130467234945,0.17242693742435952
shallow_squat_2.mp4,shallow_squat,348,0,145.32879144841763,150.04855258253914,161.40338339158907,0.6895802094629331,0.6467973722422842,0.024802656330502208,0.1862385951143688
shallow_squat_2.mp4,shallow_squat,354,0,150.84572195075296,155.73947208615587,166.37887702170698,0.7114954926001399,0.6458969744426551,0.01158511713285425,0.16143391460061074
shallow_squat_2.mp4,shallow_squat,360,0,153.8175407090931,152.35494129251902,161.70360633204695,0.631452297402421,0.658465562801897,0.012381633986654043,0.14857934191413924
shallow_squat_2.mp4,shallow_squat,366,0,155.8121964133932,153.8494699058762,138.27170535809773,0.46030047781478184,0.6464126270960792,0.04668144888460932,0.13932032207628253
shallow_squat_2.mp4,shallow_squat,372,0,156.3356163686492,150.09252667693403,151.66458422597208,0.53592893513598,0.6790414620687231,0.035448779732623864,0.14134456405557588
shallow_squat_2.mp4,shallow_squat,378,0,156.26684809774682,149.6815778912533,144.94213986290174,0.49739093494958014,0.6787715996710515,0.037161968335659816,0.1391728487214991
shallow_squat_2.mp4,shallow_squat,384,0,155.47223044218484,148.2031923433277,108.56318827481662,0.08082740957116916,0.677606330099752,0.07232975557521967,0.14140387794480622
shallow_squat_2.mp4,shallow_squat,390,0,153.96564966557568,155.97466654703032,157.55071365459006,0.6130122080046001,0.7063718497594018,0.021124992989480982,0.1749072909847786
shallow_squat_2.mp4,shallow_squat,396,0,153.06961086951878,153.5130594997698,156.5278679497965,0.5902331648229637,0.7068604082472755,0.027622553994339244,0.16968202634439503
shallow_squat_2.mp4,shallow_squat,402,0,153.02852008604282,151.9561130162702,151.14444476420496,0.5519921302612935,0.6994277317276063,0.037357110774080285,0.16549792978922417
shallow_squat_2.mp4,shallow_squat,408,0,154.36529960545985,151.68095256203316,102.61831488886646,0.02008918883904136,0.7193081619398367,0.07607454455159025,0.15672790809887863
shallow_squat_2.mp4,shallow_squat,414,0,154.48896287889704,150.8680196986094,83.10635818897116,0.19809121351926556,0.6969454852679684,0.10910657783486537,0.14688355917826806
shallow_squat_2.mp4,shallow_squat,420,0,156.80539669466734,152.21738476256604,96.69740258540752,0.05123753944078259,0.6900473783613006,0.1303812711677468,0.12581340712194344
shallow_squat_2.mp4,shallow_squat,426,0,158.03675132200942,154.28458639708853,93.3154445618828,0.03923514132445671,0.6724432913935645,0.16390805053972318,0.09524092385746372
shallow_squat_2.mp4,shallow_squat,432,0,155.40928086631217,154.75730765500822,144.24385214389832,0.3443776604614051,0.6614395900661653,0.1559845046390048,0.10632572543648527
shallow_squat_2.mp4,shallow_squat,438,0,154.13099036720877,149.2628674040769,139.7106435969731,0.3054319138559807,0.6244902925423086,0.15892108701379878,0.1062773184590963
shallow_squat_2.mp4,shallow_squat,444,0,153.04983698781612,146.55002314962016,137.22229112049126,0.2576849493760396,0.6002590184814491,0.17155477650843018,0.09669892713916887
shallow_squat_2.mp4,shallow_squat,450,0,154.73689718782958,139.79617831271383,48.60282652776199,0.3913054375961159,0.5693830364302814,0.2171769911163502,0.06362382499640415
shallow_squat_2.mp4,shallow_squat,456,0,153.89561904302226,144.70860057267342,76.39833754229,0.04353990569488003,0.5651310299638214,0.13295924938960704,0.09371753913460627
shallow_squat_2.mp4,shallow_squat,462,0,145.04302811478203,140.0969693201157,148.21173805931332,0.5187276220491903,0.5350024544366206,0.1259835909409398,0.12052130260860856
shallow_squat_2.mp4,shallow_squat,468,0,144.59619317856777,133.7229666562123,127.91780562824232,0.1983723816923299,0.5252611408973967,0.12727439724097234,0.10279855640748804
shallow_squat_2.mp4,shallow_squat,474,0,144.31872206652542,132.30280107673713,25.835428611494244,0.37687837100882726,0.4972666633049225,0.1514124383235542,0.08345982852854388
shallow_squat_2.mp4,shallow_squat,480,0,136.82691469775241,128.26960048020422,33.10330764591875,0.4355661445335242,0.4737963377697903,0.15293124105762212,0.11283397594352429
shallow_squat_2.mp4,shallow_squat,486,0,134.50911334334515,125.06648707795443,155.60044811732493,0.5915956523697147,0.41048951225390035,0.12383404893702497,0.11032538506019733
shallow_squat_2.mp4,shallow_squat,492,0,116.5765611413128,122.66960891736284,163.33355399788732,0.6879308914558,0.39301002432488524,0.07261438877599691,0.19763865473792694
shallow_squat_2.mp4,shallow_squat,498,0,118.410554183653,121.28646458216038,165.78971922419368,0.633706686058918,0.3760670633904831,0.05212169065545864,0.17715044948687209
shallow_squat_2.mp4,shallow_squat,504,0,116.86766838599557,122.24322680307134,161.55864244777436,0.6048602279597952,0.37560474280092376,0.029345855437525447,0.19447174604090522
shallow_squat_2.mp4,shallow_squat,510,0,116.51489866741981,122.6101536389302,161.16011918267216,0.6148923765032147,0.39977276231401104,0.02882999780667251,0.20128559570012575
shallow_squat_2.mp4,shallow_squat,516,0,118.30858113234181,124.93720988478769,159.33456235372336,0.6099502778526118,0.40341529346206023,0.021541239262441215,0.19571010295646374
shallow_squat_2.mp4,shallow_squat,522,0,116.9320980471286,122.0269966712197,160.63047460630926,0.6289547593623015,0.39598899844692315,0.01579035230272915,0.2029656043304646
shallow_squat_2.mp4,shallow_squat,528,0,114.94964660448277,123.20578798218297,149.397563439676,0.6276309485880066,0.39082681517635554,0.019477817762219147,0.21242468927372157
shallow_squat_2.mp4,shallow_squat,534,0,116.93178517604083,123.41491807803948,161.8631587959394,0.6168969964505588,0.39131561024297506,0.03279638329413481,0.1943530847209813
shallow_squat_2.mp4,shallow_squat,540,0,116.97329898542779,123.87300647113578,161.61984777627626,0.6759334508080838,0.3898127997224745,0.039486413337652994,0.19129958770624053
shallow_squat_2.mp4,shallow_squat,546,0,120.7378759524563,121.69096729982478,164.0866220711785,0.6731273993389133,0.37933279643476076,0.045459328718828726,0.16489219819109963
shallow_squat_2.mp4,shallow_squat,552,0,120.59657118606684,124.68668810356986,164.46098820319534,0.6698258215730466,0.40819817897177885,0.03976586480041855,0.1854394170632072
shallow_squat_2.mp4,shallow_squat,558,0,116.46319315842669,124.74192456389456,166.10914015429867,0.6818192537692781,0.4078888250637976,0.02583242904325399,0.21628819166689897
shallow_squat_2.mp4,shallow_squat,564,0,115.66057955657921,125.8102995814486,165.17531600995616,0.6984757325297222,0.4147401707677909,0.01756403886089526,0.22782585395755958
shallow_squat_2.mp4,shallow_squat,570,0,120.85662592321674,128.58366601991065,162.48225412108096,0.6521774138277896,0.4364521444430751,0.027398435750281627,0.20138999695490153
shallow_squat_2.mp4,shallow_squat,576,0,121.36724042997355,129.36625876298572,162.05399632657378,0.63060599124953,0.45009384310843603,0.009361175532636339,0.21215410809624557
shallow_squat_2.mp4,shallow_squat,582,0,129.8598057182883,132.4849315605478,151.5059251683916,0.658759497573508,0.4760410089735065,0.012913808628760121,0.1751759828347756
shallow_squat_2.mp4,shallow_squat,588,0,132.9523767056731,136.85347621274437,154.04718656481936,0.6181664815940076,0.4643429043189623,0.01927707248959501,0.16142063119592034
shallow_squat_2.mp4,shallow_squat,594,0,136.4545969953547,139.14689165957898,144.80508518348165,0.47067121314540405,0.5222038287178117,0.011692044089345818,0.1623343734032087
shallow_squat_2.mp4,shallow_squat,600,0,138.39927250940937,144.49046035068773,162.2027091139612,0.6323178040728114,0.5664679680150148,0.008303859658097509,0.18210631532317226
shallow_squat_2.mp4,shallow_squat,606,0,142.26115777085326,145.2177153867974,112.26798805049512,0.19135583831122213,0.6010788638382103,0.061783357740555496,0.15182565041883841
shallow_squat_2.mp4,shallow_squat,612,0,144.18248092385903,143.6840638275535,146.8107955798274,0.42284461636103926,0.5892513244641693,0.023470433778311265,0.14895037193946992
shallow_squat_2.mp4,shallow_squat,618,0,144.42025983494824,142.69000932282228,161.092246777382,0.6341688210393961,0.6005252246691196,0.01581393324165858,0.1503977784902304
shallow_squat_2.mp4,shallow_squat,624,0,146.64300406699738,143.50836006278934,125.79722518288776,0.25664327832414,0.5951850012534149,0.021659413101831823,0.13833330402806057
shallow_squat_2.mp4,shallow_squat,630,0,147.47882394744028,141.94834752015507,106.4321872620276,0.08065673906784761,0.6072996847701894,0.05994419058432993,0.1355516763885303
shallow_squat_2.mp4,shallow_squat,636,0,148.92733061039257,146.19864617929062,102.90257263785873,0.020065475177056126,0.6158690542393149,0.04645934744782571,0.1382030534246376
shallow_squat_2.mp4,shallow_squat,642,0,151.34493167458896,141.4524221878121,136.3839436370735,0.27326141911231555,0.5935204668886896,0.016078845613917023,0.130505175211268
shallow_squat_2.mp4,shallow_squat,648,0,153.36020418665368,146.41360775653877,101.60091404909058,0.010866583874237154,0.6167769055239523,0.05167325107153888,0.1160992433330356
shallow_squat_2.mp4,shallow_squat,654,0,149.63996807189454,144.01268931939615,155.98978364936568,0.5300258815286218,0.6000442099163722,0.047677261393918285,0.13152576764995702
shallow_squat_2.mp4,shallow_squat,660,0,143.32239768235092,147.3409646653635,159.1731638258575,0.5671838639238131,0.6117329035647071,0.038262028613161726,0.16688784158448727
shallow_squat_2.mp4,shallow_squat,666,0,139.33191662431645,145.42639241894042,161.32545349754668,0.6598957614378849,0.5864898242343832,0.043574965576869726,0.16616766022390994
shallow_squat_2.mp4,shallow_squat,672,0,143.6044780260422,143.34644382054788,153.739662794466,0.5914008756976022,0.572867166644221,0.033579950507339064,0.1390254303054517
shallow_squat_2.mp4,shallow_squat,678,0,139.98371565850536,137.40392690152808,163.9956016609812,0.6602729051096486,0.5447366102854346,0.009428187857761151,0.1528632479200385
shallow_squat_2.mp4,shallow_squat,684,0,130.77010504673882,130.33767498926395,166.1984471079234,0.7098995211033136,0.5013272238120754,0.009756765192823568,0.184553200289348
shallow_squat_2.mp4,shallow_squat,690,0,126.93560732624191,130.7415845024048,165.64742934795208,0.69891585757259,0.49509539307430067,0.0026083924400318436,0.21617546789295122
shallow_squat_2.mp4,shallow_squat,696,0,126.88243041506853,129.06629135450964,159.72817315588154,0.6680268077849899,0.47196185321912093,0.008547319599002158,0.20001427645283004
shallow_squat_2.mp4,shallow_squat,702,0,129.0637888546383,130.17196369007104,162.14190181122837,0.662774315899459,0.49350332199560903,0.009099807238326998,0.18904051164641392
shallow_squat_2.mp4,shallow_squat,708,0,126.35384543001811,129.55832640683795,161.49816140186084,0.6422225496649406,0.4985728784742373,0.012295599358493422,0.20146528327625682
shallow_squat_2.mp4,shallow_squat,714,0,126.63241068341839,130.10722666795456,161.2427785730653,0.6360014199551787,0.5048064013549545,0.013439212299095811,0.20201188631427072
shallow_squat_2.mp4,shallow_squat,720,0,126.94694691538216,130.84385871253906,159.59013764299226,0.612714316872352,0.49357058040279705,0.01920647953211544,0.1984501394587275
shallow_squat_2.mp4,shallow_squat,726,0,126.99689032405392,131.17597060109122,159.64032636398045,0.6400873545495867,0.48413694941020585,0.021879094582541572,0.19837041570414302
shallow_squat_2.mp4,shallow_squat,732,0,126.20547251778086,130.09620714609468,161.49130250435022,0.6682741952995108,0.46545835262018515,0.04013770183348641,0.19448673982807635
shallow_squat_2.mp4,shallow_squat,738,0,126.09227694069952,134.14941800363943,161.05443528533925,0.6608287705097936,0.5056964793456709,0.04345042978986314,0.20501515489518735
shallow_squat_2.mp4,shallow_squat,744,0,127.61683906096737,131.47027170244553,161.53720257513407,0.6547156444610974,0.48644211272680793,0.039921249306514334,0.1971640625249343
shallow_squat_2.mp4,shallow_squat,750,0,127.81208506380986,130.6699101431946,161.1506487904709,0.6451247471331941,0.47465627383896036,0.032183284067433926,0.18953479539652127
shallow_squat_2.mp4,shallow_squat,756,0,131.29312761879603,130.45616077182592,160.27285874828672,0.6355118848943668,0.4615254633959369,0.04741357570385652,0.1557181547534448
shallow_squat_2.mp4,shallow_squat,762,0,127.35093889913239,128.7296500130887,163.68531918906245,0.6374348259866739,0.4324926809619624,0.008870514749008627,0.17185813710456835
shallow_squat_2.mp4,shallow_squat,768,0,130.41382527415615,124.83652537810799,164.08723926875953,0.6386843708187596,0.42519512080984584,0.08908911916826215,0.11248776752196193
shallow_squat_2.mp4,shallow_squat,774,0,136.50394219165923,128.29960955336938,163.88793170419106,0.6647804988781381,0.4551534962270944,0.10592854426090498,0.07595803987544653
shallow_squat_2.mp4,shallow_squat,780,0,128.3976741547194,128.90065005027466,161.34474856920784,0.6001971037506615,0.42372915710524656,0.04365893099862029,0.1437686508083122
shallow_squat_2.mp4,shallow_squat,786,0,127.56892728675255,130.21776737090207,165.32781149978643,0.6665176388349724,0.45495677153572667,0.029625202347288333,0.16457963625791716
shallow_squat_2.mp4,shallow_squat,792,0,133.14208408861677,133.59491338275458,167.92178525364847,0.6680540631072676,0.48125878457590093,0.05674894579676573,0.13927656975621483
shallow_squat_2.mp4,shallow_squat,798,0,133.2621444350885,130.83010221906713,78.18863013748692,0.042286321796589005,0.47346237646581235,0.06810555642156126,0.14703646298559642
shallow_squat_2.mp4,shallow_squat,804,0,133.8676877645803,135.43578912122135,163.77821470562935,0.5751761562182119,0.4872494786898254,0.03664265788609582,0.16741263683501928
shallow_squat_2.mp4,shallow_squat,810,0,133.30271430253282,133.090637786016,143.30546778839292,0.32637661550122965,0.4873824377511833,0.060961164956897754,0.163241639404785
shallow_squat_2.mp4,shallow_squat,816,0,136.4747244223986,135.8041725434673,154.26120601894362,0.5874616364277712,0.5107799410924072,0.06645507331524453,0.15228853899017417
shallow_squat_2.mp4,shallow_squat,822,0,131.39193994469488,136.29306296388302,155.1472208423712,0.6517786973736222,0.48434491327076723,0.06627268675374995,0.17403951617841798
shallow_squat_2.mp4,shallow_squat,828,0,130.06567461994632,133.75421221461895,161.09802024580054,0.6873060595068929,0.47943425226927305,0.04235724094320389,0.17844145415330293
shallow_squat_2.mp4,shallow_squat,834,0,128.85290268820233,130.94601650597983,165.85524894321884,0.6473826924990845,0.4549881318341406,0.012899558691062709,0.17703052965670557
shallow_squat_2.mp4,shallow_squat,840,0,125.34136293964428,130.73778378114113,164.4808523628622,0.6406301914441619,0.4641421249361714,0.008937744651981322,0.19754817186438905
shallow_squat_2.mp4,shallow_squat,846,0,126.56289546407515,127.88083920302475,164.0688967988443,0.6386502541552771,0.4589351430038598,0.008622629797681854,0.1866607197722304
shallow_squat_2.mp4,shallow_squat,852,0,125.25468651070227,128.20867109885768,163.06299882796614,0.6226396934703856,0.4425052560983451,0.040732489656909475,0.172374411365564
shallow_squat_2.mp4,shallow_squat,858,0,125.3106302129883,128.19500920782232,164.8700092480061,0.6431757392005032,0.44657960667260327,0.02168758791109315,0.19235476518086947
shallow_squat_2.mp4,shallow_squat,864,0,127.35046557731846,131.89701377789228,168.9642643963062,0.6819409381762791,0.46972322439989145,0.029423291478175326,0.19262413551805235
shallow_squat_2.mp4,shallow_squat,870,0,127.20497448730713,131.24495154532573,168.6688978727458,0.6645269802093151,0.4810895458569054,0.022295545106908586,0.20273547568966105
shallow_squat_2.mp4,shallow_squat,876,0,127.54742290450517,133.5493066741889,162.48489655273852,0.6702080320184669,0.48303255395884365,0.054842741939027745,0.19522997836869938
shallow_squat_2.mp4,shallow_squat,882,0,127.69808179305446,130.53461265348113,166.78289324514986,0.6667585729107731,0.4681947528566521,0.041542691477677154,0.1870151540550705
shallow_squat_2.mp4,shallow_squat,888,0,128.52314147766742,130.22509028155903,161.02262884407963,0.6909986144648574,0.4647281767289382,0.03923699277046973,0.17894050783389565
shallow_squat_2.mp4,shallow_squat,894,0,126.04464077267242,129.82362876070783,164.76999780382107,0.6349175461099031,0.4543696316873316,0.04408244771792388,0.18699823751714112
shallow_squat_2.mp4,shallow_squat,900,0,128.23854048927828,132.2012646782956,153.07330074792213,0.6252982628235721,0.4723641866893851,0.033652504719488094,0.1904086255773418
shallow_squat_3.mp4,shallow_squat,6,0,157.33723072631855,155.58080090286154,146.61444419664602,0.5860892785187747,0.6544770407261895,0.06263269524348922,0.15166770599981755
shallow_squat_3.mp4,shallow_squat,12,0,159.6901181063499,161.4873088555023,146.83031657070532,0.6059994430404096,0.6582051938623346,0.05595147282882298,0.13646723664592084
shallow_squat_3.mp4,shallow_squat,18,0,160.66130455414947,158.78491672133634,145.48158835543566,0.6208795178375308,0.6404350765843928,0.04462309423459019,0.11375062861330132
shallow_squat_3.mp4,shallow_squat,24,0,160.94809120751708,158.10568238663,157.58078927788085,0.6263673317381111,0.634382721099616,0.0575166038301979,0.11461204304281797
shallow_squat_3.mp4,shallow_squat,30,0,160.11032557028153,157.5354701394475,155.87037337815067,0.6322137558306248,0.6291788912548705,0.063373159023481,0.12276796488354828
shallow_squat_3.mp4,shallow_squat,36,0,160.1864841295993,158.27177336277146,157.2464248600734,0.6344021845892186,0.6152355805519483,0.05484512084239363,0.11750303564681855
shallow_squat_3.mp4,shallow_squat,42,0,159.89391579221345,158.75064941647605,158.56559146090714,0.6415623098541703,0.6276185850386895,0.0566515859901806,0.12377263359037799
shallow_squat_3.mp4,shallow_squat,48,0,161.12136435808537,157.61554390109805,148.39695376204767,0.6601103505200455,0.6348883010312377,0.05808128274283132,0.1251228850934434
shallow_squat_3.mp4,shallow_squat,54,0,161.5033875453966,157.8163801785856,153.51605581323807,0.6421009601914509,0.6329631046745681,0.06670782459468036,0.12360762376904647
shallow_squat_3.mp4,shallow_squat,60,0,160.76886071036583,154.95435571350436,154.61255312698208,0.658409117827122,0.6316631743879897,0.0703859375757682,0.1254227673325449
shallow_squat_3.mp4,shallow_squat,66,0,159.34702826477746,151.44915923958004,149.20273566880738,0.5813287134875941,0.6138539222780649,0.08386307236858373,0.13511578421985404
shallow_squat_3.mp4,shallow_squat,72,0,154.17523953120883,151.69523059275605,149.95681629719073,0.6263029217671964,0.5873983309584246,0.08839203120711539,0.1581456476558811
shallow_squat_3.mp4,shallow_squat,78,0,152.2270511274473,151.8280335895481,154.7819589134769,0.6445459005560074,0.59368055351762,0.08961083633922778,0.16304798034244425
shallow_squat_3.mp4,shallow_squat,84,0,146.76209518382655,149.85995206393181,155.06325588276223,0.6560233810350078,0.5904337025244029,0.08936385991141438,0.1857400176212211
shallow_squat_3.mp4,shallow_squat,90,0,142.31875569066688,144.33921277127476,159.97870442717252,0.671754338140617,0.5701011507012098,0.08211406509980455,0.20156544363202608
shallow_squat_3.mp4,shallow_squat,96,0,140.65983395618434,147.9178801852024,164.0643466203518,0.6539958934090613,0.5909960581363756,0.0891356523091485,0.21351622435046305
shallow_squat_3.mp4,shallow_squat,102,0,137.73400248709095,147.25642881438478,162.93744764115633,0.6785973368560622,0.5831334215969567,0.08757440223949303,0.2219320506694566
shallow_squat_3.mp4,shallow_squat,108,0,137.03578302003493,145.0069863447889,160.53320632169442,0.689887664041277,0.5781615785344528,0.08014385360562776,0.21812533730634562
shallow_squat_3.mp4,shallow_squat,114,0,134.49775860276003,142.05521148236173,163.04067864605045,0.6803440265037295,0.5725765983229346,0.10194725633773677,0.23407504138710264
shallow_squat_3.mp4,shallow_squat,120,0,131.95921392415025,139.72438572160917,160.48084475178575,0.6668761726241555,0.565389594633463,0.09515393542168188,0.23702723081058244
shallow_squat_3.mp4,shallow_squat,126,0,128.06819037704201,138.52247877208208,160.77892722854568,0.6684608370022972,0.5612912483202656,0.09497604628954,0.25477506905143266
shallow_squat_3.mp4,shallow_squat,132,0,130.9265063324886,139.20753526382933,159.751232101643,0.6661465949129947,0.5639790645644013,0.09821246472535329,0.23984680308277093
shallow_squat_3.mp4,shallow_squat,138,0,131.56819887887448,139.12694251947997,161.28289769369155,0.6882513155745065,0.575159084373763,0.09916007429120702,0.24386130528184624
shallow_squat_3.mp4,shallow_squat,144,0,130.17520901104726,139.85195379497594,161.53535049689395,0.6997452892363494,0.5774254722592439,0.11674634126265734,0.26329986865938304
shallow_squat_3.mp4,shallow_squat,150,0,132.95554430234625,142.33025807295147,156.23254639886878,0.6857287791928814,0.5796970384885464,0.11210227103871401,0.2535391889773142
shallow_squat_3.mp4,shallow_squat,156,0,136.22086666418627,143.85427603805235,158.58530926634373,0.6772903519104025,0.5823217518721323,0.11478336499058335,0.23431626917018628
shallow_squat_3.mp4,shallow_squat,162,0,132.96086278651921,142.7054764017197,164.33016092460406,0.6604233472097422,0.5752374907222754,0.11404511977383976,0.25337821420893664
shallow_squat_3.mp4,shallow_squat,168,0,136.18151496408345,143.5509326763213,166.2956393809373,0.6708591878700689,0.5680514347544813,0.09970099110492849,0.23126413466799248
shallow_squat_3.mp4,shallow_squat,174,0,135.0665658817184,146.25512796095185,166.88743998341388,0.6622463290761689,0.5631967733660618,0.10493717322348334,0.24033329787073046
shallow_squat_3.mp4,shallow_squat,180,0,134.15212188794365,146.08265279091273,166.2457877444936,0.6479864680085727,0.581954658816088,0.11084031983575378,0.2413198387286094
shallow_squat_3.mp4,shallow_squat,186,0,132.67967034747983,144.5351725630178,169.50179596469994,0.6480884033076718,0.5814566461919805,0.10961877233226945,0.24768504501567992
shallow_squat_3.mp4,shallow_squat,192,0,137.37744441005688,145.03678423226242,168.53110278842814,0.6356292667444049,0.5733964672339659,0.11128389731624791,0.2258523722255753
shallow_squat_3.mp4,shallow_squat,198,0,138.72668402304694,144.82654789544762,164.8989204156907,0.6409050212862962,0.5751194104024273,0.11130350209665239,0.22433654382644758
shallow_squat_3.mp4,shallow_squat,204,0,139.09950312063873,146.84518546734577,164.09327698284997,0.6419077236871527,0.5913152838822855,0.11082043900904663,0.2249849774124339
shallow_squat_3.mp4,shallow_squat,210,0,144.51213991662092,148.73767326289,161.75887236271473,0.6505729800189763,0.5910769009554399,0.1041657152127331,0.20113396018038907
shallow_squat_3.mp4,shallow_squat,216,0,151.07048448520146,148.77949201428282,156.9263023694892,0.5694201581249347,0.6462339469383921,0.1111276107309267,0.18570051083057396
shallow_squat_3.mp4,shallow_squat,222,0,158.13126964652002,150.60601248700155,149.2166975424032,0.616491968723205,0.6199040902009967,0.10789971841946934,0.15188562799501698
shallow_squat_3.mp4,shallow_squat,228,0,158.76165446642884,148.94674471918057,153.02624911450454,0.5398046582000203,0.6131772918512235,0.1095128821863476,0.15378888957991876
shallow_squat_3.mp4,shallow_squat,234,0,160.75209019602326,146.06984516775725,90.82401370115218,0.00777861915652187,0.6266850591406519,0.0990580492783229,0.14656981467595434
shallow_squat_3.mp4,shallow_squat,240,0,161.11079165625637,148.18042952679943,144.34629932641562,0.32600685993326406,0.64100169534684,0.1074744990460465,0.1513821330761297
shallow_squat_3.mp4,shallow_squat,246,0,161.0881455066501,150.9528895524167,154.9467238619631,0.553257649731155,0.6406364959399252,0.11505775688964846,0.15150879655577687
shallow_squat_3.mp4,shallow_squat,252,0,163.53475284961232,151.96776376933886,127.50203903689214,0.2754592328704208,0.647775738849061,0.10610092770874202,0.13924066902215496
shallow_squat_3.mp4,shallow_squat,258,0,161.35178825604643,153.22856683633506,153.26006566986993,0.592058644827729,0.6509522522920115,0.09976168688729117,0.1462894721050578
shallow_squat_3.mp4,shallow_squat,264,0,162.0534076755534,149.4421260989173,112.24650549898337,0.12226650880106676,0.6561558974795012,0.09318765115077383,0.1479222310376003
shallow_squat_3.mp4,shallow_squat,270,0,161.558053213224,159.33625748701283,147.425834761842,0.6541059394249592,0.6598479357609869,0.09364546630857741,0.15027884431938898
shallow_squat_3.mp4,shallow_squat,276,0,160.45630047594392,155.87701272076436,150.0150437549412,0.6754708932910275,0.6417294356967955,0.09057550554573021,0.15200062625953017
shallow_squat_3.mp4,shallow_squat,282,0,160.6071313759336,154.32019883146833,148.15452259080027,0.5639701182034556,0.6419646419152191,0.07084727398260925,0.15444190392632917
shallow_squat_3.mp4,shallow_squat,288,0,159.52660172054982,154.28631067761742,151.88671039623603,0.6023537833124977,0.6522906776969085,0.08964507692990496,0.161016003140557
shallow_squat_3.mp4,shallow_squat,294,0,158.448587705008,152.14617847108065,148.45405399483187,0.6467746831076122,0.646239884328936,0.0887707621691811,0.16269958973205026
shallow_squat_3.mp4,shallow_squat,300,0,156.89938166291395,155.51315072510812,147.90188712123026,0.6967507127732376,0.639146099515012,0.08938696050830529,0.16933056220789724
shallow_squat_3.mp4,shallow_squat,306,0,159.38318517465376,158.09960491160678,154.06333376260008,0.7175059680341922,0.6469413109958585,0.10475266102951875,0.15577996031972388
shallow_squat_3.mp4,shallow_squat,312,0,157.68645686434905,157.71899575408816,154.11745758949067,0.7132897918970394,0.6611884516749319,0.11111613713375233,0.166031891729235
shallow_squat_3.mp4,shallow_squat,318,0,158.92821607941428,163.35410249423737,152.25388488159643,0.6387982346741498,0.6486585398282958,0.12826431301038682,0.1662682328441774
shallow_squat_3.mp4,shallow_squat,324,0,159.34567842876544,163.02936174692664,135.60166848054573,0.38675474494483775,0.6821268252855949,0.15459695878391252,0.17863207033795106
shallow_squat_3.mp4,shallow_squat,330,0,166.35519407283627,164.6775660188682,135.01438748704356,0.3158035272986923,0.7154677953004973,0.14403551941198672,0.13977208362816523
shallow_squat_3.mp4,shallow_squat,336,0,169.22863486923885,165.36908775547266,141.59630820580412,0.448575330699423,0.7143208082077459,0.12876699984386664,0.11785276425262953
shallow_squat_3.mp4,shallow_squat,342,0,169.78916340950357,160.1877838946431,133.030995067807,0.32471662998031,0.7128297794962688,0.1299380367974928,0.11570906312001197
shallow_squat_3.mp4,shallow_squat,348,0,167.9643241068965,162.67675622778182,55.04687012441691,0.13844140722538995,0.7209201788078047,0.13886307349522933,0.13195928098029686
shallow_squat_3.mp4,shallow_squat,354,0,164.13718525965268,154.43054309367503,112.30863732871673,0.0915735888990612,0.7706680359767045,0.1446773023652153,0.16846439716275746
shallow_squat_3.mp4,shallow_squat,360,0,159.14144548372485,153.78717506441737,137.11381473507043,0.2064931674396316,0.7249899018382788,0.1611401001889247,0.1878901307057274
shallow_squat_3.mp4,shallow_squat,366,0,146.12641163189784,141.86952350965814,108.1645748650308,0.03238388317849451,0.6494109651395725,0.1523203239351759,0.23220199444564865
shallow_squat_3.mp4,shallow_squat,372,0,139.62116132913363,146.6061537727565,164.81810625095414,0.7300765371019577,0.6138874823559457,0.1289293602805606,0.23688104599772103
shallow_squat_3.mp4,shallow_squat,378,0,138.44358536028457,145.8655324762498,164.3189985304107,0.7798387660654446,0.612394191749635,0.12779514426597144,0.2279009636746628
shallow_squat_3.mp4,shallow_squat,384,0,138.99600641547514,144.78028265827822,160.23560205742393,0.7815159612943834,0.585983478479048,0.1422923694667339,0.22659943990566486
shallow_squat_3.mp4,shallow_squat,390,0,139.8314405728456,140.2101902550571,149.10539173947492,0.47357272234544817,0.6147294359648081,0.11902094583985462,0.21300479703079897
shallow_squat_3.mp4,shallow_squat,396,0,139.88102302053537,142.38438225757483,158.7886496459857,0.5587432281007179,0.5763831039347558,0.1144714544945145,0.2078416932782676
shallow_squat_3.mp4,shallow_squat,402,0,133.90944099760603,141.12729520791498,161.82985903197655,0.6643735293559738,0.5805557651332095,0.1253177531493299,0.2367282846833099
shallow_squat_3.mp4,shallow_squat,408,0,133.44976369985343,141.14375422073985,167.20281868797497,0.6449611195321863,0.5640125810992813,0.11475267870629553,0.22905592907924407
shallow_squat_3.mp4,shallow_squat,414,0,132.80372543966175,141.1657016217943,167.30699231450794,0.6563728851255349,0.5810225400355278,0.11939663495182977,0.23088640175636835
shallow_squat_3.mp4,shallow_squat,420,0,131.76943268257162,139.92010507072573,166.51671929138382,0.664005936294209,0.5769973149623157,0.12351987926804285,0.2373594967540995
shallow_squat_3.mp4,shallow_squat,426,0,127.82691829174166,140.33485962376827,167.7369465020561,0.6615155299731281,0.5784394292649137,0.13013382230673534,0.2617164381132292
shallow_squat_3.mp4,shallow_squat,432,0,129.70816920617736,142.27395187092566,168.11050103579745,0.6565274038620554,0.5733199345856332,0.12354973326003159,0.25203094768790624
shallow_squat_3.mp4,shallow_squat,438,0,133.7216800192146,142.94761943704694,164.64879237144146,0.6525726324619567,0.5706354380841482,0.12675166931230164,0.23444749266976314
shallow_squat_3.mp4,shallow_squat,444,0,132.73223198094792,142.43225665029016,163.41474561140276,0.6593028777136527,0.577641612814499,0.1269810952102799,0.23384066168733997
shallow_squat_3.mp4,shallow_squat,450,0,130.9720192804597,142.12660880218118,163.28804524776928,0.6617339632218355,0.576710347329736,0.12651523856993122,0.24485167926113335
shallow_squat_3.mp4,shallow_squat,456,0,132.54187379996628,142.47961689122258,166.45054415119336,0.6407529171531604,0.5673303214749223,0.1230132196658431,0.23870512426740373
shallow_squat_3.mp4,shallow_squat,462,0,131.3260454204264,142.48826758158253,164.00665458769896,0.6364496336710918,0.5639691018307422,0.12986899802768037,0.24695158880102674
shallow_squat_3.mp4,shallow_squat,468,0,132.9533586091306,141.35420100051968,165.80629636324153,0.6866683619800467,0.5639294134305408,0.11900512005900601,0.22086244367949015
shallow_squat_3.mp4,shallow_squat,474,0,127.18724843942537,134.62626446633462,168.3928021429527,0.6812750250853427,0.5127054660557412,0.1208849211788422,0.22805520256141087
shallow_squat_3.mp4,shallow_squat,480,0,124.18660150968718,129.95713924907764,165.8458432879592,0.6715784311400367,0.5041134241293411,0.12343405129251,0.2279264171995292
shallow_squat_3.mp4,shallow_squat,486,0,126.86380273377591,133.93785078645368,167.88731996415237,0.6662762678746308,0.5126337192663065,0.14883515163639197,0.22187956004279516
shallow_squat_3.mp4,shallow_squat,492,0,128.81121904518528,134.80307975001824,168.45063018825147,0.6566951705222185,0.5142978091947776,0.136551359068011,0.2077208850367297
shallow_squat_3.mp4,shallow_squat,498,0,130.4849083079622,135.07677128764084,165.91599982693558,0.6610349233174002,0.5174021076908637,0.1442526207005488,0.2053170784418773
shallow_squat_3.mp4,shallow_squat,504,0,129.6520948087292,133.16230754803297,164.3477185606464,0.6634797816728818,0.5178172878364268,0.13430975458368083,0.2051320576161961
shallow_squat_3.mp4,shallow_squat,510,0,126.68531980109157,134.23686280645651,165.82999396073117,0.665335525224736,0.518759899194915,0.14728604451223357,0.2270732002871367
shallow_squat_3.mp4,shallow_squat,516,0,129.3533245874807,134.5906555914636,170.98599933803834,0.6711628022096643,0.5063842681790882,0.15888611350971832,0.21895757655891065
shallow_squat_3.mp4,shallow_squat,522,0,130.9632927172973,133.95986309241894,168.02519986886887,0.6458173424306716,0.54089577539768,0.1565193189126841,0.2092541620286823
shallow_squat_3.mp4,shallow_squat,528,0,132.73290068688067,134.17864340787256,167.36185736901368,0.6236149615668246,0.5437178856392719,0.15329314949622552,0.20197768594189697
shallow_squat_3.mp4,shallow_squat,534,0,134.72928064999485,134.948480559589,167.57100764343306,0.6401646130658546,0.558266389349366,0.15370809573628696,0.1943622320974016
shallow_squat_3.mp4,shallow_squat,540,0,144.52958241026133,140.6852875361147,166.03035203524678,0.6775404375628744,0.6072863285544864,0.1564323707357776,0.1408422778016984
shallow_squat_3.mp4,shallow_squat,546,0,147.36710143431864,142.42134217636362,168.66503097782174,0.650312049768602,0.6083675788873322,0.1484977310877421,0.12179272971876247
shallow_squat_3.mp4,shallow_squat,552,0,145.39280132665982,141.46076106484665,168.65323583903267,0.6511811070133641,0.5800403297645256,0.15873490597800316,0.129928723227495
shallow_squat_3.mp4,shallow_squat,558,0,153.5452427157178,141.4996565300835,170.58786210167844,0.6418623869765163,0.5769768632972919,0.1529390617353685,0.06988162735258564
shallow_squat_3.mp4,shallow_squat,564,0,150.25270171339866,137.98875767192803,168.67077942292235,0.6258108310073813,0.5557408485320494,0.13955068230605386,0.07797140500311218
shallow_squat_3.mp4,shallow_squat,570,0,138.4907841894498,127.30851860738052,162.80129045713187,0.6211179842941581,0.4633296798576726,0.10855624911719702,0.11572436435166042
shallow_squat_3.mp4,shallow_squat,576,0,140.23023583246783,127.23313496275813,164.30415345427056,0.6211439712425166,0.4565074053249109,0.0936102719896487,0.10210351537257553
shallow_squat_3.mp4,shallow_squat,582,0,136.0660866042213,130.53906801656325,166.86521613006812,0.625292162848461,0.4752575222636741,0.08515869631367333,0.12996531543790155
shallow_squat_3.mp4,shallow_squat,588,0,135.52494403074962,131.37241992828856,168.23886288310823,0.6181099635830825,0.45660022797003863,0.08590552892978211,0.13483944270835452
shallow_squat_3.mp4,shallow_squat,594,0,139.33370051334396,133.67018828411096,169.55092934124522,0.615595535805321,0.4649207972194442,0.0886872558704687,0.11626464498234707
shallow_squat_3.mp4,shallow_squat,600,0,144.44621088660978,137.63249684495338,170.43833344421526,0.6065894872496483,0.5013863830664257,0.09235453972350759,0.10173177417774144
shallow_squat_3.mp4,shallow_squat,606,0,142.86195569441335,136.28610589715333,167.41553290807494,0.6078343812459007,0.4764652154901435,0.05688633124272985,0.10490835416394122
shallow_squat_3.mp4,shallow_squat,612,0,146.0832833689685,136.09220765349986,164.9598169870623,0.6180431134535017,0.49520754513091136,0.024540001060586465,0.09627188155240717
shallow_squat_3.mp4,shallow_squat,618,0,149.98385570950248,136.86171058668677,162.7203597006988,0.6231536523694221,0.5242134983532355,0.0031550945486318884,0.08255744815797544
shallow_squat_3.mp4,shallow_squat,624,0,140.66480391721677,132.95151372192623,159.35817180931815,0.6510805463876903,0.5217595938162751,0.0010739664619819594,0.1305900104965515
shallow_squat_3.mp4,shallow_squat,630,0,141.19831297558136,133.65301765564183,158.8642399761419,0.6511947840102592,0.5240895319057468,0.02080624679647572,0.12712697405207624
shallow_squat_3.mp4,shallow_squat,636,0,141.94716671983596,135.0141266235015,158.9829135324718,0.6502564869211531,0.5235211425742208,0.011294963523388685,0.12457689949040365
shallow_squat_3.mp4,shallow_squat,642,0,140.41530772346877,130.6054313041254,158.33017803611952,0.6630642218642898,0.48899447114919214,0.006493079541919936,0.12754968946527914
shallow_squat_3.mp4,shallow_squat,648,0,141.1890586499151,129.0448204745854,160.46315927870884,0.6462548396634573,0.44079521099215396,0.00714332738089395,0.11234358688404729
shallow_squat_3.mp4,shallow_squat,654,0,140.31117448027723,126.56716166374414,165.65538521915985,0.6471593006058476,0.4210918304936717,0.0014881282927730216,0.11583138504884331
shallow_squat_3.mp4,shallow_squat,660,0,140.46780232794413,128.39952749554618,170.57366524060225,0.6523398417856052,0.42178775213548786,0.03405274921592417,0.12239662805528143
shallow_squat_3.mp4,shallow_squat,666,0,145.17849019588363,129.3453093774115,172.91553487585568,0.6739184184611734,0.42903499627332103,0.024491122849352676,0.10205309702411021
shallow_squat_3.mp4,shallow_squat,672,0,147.5175361948611,130.60049597561027,170.6932264072485,0.6740312884317322,0.44679898427095555,0.027614884570041118,0.09410187814922821
shallow_squat_3.mp4,shallow_squat,678,0,145.3922737157252,134.13330652961753,172.89133344427643,0.6830324957636763,0.5003427410298172,0.043166459224833906,0.11020401706144713
shallow_squat_3.mp4,shallow_squat,684,0,140.82410041560962,133.13494673423563,173.14844320402838,0.7145421888806989,0.5063245071424602,0.08538416789261706,0.13743645782571678
shallow_squat_3.mp4,shallow_squat,690,0,138.30066892745813,129.29043363408925,167.5042036211249,0.7106507131392359,0.44911094413601477,0.1111678228830169,0.14598816121854807
shallow_squat_3.mp4,shallow_squat,696,0,139.96875288432895,133.03185569440453,175.61799310983665,0.7047380214420745,0.4923092014071303,0.1091258224980009,0.14475767931224845
shallow_squat_3.mp4,shallow_squat,702,0,146.44223376232256,142.52361164235768,174.98815077591652,0.7016954198923314,0.5534833054411659,0.11591346473504924,0.132998027157813
shallow_squat_3.mp4,shallow_squat,708,0,145.1294933712519,144.30691991035707,172.84308593792707,0.6952864212033191,0.6006767525323308,0.11733430983812403,0.14887220103493917
shallow_squat_3.mp4,shallow_squat,714,0,148.21208307514354,147.86100252745277,172.2754017737611,0.7065943337948539,0.6139738022660526,0.11790652350368881,0.14100975240228525
shallow_squat_3.mp4,shallow_squat,720,0,150.79499482118675,148.15434757953255,168.85431064332053,0.7089462023711983,0.6220083637880665,0.11049523969444587,0.13010061503315812
shallow_squat_3.mp4,shallow_squat,726,0,146.39339448869325,145.11054103356005,166.57189729110004,0.7006705294614811,0.6176100145441793,0.1075960486954996,0.15385320155725313
shallow_squat_3.mp4,shallow_squat,732,0,145.23987211504686,145.74894220276562,169.32426859301583,0.7169774299959781,0.626668890284438,0.10955599939710291,0.16072075644608033
shallow_squat_3.mp4,shallow_squat,738,0,142.36245728061093,141.9275579277846,167.32944282012235,0.6311112238810992,0.5801426507431596,0.1091771910225397,0.1669446968295674
shallow_squat_3.mp4,shallow_squat,744,0,139.15816773186984,138.318850978081,168.7159116001181,0.6633211679911096,0.5505463737018762,0.11699002602873415,0.16688179128190575
shallow_squat_3.mp4,shallow_squat,750,0,137.53305851078542,133.87412534719104,163.31820036638564,0.6901673567983342,0.5132971259353039,0.11419836593278984,0.15656996608408644
shallow_squat_3.mp4,shallow_squat,756,0,137.2385790366073,128.79719709435923,166.14124304283476,0.6336170996682797,0.4505140535007343,0.1346678412962839,0.15150378742946793
shallow_squat_3.mp4,shallow_squat,762,0,129.16498469491577,125.36188989159355,169.25385522465518,0.636728976976305,0.43611908406365557,0.16482075810752597,0.18837397497945815
shallow_squat_3.mp4,shallow_squat,768,0,129.25321297188006,125.4630549511278,170.06961096057057,0.6388041569223474,0.43466548116492426,0.14151904975863544,0.16984364836248808
shallow_squat_3.mp4,shallow_squat,774,0,127.90000684762202,123.96950885222427,169.6052640384248,0.6384342112652015,0.41938718610012726,0.1544463210042551,0.17991966262329379
shallow_squat_3.mp4,shallow_squat,780,0,129.89216513649814,123.98819941778092,171.72946179610693,0.619654493599801,0.42611347290216767,0.16755813747801263,0.17727318023367267
shallow_squat_3.mp4,shallow_squat,786,0,128.61144118707477,122.87915197496508,170.90410383003933,0.6435446853523665,0.4117443009378874,0.17400652908578343,0.18027960214873975
shallow_squat_3.mp4,shallow_squat,792,0,130.91567280471608,125.03746345730852,167.2167585128488,0.6319212470895117,0.4429623632695728,0.16283220820405,0.16669633896103725
shallow_squat_3.mp4,shallow_squat,798,0,123.29757160944784,127.5672994985294,167.99425733439338,0.6349844455712905,0.4499982970210836,0.15289439103895144,0.20395011380639982
shallow_squat_3.mp4,shallow_squat,804,0,129.59443157738707,126.32169734053774,167.87867883142928,0.6465024049649305,0.4447024899136096,0.15911506946300566,0.17875583039792203
shallow_squat_3.mp4,shallow_squat,810,0,132.81514275224552,132.39555974507192,168.76256251383708,0.6441154790284049,0.4675662257221561,0.16564850089107858,0.17209057088587204
shallow_squat_3.mp4,shallow_squat,816,0,133.61853963849418,128.65711217280028,169.1820426783705,0.6409541486178554,0.45767126962893956,0.15972871450200973,0.16896995207903645
shallow_squat_3.mp4,shallow_squat,822,0,135.4098394144143,127.11339177050182,169.01641723583842,0.6392916433488965,0.462407817048083,0.1809695270457751,0.1594257207715965
shallow_squat_3.mp4,shallow_squat,828,0,136.9917762534134,127.67522072829392,166.12092325121338,0.6273207248894608,0.4662669916711065,0.16881133444572735,0.14689665163161073
shallow_squat_3.mp4,shallow_squat,834,0,133.39203643463122,124.30840621134102,171.33789231729156,0.622179285317151,0.40412379905023404,0.14298923978014588,0.14098507255490822
shallow_squat_3.mp4,shallow_squat,840,0,132.15749840982068,122.63069207203263,171.172914846574,0.6232777304970689,0.3846955886233631,0.12766009239555945,0.13861007253778718
shallow_squat_3.mp4,shallow_squat,846,0,135.4218544766663,128.016830420641,171.65891535626147,0.6052800043870528,0.44799184263766245,0.12819938748329368,0.13414088215636805
shallow_squat_3.mp4,shallow_squat,852,0,135.38450527903586,123.959533983741,172.04872987817626,0.6332789868516118,0.4202408094241987,0.11029675401634888,0.1288879960236563
shallow_squat_3.mp4,shallow_squat,858,0,142.32349594091698,125.41524087769902,173.40900030702343,0.6509730487044657,0.4209656584396919,0.10916759163268991,0.10158762915317646
shallow_squat_3.mp4,shallow_squat,864,0,144.9202618852766,127.86882660669409,173.7789740600159,0.6535490749164683,0.4304576049285111,0.11349391817964802,0.09732754864399652
shallow_squat_3.mp4,shallow_squat,870,0,138.15539793747504,126.6838944428292,172.08398005700764,0.6603549108492003,0.3993162615988171,0.09711048494622326,0.11691672245205773
shallow_squat_3.mp4,shallow_squat,876,0,136.35035234879453,125.17021980427579,171.16279347734985,0.6744429327580272,0.36883776378415717,0.103548544988148,0.11961481766034048
shallow_squat_3.mp4,shallow_squat,882,0,131.47080116971622,122.6582550324864,171.34021378822553,0.6772274236510777,0.3342308608674944,0.14479817019972147,0.14452396156040853
shallow_squat_3.mp4,shallow_squat,888,0,143.78228259479488,133.55474411000745,175.2869510910106,0.7029749897585365,0.45591232141519555,0.13629143688337986,0.13070810312510564
shallow_squat_3.mp4,shallow_squat,894,0,149.03730958114437,141.4869906099426,175.51852129652048,0.698244686639228,0.5236378371891692,0.14313088656529774,0.11933666270490986
shallow_squat_3.mp4,shallow_squat,900,0,156.87632699294275,143.35693361865975,176.77818156906184,0.6844958174170133,0.553435673230194,0.13741969115135566,0.0827416817076151
shallow_squat_4.mp4,shallow_squat,6,0,160.390010975498,165.81450850747242,166.55387709484134,0.8149840601899907,0.6677362991355582,0.03590499797772546,0.1110440815354313
shallow_squat_4.mp4,shallow_squat,12,0,157.85150803514207,162.49078067019278,174.08383166639786,0.6991538183423709,0.6359814306536807,0.04020497557677433,0.10836027265519178
shallow_squat_4.mp4,shallow_squat,18,0,155.28053609406135,161.7891681701167,169.21336815434026,0.8166130009360266,0.6758141557665862,0.04923208892486157,0.13906217008307445
shallow_squat_4.mp4,shallow_squat,24,0,152.8591532657249,152.8538149839385,166.56799933729158,0.7799965475410975,0.6437503193075395,0.07568562719591573,0.16074505202362685
shallow_squat_4.mp4,shallow_squat,30,0,151.80915219217408,154.55337519164328,165.59142603699837,0.7962935382569881,0.6567937189562755,0.09232748608893784,0.1790267655660845
shallow_squat_4.mp4,shallow_squat,36,0,154.9961026397396,165.0985426472408,158.27512985498413,0.8950920407782219,0.6896626838476878,0.11428367068713215,0.18679798946343376
shallow_squat_4.mp4,shallow_squat,42,0,152.89855406551848,164.17961141059544,160.49489219387254,0.9241173498121708,0.6605105320123171,0.11588090600452237,0.1955359626090655
shallow_squat_4.mp4,shallow_squat,48,0,151.629038252394,163.23343235155554,165.77405007014755,0.9015833271859398,0.6425002323454532,0.14032970537710152,0.20220298059197264
shallow_squat_4.mp4,shallow_squat,54,0,153.58638753043715,165.10564144937828,165.05886880870963,0.8660171259020639,0.6496550709078484,0.12609467303960928,0.18814865079617696
shallow_squat_4.mp4,shallow_squat,60,0,156.57586381373395,162.95811386820606,166.60441634642544,0.9008132843231674,0.6894212375131791,0.1312745272985306,0.17660607120018526
shallow_squat_4.mp4,shallow_squat,66,0,155.15581088551363,161.44455107068993,168.6959051805235,0.901266534007228,0.666819687141712,0.11173816050652662,0.17800750420183586
shallow_squat_4.mp4,shallow_squat,72,0,150.0713114154803,150.2987338013854,165.76276391339889,0.8123354947418338,0.6428112366229238,0.08061173342809612,0.19733909459725948
shallow_squat_4.mp4,shallow_squat,78,0,142.01544273649287,146.07651674241208,154.95812790573703,0.7119267611738765,0.5663236585084084,0.053291745657740225,0.21284323239850347
shallow_squat_4.mp4,shallow_squat,84,0,141.36212970002342,145.89011334027316,155.40368056888832,0.6689045097061335,0.5590313209318809,0.022058028790215355,0.19836293846373781
shallow_squat_4.mp4,shallow_squat,90,0,143.8327631563447,148.07926959860134,156.3815067029381,0.6327781590012062,0.5617378947704181,0.023892203536065488,0.1855606464627643
shallow_squat_4.mp4,shallow_squat,96,0,144.5329857383776,150.21283746913994,156.4419178320365,0.6186145724737729,0.5769667839287348,0.04247630565567049,0.18924341233579534
shallow_squat_4.mp4,shallow_squat,102,0,142.30680473978163,149.97099450439427,158.4774409513794,0.6123421985134906,0.5845264135327787,0.07244648380436125,0.21752490679599756
shallow_squat_4.mp4,shallow_squat,108,0,142.91363592931827,151.0419763485782,163.0054648776637,0.6134722242921221,0.5871084822629324,0.0755166147910871,0.2118755097472488
shallow_squat_4.mp4,shallow_squat,114,0,140.19978410588234,149.5538710519163,164.43548969516493,0.6760767125701543,0.5839400275274087,0.07126766568827873,0.22650227659930097
shallow_squat_4.mp4,shallow_squat,120,0,139.53066357276188,146.59916638398641,169.54848258722953,0.7160969085564243,0.577535532307297,0.07366660129116756,0.23333723056368227
shallow_squat_4.mp4,shallow_squat,126,0,139.07888353854787,148.32361586043797,161.9814462860886,0.7050718129663242,0.5991159683969236,0.05494340065259211,0.23282701043301315
shallow_squat_4.mp4,shallow_squat,132,0,133.14467850613346,151.04995810571364,161.6484090704458,0.6806104733603485,0.5969199199701654,0.07577251335911853,0.2772969470217029
shallow_squat_4.mp4,shallow_squat,138,0,133.4202128156154,151.06362042291335,159.54704012480227,0.6801151707559224,0.5934058568412477,0.0647315748390154,0.2734468977157245
shallow_squat_4.mp4,shallow_squat,144,0,132.8832356212025,152.20106799908405,159.36340471006898,0.6985337306269574,0.5928784966120967,0.06702612731641058,0.27473068346801294
shallow_squat_4.mp4,shallow_squat,150,0,133.2842062568826,155.01889866096397,161.8595696979735,0.6903799324793198,0.5996866378371687,0.07437105863245479,0.2756588757135609
shallow_squat_4.mp4,shallow_squat,156,0,133.12770236921384,151.97390708053544,159.90152072331497,0.6984895807467748,0.609820184707329,0.07651265477251017,0.2768505230078599
shallow_squat_4.mp4,shallow_squat,162,0,133.46815511621233,152.65517870163802,162.62288145770103,0.6915299474293602,0.6031585237271999,0.07250651372891792,0.2715611756167712
shallow_squat_4.mp4,shallow_squat,168,0,132.90402759583594,152.28914692892616,160.0436753172744,0.7164533061871242,0.6016593242569402,0.07025423912509579,0.2736687660918763
shallow_squat_4.mp4,shallow_squat,174,0,129.4169295773915,151.2138775192893,165.62783304707997,0.7249962322405579,0.6030567720274165,0.07436854721219638,0.29652211902136444
shallow_squat_4.mp4,shallow_squat,180,0,129.88916786165902,151.64469293965314,168.3201795550393,0.7528289090346634,0.6170706659466152,0.07020069009490928,0.29327299277004115
shallow_squat_4.mp4,shallow_squat,186,0,133.27893462264518,150.61731504271435,169.03705602199815,0.7710681365245049,0.5956503562644788,0.08308225520305013,0.2761957138088871
shallow_squat_4.mp4,shallow_squat,192,0,134.47177633896646,154.01235558872267,169.44396258517148,0.7916296670042514,0.6044558812245578,0.07444116230070445,0.25957379237682915
shallow_squat_4.mp4,shallow_squat,198,0,135.414517147319,152.89717890645505,166.67354374494556,0.7479086622092345,0.6126646874318021,0.07448143227930511,0.25418562411491863
shallow_squat_4.mp4,shallow_squat,204,0,136.00689300645325,150.34819923308297,154.76895760682476,0.3282515672790435,0.6101308804777575,0.07845035390634009,0.2615202608281928
shallow_squat_4.mp4,shallow_squat,210,0,135.33607821433185,151.1484451273638,164.31473085391394,0.7057002261361952,0.6167771351388409,0.09839519571956828,0.2794436094294661
shallow_squat_4.mp4,shallow_squat,216,0,140.15115012439807,154.3234919002391,169.46478404333325,0.6969536633675915,0.6219409603636705,0.0968794191793918,0.24477188651190288
shallow_squat_4.mp4,shallow_squat,222,0,140.6971371973869,151.78639246005497,166.5642939841243,0.5294164544881282,0.6129835002158591,0.08948541158725762,0.23729357715989208
shallow_squat_4.mp4,shallow_squat,228,0,137.28438801085312,150.15958862623648,168.57045918747565,0.748782365882607,0.6120197740285714,0.0888670196700091,0.2581443202724207
shallow_squat_4.mp4,shallow_squat,234,0,136.8918224455602,148.61493202311172,159.7145152324896,0.37796562595207284,0.6069641792024553,0.08148666296254095,0.26203033661402375
shallow_squat_4.mp4,shallow_squat,240,0,135.2442289540627,155.36727633196338,171.34811619354022,0.717858515100594,0.5923895689028815,0.07932042194806913,0.26093131382832657
shallow_squat_4.mp4,shallow_squat,246,0,132.9117543852531,153.42113426651918,172.77720108484723,0.7798187494088299,0.5956377678407514,0.07574967291336972,0.27080403164415545
shallow_squat_4.mp4,shallow_squat,252,0,134.0687747460814,152.26903254813877,169.5198349981552,0.7269341186156686,0.5832069064082142,0.053960923555462684,0.2497819126572125
shallow_squat_4.mp4,shallow_squat,258,0,135.49321545206132,149.67403566399798,165.86709466355674,0.6794760827973495,0.5726878986480669,0.04062188987680634,0.23676020985401203
shallow_squat_4.mp4,shallow_squat,264,0,134.5686015684799,148.64961473281582,163.1060797829534,0.6641698996153235,0.5805301995150163,0.040390261318492056,0.24418203489213655
shallow_squat_4.mp4,shallow_squat,270,0,135.56583217409536,148.81451658956314,158.39343541933144,0.6630443203349571,0.5818072818828927,0.03693778752143485,0.24081877302526938
shallow_squat_4.mp4,shallow_squat,276,0,134.7131032580904,150.74257809529684,153.64547413972264,0.689394472930992,0.5902697744001955,0.03688185945912378,0.25039651982451333
shallow_squat_4.mp4,shallow_squat,282,0,134.87787682431812,148.1562932982136,157.2551159152054,0.710413131560915,0.6170068673731499,0.04777628770762146,0.2566566828760677
shallow_squat_4.mp4,shallow_squat,288,0,133.24159192336668,149.6013346994337,158.8284575945579,0.7064010806369896,0.6084298608842695,0.05249816628322032,0.26678817089994733
shallow_squat_4.mp4,shallow_squat,294,0,132.48630063058616,150.71805705180822,158.47576588116837,0.7070724130229376,0.6019299588003892,0.050725250419326566,0.26851196473589667
shallow_squat_4.mp4,shallow_squat,300,0,132.345799629589,150.18454469018906,157.0463883332321,0.7027070763307214,0.6021118813898296,0.03641751766983971,0.2661530312878352
shallow_squat_4.mp4,shallow_squat,306,0,132.02656473189293,150.43720920726943,157.39505233460088,0.711464110903524,0.6120243454790528,0.03407973047002472,0.26567333092739415
shallow_squat_4.mp4,shallow_squat,312,0,130.6288741231403,150.67971363344793,155.99294460026636,0.6934396488921447,0.6133585107525653,0.04074279983621852,0.2771851702670842
shallow_squat_4.mp4,shallow_squat,318,0,130.43116709447642,151.6569786872567,158.64916845106777,0.6945112664889057,0.6131478115418608,0.04755025760764447,0.27733071195148595
shallow_squat_4.mp4,shallow_squat,324,0,130.11848642020536,149.81647575956652,158.17123055716272,0.6901308243090922,0.6040000975321238,0.046370436533213745,0.2799458441231267
shallow_squat_4.mp4,shallow_squat,330,0,131.90670985103134,149.1394291429259,155.70812163367742,0.6906777914608523,0.6049195367573603,0.03948090145708658,0.269928741031464
shallow_squat_4.mp4,shallow_squat,336,0,130.77381541384094,149.15976392995208,154.16630454557,0.695487641586267,0.6030435705851765,0.046770059634130015,0.28334295657432607
shallow_squat_4.mp4,shallow_squat,342,0,134.89637599571589,149.85822812991626,155.14527367381106,0.7110315504993238,0.6188679752287913,0.05019310615820029,0.26610556983030237
shallow_squat_4.mp4,shallow_squat,348,0,133.94023877162167,149.76950347131375,154.61892362062534,0.7466196758662393,0.6028983670177948,0.04937055365068448,0.26573666174601623
shallow_squat_4.mp4,shallow_squat,354,0,136.8114459983689,150.79698216673154,153.7929795151254,0.7220678276841606,0.6126816555936819,0.044757597739507125,0.26076124954557356
shallow_squat_4.mp4,shallow_squat,360,0,142.85582613487148,155.34590491006858,155.15414160115142,0.6874508048217087,0.6344948009650428,0.05714884613793518,0.2442570628791885
shallow_squat_4.mp4,shallow_squat,366,0,149.3972229763664,157.1955127529467,166.67710226187236,0.635866117850044,0.6369095975640261,0.04860684084862923,0.2101013538144206
shallow_squat_4.mp4,shallow_squat,372,0,152.452604513383,157.1121998606192,166.49431168483844,0.6804801541967805,0.6422456101387994,0.05869750244794457,0.19493592870375195
shallow_squat_4.mp4,shallow_squat,378,0,152.20990022436587,158.5604473789356,166.47966777042043,0.672955092012853,0.6411463777018735,0.06959291238596987,0.19698996525653714
shallow_squat_4.mp4,shallow_squat,384,0,150.8533637935933,157.8918002564344,154.1895449574739,0.6501400441887655,0.6456238355200552,0.08788050607400798,0.2053130726279736
shallow_squat_4.mp4,shallow_squat,390,0,139.61662940434576,151.48791464190327,158.2129772028023,0.6606659993719026,0.5685778316944062,0.08414311767522105,0.2430724219405434
shallow_squat_4.mp4,shallow_squat,396,0,132.5508892955101,149.06004678617123,156.67163247044175,0.6850830183179053,0.598595272500758,0.08953082376414782,0.24334900640284451
shallow_squat_4.mp4,shallow_squat,402,0,137.11024741016598,147.80442263259505,160.31106464027818,0.6899759222175501,0.5615827578591349,0.1448323192054506,0.21628011137660835
shallow_squat_4.mp4,shallow_squat,408,0,125.52537679581044,135.64326001363315,163.78886008964503,0.6778168697725071,0.4931169931435618,0.12654913890442954,0.2573805342848135
shallow_squat_4.mp4,shallow_squat,414,0,125.44850808536249,132.70937113310916,163.17760453829592,0.6744523425442108,0.48403568547429726,0.10986212394702993,0.24063176191985416
shallow_squat_4.mp4,shallow_squat,420,0,123.31281907612644,132.00583218882173,166.4684016914179,0.6812923433068938,0.4705602077134932,0.10719599423002166,0.2341773913984877
shallow_squat_4.mp4,shallow_squat,426,0,127.35569970933848,132.70316545436788,166.6113363539947,0.6732180488296164,0.477599650373721,0.12182687533208723,0.22089498653709927
shallow_squat_4.mp4,shallow_squat,432,0,128.3323194012185,132.88554366990286,167.78670729871646,0.6883087742165389,0.4853175944326983,0.1346390766550136,0.21685403577669898
shallow_squat_4.mp4,shallow_squat,438,0,129.1647198870109,133.1635984308343,167.19350871156882,0.7106301140691903,0.498842881049468,0.16575898974720607,0.23587561612746458
shallow_squat_4.mp4,shallow_squat,444,0,130.9069258424779,134.47147978466376,165.36586982158357,0.6425115334540696,0.4938606617630492,0.18062716375194382,0.22129469141648186
shallow_squat_4.mp4,shallow_squat,450,0,124.76507014849538,132.3604326167706,167.82821400651517,0.6079484024356603,0.469609120454456,0.18798066441208724,0.24398785615117166
shallow_squat_4.mp4,shallow_squat,456,0,120.89619771452239,129.82753684836055,168.4574309573825,0.5982257464223526,0.46358328583024744,0.1920930632356782,0.24994583823494096
shallow_squat_4.mp4,shallow_squat,462,0,122.32064980631829,128.68447452506868,169.48920394676986,0.6249781126622465,0.4570388136700159,0.1919444765982629,0.24349381077385068
shallow_squat_4.mp4,shallow_squat,468,0,118.93597510455535,129.79987601266734,170.85145058413377,0.6352453714856261,0.47462572334776465,0.22165799418167456,0.2726545910745585
shallow_squat_4.mp4,shallow_squat,474,0,121.65657773660699,130.81106044254665,169.07052059832372,0.6363714913101987,0.4661230194924336,0.17711708501537518,0.2415159881522076
shallow_squat_4.mp4,shallow_squat,480,0,121.86532633821305,131.5039837526699,171.65538758838866,0.6764827008005093,0.4793496831045539,0.17765661090651355,0.24419928505442076
shallow_squat_4.mp4,shallow_squat,486,0,121.04121556569567,129.46086342262055,169.6253461076677,0.6726963014934717,0.4794366580733787,0.17918862597866597,0.24121423249766552
shallow_squat_4.mp4,shallow_squat,492,0,123.21591565978747,131.7292294176412,173.82077230677888,0.6867643542171645,0.471698982771344,0.16409610902291513,0.2256635989493341
shallow_squat_4.mp4,shallow_squat,498,0,121.83414132678598,132.65705124096195,169.84091622926812,0.6710285335372437,0.5045623641947069,0.20093185829308768,0.25432412094499146
shallow_squat_4.mp4,shallow_squat,504,0,121.87211005855927,131.30041437482913,169.25871192490135,0.6917686939513542,0.5104408358843054,0.2228856765207542,0.2689255840930384
shallow_squat_4.mp4,shallow_squat,510,0,121.54510961963291,130.08626081763467,169.40885980465103,0.6791297509527016,0.4999016561859755,0.21723821574827806,0.263194687047945
shallow_squat_4.mp4,shallow_squat,516,0,123.52053099903803,130.24127808392765,166.96033119417604,0.677540301751294,0.5033850518107289,0.22001375971537246,0.2664745908136737
shallow_squat_4.mp4,shallow_squat,522,0,122.31859758523646,133.05018245009074,175.19131415382452,0.6953430187420309,0.5031390324221224,0.21980555893275094,0.265707908905188
shallow_squat_4.mp4,shallow_squat,528,0,123.32788194763671,130.9065899768451,174.62977300736557,0.6755034643048675,0.4983388660816126,0.18168171139265046,0.24400656750007987
shallow_squat_4.mp4,shallow_squat,534,0,122.20105515405506,131.26326643124762,173.08837567870205,0.6740529303567734,0.49735454093184955,0.20752049302368575,0.2651594776411313
shallow_squat_4.mp4,shallow_squat,540,0,119.00031003516236,129.94230949095285,174.91243377008024,0.674367324027138,0.48888431318207215,0.19744888065824473,0.2749444020974871
shallow_squat_4.mp4,shallow_squat,546,0,123.3047494587802,132.3709417444247,168.1147810237022,0.6526557513060698,0.49920227645056436,0.17497825718398574,0.25319892523915044
shallow_squat_4.mp4,shallow_squat,552,0,124.4012546248495,134.42374781020672,166.4115898078905,0.6452731735816541,0.4995267852440259,0.1596989121346916,0.252649114140211
shallow_squat_4.mp4,shallow_squat,558,0,124.64875946626124,136.75386649728597,161.5509574948379,0.6645495101301908,0.5196844733227376,0.16205105702419542,0.26955018712582846
shallow_squat_4.mp4,shallow_squat,564,0,126.18342110411737,134.79058587098706,158.3620961826753,0.6349034620227177,0.5082728527265471,0.14000132533376927,0.2531462911801536
shallow_squat_4.mp4,shallow_squat,570,0,128.58327045090573,136.81349209352504,158.80791029606306,0.6575891336104402,0.5067877873185318,0.13176567438917924,0.25059498632497823
shallow_squat_4.mp4,shallow_squat,576,0,129.15298110920102,140.1922536286056,162.3599797339828,0.6573589373586295,0.5207628069306353,0.1432523181792911,0.26296639155692914
shallow_squat_4.mp4,shallow_squat,582,0,128.8298255723669,139.3209891390007,157.2482079670898,0.668380958963187,0.5211938961086077,0.1431643770366475,0.2674470060539847
shallow_squat_4.mp4,shallow_squat,588,0,129.76092069187024,138.41011358701329,159.95768650676732,0.6404470471880821,0.5127004304330111,0.12386573602333487,0.25577926305409
shallow_squat_4.mp4,shallow_squat,594,0,129.51121472223963,139.59970635242766,158.4347910011745,0.6321343315056552,0.5168974293690318,0.12376427897774049,0.25658205708749005
shallow_squat_4.mp4,shallow_squat,600,0,128.85889607401953,138.9375980380014,156.18882603716614,0.6469115534767156,0.5282979378857271,0.11390299526103967,0.25598832621775025
shallow_squat_4.mp4,shallow_squat,606,0,128.9997739494504,139.73637099318532,155.59639470618316,0.6534761621992103,0.5208868673477776,0.10787915824475125,0.25982196893534165
shallow_squat_4.mp4,shallow_squat,612,0,128.6548487344624,143.79804932447573,165.7523274207051,0.5913781229624981,0.4961561453431198,0.10575991299423428,0.2511237212025284
shallow_squat_4.mp4,shallow_squat,618,0,130.25090688835016,140.38050504656957,162.95221789014687,0.5970264782495037,0.49534643063049955,0.09755279101216655,0.24359285629939684
shallow_squat_4.mp4,shallow_squat,624,0,129.26220603231943,145.24430122915237,165.75706735045816,0.6349441824446583,0.4966519989839454,0.10569991776366228,0.2556536272149143
shallow_squat_4.mp4,shallow_squat,630,0,130.4119693704526,143.54632460395598,169.72768869372106,0.6452308742068851,0.49557317874151124,0.09812623334826108,0.24664700216975888
shallow_squat_4.mp4,shallow_squat,636,0,128.8302785754339,143.20794427349188,171.51241922916793,0.6426046464731601,0.49977779886865215,0.09673449217588082,0.2516282950406672
shallow_squat_4.mp4,shallow_squat,642,0,129.71708445519297,145.99040413483561,168.94594093484778,0.6673842323942349,0.5059654189548144,0.10713513610158605,0.2587212411305904
shallow_squat_4.mp4,shallow_squat,648,0,130.0123498549916,145.0705116662599,168.31244094153502,0.6423844680205523,0.5038526066533419,0.10589059334894765,0.2573689404664591
shallow_squat_4.mp4,shallow_squat,654,0,131.74423218058374,145.50485574928797,167.97175794604348,0.6192224752666751,0.5045013761899307,0.0939450345647473,0.2433264622313673
shallow_squat_4.mp4,shallow_squat,660,0,132.73081310734568,145.48932497834235,166.76533435686872,0.6151575920323956,0.5274235132975228,0.09168729561038873,0.2433751650845717
shallow_squat_4.mp4,shallow_squat,666,0,137.7708182712818,148.4232159562806,164.68231464500096,0.6107451934649287,0.5436812163675545,0.10671559540226976,0.23562181505207883
shallow_squat_4.mp4,shallow_squat,672,0,142.27369463108883,149.91921533948363,165.5910637064552,0.5884791658534725,0.5743230505319474,0.12226677934111331,0.2216864547539153
shallow_squat_4.mp4,shallow_squat,678,0,143.04162714719928,149.33888936810462,158.44623747121977,0.5977824805434473,0.5839320793535963,0.12263112759682686,0.22358754810914017
shallow_squat_4.mp4,shallow_squat,684,0,144.018004822947,150.95710415039724,159.96772197000018,0.5923277181752922,0.5807146725480058,0.12625606716518625,0.22526398040505236
shallow_squat_4.mp4,shallow_squat,690,0,143.713866617794,150.17745462079068,156.9884860492311,0.616191385760897,0.582040711769252,0.12557044237461518,0.22100660591089671
shallow_squat_4.mp4,shallow_squat,696,0,142.35401081537577,152.34014664427278,158.86442378569643,0.6720849452586687,0.5998087285822377,0.13818191092944063,0.23791364877008586
shallow_squat_4.mp4,shallow_squat,702,0,143.0025454339769,148.90053118247317,164.53461906502972,0.6549248814559775,0.6017909695978497,0.12609666619356213,0.22796626687145477
shallow_squat_4.mp4,shallow_squat,708,0,143.83325621930047,149.49180709898133,161.63464774862808,0.6599593119116097,0.599060747016085,0.1340615004098942,0.22271291017913916
shallow_squat_4.mp4,shallow_squat,714,0,144.65797765265296,147.5240835496727,158.39238102516958,0.6920610727719338,0.6141739885613214,0.12652774387832275,0.2172505142778619
shallow_squat_4.mp4,shallow_squat,720,0,142.97402895650737,146.01964672576224,156.52822098244366,0.6804903335892587,0.6131127587692268,0.12808614490347556,0.22518114818856574
shallow_squat_4.mp4,shallow_squat,726,0,141.65372220481487,146.68735054586205,161.9251169671199,0.6796833149466669,0.6057413374689824,0.14041872617710324,0.23387263686144738
shallow_squat_4.mp4,shallow_squat,732,0,141.10364891939187,146.2288612262378,162.48759574799107,0.6559981078888564,0.5861065176749317,0.13528173848787395,0.2296068204877416
shallow_squat_4.mp4,shallow_squat,738,0,138.29141957690743,141.40533485314552,158.57928765047126,0.6682160450312608,0.5617663695965133,0.13651076571997053,0.23203011480117924
shallow_squat_4.mp4,shallow_squat,744,0,132.0444209188789,138.25407371496792,159.3783627105554,0.681644240324583,0.5215935936336842,0.13603913322708208,0.25667447877156907
shallow_squat_4.mp4,shallow_squat,750,0,129.67299787229913,136.64452268418017,161.49147809656256,0.6517614018332466,0.5072434227491854,0.12302231634346371,0.24657405218280082
shallow_squat_4.mp4,shallow_squat,756,0,126.01353260103946,137.5635566505641,162.032664427996,0.6482446157392234,0.5149407618388638,0.1535356067490161,0.27093625259505444
shallow_squat_4.mp4,shallow_squat,762,0,126.8245704450319,136.5768542759656,165.20014402828144,0.6553896399495637,0.5129744100738839,0.15201616116664365,0.25636805900466797
shallow_squat_4.mp4,shallow_squat,768,0,125.6605665390472,138.39003593109538,167.18139014426424,0.667227305646243,0.511601387400324,0.16278301137752113,0.2692437031328271
shallow_squat_4.mp4,shallow_squat,774,0,125.56871497210861,138.81122932688652,167.40826098122957,0.6658482484073559,0.5085391486582845,0.14053691355085612,0.2614145873146959
shallow_squat_4.mp4,shallow_squat,780,0,125.93810613052334,140.14101387987924,167.21868363027315,0.6694131856563719,0.5086057659471573,0.14194732255874945,0.26058620269693206
shallow_squat_4.mp4,shallow_squat,786,0,124.70769797018549,138.0754500944402,166.02689450461799,0.6743938908115169,0.4890846442930505,0.1441529037451374,0.26488078585649444
shallow_squat_4.mp4,shallow_squat,792,0,123.04319950732584,133.5568531671062,165.7936739109046,0.6807218231634041,0.4731240186167758,0.12206609927683638,0.25542310074149965
shallow_squat_4.mp4,shallow_squat,798,0,119.46907720506373,127.82719121363195,160.18775704773049,0.6674794630684525,0.4732688039737587,0.11269257871177582,0.26076021552572953
shallow_squat_4.mp4,shallow_squat,804,0,119.42950293614891,131.71603131313677,164.4240659262557,0.6583935680137402,0.47871435606131807,0.11845144871877285,0.2635992671028032
shallow_squat_4.mp4,shallow_squat,810,0,122.25388894531757,131.76032868797412,164.26020112525143,0.6633584216472256,0.46642051183727773,0.11685419245890089,0.25133731073615456
shallow_squat_4.mp4,shallow_squat,816,0,120.3002571921854,130.6746719227896,161.40555625413324,0.6475827896549886,0.4595893128273559,0.11082754455961112,0.25185120603478756
shallow_squat_4.mp4,shallow_squat,822,0,121.1288725625646,137.06911141596353,165.40162515986933,0.6529987919460465,0.4852770478994657,0.1080722532107203,0.2550956883463587
shallow_squat_4.mp4,shallow_squat,828,0,121.99672060993811,135.92227851640624,163.50918415188133,0.6591699157468797,0.4989854533838605,0.11313753511370502,0.2603475337086771
shallow_squat_4.mp4,shallow_squat,834,0,123.5176136303436,137.0126968446242,163.0093051206202,0.698199831187744,0.5078475509507978,0.1198161170705232,0.26944836157398966
shallow_squat_4.mp4,shallow_squat,840,0,128.31476300280482,140.86654916049918,164.0537794937116,0.654782181398126,0.5184517539037863,0.11054064937568157,0.25364197795717375
shallow_squat_4.mp4,shallow_squat,846,0,132.54876741035608,143.6895172274389,161.82115018709112,0.647158135880146,0.5247147201140857,0.09973098037432997,0.24473337389385957
shallow_squat_4.mp4,shallow_squat,852,0,133.71825291680125,147.2224580609829,162.58530561035968,0.6451587440965726,0.5323702532330611,0.11592192734267646,0.2562340043029095
shallow_squat_4.mp4,shallow_squat,858,0,136.82898315438354,148.71840350674893,165.28697066840894,0.6537694037140868,0.5436392812811172,0.11646983263510814,0.24411493631534964
shallow_squat_4.mp4,shallow_squat,864,0,137.77013249441774,148.4505603943435,165.5881796146201,0.6528429771628794,0.5554416847756558,0.10945702704211485,0.23884341440651852
shallow_squat_4.mp4,shallow_squat,870,0,138.00576295241433,146.60822891505765,167.43685363352282,0.6587564294776848,0.5619830407759883,0.10796795932282265,0.2376656728917357
shallow_squat_4.mp4,shallow_squat,876,0,137.9203802313469,146.5990672856657,167.97700835017667,0.6618107348227037,0.5664734764073768,0.1089216486170918,0.2344925381774444
shallow_squat_4.mp4,shallow_squat,882,0,137.834464827628,146.64122702154168,165.13245654013735,0.6740428415470492,0.5585224011964653,0.11194489789390431,0.24025825133009998
shallow_squat_4.mp4,shallow_squat,888,0,137.07951806677926,146.63686949885158,165.5332841569831,0.6996644121998498,0.5670175539525468,0.1159394746548691,0.24286218180949748
shallow_squat_4.mp4,shallow_squat,894,0,136.77167040661774,148.03590128707688,165.10288997993268,0.6866603164923565,0.5591489641901796,0.1084619894274586,0.24150354886542985
shallow_squat_4.mp4,shallow_squat,900,0,135.92984534922573,143.06232568678,163.36086330701292,0.6753591740548962,0.5400901226162512,0.1091896322247234,0.2402583487568331
shallow_squat_5.mp4,shallow_squat,6,0,139.57398481549046,141.20632087134163,164.11116149294497,0.7491783021690026,0.48820522988847503,0.0048254850006073866,0.1639770972755727
shallow_squat_5.mp4,shallow_squat,12,0,135.6740975543972,140.54145678057986,166.35956934518163,0.694165830378124,0.47778510354899323,0.004804882221831561,0.1779302231345074
shallow_squat_5.mp4,shallow_squat,18,0,136.43221968466412,141.75788387183354,170.68858046615276,0.6931267706659371,0.48916638092648973,0.014548276289039786,0.17968843644828814
shallow_squat_5.mp4,shallow_squat,24,0,141.6579789489165,146.53483002938896,163.44381484921763,0.672412203269128,0.5185973560277544,0.005133738484074637,0.1551083940915603
shallow_squat_5.mp4,shallow_squat,30,0,142.43606147635356,147.13965034272147,167.18435295002652,0.6534522725272781,0.5186435152654842,0.016742476244019786,0.15141109429956953
shallow_squat_5.mp4,shallow_squat,36,0,142.35230020441358,145.20556102312392,168.5848629207789,0.6632826958966407,0.5319069530043846,0.01333811264141601,0.1556501587554246
shallow_squat_5.mp4,shallow_squat,42,0,140.46777909554632,142.75470407808348,168.9152224355648,0.6386428789118487,0.5151584752650952,0.010650173285450069,0.16497525940421537
shallow_squat_5.mp4,shallow_squat,48,0,138.89145505695558,144.19306107570154,164.6475262530785,0.6391681555667243,0.5318180165870702,0.015628767644344885,0.18020262336818718
shallow_squat_5.mp4,shallow_squat,54,0,139.85660393179626,146.59495269539983,169.9371235768628,0.6432355196220025,0.5363972166202542,0.013988317657340488,0.18062389079977414
shallow_squat_5.mp4,shallow_squat,60,0,140.25361774226656,146.307542098532,172.39155668582734,0.6403714558778043,0.5357274410522724,0.0035724792343030183,0.18323486837564085
shallow_squat_5.mp4,shallow_squat,66,0,139.16882025095646,146.0424493111002,166.66989000470704,0.642970386824253,0.5415057012427861,0.0033188238427269887,0.19172625364566012
shallow_squat_5.mp4,shallow_squat,72,0,136.9891396670594,146.17941115634056,163.61851940700834,0.6752305144680305,0.551874845363443,0.01768512996783631,0.2085301763231911
shallow_squat_5.mp4,shallow_squat,78,0,135.1149217621582,145.29028333779115,166.0916704922063,0.6368159623603303,0.5451443368304913,0.014053660868270373,0.20812132488507376
shallow_squat_5.mp4,shallow_squat,84,0,134.329193311774,142.98353218143566,166.69274517908732,0.6418102569047972,0.529931464710602,0.017867947042307812,0.21220244419271078
shallow_squat_5.mp4,shallow_squat,90,0,136.07514081687256,141.84248813965684,170.23829325170195,0.6297762186205158,0.5185465140074115,0.0033904906156223386,0.19366688515372443
shallow_squat_5.mp4,shallow_squat,96,0,137.70605789978413,141.39753603255437,166.60305788012317,0.6579531128078109,0.5286890230555802,0.0024644989783965394,0.1852381515378151
shallow_squat_5.mp4,shallow_squat,102,0,137.7859002398824,141.35003802405592,162.07273809693666,0.6646155615964362,0.5328429024545944,0.013717609294570787,0.18165658808611
shallow_squat_5.mp4,shallow_squat,108,0,137.14276936832545,141.02457636504442,155.3085088697181,0.6920420947484773,0.5303126261653097,0.014935906524511228,0.19083159662982452
shallow_squat_5.mp4,shallow_squat,114,0,137.68114910457444,141.06225617956605,156.5945074372099,0.6856744308742232,0.532979748165716,0.009947205430029986,0.18568307821297322
shallow_squat_5.mp4,shallow_squat,120,0,137.36491044018788,141.78688062676653,162.05459285122893,0.6791281529991179,0.530844525644068,0.0004131899280529674,0.18785234111156868
shallow_squat_5.mp4,shallow_squat,126,0,134.15025607938088,140.89002338336365,163.845756483292,0.6779207458859107,0.5227047821801851,0.007464196458635936,0.21303245857081046
shallow_squat_5.mp4,shallow_squat,132,0,131.3190148996546,142.00139451466157,167.42438839737704,0.6490297935550315,0.5357603969972127,0.005070101183893872,0.22181739186640195
shallow_squat_5.mp4,shallow_squat,138,0,130.92322935319976,140.70427628876863,167.96456984844062,0.6646117260924128,0.5386184084184624,0.005035429167969546,0.21097594925889535
shallow_squat_5.mp4,shallow_squat,144,0,128.39753745004134,138.06987150718558,165.96588676363797,0.6624626378912608,0.5298494718670623,0.020669907963540804,0.21769134646233967
shallow_squat_5.mp4,shallow_squat,150,0,125.84273550343525,133.81753451913025,173.50357792900317,0.6619572280593741,0.468675969095372,0.021903268241042436,0.21346008714177864
shallow_squat_5.mp4,shallow_squat,156,0,127.2736389437737,134.43878418410034,173.81343999538365,0.6503723574735044,0.47255126623389976,0.006871950959871198,0.19378806816030159
shallow_squat_5.mp4,shallow_squat,162,0,128.42410932042685,136.14590267470882,173.371698051828,0.6400253803534567,0.47708740557544044,0.017338739476843383,0.20106098763657945
shallow_squat_5.mp4,shallow_squat,168,0,129.61991423502343,137.1731850337662,175.12699136958955,0.6441267622283507,0.46606881465592115,0.024523914015103107,0.20786483954130974
shallow_squat_5.mp4,shallow_squat,174,0,130.04941700250558,136.65501851170686,175.28225769499429,0.6575258909318653,0.46738822666773977,0.027008645171465912,0.20665099281830634
shallow_squat_5.mp4,shallow_squat,180,0,129.63351662476632,136.4438159987015,172.58581097464793,0.6813620554571604,0.47566454146584647,0.02168847837631578,0.21025883654461228
shallow_squat_5.mp4,shallow_squat,186,0,127.91765117021194,141.15355089274652,170.28538547691647,0.6666778070265548,0.48309276664266,0.04801170075674418,0.23649907921663685
shallow_squat_5.mp4,shallow_squat,192,0,130.8516055330245,142.69116581732092,171.21661018818403,0.6957448477226889,0.483701039113151,0.06335096797737944,0.22711538200669312
shallow_squat_5.mp4,shallow_squat,198,0,130.60980208975923,140.1828570250115,165.72915706106426,0.6493868827263626,0.47985009036725934,0.054522850131329875,0.22588521516637514
shallow_squat_5.mp4,shallow_squat,204,0,129.45476393317355,142.32652693468398,169.85327666568318,0.6505666716426133,0.49477624230322315,0.05380189520435199,0.23107489348275084
shallow_squat_5.mp4,shallow_squat,210,0,127.60664788600819,141.26965458398934,172.6146536503992,0.6284593491639012,0.4989077186909443,0.052664095603359336,0.2379352849036499
shallow_squat_5.mp4,shallow_squat,216,0,128.40334899619768,142.39907425686866,173.38453645806555,0.6856692527567979,0.4926654544837192,0.04221575880736159,0.23566006365035774
shallow_squat_5.mp4,shallow_squat,222,0,128.89131935153205,138.27477636414838,172.51592095266417,0.6628181328857041,0.48026139158238895,0.03223378588351624,0.22507272930484112
shallow_squat_5.mp4,shallow_squat,228,0,129.0893670552887,136.77938655143186,167.7740151762067,0.6438487793897105,0.4817140505382385,0.021196004376360354,0.21618515990219886
shallow_squat_5.mp4,shallow_squat,234,0,129.43530620746793,137.5615130099568,168.3432759497367,0.6434262785340173,0.48183783535689484,0.014886436652599276,0.21057079677166365
shallow_squat_5.mp4,shallow_squat,240,0,129.10190871173793,136.16356522174425,164.50356471620998,0.6553447222948487,0.49197004141223993,0.019460816585540826,0.21254645142425183
shallow_squat_5.mp4,shallow_squat,246,0,128.65187753370682,136.59038867036662,162.504229947648,0.6334466929386817,0.49022726670333844,0.017522835377984037,0.21095847788493194
shallow_squat_5.mp4,shallow_squat,252,0,128.0021730867992,133.7280868328585,169.6089443924789,0.6317336315589626,0.4740527180782362,0.0302551017398455,0.21028969662655442
shallow_squat_5.mp4,shallow_squat,258,0,125.08274705330992,128.99900282055813,168.45561192227117,0.6377474867275743,0.46329447825520914,0.03951465958122901,0.21092936628114525
shallow_squat_5.mp4,shallow_squat,264,0,129.1651696230778,127.42852445044542,166.61408620319884,0.6428930006311762,0.427759028679909,0.030742422094499153,0.16006827154416584
shallow_squat_5.mp4,shallow_squat,270,0,129.39056147045792,128.86679897035268,169.47361234653312,0.6370989957817651,0.44432853524701205,0.04309827667682175,0.1668159063402135
shallow_squat_5.mp4,shallow_squat,276,0,133.57591069928054,132.65203288732457,169.47543335125508,0.6347177054406082,0.496266215153064,0.053077655722297216,0.16134986580889693
shallow_squat_5.mp4,shallow_squat,282,0,132.62167269155705,133.88612272858347,170.64210725156863,0.6299567869203483,0.4938780245473372,0.05355776074286945,0.16834643902305801
shallow_squat_5.mp4,shallow_squat,288,0,132.67960147967187,133.39039349383359,166.08766690300737,0.6418152410176878,0.4976210099643181,0.035322246940000426,0.16854870488687693
shallow_squat_5.mp4,shallow_squat,294,0,129.10564157671828,128.11120823972533,164.1766018815155,0.6595273821636551,0.44395719211731155,0.022067655343751363,0.17345574493138863
shallow_squat_5.mp4,shallow_squat,300,0,127.82316746661932,127.44555555371419,163.005140993642,0.6621188211356634,0.4454616977067787,0.025679659193757268,0.18635029815741672
shallow_squat_5.mp4,shallow_squat,306,0,137.3060730215688,132.75015517666375,163.34697627596623,0.6587305799775438,0.48175975729192116,0.04967351259748716,0.15481358482849109
shallow_squat_5.mp4,shallow_squat,312,0,139.101122547708,138.49343142888767,164.349256197879,0.6690445284368703,0.5078203264164697,0.048942439559424206,0.16474948912843773
shallow_squat_5.mp4,shallow_squat,318,0,136.09644694094928,139.49966374258963,174.01992839935454,0.6337416861413592,0.4865071160709428,0.03387763488643127,0.18125556636656961
shallow_squat_5.mp4,shallow_squat,324,0,136.0096789454935,139.77299269448585,169.34739221600407,0.6465029273789104,0.5064416082377037,0.026105551650920534,0.19051498767564704
shallow_squat_5.mp4,shallow_squat,330,0,135.45009052738027,140.29456441194105,169.9587826756364,0.6693969904337795,0.5165998947554125,0.02390555792848821,0.19742232290342746
shallow_squat_5.mp4,shallow_squat,336,0,135.9809602460475,141.67631811861818,167.88788796979682,0.6521757154352076,0.5124527584499895,0.019703596316013778,0.19764191111628443
shallow_squat_5.mp4,shallow_squat,342,0,136.2346129350997,143.09185895342077,162.5559282514838,0.6846813608193262,0.5349579294747606,0.021715400047225657,0.20247474106382773
shallow_squat_5.mp4,shallow_squat,348,0,136.17588773883574,142.403322506676,166.9600594952942,0.6444190928420747,0.5364333763958593,0.02747997905939292,0.20501178091886696
shallow_squat_5.mp4,shallow_squat,354,0,134.56801708102054,143.49641502503536,165.7810253645125,0.6408571969614266,0.5159126349632471,0.03171204734423056,0.21648023788355447
shallow_squat_5.mp4,shallow_squat,360,0,135.0614777782798,142.2918011583926,170.32315579448317,0.631927013065474,0.5293471250753856,0.024888493271253902,0.2088955104854242
shallow_squat_5.mp4,shallow_squat,366,0,132.54496623210048,137.97418896536084,163.8444345106347,0.6430107317765354,0.5107909724500156,0.025748478511726364,0.21798261049057813
shallow_squat_5.mp4,shallow_squat,372,0,129.59077642800997,136.1777300080456,158.1796877303575,0.6521144129646631,0.4973158549868097,0.013188242551150623,0.2040618963257506
shallow_squat_5.mp4,shallow_squat,378,0,127.96963186353491,131.19710566355246,161.48265347241158,0.6401114719473155,0.4830600998058839,0.025800864325120423,0.2043202193883049
shallow_squat_5.mp4,shallow_squat,384,0,130.60349386114186,129.40338047965696,168.77098602089634,0.6344265127081993,0.47581614773066455,0.018650267419618373,0.1667464176330768
shallow_squat_5.mp4,shallow_squat,390,0,134.96883514277698,128.0103833494387,166.97686599271438,0.6526770347034256,0.4796316098017,0.0496369394222201,0.14481643682392378
shallow_squat_5.mp4,shallow_squat,396,0,130.41996128378702,130.21784774008097,170.72374011112083,0.6393776499061646,0.46932559425025094,0.10425369335091556,0.18358470716532382
shallow_squat_5.mp4,shallow_squat,402,0,134.87832544313886,127.60376988405679,163.7911689498645,0.6538426390915595,0.4822823300686828,0.06955957270216315,0.14892291534622987
shallow_squat_5.mp4,shallow_squat,408,0,135.43366732680823,130.88561918592188,169.9099167272283,0.6741485032835355,0.46622796407146494,0.08698121223774015,0.14902877535428458
shallow_squat_5.mp4,shallow_squat,414,0,134.66545732781938,132.31677928887052,174.5008918827988,0.715809404230629,0.48280778358345644,0.10545557860863734,0.1606510270491231
shallow_squat_5.mp4,shallow_squat,420,0,129.84132323883958,131.74425202429788,176.16225503575888,0.7055437426402111,0.4812307122927625,0.1816935933183546,0.2142679009944004
shallow_squat_5.mp4,shallow_squat,426,0,128.64444483191292,131.09843590620852,177.31521073809716,0.6892347054496598,0.4736704700611795,0.1763093173351986,0.20917462382322238
shallow_squat_5.mp4,shallow_squat,432,0,131.60280452448694,129.6704189865277,169.48411272083675,0.6930194563767423,0.48632180862336843,0.13823006181108125,0.1855453161681679
shallow_squat_5.mp4,shallow_squat,438,0,140.46414267769077,136.62886437938224,171.68748495595742,0.6699775908062677,0.5108435467030823,0.1411979335035131,0.1499285108483316
shallow_squat_5.mp4,shallow_squat,444,0,138.77484743089104,135.21602008997465,171.52029392360197,0.6649489237064066,0.5100851123326362,0.11325798089018978,0.14731645690949802
shallow_squat_5.mp4,shallow_squat,450,0,137.83617879158766,133.02922946678797,170.28781494242926,0.6653069507358448,0.4795332071979607,0.09513709161178335,0.15014734082255754
shallow_squat_5.mp4,shallow_squat,456,0,133.66066052639727,133.9170831329548,169.42756723393975,0.6445348010455844,0.4668776749215809,0.08468980004829789,0.17486833032252377
shallow_squat_5.mp4,shallow_squat,462,0,132.0612634025491,134.79947088932732,168.7997970955169,0.6583769695194871,0.4860536912009039,0.07227195729215409,0.1899566617595277
shallow_squat_5.mp4,shallow_squat,468,0,132.75358368042478,135.1609281350131,167.29114110069207,0.6427291148650932,0.48203263893726184,0.0660673975757348,0.1907345630769493
shallow_squat_5.mp4,shallow_squat,474,0,132.67848301711481,132.98515178758666,168.9189913965426,0.6259646085840045,0.4754359496407996,0.055779128682092664,0.18442766809469052
shallow_squat_5.mp4,shallow_squat,480,0,130.22159198519947,132.066229005049,172.8372694845802,0.6415437913695329,0.44727847217824707,0.050770881434599485,0.1830373124550648
shallow_squat_5.mp4,shallow_squat,486,0,130.51172159406138,133.05534694708066,172.35266893450174,0.6687945792442866,0.455982024382478,0.04792218098307672,0.18288631214217507
shallow_squat_5.mp4,shallow_squat,492,0,133.8838473998567,141.54827328879088,173.92125609602547,0.6138808531264706,0.49968904663850694,0.07162697031397568,0.2011978693191514
shallow_squat_5.mp4,shallow_squat,498,0,136.50599772100952,145.94910362450568,161.0446056669831,0.6521806076093264,0.525687620750511,0.07727595304793089,0.2087284625733994
shallow_squat_5.mp4,shallow_squat,504,0,138.2847940766547,150.16865227375425,159.50481952119662,0.7429120814581394,0.5525897689805614,0.08078977983388116,0.21972515576789547
shallow_squat_5.mp4,shallow_squat,510,0,141.70735128707665,149.7154693372991,158.83476323268155,0.6916289400698624,0.5585312629339945,0.06976528185742542,0.20379708446124584
shallow_squat_5.mp4,shallow_squat,516,0,144.59736858719018,152.62158309479224,157.97065334015346,0.6917997400046707,0.5881318558943993,0.07159915258290676,0.19446298248420849
shallow_squat_5.mp4,shallow_squat,522,0,144.846688457296,153.18220575992396,158.44228056160594,0.6668004157211139,0.6000011757527456,0.07721991900565257,0.1985041764300301
shallow_squat_5.mp4,shallow_squat,528,0,144.97665078892328,153.73022943464602,158.92335826505072,0.6990391255427824,0.6143134461895883,0.07280500996902682,0.1943745293501057
shallow_squat_5.mp4,shallow_squat,534,0,146.08151807447095,153.35908659131246,157.8548259481288,0.7130012141162488,0.5977632198089412,0.06262083455599869,0.19155507033346844
shallow_squat_5.mp4,shallow_squat,540,0,147.18183335263225,153.93351126956964,156.45818987406923,0.7678248977610587,0.5812473645324701,0.06064639545817866,0.18302121221806517
shallow_squat_5.mp4,shallow_squat,546,0,147.28288052856587,154.59726797063323,161.18771146799088,0.6862506884504762,0.6056451439794635,0.06830310007982826,0.18144303475381998
shallow_squat_5.mp4,shallow_squat,552,0,143.6347952428603,151.3358039436724,162.41641955996528,0.7082549905127533,0.5738410173866171,0.06926912194858108,0.19503888456452126
shallow_squat_5.mp4,shallow_squat,558,0,143.65726248118744,149.76404559367103,159.70547920328048,0.6995390211670427,0.5773670752523472,0.042939986423918323,0.1896467877399336
shallow_squat_5.mp4,shallow_squat,564,0,141.73397754372692,147.64638349700365,159.12324639634772,0.6738365775566735,0.5578973730027647,0.04822400034988017,0.19198242897319953
shallow_squat_5.mp4,shallow_squat,570,0,139.50217027167363,143.8451852114027,160.45599041261605,0.664628494149467,0.5326421985352672,0.06603968037683135,0.20900396449512035
shallow_squat_5.mp4,shallow_squat,576,0,137.66832970599395,141.8004572485053,165.97368720507774,0.6499469854541239,0.5155562212265025,0.0725341415900951,0.21130016174728528
shallow_squat_5.mp4,shallow_squat,582,0,132.54485120369966,136.02650729198328,165.00171071574675,0.6695421784829635,0.5020160152278675,0.0862617404010106,0.22564018597323798
shallow_squat_5.mp4,shallow_squat,588,0,128.86932893172528,133.3639374757408,162.14020103000237,0.6668007247278824,0.4883882296152095,0.0781322240863771,0.2153484371734978
shallow_squat_5.mp4,shallow_squat,594,0,128.96261930100349,131.8624622601291,164.95460003967844,0.6594757132179373,0.4725490162602149,0.05282868222706706,0.18730734448054073
shallow_squat_5.mp4,shallow_squat,600,0,127.62362371757273,130.9561918407688,166.41395185549206,0.690675904361975,0.4737794465557956,0.06856696490137734,0.2031395303449936
shallow_squat_5.mp4,shallow_squat,606,0,131.30350827274543,131.41861818565275,175.05509973574922,0.6697205085604233,0.49136482097506945,0.059352356561429,0.17126083734895
shallow_squat_5.mp4,shallow_squat,612,0,132.0277693489644,130.93190879382672,167.40586580040937,0.7240414782209506,0.5035161843685709,0.05960368856672193,0.17121138160238988
shallow_squat_5.mp4,shallow_squat,618,0,130.1720715343583,128.63783468713982,164.0097558012699,0.7096134217918644,0.4783730767535249,0.08244324158790393,0.17806223666669546
shallow_squat_5.mp4,shallow_squat,624,0,129.55249547550574,126.45080413372067,169.06360568219927,0.7034567599728271,0.44293576518626043,0.11377276539823739,0.1784116341332277
shallow_squat_5.mp4,shallow_squat,630,0,130.35059494586707,123.79869440280044,165.57556402301427,0.6783188306035536,0.4203609522922326,0.10305194057483598,0.16460071278786428
shallow_squat_5.mp4,shallow_squat,636,0,126.25382431767557,125.07881273073129,163.89375161118818,0.6822551956131777,0.4253766812636208,0.14522444765720235,0.19520179659873593
shallow_squat_5.mp4,shallow_squat,642,0,128.71292954848138,127.96776159429616,171.2453309077312,0.675179640298873,0.4221897134603179,0.13689989399980843,0.18069288572991044
shallow_squat_5.mp4,shallow_squat,648,0,130.7890527307483,133.03459292376004,176.3982478029469,0.6643364279121261,0.46558037278783543,0.1053750769789969,0.18498037360418884
shallow_squat_5.mp4,shallow_squat,654,0,133.9702315684108,134.46246613253118,171.6689286298394,0.6776342101152859,0.4821363182383849,0.06548864064519712,0.1684874636973326
shallow_squat_5.mp4,shallow_squat,660,0,138.32275392952343,139.7843140355831,167.059502617855,0.6707602992124256,0.5089999376822024,0.0714639228712137,0.17471933255928385
shallow_squat_5.mp4,shallow_squat,666,0,133.489219455795,143.66179217832206,162.73980176682093,0.6848450532635177,0.5188081033819667,0.07414287033121307,0.21903323522556742
shallow_squat_5.mp4,shallow_squat,672,0,138.0027401779204,145.61479948607314,162.73534520468985,0.6594609072975366,0.5455056978952962,0.06956931515732485,0.20843803024173785
shallow_squat_5.mp4,shallow_squat,678,0,141.99635221088838,150.946404714625,159.074770505661,0.6598000046126801,0.5632656583538467,0.06384378611576415,0.20283489665904203
shallow_squat_5.mp4,shallow_squat,684,0,144.14536579566206,151.4440256581812,158.9735761935112,0.6635735611291974,0.5834205628061278,0.06136406292167164,0.1955075727916205
shallow_squat_5.mp4,shallow_squat,690,0,145.61668273954152,150.82675114161506,154.93123885967654,0.7218160903671317,0.5787481339355887,0.06515070263742738,0.19237757704562822
shallow_squat_5.mp4,shallow_squat,696,0,146.41989632286024,150.94626251482703,156.06154778459853,0.7138054104522047,0.5784686923758009,0.05915971473792651,0.18430982027276516
shallow_squat_5.mp4,shallow_squat,702,0,146.6859531826888,152.87915378408854,158.76890369001381,0.6617000746364062,0.581358234710548,0.05549009046123508,0.18611711601295355
shallow_squat_5.mp4,shallow_squat,708,0,148.34327976970633,154.69952451470334,156.12684195799994,0.7089442257905734,0.5892870345351767,0.05041550272295767,0.17641378991691267
shallow_squat_5.mp4,shallow_squat,714,0,148.51647799860606,155.41297344467353,155.5851363098499,0.7005483336691479,0.6023810545125752,0.052113002378663266,0.1786189598820507
shallow_squat_5.mp4,shallow_squat,720,0,149.88241419073097,156.37773993323398,152.96520629052617,0.6853577691488812,0.5869594366808418,0.05413040110094822,0.17411399199477354
shallow_squat_5.mp4,shallow_squat,726,0,150.32252602941156,155.00657536473872,155.3526887262356,0.6747951821209468,0.6082431317424952,0.059096814160176765,0.17889802047698594
shallow_squat_5.mp4,shallow_squat,732,0,151.5480362342561,155.31978939828784,155.7412881820545,0.7434796085837138,0.6169288646879082,0.04857889591837574,0.16862195148230444
shallow_squat_5.mp4,shallow_squat,738,0,151.81398897657274,155.64858121727517,155.75276547268453,0.7306621835122467,0.6083109878158515,0.0629383402675718,0.1698615750566339
shallow_squat_5.mp4,shallow_squat,744,0,151.38043111591554,156.67955956492756,154.85444653450324,0.7377096357536588,0.6153993442967662,0.060999359541116314,0.17207003284678624
shallow_squat_5.mp4,shallow_squat,750,0,153.50823815389995,156.01446989753796,153.3388566308495,0.6462163792493176,0.6170984564611726,0.04566253111116018,0.15722601269014774
shallow_squat_5.mp4,shallow_squat,756,0,154.3587249282051,156.54682834052446,159.34160952342273,0.6541387470286507,0.6229454338416305,0.04075610016143228,0.15449392735700457
shallow_squat_5.mp4,shallow_squat,762,0,153.66171898518792,156.91906897044905,154.09706307139277,0.7040652486219832,0.6160776535212923,0.050071967576823286,0.16163212666470556
shallow_squat_5.mp4,shallow_squat,768,0,151.48769352821864,156.44452073741724,157.96400601920342,0.6568727457961708,0.6174097070453924,0.058231176252124206,0.17596106684807997
shallow_squat_5.mp4,shallow_squat,774,0,146.94563007949787,153.50276504272523,156.25554168387174,0.6507095669442059,0.6157292442155103,0.06747609444853511,0.192360196698532
shallow_squat_5.mp4,shallow_squat,780,0,143.36387787723785,145.5141238962293,158.66816299685044,0.6474813690418412,0.5491322480580753,0.05737747742495513,0.18593949474391153
shallow_squat_5.mp4,shallow_squat,786,0,137.41657059835998,138.3992582622806,164.0438563967585,0.6938432461511793,0.5175855523552099,0.06101743678873249,0.18823997844096024
shallow_squat_5.mp4,shallow_squat,792,0,129.8141981934394,132.69321463965292,166.49653352532127,0.705014558590507,0.48110821437990825,0.07312840408631054,0.20655054814543883
shallow_squat_5.mp4,shallow_squat,798,0,130.6224738708399,129.0770382091836,167.95408777430646,0.7071337792225908,0.46354960114182664,0.07979426792824743,0.1756714882594398
shallow_squat_5.mp4,shallow_squat,804,0,127.813157189493,126.90529456073307,172.92009789215632,0.6787204045943047,0.4448644360683336,0.10346965086452176,0.1845764877530025
shallow_squat_5.mp4,shallow_squat,810,0,126.16265421652591,127.20287356762925,173.844936424819,0.7138677941975825,0.44777420003894747,0.12718259137549884,0.19677679071431975
shallow_squat_5.mp4,shallow_squat,816,0,125.89729488584744,126.08531032234578,174.32849618033674,0.6616633766434538,0.4328046358020127,0.14395980514297316,0.2013874197726797
shallow_squat_5.mp4,shallow_squat,822,0,131.70860677453229,128.06910314296331,167.25846168659746,0.6464819636720647,0.4586459562786667,0.15460213240307671,0.1776610453061924
shallow_squat_5.mp4,shallow_squat,828,0,131.79776577430795,125.19585861554013,166.3089389340844,0.6242723230589285,0.44368222475931807,0.14133926792298174,0.15952495675887124
shallow_squat_5.mp4,shallow_squat,834,0,132.21278936527216,124.64867030203023,166.2350110858807,0.6341355879223719,0.44305684333992834,0.15598644208796644,0.15215194478550909
shallow_squat_5.mp4,shallow_squat,840,0,120.46399815988089,117.5214345379197,173.04891625943588,0.616281492867073,0.3778067517934136,0.13905512413994187,0.185068003351604
shallow_squat_5.mp4,shallow_squat,846,0,119.4883320448477,118.72497712743275,169.1890768621879,0.6398357061760461,0.3741673890314065,0.1337970680128582,0.18610455127910036
shallow_squat_5.mp4,shallow_squat,852,0,120.24100441545215,119.90020493114493,175.29238440020347,0.6340960456960256,0.3903625127776166,0.13278474183666056,0.1825948020227493
shallow_squat_5.mp4,shallow_squat,858,0,120.24242254608365,122.16418571871611,175.40000324599876,0.6552507892033622,0.3931837323247351,0.12912449479337582,0.18095847787957117
shallow_squat_5.mp4,shallow_squat,864,0,120.77826610712081,121.96320171968677,177.46881618496846,0.6438100276323653,0.3914728253118648,0.1492892906574025,0.1846139233619514
shallow_squat_5.mp4,shallow_squat,870,0,118.42989303889063,125.11258091964149,171.3759168563496,0.644729061964871,0.4188754218998308,0.1522703262325008,0.19548758792324739
shallow_squat_5.mp4,shallow_squat,876,0,124.97322312155337,125.11211788387294,175.24853199940137,0.6507174671554489,0.4188395937160385,0.142377710192524,0.16508064240563572
shallow_squat_5.mp4,shallow_squat,882,0,123.49377848734544,125.52505327828457,177.32320200574011,0.6859001500608642,0.4210103392475099,0.14375780366002439,0.17157346114977645
shallow_squat_5.mp4,shallow_squat,888,0,128.50052891648238,127.85858576413682,178.43740473091472,0.6859879910312219,0.43469994497545833,0.15682604560274754,0.16093501550342182
shallow_squat_5.mp4,shallow_squat,894,0,126.98297433760786,126.65910475646969,176.84713133717958,0.6974857540817933,0.43133820906943604,0.15509712074384902,0.16791667194603374
shallow_squat_5.mp4,shallow_squat,900,0,126.83374303882705,126.65047995138886,175.69999611219492,0.6898655130680826,0.4381941312052689,0.1262591253630968,0.16566300727245037
