source_id,label,frame_number,left_torso_hip_angle,right_torso_hip_angle,left_shoulder_arm_angle,right_shoulder_arm_angle,neck_tilt_angle,feet_distance_normalized,ear_shoulder_lateral_delta,plumb_line_alignment
arms_not_dropped_1.mp4,arms_not_dropped,8,171.62310727784185,142.05947434671623,76.17336448908134,75.22376435044893,153.66011816907854,1.4537852286975885,0.7650440825913709,0.6527805937839076
arms_not_dropped_1.mp4,arms_not_dropped,16,157.58901786764366,175.77987789129602,71.49335125128597,71.65285135892921,149.69093515346066,1.0289586324802458,0.7505707145376832,0.6718029504592566
arms_not_dropped_1.mp4,arms_not_dropped,24,157.86155529689987,173.76548226011883,72.14773615525512,70.30228380653543,149.2494554626831,0.8562777958549741,0.49962451315843626,0.698458526069122
arms_not_dropped_1.mp4,arms_not_dropped,32,161.4164145054592,164.77127138433934,75.02772391705882,74.77094839821463,150.81122325543143,0.5017048764877936,0.3178360552869698,0.6875575300870674
arms_not_dropped_1.mp4,arms_not_dropped,40,155.04821912654478,168.45104514284412,73.91151073712165,74.35977767760245,149.8324712902744,0.5851481838864767,0.32434576258506775,0.653126934822209
arms_not_dropped_1.mp4,arms_not_dropped,48,159.22811304908726,174.1508012066614,72.46617240356461,74.09896642872573,150.3703839530797,0.7668306054014363,0.7520972701598777,0.6388163018711042
arms_not_dropped_1.mp4,arms_not_dropped,56,162.82729508386714,159.45173703350812,73.0243782478966,75.27517539518514,150.54109160609963,0.4825787410520914,0.31108642189055347,0.648751336384365
arms_not_dropped_1.mp4,arms_not_dropped,64,155.9747695546763,168.7665904140867,73.86515511007023,74.15678381828732,150.38356016508402,0.7290926483396213,0.3762366661807184,0.6814416238150894
arms_not_dropped_1.mp4,arms_not_dropped,72,156.3906833219157,171.77875717472565,73.25741052885375,73.80168229070557,149.95985766144713,0.7641138483761539,0.1924354129690448,0.6897170271788248
arms_not_dropped_1.mp4,arms_not_dropped,80,168.03996765990422,169.7029094232975,71.72604928263618,72.7810400497801,148.48350744772327,0.4584616455219158,0.10642196350037987,0.6302300854630455
arms_not_dropped_1.mp4,arms_not_dropped,88,153.87763831153222,171.94904976090717,71.57454282698873,71.68132445428861,147.99998328548472,0.8799154165305375,1.3593496042042863,0.6697892405382513
arms_not_dropped_1.mp4,arms_not_dropped,96,158.75058202698906,166.066796437089,71.200469582748,77.35319114165021,153.24958349522313,0.5200344527717803,1.2333492577030798,0.7139978421793846
arms_not_dropped_1.mp4,arms_not_dropped,104,161.22171154459807,168.51705104121058,66.82977098281307,73.77437233498195,151.37451073991667,0.4487085692281732,0.7246707803907677,0.6347830620500724
arms_not_dropped_1.mp4,arms_not_dropped,112,157.98576493660872,170.8166401572467,66.60942517247766,74.01080979105366,149.58525517999007,0.700112426235654,0.3759121212002473,0.6859751157622805
arms_not_dropped_1.mp4,arms_not_dropped,120,169.1595788200889,175.34816054342141,79.28616969000575,75.79756507906437,148.20808312339616,0.4371711170215345,0.10987340465187057,0.6912285443315844
arms_not_dropped_1.mp4,arms_not_dropped,128,166.47813834460882,172.51126084161757,89.87209813673456,76.5578219951066,149.88040250144422,0.8124216936012857,0.14393431259257267,0.6553134009887994
arms_not_dropped_1.mp4,arms_not_dropped,136,168.30886680983883,169.5241328633587,81.98436211486356,75.92907306011774,149.07437448810288,0.4611359166005653,0.5917644029075955,0.6091981945485746
arms_not_dropped_1.mp4,arms_not_dropped,144,155.01474920337847,165.10854499243698,71.8914276246524,67.32871745038356,155.9515177854562,0.7350376182084866,0.4631039646416013,0.6499819470948729
arms_not_dropped_1.mp4,arms_not_dropped,152,155.79394005208613,168.97132793637007,64.28261549318974,63.09871756186316,154.82671507966108,0.9206005068536454,1.4643325088371633,0.6338810087590262
arms_not_dropped_1.mp4,arms_not_dropped,160,158.11780852479896,169.55658389992172,63.92218835031775,60.041585230122664,154.89182761871695,0.8708975163907743,2.031939740650053,0.6264509979747573
arms_not_dropped_1.mp4,arms_not_dropped,168,156.00455625655735,169.7940564273117,69.78995695845362,67.82056201751742,154.4743990165222,0.8963148443533211,2.118134643655946,0.5935180469979829
arms_not_dropped_1.mp4,arms_not_dropped,176,171.98050149896747,149.45321502163185,73.05880890173245,69.78790636169067,153.06680810073624,1.0994066688608886,1.0608639521772731,0.6840821902349488
arms_not_dropped_1.mp4,arms_not_dropped,184,159.6329619271663,162.63474542244512,73.70666821619751,73.18739278546629,151.03465631758962,0.47162981918592595,0.9710377143208211,0.7152433674400206
arms_not_dropped_1.mp4,arms_not_dropped,192,163.34840636750266,168.76923723906847,77.57543889946467,73.94435556682153,149.62054334039593,0.528029850648286,1.283320030439913,0.760911827651757
arms_not_dropped_1.mp4,arms_not_dropped,200,168.04460346422854,174.97731528589298,83.14177740816024,78.78071465211882,150.43926174528684,0.4946745847678252,0.6785525077476505,0.7243905077852311
arms_not_dropped_1.mp4,arms_not_dropped,208,170.39983463132174,172.8633010967319,88.17996560443585,81.9315665177417,150.66567744075866,0.5714853580588473,0.7877116437905093,0.6787173526575391
arms_not_dropped_1.mp4,arms_not_dropped,216,168.7217911172102,171.295644846916,89.54964148187804,81.81969335355475,149.69576181430494,0.5661936956776297,0.4183085435794162,0.6429480670341664
arms_not_dropped_1.mp4,arms_not_dropped,224,170.69710134258705,170.9555738356935,87.81757314385693,81.93605272662144,149.03119359802432,0.547026815417764,1.2730065826276453,0.6330954365178546
arms_not_dropped_1.mp4,arms_not_dropped,232,170.10709205003923,173.23528302813864,93.14946559135808,85.52065458593268,150.4135707809173,0.5151104195791407,1.2641586858745326,0.5991052200394817
arms_not_dropped_1.mp4,arms_not_dropped,240,151.78262232182078,173.55473333002172,101.13950668979149,92.28180292963756,149.2356441143274,0.9542892574218463,0.6262338179499667,0.5728919485428257
arms_not_dropped_1.mp4,arms_not_dropped,248,151.04995510853763,173.0691509265794,114.67079851194205,108.99403420484028,151.59796365020378,1.3498139270370046,1.4540593948942906,0.4735957686376386
arms_not_dropped_1.mp4,arms_not_dropped,256,145.6272628136093,174.4376614881782,120.1328125804163,118.28888879799605,151.41799058585545,1.4394645710452452,1.7594299600210923,0.4154889425690068
arms_not_dropped_1.mp4,arms_not_dropped,264,159.65090078988914,163.9746043379914,122.59305747328263,122.42380480443029,151.01441169132923,0.4734769317579862,0.3365035107156531,0.3860955626435121
arms_not_dropped_1.mp4,arms_not_dropped,272,152.4195407130578,170.36679502610443,120.90779811448087,123.80971889043515,147.99309910858628,0.762879957551377,1.0069815225073089,0.4272469248391194
arms_not_dropped_1.mp4,arms_not_dropped,280,143.85286770384883,174.47307894668873,124.20297229050078,121.14234892536996,151.21713403681923,1.115573418103775,0.30668408627480886,0.3477638590430886
arms_not_dropped_1.mp4,arms_not_dropped,288,150.1249369682364,167.16643169897532,121.92283463683773,117.15726183266491,150.61372815510614,0.7296629699936713,0.7543072798002771,0.3043612962181167
arms_not_dropped_1.mp4,arms_not_dropped,296,153.42061384154658,174.53098875045313,118.83555087622139,116.14044917184262,149.89044117494794,1.1474195939034517,2.7573501130819613,0.3591273629064177
arms_not_dropped_1.mp4,arms_not_dropped,304,158.89119581591942,168.381030990053,117.94896207226246,113.6553776074989,148.5249795739228,0.5771997206041551,2.023793007401316,0.38940155666068405
arms_not_dropped_1.mp4,arms_not_dropped,312,151.02769365561198,171.57004082969533,114.36936371723813,112.85359787460476,146.31767590222412,1.0840837745817336,2.1345676746907465,0.46836897536323663
arms_not_dropped_1.mp4,arms_not_dropped,320,158.00552068673616,173.93081109655267,111.65602961111385,110.01474949210665,147.94926502191248,1.0493756324348034,1.9170938574415781,0.5284001255374774
arms_not_dropped_1.mp4,arms_not_dropped,328,168.14395928182591,173.22313490851835,107.15823545297187,101.72859713270068,147.67312503588292,0.7425328303041162,2.868211931484418,0.5509331810149487
arms_not_dropped_1.mp4,arms_not_dropped,336,173.37487878950952,172.56566358054806,99.06105823402055,91.27080553017676,145.8471094007255,0.46885099455868295,2.1975027080998255,0.6288042557998325
arms_not_dropped_1.mp4,arms_not_dropped,344,166.8561174961403,164.82840672744038,97.83533810567316,89.37670722854581,148.26844283626735,1.2223209435190592,2.867759633635593,0.6027911820013988
arms_not_dropped_1.mp4,arms_not_dropped,352,165.22134269713476,165.1647945793403,99.44858038230645,87.79986411912687,148.95393655846507,0.9895513418782056,3.291670070836028,0.5891620686087365
arms_not_dropped_1.mp4,arms_not_dropped,360,168.33142152060148,164.69968284656716,96.34721035556446,84.72958069841322,148.2508185457787,0.783125468671182,2.2848604030276163,0.6334697158408659
arms_not_dropped_1.mp4,arms_not_dropped,368,162.91532155818382,164.99835057439566,95.95366947598923,83.83527080929798,149.64707411540078,1.0037465844762214,1.700464033324273,0.5922495308401273
arms_not_dropped_1.mp4,arms_not_dropped,376,173.54744319588764,169.0539413958154,90.49691398728754,79.18232408308658,148.04682202833843,0.46607194156958226,1.9713219719932218,0.6909600828191819
arms_not_dropped_1.mp4,arms_not_dropped,384,160.15125212674366,165.1085172989196,87.4091031534975,79.30120042967988,148.48756317260072,1.4529087705323391,0.3486549077819069,0.6765457128704196
arms_not_dropped_1.mp4,arms_not_dropped,392,171.97458960196468,175.60805806993224,85.65896257047655,76.76900917160538,148.13082626130415,0.5340504567508324,1.8670277548157617,0.7357853461620865
arms_not_dropped_1.mp4,arms_not_dropped,400,170.65508921094897,175.2903611197753,85.9323525636639,77.57611630725748,149.77532899693549,0.5531496500320421,2.2079661971645317,0.7466637817059174
arms_not_dropped_1.mp4,arms_not_dropped,408,169.99978743810186,175.38747335560475,80.12563647049889,74.74741709929344,149.3873477463714,0.5442566951780914,1.9708963440114513,0.7599542137337287
arms_not_dropped_1.mp4,arms_not_dropped,416,161.01549676070888,175.8477763586732,74.03126771855632,71.66724008058496,148.31502003260726,0.7153219938091858,0.17111516661266624,0.6653067226556975
arms_not_dropped_1.mp4,arms_not_dropped,424,149.68074587825737,173.25828489381576,77.40111476510906,73.424576260569,153.6533542283301,1.1152679255774898,0.3277724486517651,0.5940602422250943
arms_not_dropped_1.mp4,arms_not_dropped,432,141.23999035262736,172.0759285354045,72.1449379821053,66.58663939751952,153.38900391784696,1.4337856477342112,0.3868588312017023,0.6803246978629203
arms_not_dropped_1.mp4,arms_not_dropped,440,156.3564109393853,159.0523045368266,71.62680353372136,63.37963113887008,154.499277845417,0.503040423519057,1.1725208425780618,0.701481103065283
arms_not_dropped_1.mp4,arms_not_dropped,448,163.00868639555458,169.60129597389422,70.11172132726367,65.47494810605458,155.7510414116713,0.6729431047653242,1.2722307062267333,0.7259704169565973
arms_not_dropped_1.mp4,arms_not_dropped,456,160.38548246371982,170.30615384697802,69.23026081489802,61.856834710335335,153.73545247376342,0.6925468991680149,0.9080152751803776,0.6320729470414845
arms_not_dropped_1.mp4,arms_not_dropped,464,163.1488665334984,155.63639616605784,70.00307532430386,62.83871559916444,155.18919487408186,0.4968288145814525,3.0145998351723966,0.6439960593602708
arms_not_dropped_1.mp4,arms_not_dropped,472,151.76033815578003,166.70177950524456,72.28662642981315,67.19530565007783,153.9678738223455,1.033451369298313,0.8961048614624558,0.6297827332569731
arms_not_dropped_1.mp4,arms_not_dropped,480,147.69451826761275,170.35032431738588,70.57837747505201,66.72626803408626,152.48795177683405,1.0956967751488762,0.536351765703798,0.6738152240680471
arms_not_dropped_1.mp4,arms_not_dropped,488,160.59315891572072,160.19879006800497,73.12842873695608,69.419316646786,152.91852223007552,0.527696320496123,0.08416876492768832,0.6056199768930313
arms_not_dropped_1.mp4,arms_not_dropped,496,172.18577036864983,168.35616224314737,76.68619456163992,72.21554069626247,152.15281892999587,0.46829967536475303,0.08472357760589871,0.5492523963033712
arms_not_dropped_1.mp4,arms_not_dropped,504,171.84801815093394,160.323413457888,77.82747167136473,71.35414847153955,149.90238528071833,0.6371672026312585,0.3040728116383714,0.6149599817289785
arms_not_dropped_1.mp4,arms_not_dropped,512,160.67477654517785,174.22154792950303,79.05668378897695,73.19295899460438,148.7712272427436,1.190130033303274,0.8621528499835526,0.5518091703562366
arms_not_dropped_1.mp4,arms_not_dropped,520,168.45316922876034,175.29648790685167,86.25281144343694,73.7592374138509,148.1807154928718,0.5461377101343539,1.5197893172541337,0.7055360613057419
arms_not_dropped_1.mp4,arms_not_dropped,528,173.56620851457703,159.27147360163477,102.45883932508224,73.40076731095051,151.57761668495652,0.6958533960891944,1.3868408598246782,0.5918408742521883
arms_not_dropped_1.mp4,arms_not_dropped,536,165.31694180201276,175.71634006122883,112.31798770854965,66.5444695421258,150.68396292578893,0.6392623004089565,0.32782489344918425,0.6741156107710187
arms_not_dropped_1.mp4,arms_not_dropped,544,173.17252368641633,158.3012159951722,117.74332983799353,63.58093688083015,149.9423587955456,0.5312243819903495,3.7533539242839704,0.6574490653424433
arms_not_dropped_1.mp4,arms_not_dropped,552,174.11326902860964,146.28552680789522,117.45351809690966,64.59433491094097,147.24543521707005,0.9928338200926029,4.59390350315844,0.7060656821322736
arms_not_dropped_1.mp4,arms_not_dropped,560,172.5695759431087,160.9346903492422,118.82106590304736,61.89604934270363,146.9924716158168,0.8949592097419112,4.665456009924004,0.7059599957712518
arms_not_dropped_1.mp4,arms_not_dropped,568,173.265323836192,169.4676442663995,118.45723296554537,59.03036639572131,147.2397074973178,0.5444006405225053,6.000340752957777,0.6736077677635652
arms_not_dropped_1.mp4,arms_not_dropped,576,174.04162187742207,149.4155620244604,119.85877753401263,68.04202365127031,147.8416700795323,1.0057259781300372,5.960796354422952,0.6803976852951525
arms_not_dropped_1.mp4,arms_not_dropped,584,175.43876344652196,165.04645617854428,119.56183086604031,60.47542763795084,146.570766658357,0.5371541826950548,6.002472209878683,0.7216405420304995
arms_not_dropped_1.mp4,arms_not_dropped,592,170.40765592939383,170.27411553123508,119.96420332860704,61.25318574977664,146.50537768161738,0.7537604844137084,6.256215589938303,0.6839647645309186
arms_not_dropped_1.mp4,arms_not_dropped,600,175.3698065690529,139.9422680655149,119.40133765550708,68.37210492946949,147.8721335031011,1.0468866350304513,5.7643184580751115,0.672751544571516
arms_not_dropped_1.mp4,arms_not_dropped,608,173.14601485267553,144.8492186405945,114.28742561523012,62.576495432079064,147.10034685161938,0.8955254993734075,4.219316706019411,0.738430609256554
arms_not_dropped_1.mp4,arms_not_dropped,616,167.4974751089959,171.61837181193334,99.0250611440176,64.74732567371768,148.7620558077095,0.7110950543277788,3.850532285825871,0.6866026252244947
arms_not_dropped_1.mp4,arms_not_dropped,624,174.98961619904367,156.5943028194499,79.43388968487405,70.16048993441991,146.57544543333333,0.8288617134416069,1.9404459071556794,0.6959976789105627
arms_not_dropped_1.mp4,arms_not_dropped,632,167.51186518094104,171.89245702941378,76.0581221252135,78.71399413992246,149.31222446999735,0.5018534128518919,3.0101365204269306,0.6499102703637902
arms_not_dropped_1.mp4,arms_not_dropped,640,151.72711163028225,175.01897000279715,67.14583635001102,84.59392155010788,150.5698884112886,1.31784681365883,1.7448276367025919,0.587766711293571
arms_not_dropped_1.mp4,arms_not_dropped,648,141.8230516672669,172.46377373876948,68.00391330383421,100.76023680153483,152.33197414922267,1.797697131412303,2.276282989500704,0.6805463578394542
arms_not_dropped_1.mp4,arms_not_dropped,656,146.13915054751922,168.67853861584413,71.20167201707373,114.20110654641032,156.25734024944038,0.8403198654907367,6.087627474197761,0.5122129560475408
arms_not_dropped_1.mp4,arms_not_dropped,664,137.03437939923,173.93159861633598,68.45292282797527,126.312413903271,154.43423583308234,1.1457366777453748,4.481523154423582,0.5436900718124338
arms_not_dropped_1.mp4,arms_not_dropped,672,142.7463111523232,173.82825349235554,62.24342116438793,130.98408565042612,153.79529995955136,1.122259420436439,2.1245348693574835,0.5992401617736395
arms_not_dropped_1.mp4,arms_not_dropped,680,148.0588610063144,171.1501067548523,62.45725001269229,130.70676440690704,154.41267593339964,0.7275892139606489,1.9474345277772869,0.6436156856042747
arms_not_dropped_1.mp4,arms_not_dropped,688,147.19754716068064,172.25087602984524,67.77263521435047,130.59834509713824,156.01796660855075,0.8573995763677124,0.14038585367623185,0.5768219887052819
arms_not_dropped_1.mp4,arms_not_dropped,696,141.22350257233825,163.6025326110822,71.69300817377214,123.75310091971141,158.26242127872666,0.7042848399421837,0.8181586384833948,0.525240262097409
arms_not_dropped_1.mp4,arms_not_dropped,704,164.65700627368915,163.10212584771233,76.03517567552376,114.45523846907483,157.406916578981,0.6161225121748054,1.0405549450206444,0.5140806054224442
arms_not_dropped_1.mp4,arms_not_dropped,712,156.90380999736425,176.0135134105619,71.78118754159603,90.5548673619727,153.87348094164574,0.9673653910757274,0.41329643640375996,0.6702626213827365
arms_not_dropped_1.mp4,arms_not_dropped,720,154.96077753771,169.83874311598913,70.27363890000609,74.15062202776109,151.9227138063987,0.909344380458118,0.12583186142335936,0.7184154133920758
arms_not_dropped_1.mp4,arms_not_dropped,728,149.76747052210186,175.75824614542253,76.82550168409334,71.52523070982741,153.88297506696512,1.197063394830971,0.392206678545715,0.5900611542645579
arms_not_dropped_1.mp4,arms_not_dropped,736,162.00034180797326,162.90139836417922,71.42069869669733,65.33554649081312,151.991858152145,0.46679806718276834,1.4610882955147881,0.6675467980979778
arms_not_dropped_1.mp4,arms_not_dropped,744,170.08543807333152,143.6712154633717,74.48737448467604,64.70996087344639,152.6006742279853,0.9265257477659278,0.396999132719297,0.6953763516905703
arms_not_dropped_1.mp4,arms_not_dropped,752,169.77230686172229,135.8941235445643,74.03946626147139,63.14369777816563,154.4688257836003,1.0997086736734056,2.3066139337426383,0.6843753732584481
arms_not_dropped_1.mp4,arms_not_dropped,760,164.57309999889773,164.70099633409512,69.74189552497783,62.07869165275587,155.396899414386,0.5338868588611735,2.440301337631676,0.6739863563669847
arms_not_dropped_1.mp4,arms_not_dropped,768,169.07430079905333,160.96456016282306,68.50008586944392,61.0570920831137,156.62324138749892,0.541712257800681,3.026984940255521,0.7004067291454006
arms_not_dropped_1.mp4,arms_not_dropped,776,173.89826075634224,144.26776429493873,69.54034756581376,63.40969348844368,158.6973860482252,1.217204275527076,4.750303490030565,0.6447730872323219
arms_not_dropped_1.mp4,arms_not_dropped,784,151.7679985217048,161.9616403063845,68.2551601389886,61.670238776885775,159.4706771352796,0.9688525852413532,3.965877106149628,0.5809103222223173
arms_not_dropped_1.mp4,arms_not_dropped,792,166.3328358911578,144.6761373912706,68.99670598338498,64.75959100817738,156.5891813206065,0.7197160207574839,4.812295093448307,0.6733365400615704
arms_not_dropped_1.mp4,arms_not_dropped,800,160.0234878173766,166.751781644607,70.34844551751657,65.96775591070086,156.19329000823137,0.6764135214579744,3.3456572308273547,0.6400288197826194
arms_not_dropped_1.mp4,arms_not_dropped,808,160.8078501144905,150.99549153238445,70.02287288981519,70.44402351380873,153.931004318701,0.5200363551387753,2.0577074404981124,0.6812940764703879
arms_not_dropped_1.mp4,arms_not_dropped,816,166.16482612501918,171.74598881542565,77.84343477150391,75.9518516169444,152.04289764161683,0.4778938428284772,1.367037433140715,0.5961782362253705
arms_not_dropped_1.mp4,arms_not_dropped,824,162.76012898098458,173.66744603750115,82.26317838114555,80.09478693161522,149.28028587865165,0.9124074120033399,1.1285188240852533,0.5714657420431898
arms_not_dropped_1.mp4,arms_not_dropped,832,168.80222416176875,169.3870749380601,96.30941632565319,88.53686150310924,147.89625514132265,0.778815826959914,0.15423652528091814,0.5231329566079728
arms_not_dropped_1.mp4,arms_not_dropped,840,169.03350879322832,176.5354837599208,105.06220126680935,98.08048346984796,151.33028763068668,0.4350179661588676,0.07835065454732425,0.5398942835484012
arms_not_dropped_1.mp4,arms_not_dropped,848,167.87672955613007,175.42312272413434,109.2424943407118,104.23517496639745,150.7502195709798,0.4793992306415512,2.400756405570176,0.43681944016163676
arms_not_dropped_1.mp4,arms_not_dropped,856,148.306313154412,173.6148368816922,118.24381183649487,117.98671202837828,152.90877905081237,1.0727433228161323,2.2863048986001817,0.3764186146596141
arms_not_dropped_1.mp4,arms_not_dropped,864,157.93719720406122,170.35877249724754,119.7001894526571,122.62933750758796,149.99174977239446,0.6739245989250956,0.2757272358925375,0.37928662491422077
arms_not_dropped_1.mp4,arms_not_dropped,872,150.29748779348216,174.00074557204087,124.32554708281518,128.8137236976467,150.7356649052347,1.200700258485667,0.44055051102029047,0.38457707895085247
arms_not_dropped_1.mp4,arms_not_dropped,880,147.45128170383558,175.19838014401142,124.14239643063515,126.34620538088461,153.03475752216062,1.3373798101155001,0.5368826201616543,0.3254713817095507
arms_not_dropped_1.mp4,arms_not_dropped,888,161.31266184571516,173.91452426086659,115.16350394689461,114.24110835208803,150.6895570211368,0.9379189829018441,1.4192021862405224,0.36804163152505515
arms_not_dropped_1.mp4,arms_not_dropped,896,165.11208749275022,173.52802520213376,106.0704767911103,101.39664522279085,150.44122182132816,0.8841511126540276,0.4726266460601929,0.4545844545765174
arms_not_dropped_1.mp4,arms_not_dropped,904,168.27867025337093,168.90618401098897,95.34589942022066,90.37799581955909,148.85024598114086,0.9377338641365038,1.5915193063332453,0.5233363606631486
arms_not_dropped_1.mp4,arms_not_dropped,912,173.99809593483178,172.72747226298375,81.19515702786295,78.03356602749568,145.45960053917324,0.5056117244925004,1.6265962482458307,0.5838402817449428
arms_not_dropped_1.mp4,arms_not_dropped,920,158.51710320397058,171.44132164545184,77.93988283666258,73.72695845723204,146.16600581395784,1.0969620581810053,0.5442970829902241,0.6705977807657422
arms_not_dropped_1.mp4,arms_not_dropped,928,156.12897812060316,171.0176784693198,80.52205156258631,69.5547181251522,149.21534585103024,1.1001248640544004,0.4058194381158422,0.5430158431108338
arms_not_dropped_1.mp4,arms_not_dropped,936,154.273556668178,159.84358554552824,74.29564880641651,64.15445746975622,151.11013320577555,0.7831021101771731,1.2487490263298922,0.6066100926917365
arms_not_dropped_1.mp4,arms_not_dropped,944,160.54706662703785,166.77890367801646,72.22510518561403,62.46996745829193,151.54510826875378,0.709579188894637,1.6810255590197405,0.58284071457473
arms_not_dropped_1.mp4,arms_not_dropped,952,159.43950569206626,158.89792001870828,72.52807513917249,60.83522235765164,152.9212796215645,0.5412690122748747,2.1933353412792145,0.6953945404927545
arms_not_dropped_1.mp4,arms_not_dropped,960,162.17240312425255,152.69596123336487,72.5580273491553,63.73768492246145,155.27033926135155,0.5014569094668995,0.9451029040361691,0.6742685127720277
arms_not_dropped_1.mp4,arms_not_dropped,968,156.19112356164584,166.20455054442175,71.88106202802031,62.54735499680965,154.7758949668907,0.9789866017001362,1.1639416398428104,0.6236329090404291
arms_not_dropped_1.mp4,arms_not_dropped,976,158.35404782151448,154.67134221949476,68.97854030198887,61.67661906845137,155.35245643264562,0.7455829486285486,1.7117948981924231,0.6024607994055103
arms_not_dropped_1.mp4,arms_not_dropped,984,156.28278703266935,154.2883021089095,72.05398350421872,63.854768384944286,155.570258164796,0.6024414790754357,1.6272072298558113,0.5981746104123254
arms_not_dropped_1.mp4,arms_not_dropped,992,155.3791266269092,160.86897263945534,72.6511443013729,63.81313103952289,156.090670693535,0.6660181381080922,1.4524434255777345,0.5899687725648721
arms_not_dropped_1.mp4,arms_not_dropped,1000,155.86685232525053,168.39472159677683,73.13877217010663,66.08945774318448,151.90373987132327,1.0348661918769029,1.0825501940766737,0.6009195534482162
arms_not_dropped_1.mp4,arms_not_dropped,1008,163.85379526610612,160.8068969290066,73.9211019248182,70.28027086678524,152.35182947759847,0.5830787878787498,0.5550847537659819,0.5627167146431661
arms_not_dropped_1.mp4,arms_not_dropped,1016,159.6967063937599,161.099519465098,73.53114904648574,70.78563912239656,154.2380929475112,0.5348547964525484,0.7117820652115534,0.5695614929397527
arms_not_dropped_1.mp4,arms_not_dropped,1024,161.81789298981926,161.42077593253555,80.91727435298077,69.12565344431533,154.44456971555167,0.5009852780247124,1.944673583810924,0.5386889096415465
arms_not_dropped_1.mp4,arms_not_dropped,1032,170.94083238612248,145.84705915498256,85.22070431954715,65.99968890543128,153.36720889566058,0.7942217385161293,1.286000555807306,0.6173123537974056
arms_not_dropped_1.mp4,arms_not_dropped,1040,174.5736819649038,142.53624453444348,91.35044811099638,62.59027994425098,148.9895029418485,1.131970925790311,1.3628391718557724,0.6789007859338845
arms_not_dropped_1.mp4,arms_not_dropped,1048,174.85030083203753,146.10305327204895,111.91707661741563,57.411581729504356,148.55528074080726,1.2620253157391041,2.5389053958770416,0.6689899877992325
arms_not_dropped_1.mp4,arms_not_dropped,1056,174.5883780663036,164.37317542562153,121.69084860322006,49.89184086340454,147.94884138415583,0.475376127877519,5.411481360242139,0.6287933046982808
arms_not_dropped_1.mp4,arms_not_dropped,1064,174.85539373228974,162.95279381698683,121.94017452795109,50.446569622802016,146.24923965960062,0.6251222933173924,5.5112360337255994,0.6546702099065291
arms_not_dropped_1.mp4,arms_not_dropped,1072,173.77921821676085,166.71234452640505,119.84013753652783,55.5224010983217,144.95488565138743,0.5181412539302392,5.282664535707468,0.6575090917830765
arms_not_dropped_1.mp4,arms_not_dropped,1080,173.12074415384825,162.0831293523151,113.63378113062771,59.99504671041475,146.67006195668773,0.44692221940432,4.793539584990269,0.6783569382370824
arms_not_dropped_1.mp4,arms_not_dropped,1088,175.3507980831384,117.45105134677392,105.6322688950617,55.23262406822459,147.61489673738336,1.971004524261099,3.7401066291073124,0.725351730168283
arms_not_dropped_1.mp4,arms_not_dropped,1096,174.20481950436195,133.3029638132034,96.11530150596626,54.14536875378831,148.33201777828012,1.6086947742789977,2.88919097100897,0.7294639491518655
arms_not_dropped_1.mp4,arms_not_dropped,1104,175.42585701510197,158.03486774016784,91.79172679571005,56.11946850061613,147.87084151658505,0.6903265823380523,3.6048733373836597,0.6636486414449038
arms_not_dropped_1.mp4,arms_not_dropped,1112,175.5332867871173,144.76907427775814,86.9755313233885,53.39339271126392,144.08808082538607,0.9820853403987414,3.6834615264126853,0.696759577961275
arms_not_dropped_1.mp4,arms_not_dropped,1120,175.29392043347718,112.8694061059592,94.15643004420338,62.11916225635922,147.11246587775116,1.8900577463916188,3.2059470197842797,0.7099967084617557
arms_not_dropped_1.mp4,arms_not_dropped,1128,174.6333097408436,147.99380456360714,102.92097580908822,62.88804315146971,149.78698018471982,1.1484632540226205,2.852811305601125,0.5988258094681003
arms_not_dropped_1.mp4,arms_not_dropped,1136,174.22270105602297,118.38409314644066,108.3249410213252,62.539408513354125,151.74407591071926,1.6912249866258424,2.469948947406807,0.6039320178606494
arms_not_dropped_1.mp4,arms_not_dropped,1144,175.25898918865144,142.08600451542875,113.05678328169724,59.77012104189248,150.44718345968184,1.3163452734863823,2.7806032061016204,0.5806220103166745
arms_not_dropped_1.mp4,arms_not_dropped,1152,174.75267015440508,106.96783105909228,115.20368247108708,62.964908612236975,148.90789525500506,2.5323264169581727,2.9414018221656635,0.7467967760737737
arms_not_dropped_1.mp4,arms_not_dropped,1160,175.28503606077558,147.2322671324966,117.61502589731248,60.870954636017935,149.19605720014906,1.100521360822783,3.457472515799934,0.6502205974678339
arms_not_dropped_1.mp4,arms_not_dropped,1168,175.16065570722577,153.19379499858272,111.98153781545507,59.34367569193921,149.47617230063221,0.8308244457596483,2.855737808484241,0.6256459997275977
arms_not_dropped_1.mp4,arms_not_dropped,1176,174.70021419737486,102.3458892525215,90.31422960753164,60.928330727252686,145.25931007485374,2.304483994588091,3.7271933759290365,0.7049307652262826
arms_not_dropped_1.mp4,arms_not_dropped,1184,173.74492471952684,96.47398148452199,82.88210980752481,63.63444391617488,150.45840881041292,2.7342808691456977,3.856975501203651,0.7109883608469012
arms_not_dropped_1.mp4,arms_not_dropped,1192,174.9689713268329,120.01847244513193,72.78280218464222,52.505245717588075,148.7454291301805,2.0078251158271905,2.651069028462266,0.6664096715601225
arms_not_dropped_1.mp4,arms_not_dropped,1200,173.3816873428601,107.41708002429736,74.95441414232708,53.57420180340271,149.72192009053543,2.4026479688911775,2.2374158908041273,0.7262119969880105
arms_not_dropped_1.mp4,arms_not_dropped,1208,174.49320305288904,117.99173073239692,76.3822246910966,50.77424375375595,146.53324289835098,1.9494010913679825,1.8130291644891605,0.7733264139351921
arms_not_dropped_1.mp4,arms_not_dropped,1216,171.51479484909024,140.94720138106197,76.58356998747928,51.10381784486545,144.73438432478417,1.3380014056781893,2.229209554367033,0.7387155703623468
arms_not_dropped_1.mp4,arms_not_dropped,1224,174.30665216205125,100.28607635283205,83.25558800768397,56.183411208313004,146.1919456655288,2.9050284640092143,3.262122089620723,0.7675223041154059
arms_not_dropped_1.mp4,arms_not_dropped,1232,175.17772987697424,128.71946944357128,86.20507951677531,55.4726620457884,147.57169325785438,1.4099380680170053,3.0901467219694028,0.6821360761090635
arms_not_dropped_1.mp4,arms_not_dropped,1240,175.32252884989174,121.72136544143024,82.20182409407482,57.129239451352106,149.05150259085812,1.908848644259968,3.130692688859135,0.6777571180378343
arms_not_dropped_1.mp4,arms_not_dropped,1248,174.79676172701195,117.07301948183444,81.16735014479653,57.18755321706052,150.5344253541586,1.8432122586889574,3.5860412608214123,0.6165240045055117
arms_not_dropped_1.mp4,arms_not_dropped,1256,173.08280810923844,94.8315077135695,81.41809574883885,60.962164203798096,151.72624193931878,2.9916371786323257,4.5704244781550925,0.6395760717528741
arms_not_dropped_1.mp4,arms_not_dropped,1264,170.1355462914068,102.55452449321636,74.49878626533233,57.531885226595264,151.49797800356345,2.2012357649143195,4.237606656151882,0.7062756075834743
arms_not_dropped_1.mp4,arms_not_dropped,1272,172.3336994569699,142.08847360931634,78.59270531203394,53.42114781009525,149.00219375792017,0.8749786894439425,4.372240225911832,0.6314982305231424
arms_not_dropped_1.mp4,arms_not_dropped,1280,174.63581754375832,135.72177567664374,92.27232386397692,59.15591556235344,149.2234866515346,1.2270983817867156,4.87815206287679,0.6853708958704112
arms_not_dropped_1.mp4,arms_not_dropped,1288,174.13953577452935,148.042967476562,102.38131122740866,60.99515767855234,148.07820273794187,0.8619302804198972,4.807150972358041,0.5923765968022996
arms_not_dropped_1.mp4,arms_not_dropped,1296,174.5464333132786,99.13442735766688,109.45731775117672,66.83427833244392,151.3001321393974,2.5184453771948134,3.4219928350683255,0.6130697275160449
arms_not_dropped_1.mp4,arms_not_dropped,1304,174.78812774081592,132.0741982778951,103.47444442808823,54.6887138648524,149.76335269310226,1.2588669629523703,3.593880938096618,0.6412777465208503
arms_not_dropped_1.mp4,arms_not_dropped,1312,173.37811700466588,92.93242877328893,84.8232550329238,63.85716568095885,151.8253161088157,2.7462358856944626,2.6753095220725673,0.6167896236946642
arms_not_dropped_1.mp4,arms_not_dropped,1320,162.51340307305608,126.41003682412428,66.60755845570183,53.782960218236944,153.65939976462684,1.0434109574679529,3.6621131003873235,0.6244147942184246
arms_not_dropped_1.mp4,arms_not_dropped,1328,162.65468692606686,122.30413970323706,69.09876518514656,62.01524324614342,154.9711480837317,1.3436844060275737,4.024070121158591,0.5865022915593167
arms_not_dropped_1.mp4,arms_not_dropped,1336,153.38031689630142,159.47213331416754,59.083157392788785,64.27819219924154,155.50634813654113,0.6877265144479802,2.2118663887434633,0.4313952607337268
arms_not_dropped_1.mp4,arms_not_dropped,1344,158.94744407194588,159.42947929278907,54.625050662397435,72.31535139863449,154.93694459553274,0.5045034397765428,2.1754382408369883,0.5680003901009658
arms_not_dropped_1.mp4,arms_not_dropped,1352,165.16690213948854,166.70666144767137,57.55456347612462,72.3425612077198,155.76039399924474,0.48976047461355293,1.4252013576216385,0.504109989302626
arms_not_dropped_1.mp4,arms_not_dropped,1360,163.00951587990187,171.09801837612852,53.62012073028768,74.48855800572844,156.0825337044215,0.7294608474184746,2.2949161179572144,0.5048729414855215
arms_not_dropped_1.mp4,arms_not_dropped,1368,158.6556829619992,174.54863740599615,50.2153481662981,72.62546624785425,154.02617826087678,0.906771120859153,2.4488151305545145,0.5642360125713413
arms_not_dropped_1.mp4,arms_not_dropped,1376,167.26203722312755,168.53670054860265,54.560076308615415,70.772769863364,153.00456358345525,0.5002306361997091,3.457507049834919,0.6089578966576026
arms_not_dropped_1.mp4,arms_not_dropped,1384,149.04131172793976,173.78758305841282,56.01574951872618,63.27261780601151,153.96532024970867,1.2060832040905625,2.6839565510798806,0.5769612360855705
arms_not_dropped_1.mp4,arms_not_dropped,1392,163.0339821263261,162.73026073262892,61.0491523730103,63.00924800098096,155.5377797465205,0.5321839538177252,1.810128307350191,0.5393657298838538
arms_not_dropped_1.mp4,arms_not_dropped,1400,165.48472257078055,136.88790406712099,60.795084579317844,63.142553254133226,154.91297121903736,0.9863064127021441,2.1901270786350513,0.6068346863282831
arms_not_dropped_1.mp4,arms_not_dropped,1408,159.82324318442917,156.56296996324244,61.413795836658565,63.40444664231425,157.32598950280772,0.5203567647939789,2.5859648455339865,0.539537893389738
arms_not_dropped_1.mp4,arms_not_dropped,1416,150.47385975646446,149.60440514689466,61.05636279394613,63.521877919127185,156.7432208378813,0.48982082827069884,1.3830048130271897,0.5150888303019041
arms_not_dropped_1.mp4,arms_not_dropped,1424,143.1062925683619,167.71540899455826,66.12170167858304,68.6142226271718,156.96140672970554,1.016246367305685,0.6951151811383185,0.5049226842314617
arms_not_dropped_1.mp4,arms_not_dropped,1432,159.00046738125306,164.71534482568399,63.88602990347455,64.71627603703594,155.4868970433421,0.6178098823476803,0.7419616526641185,0.4936215204867524
arms_not_dropped_1.mp4,arms_not_dropped,1440,161.99015011112434,164.995658371575,62.93158713745434,66.74598705481337,156.079625932469,0.4869286320284427,0.22121225253501894,0.4944198946655948
arms_not_dropped_1.mp4,arms_not_dropped,1448,159.84235630189,160.52969456060904,61.58387535272971,63.69577850795153,156.83920733537505,0.508023873671333,1.1017552007092093,0.5226977559024657
arms_not_dropped_1.mp4,arms_not_dropped,1456,154.7046569876328,165.9818696122032,62.40887887407954,70.20188710018044,156.9047530083491,0.688396527150441,0.6779948602465485,0.5216141715774057
arms_not_dropped_1.mp4,arms_not_dropped,1464,163.09540981203725,170.5331359496838,56.5837669900572,72.38904616080069,155.7360623001681,0.5498544083635248,1.1427480446513554,0.5361285077816669
arms_not_dropped_1.mp4,arms_not_dropped,1472,167.08151286383324,173.16488094799456,49.17760154282337,82.29953479338067,152.75803490604554,0.4957432038042698,1.699200108744323,0.5925844200317213
arms_not_dropped_1.mp4,arms_not_dropped,1480,153.80212214436034,173.20938456798532,55.7668364361982,91.99414065037188,155.33034698408048,0.7880232458474499,2.628768924252273,0.5308954598542202
arms_not_dropped_1.mp4,arms_not_dropped,1488,166.21849381280904,174.24202371982332,45.521084882225125,88.4761189964779,152.4697907134246,0.5040674596759847,5.2807684684878025,0.5672733053753457
arms_not_dropped_1.mp4,arms_not_dropped,1496,154.78644359974936,174.41234553128797,45.997672764940816,79.76904138654484,153.00247542081595,1.0602019532254066,5.092318780770114,0.5954861105752363
arms_not_dropped_1.mp4,arms_not_dropped,1504,168.340769994999,168.91092160340503,52.20736964416611,73.29366961640764,155.01121527519527,0.4252370538226712,2.0298561439883325,0.4543729648988974
arms_not_dropped_1.mp4,arms_not_dropped,1512,163.9634320262733,173.87276127221145,53.98714284438707,74.15241250790476,155.58188928400875,0.6271382239454908,0.6877136539727512,0.5058120012296328
arms_not_dropped_1.mp4,arms_not_dropped,1520,164.06837048721195,171.4221173075313,55.72928631570183,73.2813146420358,156.02430626609436,0.539846299373519,0.580239589111491,0.5478410584661847
arms_not_dropped_1.mp4,arms_not_dropped,1528,167.11098098189748,168.5341166042501,53.46996971721922,71.52663000547572,153.3967572833596,0.4527896309037372,0.03772867657048841,0.6192472657456943
arms_not_dropped_1.mp4,arms_not_dropped,1536,162.13688693619798,171.5471743192813,59.44478014735168,67.7204401344369,154.6399252078305,0.5512144348083732,0.1325109232800056,0.5778673196270037
arms_not_dropped_1.mp4,arms_not_dropped,1544,152.54510815288464,170.55846956512045,62.608489005027586,65.51482423157954,154.9991536254474,0.7872938034384872,0.24194227548799793,0.6259630279273941
arms_not_dropped_1.mp4,arms_not_dropped,1552,159.5912754120098,168.81955509156208,59.38554882110112,58.36186987747039,154.31202612386144,0.5712972891837167,1.2020683621853698,0.6309896988772731
arms_not_dropped_1.mp4,arms_not_dropped,1560,157.9201566965644,174.85554250143042,62.3217455718536,62.33677584240544,155.1427546774489,0.8685561981257803,0.2542076722002614,0.6213552597218169
arms_not_dropped_1.mp4,arms_not_dropped,1568,156.26103999947065,166.22788162246997,59.28058025410037,63.40705890544492,155.80211391450962,0.6787046751481272,2.5803580361264022,0.642498284526262
arms_not_dropped_1.mp4,arms_not_dropped,1576,162.6064148054634,171.80841268020015,56.73088236101661,65.72887421456159,154.0067179226316,0.4927362199223544,1.8776397474937707,0.6556158077803068
arms_not_dropped_1.mp4,arms_not_dropped,1584,158.79036854721224,174.26195471697045,58.7589228512939,75.4292701805295,154.56165791976852,0.6920081038783922,1.240641125605895,0.6154690707648105
arms_not_dropped_1.mp4,arms_not_dropped,1592,162.62578694429612,175.17438267532057,53.46403542442792,70.45059482649955,153.0784433831557,0.6707683183542033,1.7462246660798513,0.6387400267698865
arms_not_dropped_1.mp4,arms_not_dropped,1600,155.1776166873576,173.2544369529321,52.099334452860454,69.67908392659933,154.48640764494604,0.7817203299446916,1.3853089960169946,0.5871840151471321
arms_not_dropped_1.mp4,arms_not_dropped,1608,154.3211104080148,175.19698483492417,55.64667565889895,74.6789009640863,154.4077253729025,1.0261811692954,1.3498813614839376,0.663016041866822
arms_not_dropped_1.mp4,arms_not_dropped,1616,156.1852525869529,173.41917113731455,58.31134608625361,73.76631766743326,154.54542905812582,1.042078532133162,1.8636599837230206,0.6813916495986356
arms_not_dropped_1.mp4,arms_not_dropped,1624,161.56021899441555,138.69672156101092,60.85783733150288,67.16967079027584,156.02676606103867,1.0400939477477906,4.196546377277269,0.628726815723497
arms_not_dropped_1.mp4,arms_not_dropped,1632,159.80213872352024,149.14481149127016,65.38340344081716,62.15207193269586,157.39257276111667,0.6863318506829569,0.8016260681917977,0.5823682628136352
arms_not_dropped_1.mp4,arms_not_dropped,1640,152.79508564079526,163.43117696674915,65.52021620601953,63.88954514524619,156.3500722923815,0.5791119279365184,0.8394309124000313,0.5504397759527674
arms_not_dropped_1.mp4,arms_not_dropped,1648,148.05282112103745,166.64778419795553,66.33749429040387,69.15171844378492,156.37429241847386,0.8704659821135546,0.1539174903814913,0.563233272786539
arms_not_dropped_1.mp4,arms_not_dropped,1656,150.17663027930092,162.6267202673398,64.9262747660176,69.26554310088679,157.25867663250588,0.6299159477861664,0.4346725593957784,0.5766743481872716
arms_not_dropped_1.mp4,arms_not_dropped,1664,158.69035496178583,160.61604418008173,68.51296064765464,69.58668308188398,157.25982728840927,0.46948670829260675,0.11197738606152735,0.5866219773243545
arms_not_dropped_1.mp4,arms_not_dropped,1672,154.48617441749957,136.58857645570737,71.55624128617409,63.285981919785414,157.1269771180365,0.6690705024824185,0.3832299498664942,0.6170823049683769
arms_not_dropped_1.mp4,arms_not_dropped,1680,173.26956489980103,144.3681597376722,84.43707443134687,66.18422575010682,152.22849670828583,0.9146796094162485,0.43528385202217623,0.6225009560339458
arms_not_dropped_1.mp4,arms_not_dropped,1688,173.499633842717,140.85181874309384,87.72965471255898,57.042800630801224,148.3603507107999,1.4498150163264554,1.1699501253700961,0.7360314547857422
arms_not_dropped_1.mp4,arms_not_dropped,1696,173.89200876168422,162.2431934694786,97.38560042543304,56.93469474281128,147.84863179350327,0.7262330328973698,0.08845502336549182,0.6681876037171394
arms_not_dropped_1.mp4,arms_not_dropped,1704,174.15574479494072,138.18374095119952,99.4640922410065,60.51111125656287,146.0323673698385,1.389683967848486,0.05930684025379549,0.7489661707609993
arms_not_dropped_1.mp4,arms_not_dropped,1712,174.11689362980596,139.00780042434647,98.66399067442626,57.93514132842444,147.3041467371349,1.4056935530104118,0.12031652679979622,0.7303567578966796
arms_not_dropped_1.mp4,arms_not_dropped,1720,174.4293769772117,150.14726990945357,89.96321433949846,53.026066115002536,144.53481105917453,1.0772099305464171,0.34301699964828164,0.7620648288780422
arms_not_dropped_1.mp4,arms_not_dropped,1728,174.5855045198257,164.56054664973556,92.92014642578877,51.98208366563256,147.11146354348816,0.6890559201434134,0.15202621329892452,0.7020980799545687
arms_not_dropped_1.mp4,arms_not_dropped,1736,175.3126340247968,164.98117314896737,95.86877689520236,49.232237842351836,148.16395823042984,0.6839134502085211,0.4477415088421312,0.6594760208928607
arms_not_dropped_1.mp4,arms_not_dropped,1744,175.1809474828357,135.33242358300504,99.09868877131852,53.655652838477295,149.70991105857368,1.526962655560038,0.3882441974468034,0.6898151066225084
arms_not_dropped_1.mp4,arms_not_dropped,1752,174.83314663983356,128.73711990977202,100.55919949381969,53.51245391320845,149.38754197380365,1.4565311350976604,0.8160324629583431,0.6889943178090316
arms_not_dropped_1.mp4,arms_not_dropped,1760,170.31322482937588,141.57604872225008,100.08892076523777,52.44589570577517,149.23789593528338,0.7521251554017799,1.3985025708861767,0.6717965974199352
arms_not_dropped_1.mp4,arms_not_dropped,1768,174.6570724506061,148.0321975432799,91.71920499210371,52.696255958794225,147.73432309923203,0.8012805939396801,2.7736230522617356,0.7068464594516498
arms_not_dropped_1.mp4,arms_not_dropped,1776,173.66489054419878,132.0500295086612,77.95998865363094,50.958273452460325,145.10212761596995,1.442267144388661,3.255482014088889,0.7436881165271928
arms_not_dropped_1.mp4,arms_not_dropped,1784,170.48187396034365,142.85582073648425,72.01006729053294,49.6909689365828,145.25849333391014,0.6484330297984137,3.2825809245714423,0.6925976331074374
arms_not_dropped_1.mp4,arms_not_dropped,1792,171.78817852783294,144.62635634786278,70.15439047609306,51.02449510970383,147.00223419571674,0.9861475419444956,2.7771810659148874,0.673118035777253
arms_not_dropped_1.mp4,arms_not_dropped,1800,172.11774205467154,138.7720093246613,75.14059467731536,50.973856645443455,148.02977628405884,0.987984101315483,3.047465010491495,0.7130982802272514
arms_not_dropped_2.mp4,arms_not_dropped,8,161.86634881644167,163.38002258072834,54.49170401493474,55.68807613278867,151.47673105537848,0.5331068249178851,0.6936304715671893,0.7724577018676497
arms_not_dropped_2.mp4,arms_not_dropped,16,168.04557496357998,163.19492556021765,53.29869543443348,51.29498846389653,145.35330672015337,0.4435868114105633,3.0037809650596787,0.675245165196717
arms_not_dropped_2.mp4,arms_not_dropped,24,162.40180135001157,160.01288324490878,59.48511474558368,54.579447705059096,148.60071887414884,0.42947375785510944,3.463185937487308,0.6172408595491651
arms_not_dropped_2.mp4,arms_not_dropped,32,162.28829361387926,159.823108725942,61.96565389643959,54.83144339124515,151.35470048957842,0.5091945180380958,3.0962196285970376,0.7727793224809032
arms_not_dropped_2.mp4,arms_not_dropped,40,161.27526376064978,165.66052476482957,61.55085108971398,55.2853334188913,151.28655389521043,0.4542838512593455,2.5071480627101486,0.7250938714368599
arms_not_dropped_2.mp4,arms_not_dropped,48,166.7738187735956,166.9195303918738,61.90646970706933,57.194261476161806,152.55342301543328,0.5120004407266193,3.1080574944098327,0.6891125743102314
arms_not_dropped_2.mp4,arms_not_dropped,56,164.59231923264682,168.20424030898437,61.13672717442057,55.36801080037653,151.23029294781668,0.5460168057726676,2.6362814746985146,0.6228559994892728
arms_not_dropped_2.mp4,arms_not_dropped,64,162.56008798941147,168.56155170358747,59.80737999411271,55.24915445347882,149.8467655015401,0.7073289286448603,3.683249100093809,0.6858383180222749
arms_not_dropped_2.mp4,arms_not_dropped,72,163.33286992990156,162.2325021398012,62.268069334544,58.793912555389504,151.55691861283512,0.49417379338840345,4.3737120894845285,0.7686894403882268
arms_not_dropped_2.mp4,arms_not_dropped,80,164.1201408799572,164.57808364279228,62.700976549157865,58.808457381142176,152.30332417200236,0.48078094124102305,3.9337725008359548,0.7362945813186041
arms_not_dropped_2.mp4,arms_not_dropped,88,162.71386907540148,160.99412583127608,63.880643863257035,59.06275042052509,151.5253591295118,0.4921006891784224,3.3421738094929085,0.6671884057519218
arms_not_dropped_2.mp4,arms_not_dropped,96,168.35081918500248,166.03231246252614,62.142264801645425,57.85594515405228,151.74100746371303,0.46570423356668944,3.7073170697798177,0.6048457960212231
arms_not_dropped_2.mp4,arms_not_dropped,104,164.68750135883835,156.81056145963476,63.01735258194363,58.15200461203295,151.45182662755718,0.4701995034826874,3.292770811574108,0.6871934679616948
arms_not_dropped_2.mp4,arms_not_dropped,112,166.76378059341897,162.90001270318638,59.83585107196459,56.6113684221874,148.48495111749477,0.44581637891508785,3.756986509696367,0.686769166916084
arms_not_dropped_2.mp4,arms_not_dropped,120,162.3753578418511,161.7789175912577,62.707441145235734,56.9152434026177,149.76347119120106,0.45683613759653124,4.424317878535741,0.677183942551949
arms_not_dropped_2.mp4,arms_not_dropped,128,166.1460084076288,165.51288607704515,62.59673198296859,56.84586974679466,149.98001525160225,0.4748080158649572,3.890877904641651,0.6185535815844241
arms_not_dropped_2.mp4,arms_not_dropped,136,163.19557139268244,163.14188261314652,64.77484870445682,58.97695141074972,150.85455933210005,0.4672079160234688,3.9741066917688204,0.5883975764182738
arms_not_dropped_2.mp4,arms_not_dropped,144,163.23442875643966,160.7655973355085,63.54996057212418,58.67482149160996,150.45930949001354,0.4742162220796842,3.4710848522659608,0.5860314363593334
arms_not_dropped_2.mp4,arms_not_dropped,152,161.88464078828093,162.2284169883133,65.36430125550493,57.97786821844123,151.01867370195166,0.46178031819437193,3.8224746907065854,0.6288454134873269
arms_not_dropped_2.mp4,arms_not_dropped,160,164.4500654014499,165.18932517633957,64.17860922690578,57.482951589545095,151.28943904093134,0.4457299024099081,4.335310222575079,0.6452413094700922
arms_not_dropped_2.mp4,arms_not_dropped,168,164.18278827430973,167.94659951433698,61.69137383983342,55.6408245900269,149.53424230103707,0.45917472060732284,3.7699762962063565,0.6826738670129621
arms_not_dropped_2.mp4,arms_not_dropped,176,165.16036461685337,166.79200407405744,65.01640217163354,59.20077699782665,152.67622653311008,0.5044015385241033,3.4019440964380254,0.6766700161357706
arms_not_dropped_2.mp4,arms_not_dropped,184,161.58598922105034,162.26925776801482,61.50611841676297,59.31529481545879,152.67216421258104,0.5265960585769901,3.035243049940366,0.6926805136848826
arms_not_dropped_2.mp4,arms_not_dropped,192,162.24723240959491,164.13351631533934,58.439490814506094,56.656979823130435,151.40042825390188,0.5066983158423468,2.9761869945173647,0.6963538054114359
arms_not_dropped_2.mp4,arms_not_dropped,200,163.65500126953722,164.840125716477,57.61600060173001,54.443749803598855,148.58154457814288,0.4559435237307605,2.7517315579605164,0.6929636602566911
arms_not_dropped_2.mp4,arms_not_dropped,208,164.90341804519485,165.79824370624584,59.284189649208614,57.18243418550025,151.12317659589138,0.5165890151977691,3.4374603900310867,0.6776144917952185
arms_not_dropped_2.mp4,arms_not_dropped,216,161.57279487209158,165.20309830203766,59.39366633796241,55.74248805819698,150.82833988492928,0.49089893944181434,3.7674173211276902,0.6591692284678337
arms_not_dropped_2.mp4,arms_not_dropped,224,160.66562972418856,165.72364643527777,61.02884776721146,56.092275587819785,152.3108907487524,0.5253573741448889,3.2954456679267397,0.6541770305747932
arms_not_dropped_2.mp4,arms_not_dropped,232,162.9779615469587,164.46197623476783,62.269502192890016,53.951335921955724,151.71792589261375,0.5114869080730687,3.0039328586355616,0.6269222020893622
arms_not_dropped_2.mp4,arms_not_dropped,240,165.88856674254964,162.02713657796693,68.6501322242966,56.682161818906806,152.05626389664803,0.4880890421878285,3.084778222023809,0.6920021444003635
arms_not_dropped_2.mp4,arms_not_dropped,248,166.55387940978414,164.0066985472754,67.90374746944772,55.147973125885365,148.53702419430985,0.45944004377674197,2.4330131989260693,0.6623217576859372
arms_not_dropped_2.mp4,arms_not_dropped,256,165.52898394071,165.67516199157203,72.6056236846218,50.90227311657101,147.0086727688615,0.5456221063811763,2.8909331433130947,0.6728279162862779
arms_not_dropped_2.mp4,arms_not_dropped,264,164.3236231422174,164.48553616483704,72.63355202501849,52.84934511255603,147.18296002007145,0.5215689185273125,3.9562204000308023,0.7399822549548022
arms_not_dropped_2.mp4,arms_not_dropped,272,162.17160977197886,160.970443993238,71.39624277896417,56.847646066171436,151.1218543511396,0.5105779173199977,4.205833857661637,0.6283183940270323
arms_not_dropped_2.mp4,arms_not_dropped,280,164.77950132650992,162.45322129349464,69.12393700816386,57.56927481926488,151.21574741890834,0.544076359446419,4.268112011599767,0.6102581416649149
arms_not_dropped_2.mp4,arms_not_dropped,288,162.35018941118113,167.6107951610657,67.0858940011624,59.82258753416755,150.44686835884016,0.5341861363411528,5.12605485465001,0.6242755631599324
arms_not_dropped_2.mp4,arms_not_dropped,296,165.5774851066637,169.03738691843154,65.02984616253592,63.117929090546696,150.5948811508097,0.5350206052519525,5.780524824410544,0.6676428019850038
arms_not_dropped_2.mp4,arms_not_dropped,304,164.9042147536347,166.18914148058812,65.37748439848292,64.24345069418783,149.93112706082707,0.5216068739971799,6.480581635737144,0.7170540946309791
arms_not_dropped_2.mp4,arms_not_dropped,312,156.29563953045965,172.19950727062215,67.14942516205716,68.50064237208463,151.00452772117845,0.9914858940194157,5.580533886579063,0.6474109778324136
arms_not_dropped_2.mp4,arms_not_dropped,320,167.09011726649214,173.7910450654622,66.82225237194227,71.15878311068751,149.3242697492868,0.489006986926435,2.904467878443557,0.6750583078770415
arms_not_dropped_2.mp4,arms_not_dropped,328,167.96065661115816,173.44287967303094,70.53479044620111,74.33315417555296,149.4049956436972,0.5537907001587764,1.6318791993223343,0.6154568487905584
arms_not_dropped_2.mp4,arms_not_dropped,336,162.43248228187335,170.7407327267369,74.35230020802852,76.60460006875883,148.16539750192297,0.711840239431525,1.0215290164443864,0.6816392061594101
arms_not_dropped_2.mp4,arms_not_dropped,344,167.89977590981815,169.9305599158273,78.66065146076085,80.98480830153868,147.9509658589001,0.5118247726204038,0.06103738023409085,0.6941417628375857
arms_not_dropped_2.mp4,arms_not_dropped,352,170.02714595616138,171.70124889925134,78.88864548956717,79.47942340542912,147.0773565835372,0.4656628060198289,0.5457732314729784,0.6586783472122019
arms_not_dropped_2.mp4,arms_not_dropped,360,172.210753843172,172.87614971732336,73.55466374920442,84.84565374915033,143.20260371865268,0.512874443757275,0.11395950817004419,0.70753518926056
arms_not_dropped_2.mp4,arms_not_dropped,368,167.7588947822264,173.76087338759368,69.97582143065192,115.50336509060016,139.90708620163355,0.4871059449286865,1.7397336117276911,0.8262797558653789
arms_not_dropped_2.mp4,arms_not_dropped,376,167.35826684553797,174.04480474331945,72.48500757038666,114.93209486441289,141.23813765304917,0.4953731700224905,4.2658876805401915,0.7605284695056085
arms_not_dropped_2.mp4,arms_not_dropped,384,169.91065958935434,170.35035072325937,70.79585664909698,114.64393631885761,139.56131015309498,0.43594303160412967,4.462259309293756,0.869770014911618
arms_not_dropped_2.mp4,arms_not_dropped,392,173.60787427654301,172.60878161948582,69.50871427742534,112.04415427622968,138.37669177240144,0.4916033210759696,4.88382866212805,0.835521830151062
arms_not_dropped_2.mp4,arms_not_dropped,400,174.02235221662303,172.4837827923587,71.0343045479692,112.94489886691379,141.0093327135772,0.442229070240853,4.786864704036464,0.8169319932584306
arms_not_dropped_2.mp4,arms_not_dropped,408,173.16876495436495,173.33835131898167,67.0852251530306,112.88267875013503,138.82466351499554,0.4653540629634518,5.080336707596162,0.8294379127165159
arms_not_dropped_2.mp4,arms_not_dropped,416,170.19577199385552,170.84531715803828,66.12488934567864,89.28001013027047,136.83628586221272,0.46158415271562236,2.8641410790138204,0.7419108243326984
arms_not_dropped_2.mp4,arms_not_dropped,424,170.3159268507085,171.90489594908416,73.17809431969185,76.85656956035722,146.55899349077757,0.4798650452335713,2.3150086510309076,0.6460258788094303
arms_not_dropped_2.mp4,arms_not_dropped,432,168.13839991352532,170.53839244273857,71.70850568251667,68.9321131664761,146.78033102941106,0.5268452556429838,1.6141459615782976,0.7365039969883149
arms_not_dropped_2.mp4,arms_not_dropped,440,167.19495464648793,169.709955530227,72.9297784067137,69.57927819372776,148.0857256717344,0.5481952570668229,1.4798897084989902,0.6485716194206241
arms_not_dropped_2.mp4,arms_not_dropped,448,170.07233747495945,169.9402250531372,73.11864799272817,68.33612441990405,147.5919800414902,0.46162898881219305,1.940277729937536,0.7289007447093733
arms_not_dropped_2.mp4,arms_not_dropped,456,165.3664222240239,168.61744307819038,71.20487233198867,66.78873848865054,145.4310669708637,0.49134808143792696,2.4804379028112056,0.7366471690642091
arms_not_dropped_2.mp4,arms_not_dropped,464,159.54949981139913,166.53978875438884,74.3497054862819,69.08650813235457,148.70564234257546,0.7486303441599694,2.505947888360958,0.6627179235143936
arms_not_dropped_2.mp4,arms_not_dropped,472,167.3070155200059,168.25294293675415,70.14441720219786,66.45187125527482,144.82412847911044,0.49067573279298665,2.4677844039951142,0.69517626562569
arms_not_dropped_2.mp4,arms_not_dropped,480,168.2273280449946,170.2357972322256,77.30593245165254,72.11446775021219,147.29662355905296,0.5577475880296389,2.4670019713067424,0.7189727246570005
arms_not_dropped_2.mp4,arms_not_dropped,488,169.42100221666098,170.7657571220333,82.1362744168211,78.59033958239054,147.70290651006673,0.4959250340379939,0.7324407524581807,0.6178138511267497
arms_not_dropped_2.mp4,arms_not_dropped,496,169.93972151932337,171.66801502358592,87.05025184187323,84.46868460703548,144.78251914236586,0.5040530479046567,1.1713182505961057,0.626380219869122
arms_not_dropped_2.mp4,arms_not_dropped,504,170.6770778033412,171.5216759143903,87.75155383262612,86.70552644552461,143.9321532498661,0.4855332962401353,0.5339886355938399,0.6387825232563917
arms_not_dropped_2.mp4,arms_not_dropped,512,173.55236356512503,173.6193635593145,89.23768679622867,89.7466885931201,143.18763175266008,0.44570339606209,0.5757761941254904,0.6485557514795528
arms_not_dropped_2.mp4,arms_not_dropped,520,158.89922204677407,158.81872367759362,89.04273224037986,88.52381715079126,135.17265736197353,0.4637466914054629,0.44666865965864655,0.8647706463188045
arms_not_dropped_2.mp4,arms_not_dropped,528,153.2435702705216,157.26609677488216,87.81897791741517,91.18893289029096,131.86222703910437,0.4353755955600132,0.7946711778844777,0.9056274376059656
arms_not_dropped_2.mp4,arms_not_dropped,536,153.27054602192467,155.57550748334054,88.34765608723916,92.57338385914136,133.71220745827628,0.44661732912582314,0.10800904324338974,0.9639015459788653
arms_not_dropped_2.mp4,arms_not_dropped,544,152.1971217657768,154.71106676087038,86.19468984838446,89.10915271360604,132.27778965788474,0.444194854508708,0.4699308361326354,0.8688324764565972
arms_not_dropped_2.mp4,arms_not_dropped,552,156.68540957545468,160.49509552562736,90.91943838015082,94.38695986763689,135.62998309388226,0.5296676211639664,1.1800705728616623,0.9132891564065471
arms_not_dropped_2.mp4,arms_not_dropped,560,158.46370530458935,159.66351520916066,89.05951165030022,90.28860616237249,135.77388762096658,0.43720878452680606,1.0494221723204074,0.8588024460877335
arms_not_dropped_2.mp4,arms_not_dropped,568,162.79747750209276,168.38396579577616,97.21254838706992,101.8174217464825,141.0940060044084,0.503687242605711,0.05601137216194413,0.8855194460523393
arms_not_dropped_2.mp4,arms_not_dropped,576,163.0502822452645,167.87151975328047,96.73611770591633,100.30280273844252,141.3557699988326,0.5369670577561858,0.142566072148756,0.8820667893367662
arms_not_dropped_2.mp4,arms_not_dropped,584,163.58568158962171,167.44490175078727,96.76142229496537,99.65402864181458,141.36563123527293,0.5552163853766297,0.1697506446862393,0.8726454376852399
arms_not_dropped_2.mp4,arms_not_dropped,592,161.53408280504027,166.56312230554784,95.65331118719537,98.22115544677685,139.6223665297326,0.5017020573630993,0.19186588124117987,0.876022256722763
arms_not_dropped_2.mp4,arms_not_dropped,600,163.91923939426104,169.49750026744945,100.01083251043829,102.09250022739253,143.39819741378838,0.5478921899125324,0.13660865884367224,0.8549272145814745
arms_not_dropped_2.mp4,arms_not_dropped,608,160.3398932556535,163.95032406139478,98.26862744325271,99.8823547792847,140.95619141095966,0.524354825671539,0.29397065715361886,0.8503843998424467
arms_not_dropped_2.mp4,arms_not_dropped,616,168.50371019315068,164.35113439896082,98.61268704668105,95.837800233545,143.17603851924758,0.5041297770636748,1.0685035189222987,0.8640489555166457
arms_not_dropped_2.mp4,arms_not_dropped,624,170.42526218794353,166.03816413468735,95.29311420713921,89.2606257919299,142.95260305150768,0.5241832422567332,0.2106167821175612,0.674798984907267
arms_not_dropped_2.mp4,arms_not_dropped,632,172.84572044107352,172.89538484325277,93.62709271802589,84.15110730867022,144.3899136326742,0.5526745986068455,0.7536563842293331,0.6724916699345632
arms_not_dropped_2.mp4,arms_not_dropped,640,172.45785724252443,172.11472271178087,86.3306883397667,80.68797946177743,147.3803974439836,0.49518657544007594,1.3315449618331616,0.588356387961579
arms_not_dropped_2.mp4,arms_not_dropped,648,168.43507709806426,169.12623355952556,83.31240095681788,77.25350983608811,148.14917857891427,0.5658344485658442,0.5201611068448504,0.6684163177452809
arms_not_dropped_2.mp4,arms_not_dropped,656,169.10209301006563,170.29440888253782,81.25836675328404,75.48612399501306,147.62782160009775,0.5236615563476812,0.10969711303911803,0.6117974752795888
arms_not_dropped_2.mp4,arms_not_dropped,664,170.4198589033994,171.33014175221152,74.8420811558364,76.34722896786326,147.40089816445277,0.5087916136254602,0.5334077879266518,0.5873183390613554
arms_not_dropped_2.mp4,arms_not_dropped,672,167.9770729465,168.44254439451637,66.81790672050369,78.95911566148492,151.76082957327793,0.43917145198831803,1.798477176921762,0.49858052833158534
arms_not_dropped_2.mp4,arms_not_dropped,680,162.48057018613164,164.55404258125617,52.48350348259218,77.11861593270464,150.84745402208515,0.44331889097864285,1.5806697719026346,0.6815624399491199
arms_not_dropped_2.mp4,arms_not_dropped,688,163.40460470020756,166.81265765974885,54.63157464287138,76.39994319862548,154.46922527011745,0.47486975198128334,1.7362592133782586,0.5553653792357712
arms_not_dropped_2.mp4,arms_not_dropped,696,159.0854935519128,165.3130914357281,41.38926664581985,73.01828722616553,155.06054459365575,0.44702907359579874,0.30453153647610104,0.512837367864881
arms_not_dropped_2.mp4,arms_not_dropped,704,160.63362377379292,162.11727303819367,33.09034664326557,73.50927805221212,151.65731362412106,0.5119581432738536,0.49659437400153933,0.6462187303499504
arms_not_dropped_2.mp4,arms_not_dropped,712,156.95757130949798,160.27139009470346,40.44949237848263,74.23416137582906,153.2539926706468,0.5043153372354015,0.3933128854573326,0.6170499945985594
arms_not_dropped_2.mp4,arms_not_dropped,720,160.00123343972027,163.6897790954188,34.59804360771588,73.90435191689603,151.43707077799,0.5342909222185164,0.6941024907239589,0.7041438210551747
arms_not_dropped_2.mp4,arms_not_dropped,728,163.92568654647434,167.11369591142332,35.966612507725664,72.94147314546298,151.85572898310897,0.4773683193880242,1.7739408116434576,0.648449636223323
arms_not_dropped_2.mp4,arms_not_dropped,736,164.51971507646556,167.40465919150685,36.33974724208672,72.8700115675949,151.85660118568538,0.4874382220882086,1.4887874473977842,0.596651948262948
arms_not_dropped_2.mp4,arms_not_dropped,744,166.5011903498429,170.48311492748493,39.00318930989586,73.40959259483024,152.89610655734015,0.48297418033492984,0.8734936649867006,0.5458050306053576
arms_not_dropped_2.mp4,arms_not_dropped,752,163.83393994651445,168.4023362733396,37.31648298523983,79.56179118345632,153.42101253041906,0.5397962414387408,1.5296022330665793,0.5985259952073705
arms_not_dropped_2.mp4,arms_not_dropped,760,163.76814152558796,167.28337389467933,35.50675592716087,92.89240922065609,153.36169194676253,0.4869939061624439,2.553934620694816,0.5303410765491713
arms_not_dropped_2.mp4,arms_not_dropped,768,159.6745652577098,162.48581308614905,42.927689631321854,109.6214592518045,157.98648503033297,0.4328680519708921,1.0011820207284952,0.4425023242976007
arms_not_dropped_2.mp4,arms_not_dropped,776,158.8749264091433,162.05759450797495,46.77153833309967,119.07385591556117,157.66483719568905,0.42335374760361105,0.3295530188256963,0.4473047803940862
arms_not_dropped_2.mp4,arms_not_dropped,784,159.6615325960515,164.19428242335027,38.3240060939877,135.7176153320895,155.15319637347125,0.5866620212857738,4.552961236859343,0.6556538642595291
arms_not_dropped_2.mp4,arms_not_dropped,792,169.48609275985558,175.867912880191,30.181142501833353,136.2777834603319,153.77887445649233,0.561338235685927,8.511508710786329,0.7571989602565071
arms_not_dropped_2.mp4,arms_not_dropped,800,167.14844991632108,169.7883909420931,44.082327536735434,155.7693983350271,154.45781104709943,0.5843059872218886,9.184418068358037,0.4593525591294649
arms_not_dropped_2.mp4,arms_not_dropped,808,164.92440140058642,173.1095630009483,40.99825260351701,147.90712573288744,153.74040676182852,0.4574460643474252,10.370114407416164,0.5532439639188934
arms_not_dropped_2.mp4,arms_not_dropped,816,167.28347459793287,174.98555655128237,32.15259885335276,140.99041403167033,153.84787142732665,0.4158132456711159,10.546265821459816,0.5902928331660298
arms_not_dropped_2.mp4,arms_not_dropped,824,166.07338118463127,172.3156669982081,39.143137030543166,142.03075266369652,153.3488036426726,0.41410175465419247,13.00974448028626,0.609275803500148
arms_not_dropped_2.mp4,arms_not_dropped,832,166.50335026793854,174.09067595734507,31.134395382279898,129.09501456312222,153.087623517983,0.37385792598798046,11.803295542194403,0.6303855700907538
arms_not_dropped_2.mp4,arms_not_dropped,840,167.1983808578381,175.60159650979284,32.000827832238684,111.99768194539772,152.7401893418739,0.39939209224081523,8.149900147761409,0.7169480412239969
arms_not_dropped_2.mp4,arms_not_dropped,848,165.95690404571369,173.37149787065925,33.58590643536851,102.63390439092692,152.0500400708413,0.3964845218905647,5.683955972436343,0.5614397003550102
arms_not_dropped_2.mp4,arms_not_dropped,856,164.09815230651054,171.0428089000769,40.803610344335574,94.04826063819927,151.80323952130138,0.5071794626197711,3.216111502089227,0.4708713725722451
arms_not_dropped_2.mp4,arms_not_dropped,864,158.60910635651123,167.14149075361954,43.284882888257606,85.73489918976102,152.1439853570472,0.4183724235546243,3.799517642726074,0.3413550061195561
arms_not_dropped_2.mp4,arms_not_dropped,872,161.478777359321,168.97664285623185,36.66888824785531,82.69601081103698,150.59229471454606,0.4274122846326442,2.2849570120298432,0.4312404975760277
arms_not_dropped_2.mp4,arms_not_dropped,880,158.2474675780932,162.78173405880602,40.05674140110048,63.62646469821759,149.377660403415,0.5009854219633811,1.5764537765741529,0.4955271685118542
arms_not_dropped_2.mp4,arms_not_dropped,888,162.82953101899568,151.0538525254981,45.25621144688732,56.01363112477387,152.5122403771893,0.9125662250539044,1.4163224220653816,0.4829069694106535
arms_not_dropped_2.mp4,arms_not_dropped,896,161.65088222693865,156.9574834846876,39.58369114414612,47.95770815681336,149.72757395763384,0.6140685494064777,0.2824425396144542,0.47316293796572695
arms_not_dropped_2.mp4,arms_not_dropped,904,160.65670842843232,151.60337915464348,44.45125787299787,51.35288040031709,150.5085891715587,0.7580684864580687,0.927820300591652,0.5050814973894127
arms_not_dropped_2.mp4,arms_not_dropped,912,159.12254803759194,151.61684721815593,47.046362420802005,48.51207630144743,151.56759764141276,0.7434739376456833,0.6709380602897835,0.4806092581483196
arms_not_dropped_2.mp4,arms_not_dropped,920,153.03281865162378,149.07005972980446,46.26073070540619,48.35695305550872,152.1344198684326,0.7162354576535475,0.19346462388772961,0.5150737941573847
arms_not_dropped_2.mp4,arms_not_dropped,928,152.70433252557135,156.05295459145577,47.57038487920759,46.805569110995116,153.01070325635698,0.5903172427181813,0.0614399523065807,0.4674311358948958
arms_not_dropped_2.mp4,arms_not_dropped,936,159.85006806350287,133.9792402951159,46.44582185314255,47.51738856505887,152.5966145012359,1.1685476026774664,0.4474410528655575,0.44318004102328007
arms_not_dropped_2.mp4,arms_not_dropped,944,152.18102201574254,149.99614227304943,44.68257076758923,45.858944664625895,153.32763356439077,0.5797209657467528,0.2218600426880946,0.4464533798216615
arms_not_dropped_2.mp4,arms_not_dropped,952,160.51232810028594,128.15447641123944,44.61558538715715,45.11085258678297,152.2617883285028,1.7999295045534212,0.8131861972133239,0.5745830161994674
arms_not_dropped_2.mp4,arms_not_dropped,960,160.20607031763112,131.53627501603265,46.57990738820683,47.609587085965934,154.1648281863234,1.7742081201526185,1.0499559802024108,0.5594538447465182
arms_not_dropped_2.mp4,arms_not_dropped,968,149.16657283935854,145.90616941189973,47.265608777720395,49.57591554468464,154.18848177232925,0.6425585295421897,1.7706230057424912,0.45937375689739535
arms_not_dropped_2.mp4,arms_not_dropped,976,148.28381510834183,143.76516075355823,48.691607358740235,50.93352689102999,153.6880662570761,0.6652708588773966,1.729964754828681,0.47236479731673064
arms_not_dropped_2.mp4,arms_not_dropped,984,157.6836351525481,141.85936646295653,57.90868431386656,52.73354653113511,155.80550150584932,0.9642980409237134,1.9735983751963035,0.5477328034995035
arms_not_dropped_2.mp4,arms_not_dropped,992,159.38148038465383,151.06466886529077,58.68625372356674,49.00653495925195,156.22317815633951,0.6920343943642766,2.878415888736839,0.5447485973139332
arms_not_dropped_2.mp4,arms_not_dropped,1000,162.5313980121971,154.77549958266346,64.59547108814812,46.867971900794664,149.7164758294327,0.4887594901967339,0.29680960871507317,0.560230492509616
arms_not_dropped_2.mp4,arms_not_dropped,1008,164.63973421610459,152.4909918098238,69.53719708951473,48.457417466408884,151.87826389240922,0.6566209249627132,0.42739461230555276,0.5450623039607284
arms_not_dropped_2.mp4,arms_not_dropped,1016,160.2891133649899,154.0417177581755,70.49113548244374,45.59323175529031,148.86894297443993,0.4722382764715286,0.24989357898824446,0.5630520823946967
arms_not_dropped_2.mp4,arms_not_dropped,1024,168.57157727026822,138.53019104802067,71.67282911881203,44.533023542488046,149.39414020362054,1.1641823920551535,1.047867181520209,0.6001462387014016
arms_not_dropped_2.mp4,arms_not_dropped,1032,162.11729440503885,139.55662722016658,68.75468120080792,45.73699886226228,150.1505336482824,0.9085786952667392,0.7682827109099273,0.5427848195403371
arms_not_dropped_2.mp4,arms_not_dropped,1040,161.15967915693616,144.84666672283777,62.548353739794685,48.581192238562274,157.81469520995404,0.7275798483409562,1.7234268461706495,0.5136072728963418
arms_not_dropped_2.mp4,arms_not_dropped,1048,154.4289540779459,154.9904568601886,54.8499412486523,41.00569873810482,155.32884620511464,0.5479483066068003,1.0548081473554185,0.5031297700466618
arms_not_dropped_2.mp4,arms_not_dropped,1056,158.7792666363084,153.66719673871265,56.40377563691585,45.63913740749921,155.7357298678926,0.5617056043459423,0.7446445857863645,0.5590049947815404
arms_not_dropped_2.mp4,arms_not_dropped,1064,163.37761267983018,149.35309977207012,58.20444675702376,45.63293767745401,155.65501278630498,0.7182225061926912,1.3457709167731158,0.52634883276153
arms_not_dropped_2.mp4,arms_not_dropped,1072,154.62143916901192,153.31562707969468,56.09809179639153,43.9775664322704,155.15730241460352,0.49558226258146165,1.0372214188565232,0.5122539738007575
arms_not_dropped_2.mp4,arms_not_dropped,1080,162.0779305090116,131.36215209319982,57.40090307942841,42.5691517854842,153.78895490529672,1.1533126260765354,0.9601797230073152,0.5511469147693643
arms_not_dropped_2.mp4,arms_not_dropped,1088,159.78635743750024,153.1878533758151,55.05241428232037,41.0473351954711,153.9078638225894,0.6574933769692384,0.08909361227069007,0.5451604072656533
arms_not_dropped_2.mp4,arms_not_dropped,1096,159.7829611570406,151.260672346204,57.62134553428471,43.84910435801574,153.83056320790575,0.7626553261448665,0.33819756108315224,0.6105469440241542
arms_not_dropped_2.mp4,arms_not_dropped,1104,159.60636509898083,145.61188191025164,59.66656529761348,47.3147499196086,155.16943052866196,0.8379242106421493,0.9719900604402808,0.5359936243340008
arms_not_dropped_2.mp4,arms_not_dropped,1112,157.98296022124887,148.76962554233435,60.77653626052262,50.08324386924012,158.75157772381155,0.7113480189303846,1.0680632834249624,0.49772727587043664
arms_not_dropped_2.mp4,arms_not_dropped,1120,165.59362618847592,146.9760114517065,61.62765584207392,46.87777081725491,155.27849487169357,0.9294358772664376,1.1349942853101385,0.5343509400731269
arms_not_dropped_2.mp4,arms_not_dropped,1128,164.9046600252226,151.10228389676047,65.52282902540531,44.943852039469384,149.52780358385832,0.6517547503018586,0.5117984248304586,0.5683353760431659
arms_not_dropped_2.mp4,arms_not_dropped,1136,164.51650815567942,136.40291066435626,74.66839277542292,45.287589383848925,151.28691866001253,0.9649539774887217,0.7526578260913211,0.5334089110999688
arms_not_dropped_2.mp4,arms_not_dropped,1144,161.8662061631482,160.5940473242913,77.4669139477909,43.967119448218405,147.89158761594297,0.4534113271658346,0.03696143080932867,0.6176961386558191
arms_not_dropped_2.mp4,arms_not_dropped,1152,163.73845503175255,162.75438402674263,76.06849689229534,43.602369065016035,147.8236440687765,0.46334010765813816,0.26386460305418014,0.5965355022265411
arms_not_dropped_2.mp4,arms_not_dropped,1160,169.17691014134778,162.13389242438805,76.5401172843753,43.06438592566712,147.90706338058277,0.49537526615417815,0.2714123699412246,0.5787216589122688
arms_not_dropped_2.mp4,arms_not_dropped,1168,167.27206664418387,153.89654114027584,76.60699692670717,45.163059746890184,147.99379712341585,0.5897532868704495,0.08670917447623182,0.5986491213269541
arms_not_dropped_2.mp4,arms_not_dropped,1176,165.23757072444909,158.08273726740325,74.9237160806079,44.59836014848527,146.17784073772106,0.48318293699500164,2.0772154124656574,0.6329397531077381
arms_not_dropped_2.mp4,arms_not_dropped,1184,168.648573068424,154.60828211092772,74.60885488605116,44.46400272078377,146.1115064465535,0.6835483313543409,1.967250854060859,0.6807821127582693
arms_not_dropped_2.mp4,arms_not_dropped,1192,163.02242266702868,157.14348595135436,81.37856293637577,43.783233564490175,147.0712739174393,0.42508109170491504,1.2179986448877638,0.6088153676976309
arms_not_dropped_2.mp4,arms_not_dropped,1200,172.7410362274305,148.99947459535835,90.6750839119733,43.504745605625736,148.22979690975313,1.1078883482159787,3.3438444447147018,0.5933418610901784
arms_not_dropped_2.mp4,arms_not_dropped,1208,166.68240089278612,158.28803706154343,90.9244848030849,39.721525287822274,143.71972774728482,0.4273960412456788,2.8700875686963445,0.6419321146782752
arms_not_dropped_2.mp4,arms_not_dropped,1216,167.95289425074913,162.30679333836403,97.74993513799745,40.84980878657742,146.51472394415097,0.49366111430305204,2.419306132770124,0.5686061951886975
arms_not_dropped_2.mp4,arms_not_dropped,1224,169.96922727513135,165.7498995881012,100.84562481491713,42.64052760594527,148.0833130871318,0.49945377056462853,4.032381553004293,0.5439712094380247
arms_not_dropped_2.mp4,arms_not_dropped,1232,169.8830502953164,166.06763748110168,100.25271222821478,43.02335032705097,146.4940676209795,0.4682975044673832,3.395743744697011,0.5900908062281252
arms_not_dropped_2.mp4,arms_not_dropped,1240,172.84257387541166,168.83073076076676,101.77133369204613,43.756821782605314,148.13403131657208,0.4999415657845077,3.1353271284038815,0.5216405771553133
arms_not_dropped_2.mp4,arms_not_dropped,1248,171.04755929455325,162.00239898662912,101.47388536008737,44.773373120482155,147.1696107649344,0.5496454001479503,4.0616952089987635,0.5039273121594248
arms_not_dropped_2.mp4,arms_not_dropped,1256,172.84070062409234,135.91654558958308,104.71847082625771,46.842940365603184,149.70436908398165,1.0768971744322653,4.336038644030943,0.5938509425934544
arms_not_dropped_2.mp4,arms_not_dropped,1264,170.53303995687682,153.60938583430402,105.60379762799899,48.699607695190274,149.70061939735808,0.7317193015256116,4.156595699891763,0.5764668530267428
arms_not_dropped_2.mp4,arms_not_dropped,1272,167.35053894982238,160.29717910645573,112.74649596826411,47.298683155265785,148.79070368521317,0.49989011464978184,6.049113650492956,0.4860101802773507
arms_not_dropped_2.mp4,arms_not_dropped,1280,166.64536720286142,162.95656217795678,110.09885550677718,44.92658815383643,143.24379738131626,0.44811605805991567,5.8586857964241315,0.7065053857067123
arms_not_dropped_2.mp4,arms_not_dropped,1288,168.56884154585956,160.12944691140444,116.71600566680306,45.63102138621031,146.2679796125643,0.47545242178528146,6.457021976767204,0.5709149086369087
arms_not_dropped_2.mp4,arms_not_dropped,1296,169.55137079608113,160.96702184104117,121.83812097463758,44.725629231536594,145.28712062202501,0.4702358871985608,6.617558794568164,0.6043005807932322
arms_not_dropped_2.mp4,arms_not_dropped,1304,170.40176744113293,158.32924076149092,130.65162237037447,48.148734910372305,147.57129673235144,0.4134323193979349,9.473221882268907,0.507013465679444
arms_not_dropped_2.mp4,arms_not_dropped,1312,163.71752567750892,162.5394427451864,152.8019412866758,31.803777897226325,145.71940375894687,0.47420214535275984,13.861541950636537,0.6230944545077806
arms_not_dropped_2.mp4,arms_not_dropped,1320,163.49776439552974,167.97661945129613,160.5217983119651,25.546339740113588,147.62590115029025,0.510817298956829,20.987878945699332,0.7319179517868774
arms_not_dropped_2.mp4,arms_not_dropped,1328,170.31043989707052,166.37748235642925,162.19108402783033,29.249993900620492,152.68102928174636,0.5184320021451139,21.63381453018808,0.7740260805750037
arms_not_dropped_2.mp4,arms_not_dropped,1336,169.58821844576596,169.36033785398388,153.85833696923675,30.186615025458117,147.320933860749,0.5413921899895304,22.71755101510435,0.7256930653175883
arms_not_dropped_2.mp4,arms_not_dropped,1344,167.41952465254386,159.73115684346925,153.74115861461127,38.28215150862197,147.17456776531878,0.49479229135036706,21.772220346751546,0.5895615304650417
arms_not_dropped_2.mp4,arms_not_dropped,1352,164.06180995550315,159.5034073964576,145.96107196804314,35.20133960906498,145.7386480565554,0.519044841165631,21.775211592466388,0.5548074026716341
arms_not_dropped_2.mp4,arms_not_dropped,1360,157.97721811515123,152.30613329941409,133.5632219843077,48.18623969056361,150.78305058848548,0.47733606060802675,15.14695676807393,0.5223379226391904
arms_not_dropped_2.mp4,arms_not_dropped,1368,164.07226440622307,153.3516640279537,113.90703772781517,47.8425217099212,147.23935222169197,0.4382226372971985,11.114992937357824,0.5604028590130539
arms_not_dropped_2.mp4,arms_not_dropped,1376,159.82884142292153,150.18701235358935,106.78076650419858,49.79817491010037,149.75696338698555,0.4698364999963555,8.821804297269367,0.4979372540515462
arms_not_dropped_2.mp4,arms_not_dropped,1384,159.48216656550514,132.76724691796753,95.18801146454012,50.875501233663925,150.42678923399447,0.932468172087234,7.4664735074754285,0.5249292271331949
arms_not_dropped_2.mp4,arms_not_dropped,1392,151.68284388362767,120.4810297303186,73.22736249085115,50.97403705465518,149.21522412783497,1.1375828772453458,4.679215515146085,0.506044193942263
arms_not_dropped_2.mp4,arms_not_dropped,1400,149.21775544668046,123.49639002526081,67.45314989217957,52.17351054457734,151.7720662718231,0.9998394666071126,3.9357544287335946,0.590944145088392
arms_not_dropped_2.mp4,arms_not_dropped,1408,146.79837747371474,122.76339375665717,61.35802654532117,50.43320280624853,152.45698684092847,1.050082346517802,2.8081178539580045,0.5456443697503143
arms_not_dropped_2.mp4,arms_not_dropped,1416,155.16437925061624,144.59509044570171,61.97200129519458,51.29239636158343,158.21893014427587,0.7623151071294012,2.7397950612045703,0.5150263897159635
arms_not_dropped_2.mp4,arms_not_dropped,1424,160.82086703368967,135.73984283807104,58.60158935439592,49.168506021587824,154.63288188979158,1.1650404542882609,1.8417179342909737,0.6293168502433594
arms_not_dropped_2.mp4,arms_not_dropped,1432,150.08603942863502,148.60691668417954,62.526154878298776,52.0504662395341,156.69044667088428,0.5914773677599519,3.319888461119425,0.5076383037593893
arms_not_dropped_2.mp4,arms_not_dropped,1440,153.4227006647528,132.59622265468042,65.64107866520916,56.29163888737082,157.1967455522663,1.0339292451145086,3.0793968347618073,0.47990528665255544
arms_not_dropped_2.mp4,arms_not_dropped,1448,153.7825768902207,142.64595865993527,69.70221139805084,64.2553611536333,155.04800563191472,0.6644371089550698,1.4019808754747047,0.5226113561572568
arms_not_dropped_2.mp4,arms_not_dropped,1456,165.51709095303315,157.76838953810892,70.18222383164075,69.78200528137758,149.59713417200211,0.5006123726676756,1.084152076395971,0.6225016930591961
arms_not_dropped_2.mp4,arms_not_dropped,1464,167.49667717044107,165.9034864857972,71.23217756268897,68.33566885158439,149.00390454341357,0.5901358520799531,0.003302673824659162,0.6225533955877224
arms_not_dropped_2.mp4,arms_not_dropped,1472,158.1659134857049,156.91465853998665,69.90420598291901,68.09578956350792,149.2871896313963,0.5133201090314912,1.1588522308013973,0.7154913515191562
arms_not_dropped_2.mp4,arms_not_dropped,1480,159.03306861095407,164.13019303028636,68.64983118934454,65.99633389252062,148.49772779181473,0.5739413696583391,2.462969645582434,0.6296104328629925
arms_not_dropped_2.mp4,arms_not_dropped,1488,167.8351373911004,142.32035466881922,67.19714664412712,64.16135321042796,147.45768336841797,0.9841836157744828,2.9899520850466894,0.7007273665541345
arms_not_dropped_2.mp4,arms_not_dropped,1496,165.30616428584983,160.2393997712349,69.3403825935379,64.88894461232792,147.986660865751,0.5138236533000214,3.3584284991011772,0.6866915424385922
arms_not_dropped_2.mp4,arms_not_dropped,1504,164.24658565607973,159.83419830571026,69.92571566625145,64.7399299790262,148.02520570763022,0.47504317729078016,1.9168411104507257,0.6135877428594483
arms_not_dropped_2.mp4,arms_not_dropped,1512,162.8556166124558,158.40373974778754,68.31421745615523,65.07858571695131,147.93133282890386,0.47686095236538095,1.6887717926993602,0.6130330519756287
arms_not_dropped_2.mp4,arms_not_dropped,1520,164.81319088761185,150.0314108866105,68.28048671678995,64.29403381389375,148.5269389741112,0.5953586560346155,1.4146313884704094,0.663002547242849
arms_not_dropped_2.mp4,arms_not_dropped,1528,163.21958417231355,157.4332637783418,67.17156169201077,64.13648816511734,148.50489991344577,0.4858320810707048,1.8236237560866382,0.636710134023101
arms_not_dropped_2.mp4,arms_not_dropped,1536,157.46689294747853,156.3342040556847,69.51581958754578,64.39406405587609,148.5706522757545,0.4923997114959746,2.5385879469793484,0.6630528093170464
arms_not_dropped_2.mp4,arms_not_dropped,1544,164.65275798152746,160.1279088946752,69.99829585037921,66.93038502571339,148.91141867659232,0.4915388120762756,2.1710298701783772,0.6580265561723115
arms_not_dropped_2.mp4,arms_not_dropped,1552,162.73296946900086,165.19951431221426,74.60412985708322,71.56326151608914,147.7211867593849,0.48223084405619554,1.3441466780579998,0.6778510194819217
arms_not_dropped_2.mp4,arms_not_dropped,1560,167.48042561459528,165.95881687388103,77.58474492821824,80.26297469062202,145.079288437171,0.5001266974805344,0.07096260167144038,0.7654683659807145
arms_not_dropped_2.mp4,arms_not_dropped,1568,169.29699190999173,168.19119660689103,79.55076421610597,80.96341640326553,145.47611543578765,0.5021232689744548,1.2775000481402745,0.7666474311486623
arms_not_dropped_2.mp4,arms_not_dropped,1576,165.56051299193675,164.44876860477535,82.28965100517179,83.53984369113849,150.69247463690496,0.5567612982896939,1.7030402518902683,0.6459900053439123
arms_not_dropped_2.mp4,arms_not_dropped,1584,162.52155246736706,159.63175125006313,72.1799186352368,72.47794666001278,148.78515025155627,0.5109351059165043,0.2890916260022693,0.6716025621627878
arms_not_dropped_2.mp4,arms_not_dropped,1592,161.47637612917123,155.81415030029206,64.67215410780226,64.44013383511475,153.2083039535341,0.5215724967497277,0.4284736020397317,0.6117244087892327
arms_not_dropped_2.mp4,arms_not_dropped,1600,153.64542345260796,148.58301036425334,60.82612229826073,57.883927878749134,153.96091016845605,0.4963596802432338,1.3143385863104449,0.5689738333235398
arms_not_dropped_2.mp4,arms_not_dropped,1608,160.38524175061562,146.3848278101098,59.51315586005108,54.60445974061875,155.90757700174623,0.6956545683599809,0.47318346165729525,0.6368121945069912
arms_not_dropped_2.mp4,arms_not_dropped,1616,163.16431669278887,149.58942910671524,59.95949352974894,54.13551301024895,157.2324438851485,0.7921807125887844,0.935644326972695,0.6215814509809023
arms_not_dropped_2.mp4,arms_not_dropped,1624,157.85792923852176,116.66310346354147,56.25760583170193,49.21713042539452,154.37106157638038,1.7030223234270743,1.3623318964407085,0.7021585498289495
arms_not_dropped_2.mp4,arms_not_dropped,1632,150.41019137187683,139.91557565372935,53.097487510064454,45.503273746452486,153.06447395459065,0.5729430224449947,1.2644539099419088,0.5596896780724788
arms_not_dropped_2.mp4,arms_not_dropped,1640,152.64138214005476,142.718114611106,57.77647640007531,52.069440519432,155.97088248376645,0.7759264300337414,0.7656246172645748,0.5608878116057652
arms_not_dropped_2.mp4,arms_not_dropped,1648,159.74066255401232,125.60278038590651,55.47980835634132,53.06786817697764,155.86636396156698,1.443430541954169,1.5977497153681526,0.6292769213041423
arms_not_dropped_2.mp4,arms_not_dropped,1656,158.55356366726252,148.90499002141448,55.58194367702594,54.82078780443151,155.04349468730862,0.7432730707901284,1.7529752129505027,0.6509532514388775
arms_not_dropped_2.mp4,arms_not_dropped,1664,160.84495025247594,154.58780402963328,58.44088522483049,55.953935156461334,156.84427946591592,0.6167010506357855,2.1150974580350868,0.6060719969868115
arms_not_dropped_2.mp4,arms_not_dropped,1672,162.36564374562806,147.82924202921944,57.10610422258425,53.40563776808788,155.95762318329625,0.6840344371451138,2.4181023520165947,0.6251318854208372
arms_not_dropped_2.mp4,arms_not_dropped,1680,155.59924562344068,146.68624455882644,56.90932377804988,54.27925759944957,155.5258149060139,0.5765907945935334,2.3069622903271445,0.6443550875077492
arms_not_dropped_2.mp4,arms_not_dropped,1688,156.55868227215686,154.46585989386693,58.45741574064508,56.82199799534039,156.24644052748593,0.5304561901417678,0.8009072139666762,0.5909232780759496
arms_not_dropped_2.mp4,arms_not_dropped,1696,154.28271238938683,151.88099973820727,62.9423296253905,62.847134509579995,155.62513429878726,0.501119305505025,1.6027312778680525,0.625479825939977
arms_not_dropped_2.mp4,arms_not_dropped,1704,165.25339542693644,145.1376449490204,67.86157045211506,66.57004372024734,151.06255581440638,0.6156239426133744,2.5638109955239408,0.6470371772977359
arms_not_dropped_2.mp4,arms_not_dropped,1712,161.8347039743371,166.25744893735475,69.30794179834201,69.52504712043093,149.5490409908305,0.6366653710453569,2.4244938824557174,0.6433034520036397
arms_not_dropped_2.mp4,arms_not_dropped,1720,167.53537512237307,169.06768298657246,70.55781075690798,67.31562708666573,146.44710196292388,0.4444550019218002,2.170547163356919,0.6404814293869442
arms_not_dropped_2.mp4,arms_not_dropped,1728,152.85467509649706,171.63098685578166,76.31485635119738,76.19315629308517,146.33380676743326,1.1005436041387198,0.15477702968917945,0.6694519350427092
arms_not_dropped_2.mp4,arms_not_dropped,1736,167.35062735080587,167.7543582285886,83.60691043033897,82.73338575977861,147.31976724628075,0.5502900580404546,1.408695919929254,0.7066466928830255
arms_not_dropped_2.mp4,arms_not_dropped,1744,170.96196328320312,166.35212280447814,86.4840742615501,87.66824984791768,145.62859667290402,0.4906897132869113,2.5934432039584303,0.6189248337016999
arms_not_dropped_2.mp4,arms_not_dropped,1752,161.681566038095,166.42278260511569,81.21431447997718,83.56704752517281,150.69313056707844,0.6575396301042357,1.4664101803505423,0.6118440737596481
arms_not_dropped_2.mp4,arms_not_dropped,1760,162.91997259203052,161.59000939517915,70.21366277770431,67.40554670437828,152.13528721138252,0.537164141407461,0.5849530966895561,0.5800571695598268
arms_not_dropped_2.mp4,arms_not_dropped,1768,153.17029232112165,146.12407014957722,58.156237360621255,52.87558718374827,153.20198369453664,0.6070409553173634,1.7679308558920992,0.5713335190861221
arms_not_dropped_2.mp4,arms_not_dropped,1776,152.33451656431265,145.82107156956815,59.77736147144878,53.53209739592993,156.5152390900073,0.5633370429569173,2.5940538610559587,0.5948237214794271
arms_not_dropped_2.mp4,arms_not_dropped,1784,154.54887349019307,150.1028145037867,58.52280694881975,54.749319505694444,155.72863988658554,0.5377101105766974,2.0446715358733605,0.5893939378386966
arms_not_dropped_2.mp4,arms_not_dropped,1792,153.4509047107506,144.4076519016279,58.174451259753354,54.541133638812255,155.08965015228588,0.563978867707413,2.0964713462737685,0.5958603643674312
arms_not_dropped_2.mp4,arms_not_dropped,1800,155.9681783774482,153.8169907444012,59.93951117633751,55.13773733141896,155.39967121791406,0.5297454629710804,2.4485587354565523,0.567904072781177
arms_not_dropped_3.mp4,arms_not_dropped,8,153.39865284224928,165.4104982700643,63.912707801106194,58.507103787840784,153.48791704507045,0.4859295114278023,1.5646522318328213,0.6866773493292968
arms_not_dropped_3.mp4,arms_not_dropped,16,163.57764248057836,167.1390622596444,57.61460662717587,56.31175510284663,156.09050357079255,0.46793814956167873,0.36581154101739277,0.6475772634102186
arms_not_dropped_3.mp4,arms_not_dropped,24,164.77684048937562,166.07142707428542,56.33411784949003,54.795901682840494,154.23593225935988,0.4828741343182588,0.6369927113168565,0.6754925262601486
arms_not_dropped_3.mp4,arms_not_dropped,32,169.5993717765644,161.20820468043846,56.96165733598945,54.351573436889026,154.0683581414192,0.8662266740936373,1.1486270190867078,0.7470487622537366
arms_not_dropped_3.mp4,arms_not_dropped,40,160.55880150607433,159.49672063661114,57.86002064755696,56.72646144268379,157.32762873361074,0.47935341237710893,1.9200207008498398,0.6431256849263378
arms_not_dropped_3.mp4,arms_not_dropped,48,160.37026030993886,162.3686075994183,58.01208578809624,56.800299958697046,156.4594416712014,0.4672585709744767,2.171654417680993,0.6470468622769461
arms_not_dropped_3.mp4,arms_not_dropped,56,165.4778613312202,156.4970564388788,58.71026555498337,58.556290477968005,156.11486805080986,0.8384321548256638,2.773140365531765,0.7306662461659437
arms_not_dropped_3.mp4,arms_not_dropped,64,164.57502963533503,161.78539063388925,58.36044170868483,56.31567992292777,155.86296366440664,0.6712489729786474,3.3314147539949284,0.6875820053746059
arms_not_dropped_3.mp4,arms_not_dropped,72,165.43163925628141,161.623036369308,58.353996976827496,57.131418396836935,155.89433306101677,0.6100066994402972,3.45355665469856,0.7048611048930465
arms_not_dropped_3.mp4,arms_not_dropped,80,166.12787281949264,164.32124863507968,55.42458605229513,56.17323994977598,153.9197548164214,0.5919203013549084,3.491712811217049,0.757378096465579
arms_not_dropped_3.mp4,arms_not_dropped,88,163.7521635040253,158.16093711251474,58.00057836844762,56.52463481961146,155.48092310084573,0.6602176515520315,3.194261217888971,0.7302274201013668
arms_not_dropped_3.mp4,arms_not_dropped,96,162.72096838027258,161.57327895654365,60.64970990914075,57.676233963983975,156.48707340145256,0.6147148391710877,3.4001638704632637,0.7058878190637722
arms_not_dropped_3.mp4,arms_not_dropped,104,167.76494493054793,160.8104713777078,57.525287491738446,56.384371360301664,154.77052531217498,0.7970208535912279,3.56411717242352,0.7315030778389405
arms_not_dropped_3.mp4,arms_not_dropped,112,163.27684527629557,160.62053657435936,58.025080066698905,57.00004650627509,155.99282640179914,0.67028365051901,3.3212906360877907,0.7394137401773122
arms_not_dropped_3.mp4,arms_not_dropped,120,169.7461490871605,162.3430025180262,57.87372713280789,56.3665708147501,154.9346264195591,0.8176510582292796,3.0541004441950625,0.7188246035356836
arms_not_dropped_3.mp4,arms_not_dropped,128,170.9287960573367,157.57785241644058,54.82746638434435,53.236325234674474,153.3985742308125,1.12923394611748,3.2172472749419634,0.7595725611242191
arms_not_dropped_3.mp4,arms_not_dropped,136,169.2814419231868,158.78473361216257,56.48013089375445,53.86661674755413,154.75408617214825,0.9563324765118482,2.7325882711072875,0.7435949924598476
arms_not_dropped_3.mp4,arms_not_dropped,144,159.26505921725737,164.79753754731752,56.17567682916944,55.144098562631,154.71063014570785,0.47900310163281345,2.6928723851033096,0.70533306282298
arms_not_dropped_3.mp4,arms_not_dropped,152,171.32000524893846,160.52635797172846,57.29044600985685,56.9943692271185,156.1988570359653,0.9992607324212619,2.5743348738315017,0.7619896643206467
arms_not_dropped_3.mp4,arms_not_dropped,160,167.77425167548358,161.58603580990356,58.05180790956619,56.80708809070238,155.66266995956283,0.7789647271491468,2.561815079207969,0.7149997477855966
arms_not_dropped_3.mp4,arms_not_dropped,168,168.57680383139572,161.7951969439744,58.39425014974862,56.44143360245757,155.66069909675429,0.8277334021803145,1.9899159935491502,0.6907872309999574
arms_not_dropped_3.mp4,arms_not_dropped,176,159.27776723577315,162.75938466518826,58.18439757559771,55.932899250042965,154.9822624851936,0.5375056363843354,1.9096735212994138,0.7183262886010124
arms_not_dropped_3.mp4,arms_not_dropped,184,165.8677485572186,159.71423938051413,56.938980053154914,56.70915972038751,155.59675823525663,0.6908446112760731,2.0041884516053794,0.6945585305412872
arms_not_dropped_3.mp4,arms_not_dropped,192,154.83754496053552,158.53116369600633,54.495981925226175,56.60612534040606,157.18272873157136,0.4822171578939861,2.477805690022988,0.6333206758759626
arms_not_dropped_3.mp4,arms_not_dropped,200,158.254122773054,148.44551797712444,54.296279629881525,58.240379195058715,156.61346619461432,0.821245803717086,3.1060251522964,0.6182377057856545
arms_not_dropped_3.mp4,arms_not_dropped,208,150.69145383886908,153.94150431299857,54.022011659222194,57.95131407364002,154.82386517422142,0.4861804067169987,3.5953798030258888,0.6531797446584884
arms_not_dropped_3.mp4,arms_not_dropped,216,154.80714108294538,156.63871280242967,48.85877967788076,55.17779026697558,151.62253504696696,0.4851109556928263,4.260708903931569,0.7031513638703635
arms_not_dropped_3.mp4,arms_not_dropped,224,150.3031652536729,151.330823211008,54.38619244130479,60.268902607340834,157.16092332483746,0.5784640773240071,4.1294835163969585,0.5958052117217594
arms_not_dropped_3.mp4,arms_not_dropped,232,154.57714889587916,155.0611055236217,53.11826339530795,58.06659578573251,156.82471234524127,0.5592232016568052,3.655822994627813,0.6227535312010171
arms_not_dropped_3.mp4,arms_not_dropped,240,153.60788023532794,153.89796813829724,53.5760460819222,57.87869164088806,155.42947663617147,0.5144302852345551,4.059735842245125,0.629169994760795
arms_not_dropped_3.mp4,arms_not_dropped,248,153.52687282395723,154.9196297504569,53.61574524765952,58.299580029786725,155.0981558129993,0.5007631136236413,4.947354844164217,0.6322108241948566
arms_not_dropped_3.mp4,arms_not_dropped,256,157.24130060149162,158.95690928447138,49.91091128502419,58.256555962731426,154.50180378704027,0.4885073505098658,4.464190012964251,0.6626967269809998
arms_not_dropped_3.mp4,arms_not_dropped,264,150.49588036569034,155.49628910800308,54.57170462792182,58.70698871112733,156.4445432030401,0.4780517342023611,4.776570007849286,0.5802064193604993
arms_not_dropped_3.mp4,arms_not_dropped,272,156.92782940647723,154.44713723046644,54.521111096056856,58.96228086123592,157.2847640315837,0.5965032566041925,4.681268611662028,0.5956360465968124
arms_not_dropped_3.mp4,arms_not_dropped,280,157.80725704940818,155.9940595377606,54.38201813158544,58.731495135802035,155.377893364229,0.5710369543741481,5.303642179352573,0.6440127747632993
arms_not_dropped_3.mp4,arms_not_dropped,288,154.140986443761,156.71762708482183,53.493443693290494,58.334467844256146,155.69554972429398,0.4965057410541285,5.52599760870599,0.6791119553569535
arms_not_dropped_3.mp4,arms_not_dropped,296,153.10688396926628,155.65455634869517,50.93412402963878,52.1358515163978,154.46726726306403,0.48897378542141473,5.301553570700218,0.6146715904782083
arms_not_dropped_3.mp4,arms_not_dropped,304,156.05598547240768,156.16655357806468,50.91065311131715,58.619525841738096,155.2545832100818,0.4956151194628004,4.7939154026394615,0.623505199267753
arms_not_dropped_3.mp4,arms_not_dropped,312,157.62731729596402,161.0039889044739,50.74451367620703,55.02644761819948,153.92360678467907,0.4981130514306903,4.736609153573959,0.6803870342855237
arms_not_dropped_3.mp4,arms_not_dropped,320,155.39509491300933,158.4127164095852,51.232691566774406,55.745328576218135,153.41612073830905,0.5008495339424881,3.477096202083417,0.6576715156991102
arms_not_dropped_3.mp4,arms_not_dropped,328,159.41949058385825,157.23749296825667,50.33541671489465,57.32093697311372,152.86569909848106,0.48853481028095724,3.9499023712010897,0.5910314866466745
arms_not_dropped_3.mp4,arms_not_dropped,336,156.3858225580462,156.9110745188227,50.09606549877061,56.239266971556084,154.41874136065098,0.5096644945713599,3.939026994913407,0.5799431124677372
arms_not_dropped_3.mp4,arms_not_dropped,344,153.7210752719334,156.45339205720933,50.20932407835272,56.41169724755438,153.99469404229,0.4955279094938962,3.6990106402910277,0.6339104742246268
arms_not_dropped_3.mp4,arms_not_dropped,352,153.07298697498737,155.8006157315175,48.90367335281429,51.570233678849156,153.57135716154377,0.46860488288248897,3.49599339747348,0.6137129547402805
arms_not_dropped_3.mp4,arms_not_dropped,360,158.58551340593934,157.22151306833788,48.695695399564514,57.082797533406286,153.23315652082607,0.5329348780353951,2.169469073946858,0.5919115136644301
arms_not_dropped_3.mp4,arms_not_dropped,368,154.73308765454996,156.17798571711063,45.446550834666894,48.734519800556946,150.0313418167539,0.47690238098696824,2.971281380729107,0.6340594448446548
arms_not_dropped_3.mp4,arms_not_dropped,376,153.00298820786983,155.73807936597936,47.168184775834405,54.81757087891594,151.59654265862173,0.41297036793726627,1.0202889457574824,0.6015477961565542
arms_not_dropped_3.mp4,arms_not_dropped,384,155.84530822613104,155.51531042732267,57.167785695706826,58.42349000815913,156.3923208263163,0.4131666898459079,0.9180051757482086,0.5582269696501274
arms_not_dropped_3.mp4,arms_not_dropped,392,157.47320275613487,156.96816197219138,57.077523866813934,56.83184440808405,155.6174297670472,0.36675769706066663,2.37022380757718,0.49607312112956875
arms_not_dropped_3.mp4,arms_not_dropped,400,156.84868799497283,157.59493935650355,46.584769502353424,51.80160786490368,151.9156726305455,0.41965372972686693,3.42915703599476,0.6074048537208906
arms_not_dropped_3.mp4,arms_not_dropped,408,153.01090622501306,149.75314001787044,46.91299682165221,51.163860014181935,151.37816798962027,0.5787184042263996,2.812929106202163,0.5861919113593488
arms_not_dropped_3.mp4,arms_not_dropped,416,160.3455074358359,138.98774487327296,50.38819370615621,53.86020976680784,153.65656932001278,1.3347311542500107,1.7840633695014751,0.6436509356383788
arms_not_dropped_3.mp4,arms_not_dropped,424,157.2062598271638,160.37423409964546,56.62668393985087,53.811872913415655,151.98834775908884,0.4946250090374883,2.8140478355350487,0.6267417982796536
arms_not_dropped_3.mp4,arms_not_dropped,432,163.57723745989506,166.9720519603617,58.93838410380271,57.95334010543803,150.62386544277595,0.4267244106838871,2.671048879417144,0.6052172938600051
arms_not_dropped_3.mp4,arms_not_dropped,440,167.40536270757056,168.86839176975332,63.32489401806744,66.02256638476321,148.3819968520429,0.42587509828215947,4.161786540112366,0.6006056757594018
arms_not_dropped_3.mp4,arms_not_dropped,448,169.06195730772023,171.79833589593073,66.15725904328752,66.64557087507328,147.11633114259004,0.4235267040552037,5.464583049497263,0.7028779765518544
arms_not_dropped_3.mp4,arms_not_dropped,456,167.7836078156778,172.00229664007693,72.39649293206739,71.43020955972497,148.062882621796,0.39985189481210304,4.965855928233758,0.7125273298409414
arms_not_dropped_3.mp4,arms_not_dropped,464,170.1794239327811,171.49684085929533,74.09440106395955,76.1841319920513,149.30279216626462,0.42442028299500395,2.672474781273333,0.6935612158733412
arms_not_dropped_3.mp4,arms_not_dropped,472,166.415000435791,171.91294756527085,75.70766322268125,73.67192859999355,148.9447364347578,0.4205929518570635,1.729768684116644,0.7530096095851662
arms_not_dropped_3.mp4,arms_not_dropped,480,168.32221222511967,172.22167996509017,73.20694691887182,72.01247167108386,148.13354282377858,0.4144569875677403,2.4763266187770916,0.7903552483875693
arms_not_dropped_3.mp4,arms_not_dropped,488,167.56415506283648,171.73283338740484,72.32382337205662,72.47727388792377,148.3994406515,0.4200358167587827,3.1720180013368977,0.7224759104892967
arms_not_dropped_3.mp4,arms_not_dropped,496,166.5130086493333,172.49109339898544,75.09037304233246,73.4698710816759,149.3266344149174,0.4181968998402876,2.905031423415075,0.7457278238110943
arms_not_dropped_3.mp4,arms_not_dropped,504,171.1848150680955,172.43302425611006,75.85621092626606,73.9725628036848,149.95141650705335,0.3971189882984767,3.5177625786798288,0.6981593462515808
arms_not_dropped_3.mp4,arms_not_dropped,512,168.11126044669751,172.65162012853946,72.59570504902926,71.07705462223402,149.67431381496024,0.43268392240725123,3.3088875718600157,0.7606369966336103
arms_not_dropped_3.mp4,arms_not_dropped,520,169.68030672609595,168.2472961002898,62.515575277003435,60.41674774289116,149.18024960086274,0.7123175145865516,2.43114807024218,0.7319186169718667
arms_not_dropped_3.mp4,arms_not_dropped,528,168.77408671165335,167.31662072367683,58.28211707924315,56.265662793410065,150.27209186706716,0.6403817703508776,1.8515380491265798,0.7563591769474265
arms_not_dropped_3.mp4,arms_not_dropped,536,163.0156849988356,165.8875617708565,57.195690360377505,55.73773709841437,150.74651214005718,0.44206644480655516,1.783510090909186,0.7151523951874915
arms_not_dropped_3.mp4,arms_not_dropped,544,162.1201838375607,166.04062837020368,58.54891387144348,57.42285753459683,152.39471340986725,0.4271156056474871,1.8645267598646595,0.6587220139716252
arms_not_dropped_3.mp4,arms_not_dropped,552,168.3003805042465,162.7442153037676,59.65610168450164,56.575256648881144,151.73282733820685,0.8607475539250145,1.4317022032453062,0.6432804718434041
arms_not_dropped_3.mp4,arms_not_dropped,560,166.2637506163053,163.74525858497378,63.830021502093516,59.2932562243175,154.332372151404,0.7497987135767099,1.38226808585648,0.6394868032541128
arms_not_dropped_3.mp4,arms_not_dropped,568,169.6776348338469,162.57620637716,60.19204689105015,58.861372555784214,153.2006326948704,0.9619746332492429,1.070474788650289,0.7127387377692113
arms_not_dropped_3.mp4,arms_not_dropped,576,164.8635988058326,163.01452487676892,56.01229620209006,53.29739482983436,149.52131601057377,0.6992392481475228,1.6443843325940954,0.7423803680911221
arms_not_dropped_3.mp4,arms_not_dropped,584,170.55546461121364,167.66682108680394,55.282556588675895,55.29015383653055,149.51823412307365,0.7098069634782295,2.4430371798280524,0.8167650538128832
arms_not_dropped_3.mp4,arms_not_dropped,592,158.75349976208946,164.16932292684646,53.564345189734,52.47155102928104,150.2165001285509,0.44123521035431745,2.6009241079104757,0.7072277229745967
arms_not_dropped_3.mp4,arms_not_dropped,600,166.21592816914017,163.87652201556185,54.61750269437832,53.13011203896255,149.7251870714977,0.7419278990144901,2.8913789638720853,0.787827622169524
arms_not_dropped_3.mp4,arms_not_dropped,608,161.14738129604115,162.47168933715025,57.73603638617894,55.68820535501677,150.2421414773198,0.4631345184649765,2.696121473193883,0.691473728579845
arms_not_dropped_3.mp4,arms_not_dropped,616,160.0991501856408,162.78897814660752,57.59480994293098,56.65957825413302,152.04533946218535,0.4398634476727437,2.9721033764937723,0.6311135581445125
arms_not_dropped_3.mp4,arms_not_dropped,624,165.92994826387763,165.1122909958129,56.704343428023165,57.22983858092592,150.90984415998548,0.5327114290095039,4.15468802364064,0.6512390282145529
arms_not_dropped_3.mp4,arms_not_dropped,632,162.2786941916053,166.30199783333487,63.878965707950556,66.91383943513928,151.8477065239252,0.4833989915208478,3.7186503306833165,0.5664844156555888
arms_not_dropped_3.mp4,arms_not_dropped,640,173.5504796084252,171.47811339432448,72.79841211345578,75.626267859786,145.46555382886285,0.427161371835801,5.916027701962238,0.7095209369317877
arms_not_dropped_3.mp4,arms_not_dropped,648,170.95832822962416,169.79180358975842,80.94249863209883,84.00216782464429,143.31635247786863,0.4001993522175046,4.028572300489856,0.7757853159134335
arms_not_dropped_3.mp4,arms_not_dropped,656,171.81160488585118,170.83181012554633,80.63907218213483,82.59061398773468,144.49693712352942,0.40034379991858265,3.590858491816818,0.8080255148989993
arms_not_dropped_3.mp4,arms_not_dropped,664,171.8691895935458,171.25810697233544,83.46662482633054,82.44957235641684,144.39707907601093,0.4197159197967855,3.4814754586281915,0.8113325508582142
arms_not_dropped_3.mp4,arms_not_dropped,672,172.27700443896416,171.2012211890882,89.20249079185025,87.8353451151056,145.17607349668447,0.4038859218189746,2.74305434365949,0.8062222996763936
arms_not_dropped_3.mp4,arms_not_dropped,680,175.57995495980904,170.32638586629074,90.86375587867612,88.15231162463719,143.79709714115128,0.39957215425244896,2.7430428213986024,0.8170891320040848
arms_not_dropped_3.mp4,arms_not_dropped,688,176.23777201118827,171.28384301256756,90.1529879444186,91.84397179581198,142.8450177098077,0.4190638760137828,2.6662856286376293,0.7563738878206786
arms_not_dropped_3.mp4,arms_not_dropped,696,174.6265070956416,171.27986241227677,93.58214475621709,91.54187992683062,145.84482460624585,0.4097565052155157,1.1750674843024898,0.7808452311782511
arms_not_dropped_3.mp4,arms_not_dropped,704,173.26526285491116,170.37611035674868,93.20034502771391,91.38027157088304,145.3592774865727,0.413601577501896,1.3510970533775488,0.7582350677495435
arms_not_dropped_3.mp4,arms_not_dropped,712,173.59286752856067,170.66301124756757,93.08282956385706,93.80473880690799,143.48839619380325,0.40719846557461176,3.3546211813645126,0.8251363476266319
arms_not_dropped_3.mp4,arms_not_dropped,720,176.08520103949647,171.31251610586705,101.12002380817759,110.08520855346171,143.29271560379712,0.40752969602831834,2.0249544864878453,0.81002506006066
arms_not_dropped_3.mp4,arms_not_dropped,728,175.99549595179445,171.49416028746182,100.60037376808647,113.55321950782147,139.87665201442354,0.4061333713628777,2.305148891722762,0.9084472970894122
arms_not_dropped_3.mp4,arms_not_dropped,736,165.55292468362026,166.23086516615467,102.88011190567947,107.13430626289527,140.0220545056018,0.42114083422110926,3.173068460190717,0.9339654958875773
arms_not_dropped_3.mp4,arms_not_dropped,744,170.524698544095,166.37972482903328,106.75309130825863,106.6316868198483,144.3323058277953,0.3968990043559902,3.1877644854603946,0.9452397464716226
arms_not_dropped_3.mp4,arms_not_dropped,752,175.12811140520273,171.03284732739735,101.358201487864,105.48795832728058,142.8698812930234,0.3989506655073299,2.735179023552418,0.9246598800535778
arms_not_dropped_3.mp4,arms_not_dropped,760,173.97341784939127,171.96767306493481,88.5391834174187,77.71444676714852,141.38826148854278,0.37281493333234217,2.053967121664167,0.8135845116096011
arms_not_dropped_3.mp4,arms_not_dropped,768,164.46398389475576,167.51042335259342,86.98030446530015,78.23599297679287,147.52829430099965,0.3912074771591589,0.13338929788506018,0.6546108994731015
arms_not_dropped_3.mp4,arms_not_dropped,776,166.94416743643782,171.9458587400717,81.28246293390588,75.92215846155555,147.88776612602734,0.44841346145971184,1.1948030239695115,0.6541024980838365
arms_not_dropped_3.mp4,arms_not_dropped,784,171.38169276456702,173.14527740170152,62.84035864448221,64.69929309969896,141.12394084557044,0.4386906995291086,1.7698836540163012,0.8637759397940882
arms_not_dropped_3.mp4,arms_not_dropped,792,167.16180665474286,171.60681565891915,56.72786365844571,56.46933426037371,144.61018215972337,0.4629979663625748,0.13071216022424156,0.764211488843203
arms_not_dropped_3.mp4,arms_not_dropped,800,161.12827819637494,164.96246010004697,60.045808302228565,56.41658552277316,148.90496550463462,0.43075578612254495,0.3031498349419793,0.68584818284326
arms_not_dropped_3.mp4,arms_not_dropped,808,160.31064426322104,165.52683940131635,61.42665757927804,56.69740623454881,150.35812105912004,0.41506127024073863,1.3142332792767102,0.6663548110805758
arms_not_dropped_3.mp4,arms_not_dropped,816,162.49669604915164,166.9943718027794,61.30325331157974,56.39471022348697,150.56538401399504,0.4313287244360429,0.09711451750719419,0.6789037181893963
arms_not_dropped_3.mp4,arms_not_dropped,824,159.81757766369395,165.85060496111043,60.37525176529709,54.917517821775746,150.7293566701856,0.4167609495820651,1.1058258167690502,0.6648291615878128
arms_not_dropped_3.mp4,arms_not_dropped,832,159.44237451094105,167.24961755629332,61.59064921906721,54.95980472239742,154.63953094430687,0.41528153411524615,0.2775619405408904,0.6356666668755606
arms_not_dropped_3.mp4,arms_not_dropped,840,161.96118689992878,168.5799365034736,55.83414611216161,53.01637060498569,155.52945181473922,0.43070620744271265,1.5813756441691593,0.6543476180676682
arms_not_dropped_3.mp4,arms_not_dropped,848,161.8816171835977,168.6522339790794,56.83010683030846,53.66672707226007,152.86770633614955,0.420387483380396,1.3374838697744975,0.6825389977513386
arms_not_dropped_3.mp4,arms_not_dropped,856,155.69850398663715,160.53388438688714,61.62263479781206,58.59838213629382,157.2884084254807,0.5991782603824374,0.8173121617847988,0.5480187549290303
arms_not_dropped_3.mp4,arms_not_dropped,864,159.49313081970485,158.71808708764644,57.95311826398335,62.81037038063831,149.70141887331044,0.6294321820276362,2.232647981705425,0.627808315742993
arms_not_dropped_3.mp4,arms_not_dropped,872,162.10583266569523,146.14615639729203,62.44324367254389,64.13661689371605,151.0623168162098,1.1705807690679955,2.8450155407362376,0.6088135969272747
arms_not_dropped_3.mp4,arms_not_dropped,880,155.5222202592729,155.28464060281232,64.51855916548804,62.084866393926134,156.3449678309094,0.7332849498111447,0.9483748258772047,0.47932594379351495
arms_not_dropped_3.mp4,arms_not_dropped,888,157.05690844831003,154.84651539202264,59.56206464234004,54.726619325990896,156.01943851123738,0.8240851117865468,1.7570841922573184,0.5111466696705885
arms_not_dropped_3.mp4,arms_not_dropped,896,159.6000815937208,162.95978468652888,59.889487902000575,55.92467144251362,155.6616938973226,0.7267873809384956,1.3615647930214825,0.5714953961892119
arms_not_dropped_3.mp4,arms_not_dropped,904,159.84362792871448,163.30867312665924,59.1025619065991,55.0692414413737,156.40931295003344,0.6994224310932204,3.108820609104847,0.6293133709157472
arms_not_dropped_3.mp4,arms_not_dropped,912,161.15564950693886,165.00915208067417,57.40381946232425,55.26806539246381,157.07980475831152,0.6640156135751035,4.804340890335539,0.6260818863347084
arms_not_dropped_3.mp4,arms_not_dropped,920,158.77656597614828,160.44827239204946,56.71433174357027,59.10166573239082,158.13351523272596,0.7042241658666676,3.9528842391083128,0.563167650570538
arms_not_dropped_3.mp4,arms_not_dropped,928,162.94353681032638,154.2814417567209,56.268454869704506,56.2072653405539,159.1318292315089,0.7895805936596407,4.565936696082389,0.5875216284836925
arms_not_dropped_3.mp4,arms_not_dropped,936,163.72365610200336,163.84086475968456,56.2008239002545,55.30565693920374,159.39158408523252,0.6578522933361496,3.5462348433440245,0.5365323430734432
arms_not_dropped_3.mp4,arms_not_dropped,944,160.0801355580166,162.7827920386122,56.91819532204112,56.627627897283105,159.0039946084818,0.6784155279821505,3.517599043046474,0.5081219810274678
arms_not_dropped_3.mp4,arms_not_dropped,952,157.5523059558642,158.79350382363373,55.67887674644227,56.68278955327649,156.8756621626191,0.6683790617553638,3.247666716370818,0.5930871511259986
arms_not_dropped_3.mp4,arms_not_dropped,960,163.93245567942145,158.88749126250227,57.20462003698895,57.413928626822305,157.57642455134476,0.823809179961468,2.697066583048889,0.6213905170020007
arms_not_dropped_3.mp4,arms_not_dropped,968,157.9142548902641,161.2703949032416,55.36470684871627,54.61684328677493,155.86848333162055,0.6591820394203541,2.917352967944246,0.6511590404052391
arms_not_dropped_3.mp4,arms_not_dropped,976,157.63147025301853,162.06917011954334,56.93761956532975,55.51723639680856,156.39084091928981,0.6694909099743744,2.301228259563826,0.6126264175911125
arms_not_dropped_3.mp4,arms_not_dropped,984,161.70536670238036,164.62921770133104,56.88921927682716,57.206572453295706,156.64672061425844,0.6511439759766928,1.9559777591922716,0.6157116439597046
arms_not_dropped_3.mp4,arms_not_dropped,992,157.6672597018037,162.8057968530114,57.03199672329212,55.909862800530696,156.1103772233572,0.6432267289378233,1.5812586535072632,0.6342532922333197
arms_not_dropped_3.mp4,arms_not_dropped,1000,161.68076740403865,160.7529077616455,58.334441138659756,58.30658663774213,157.6350589168072,0.6696534275986998,2.2023608084375965,0.5731691010271092
arms_not_dropped_3.mp4,arms_not_dropped,1008,160.591629298196,158.60261689255273,60.53499529283754,51.727561526573766,154.5135071599718,0.7173693837548186,3.8520925882525368,0.5915843944884516
arms_not_dropped_3.mp4,arms_not_dropped,1016,162.45403598643148,157.40856197663433,62.85654867865322,46.053369373374,154.0058873425325,0.6778306421692675,4.210802804709655,0.5603012074571835
arms_not_dropped_3.mp4,arms_not_dropped,1024,163.74061487276865,164.93167512346497,69.89179322099176,42.97938224534676,152.9030775573672,0.6959064201398673,5.099177933721968,0.6304443445619421
arms_not_dropped_3.mp4,arms_not_dropped,1032,162.26885066546464,161.506819708113,73.55595921684444,42.485273187993585,151.71585686913508,0.6641320528109614,5.477434778214146,0.6452510459091239
arms_not_dropped_3.mp4,arms_not_dropped,1040,160.23294013937223,156.12833180108342,78.19508003315468,43.95241072822225,152.1022854845152,0.6735882531896378,6.180076206089224,0.5775927466110233
arms_not_dropped_3.mp4,arms_not_dropped,1048,162.96385712749853,156.92980523798374,77.30088784151363,42.65045851712969,146.90427321261512,0.6348666587923808,5.627582915897729,0.6194536567328138
arms_not_dropped_3.mp4,arms_not_dropped,1056,164.01432208510005,159.48642066507153,72.00735630456211,45.07198998353381,149.39587833996316,0.6573940035602572,5.20998792577276,0.6058456882603133
arms_not_dropped_3.mp4,arms_not_dropped,1064,159.9701956135321,148.0909938419559,66.79177387364066,46.959433925031306,152.7041726320413,0.8061727162405573,4.37434091456778,0.5233224814648367
arms_not_dropped_3.mp4,arms_not_dropped,1072,155.37664243440918,153.11181477007491,59.23778108143842,47.5146356739829,156.8884362506681,0.6939254957079704,4.1509257261737265,0.4959035493115464
arms_not_dropped_3.mp4,arms_not_dropped,1080,157.62257411623114,157.15737473096547,56.73864736879634,48.640202397799555,158.23268602016097,0.6810596439390666,5.912067236608022,0.5081358617561959
arms_not_dropped_3.mp4,arms_not_dropped,1088,157.0752332454701,155.3670633856988,53.60578255220555,45.51516335756508,159.85692130116706,0.7252508394037332,5.249307879234024,0.5008613033175141
arms_not_dropped_3.mp4,arms_not_dropped,1096,155.82506038039523,154.65685328815178,52.07117654927034,45.59981821140408,157.49423809330298,0.7198963199354776,4.670810019354832,0.5266235271504602
arms_not_dropped_3.mp4,arms_not_dropped,1104,161.12128042094187,156.96737263611502,50.414484291032196,44.99533326203166,158.11259417613428,0.7214992409291185,4.959260496976602,0.580454397467242
arms_not_dropped_3.mp4,arms_not_dropped,1112,156.29129741317107,152.77438166266487,51.74059096535683,48.20391057123215,158.10591433883846,0.7142656854491506,5.106626100946307,0.5004716426373046
arms_not_dropped_3.mp4,arms_not_dropped,1120,156.25982306870196,153.69877113476753,52.05349610026952,46.40651298372277,158.33539704746352,0.7083292136336103,5.355345718208547,0.4962750242251868
arms_not_dropped_3.mp4,arms_not_dropped,1128,159.4102107020744,156.01117819038836,49.37744189094273,44.89794836089917,156.65717976603278,0.7115199314196841,5.8020538206295145,0.5676807879344141
arms_not_dropped_3.mp4,arms_not_dropped,1136,157.78524924145228,156.22295028091943,56.387188141469885,47.09390206498086,158.132616506538,0.6978193543122847,5.518009469420257,0.5381845844961907
arms_not_dropped_3.mp4,arms_not_dropped,1144,160.66952322234442,158.1022978356741,61.381871807682614,46.10897917373554,154.51663829071387,0.7050178289950947,5.490460066482754,0.5906434562544399
arms_not_dropped_3.mp4,arms_not_dropped,1152,163.62411637334253,155.65852377774866,63.615712274741504,43.21483669546416,150.942892209752,0.7668129562851983,5.501647305171766,0.6110392452763547
arms_not_dropped_3.mp4,arms_not_dropped,1160,158.9493082189196,154.45409229003673,67.35523687537186,46.2676245366434,152.0195985135523,0.6906208177147405,5.0097197354254375,0.5478488727016858
arms_not_dropped_3.mp4,arms_not_dropped,1168,163.32532618366102,160.02658155067002,69.45469898364756,43.19980108110865,148.8633093319486,0.6740587777077763,5.131452080716043,0.6530239762974683
arms_not_dropped_3.mp4,arms_not_dropped,1176,166.44161560946472,161.2832381076379,82.12141379019221,44.26718831126792,147.35377549517494,0.6505981295176894,5.379295602356506,0.6761852935020252
arms_not_dropped_3.mp4,arms_not_dropped,1184,167.50501982069338,159.92482555766043,88.68102819029833,42.9121139143066,147.03164265374159,0.7149778347783453,6.679088301538923,0.661095823745564
arms_not_dropped_3.mp4,arms_not_dropped,1192,170.63180931419325,162.1528563658037,95.13376823514359,44.63269360528283,145.04338634260964,0.6494110117602913,7.935942641076367,0.6891846376243415
arms_not_dropped_3.mp4,arms_not_dropped,1200,174.4670583903531,163.43150043627335,94.32466256185744,41.11662698335762,142.8639827613557,0.6272949218638296,8.409431165732089,0.7053681778963037
arms_not_dropped_3.mp4,arms_not_dropped,1208,173.04419348855615,161.84776565491035,98.31262529385589,41.86655631753212,143.86403657356507,0.6537651266741749,8.324126153502089,0.685760564809572
arms_not_dropped_3.mp4,arms_not_dropped,1216,175.74719547577837,164.57856072013786,101.96491909521137,38.35716178126012,140.16543795233503,0.6509842946743313,8.614797877459043,0.8459998033375741
arms_not_dropped_3.mp4,arms_not_dropped,1224,175.0771956964567,165.03055258531728,100.16221107425048,35.09469657314744,137.7101105305465,0.6649885059520976,8.802155583894177,0.7916304534291221
arms_not_dropped_3.mp4,arms_not_dropped,1232,175.63102757557076,166.3536376061025,105.52053560210892,35.58880157865343,142.50725095574478,0.6682553704149916,7.048741845554281,0.8266147779862669
arms_not_dropped_3.mp4,arms_not_dropped,1240,175.49186495947404,168.13072484103267,102.52214150480152,25.841803275253135,139.47121288358704,0.6809041204660362,7.112649826242135,0.850868950924336
arms_not_dropped_3.mp4,arms_not_dropped,1248,174.90282720747803,167.73159726467836,102.66371447807502,27.330520120744104,139.23218263766896,0.6671179156962607,7.051649049743545,0.8963192113030828
arms_not_dropped_3.mp4,arms_not_dropped,1256,175.05327802049422,166.22418798373326,98.5627615537964,27.969573315085697,136.3342612051795,0.6578408287238701,7.327686485909661,0.8168007100348542
arms_not_dropped_3.mp4,arms_not_dropped,1264,174.4274916246263,169.10520909130238,106.15508716716495,22.233413676846855,143.75496957202398,0.6733778305947511,6.952847504273978,0.7519351758531011
arms_not_dropped_3.mp4,arms_not_dropped,1272,172.84418221961204,170.95200873634818,114.23932366121397,23.5139500305447,148.56931099347932,0.724758556094186,6.808811198021069,0.7075926919181139
arms_not_dropped_3.mp4,arms_not_dropped,1280,174.81231859521657,170.51235459207481,119.52108979118046,33.80703225866568,148.55170813050967,0.7366704763776878,8.853854949249248,0.6723183288223705
arms_not_dropped_3.mp4,arms_not_dropped,1288,176.38669039572736,167.0808324922366,115.55342211454077,24.554186106916852,145.92599556688631,0.7183940327106184,7.838216303761562,0.6839888719952807
arms_not_dropped_3.mp4,arms_not_dropped,1296,175.93418431348627,166.8240806695601,111.44901261590697,32.48014876752351,143.6386504595615,0.6775387031063759,8.992304575723248,0.7824543767649748
arms_not_dropped_3.mp4,arms_not_dropped,1304,175.7841583740149,165.8180911898115,101.80530653016204,33.10985398063487,136.41599796000017,0.6218981642037763,7.427409439499712,0.8519206937692042
arms_not_dropped_3.mp4,arms_not_dropped,1312,174.18357016262368,163.71871733110993,96.44220616088081,39.354118372889594,138.01886751936004,0.6533663910823856,7.319298631880392,0.796288936749678
arms_not_dropped_3.mp4,arms_not_dropped,1320,173.43894769552608,162.40197420717953,92.39597665804627,41.03818661052592,140.6483722722374,0.6519944095679019,7.77079416020259,0.7368114690461035
arms_not_dropped_3.mp4,arms_not_dropped,1328,170.82177734989435,160.94325676984894,88.83510983665347,40.54395159612862,142.66894216658304,0.6771593884782716,8.452758586703002,0.6760480883991847
arms_not_dropped_3.mp4,arms_not_dropped,1336,168.321697675356,157.7909646593959,83.80320875656545,43.263857971831506,140.87420831348558,0.6471834879458194,8.391943873085527,0.6810612563307046
arms_not_dropped_3.mp4,arms_not_dropped,1344,166.20544463610116,158.65824814330878,80.86651546866361,43.33755997643727,145.53757042953157,0.6699622832312149,7.660660801578221,0.651459789007713
arms_not_dropped_3.mp4,arms_not_dropped,1352,167.0549722677155,159.15126216231977,79.95055503153564,41.87449592552683,143.94641775362584,0.6783497049597033,7.495801438132963,0.6368715442196452
arms_not_dropped_3.mp4,arms_not_dropped,1360,166.9669433468248,161.48313407130755,74.7167183525039,44.603762666345965,147.29939847819492,0.6724233824352028,6.787816206085465,0.6301824788719337
arms_not_dropped_3.mp4,arms_not_dropped,1368,165.23439944431126,154.68603715509818,66.66741449188221,46.27162851506604,148.10870312237392,0.7619655863398085,7.7610801335479,0.6499693979945957
arms_not_dropped_3.mp4,arms_not_dropped,1376,156.98555747241528,155.11849398907913,58.82578751558435,41.95074535955894,148.54302451476119,0.6971315871529129,7.613505156690231,0.635063933052558
arms_not_dropped_3.mp4,arms_not_dropped,1384,154.8397834204951,150.74205194203935,56.91941432467865,43.194301041402426,150.48568100422952,0.7529124294101811,6.082400859069705,0.6594912175434541
arms_not_dropped_3.mp4,arms_not_dropped,1392,150.2832102329707,148.30787305546298,56.733000045213664,46.56464313270787,155.99178826405998,0.7413698496716403,5.767129770820728,0.5059610826193734
arms_not_dropped_3.mp4,arms_not_dropped,1400,149.28281861044422,148.93791979519705,60.33002209549188,51.561628227225995,157.82981219190287,0.7153622980781312,4.700196371708957,0.4750320646775657
arms_not_dropped_3.mp4,arms_not_dropped,1408,154.09154816299971,154.99687350710323,57.879851389036055,54.5811886102726,156.69074928960435,0.7123096109192317,4.7025608855761485,0.5379403618466606
arms_not_dropped_3.mp4,arms_not_dropped,1416,158.74167524640012,156.72979193351512,58.34770964012749,56.93787009985699,157.6296067483908,0.7066381978897152,4.811445131400311,0.5346167360955815
arms_not_dropped_3.mp4,arms_not_dropped,1424,162.69841619977032,157.98082420250165,58.97130945101195,57.196065522685686,158.4628310279086,0.8102145124087509,4.913736736427222,0.5620928987745258
arms_not_dropped_3.mp4,arms_not_dropped,1432,163.7085660368929,156.94456236017754,53.377952310897875,55.41293879149809,153.7048315086013,0.8391002424807911,5.483439973264007,0.6612939873925878
arms_not_dropped_3.mp4,arms_not_dropped,1440,156.31989175670464,158.09275683152055,55.304991390135484,63.35278842335498,157.83565906718343,0.6959000102787237,5.351466450971427,0.5916951069120502
arms_not_dropped_3.mp4,arms_not_dropped,1448,165.83557072891696,155.83979540203788,53.55248766779376,70.1497706989755,160.8555662948394,0.9060458420789047,5.705667552435853,0.6197006333936746
arms_not_dropped_3.mp4,arms_not_dropped,1456,164.1337538914925,160.35974315150062,50.026718668714615,74.86174390267969,159.14236494702652,0.7037454658872104,6.945391893625075,0.5724852852968059
arms_not_dropped_3.mp4,arms_not_dropped,1464,164.3653565288822,165.64594720145087,49.68051058965105,77.55287506884294,156.87836636226325,0.7186465029106164,6.848111765596653,0.617056291396057
arms_not_dropped_3.mp4,arms_not_dropped,1472,160.44376443699898,164.5219764433614,49.920252100040116,79.12391304273122,156.9536517169086,0.6791995670536771,5.952204920847446,0.6157517290861566
arms_not_dropped_3.mp4,arms_not_dropped,1480,163.0277732455248,168.70383258587378,47.41357734111921,77.80340425053294,154.56772434214054,0.6826329951497816,6.451917504975474,0.6359184665445156
arms_not_dropped_3.mp4,arms_not_dropped,1488,163.17082986685077,167.2427110587421,46.79168885191217,81.42721377613104,154.5051516455885,0.659915874665962,5.580897329911221,0.6510339736644606
arms_not_dropped_3.mp4,arms_not_dropped,1496,163.85512988830172,166.8742459024596,51.100251140384806,90.36294121081664,156.11129896372668,0.7424486617512525,3.8357577820747903,0.6180233455598361
arms_not_dropped_3.mp4,arms_not_dropped,1504,162.2632743980286,166.38027717673654,54.912631060906044,102.48301194865425,156.71711538284137,0.7200654403763888,3.5270134475990074,0.5735500259105919
arms_not_dropped_3.mp4,arms_not_dropped,1512,153.80540385195403,167.14675863243548,54.022247175761315,100.59767097543563,157.17545031204816,0.6851366257316053,1.983841033927334,0.536713434597735
arms_not_dropped_3.mp4,arms_not_dropped,1520,161.663022512442,164.60785313515217,53.51414419347782,93.41243862209652,158.52304768659735,0.698090865778302,2.9520954162524564,0.5790294650970473
arms_not_dropped_3.mp4,arms_not_dropped,1528,154.42454394904345,160.9897159208242,53.90075429276765,66.253020047035,158.21850086775655,0.6650525640421975,3.0628456321731203,0.5599346492610426
arms_not_dropped_3.mp4,arms_not_dropped,1536,152.2265678692531,158.7427504008967,56.03086901715871,61.72815358700778,157.44600240136467,0.6834749836371267,1.498148217642317,0.5187376799550469
arms_not_dropped_3.mp4,arms_not_dropped,1544,151.78115975188052,158.14504608864536,55.72440427046669,61.862294110627666,157.45426677385925,0.6780281266363629,1.7533509744552978,0.49698996973399984
arms_not_dropped_3.mp4,arms_not_dropped,1552,152.97396477378987,155.98065962635005,46.19877212916925,58.88426629950079,153.59938451287613,0.6811151073567221,3.118377585303055,0.5713209079206444
arms_not_dropped_3.mp4,arms_not_dropped,1560,149.22396248345447,150.625961259245,49.146001829498005,62.53344991111325,157.33960790259175,0.6620368597375469,3.4718671611825633,0.5001096631820304
arms_not_dropped_3.mp4,arms_not_dropped,1568,150.15928283827935,153.47477362317335,49.63684342770522,61.726035427424414,157.79709359847104,0.6472536120327353,3.2886142294493004,0.47649944530574256
arms_not_dropped_3.mp4,arms_not_dropped,1576,148.56623378240258,150.9007772163719,50.090104732183896,62.25171873668847,157.6780830317907,0.6636262318328854,4.961342260948671,0.4942818790363991
arms_not_dropped_3.mp4,arms_not_dropped,1584,152.60488059305524,155.2213492267282,45.289810448176816,61.33308139171345,155.94866616306297,0.6667741673757702,3.847525496948819,0.555010422340432
arms_not_dropped_3.mp4,arms_not_dropped,1592,152.74456130682853,156.3682249904518,45.17277881774766,60.33502741912406,155.07868964903722,0.6693917187942041,2.7977799718713823,0.5179881140543257
arms_not_dropped_3.mp4,arms_not_dropped,1600,151.15001812041572,152.44757349463075,49.05190265881354,61.500688617458394,156.4808332263098,0.7265741706345855,3.6310645144271754,0.47010941055258326
arms_not_dropped_3.mp4,arms_not_dropped,1608,151.19877015419692,155.56773009702422,48.768519286801926,62.089457115606514,155.9380208504945,0.7331482701483286,3.349255945458581,0.48813404956031603
arms_not_dropped_3.mp4,arms_not_dropped,1616,153.05901887994062,151.55805815882775,51.07217318791615,61.29512289112636,158.00674937563707,0.8742997714875796,1.8751794999780875,0.5198059110182723
arms_not_dropped_3.mp4,arms_not_dropped,1624,153.5380133534306,149.533094251564,49.95020898327477,58.553663185158065,157.02757349505305,1.0061417943715754,2.1490905002850007,0.5103345170474318
arms_not_dropped_3.mp4,arms_not_dropped,1632,149.12119192697403,145.0513078096902,48.43361634170873,55.532784080264136,156.25321864494506,0.8890943499990286,2.577958831679971,0.5030544185079802
arms_not_dropped_3.mp4,arms_not_dropped,1640,146.86374179151883,150.8147264871962,52.98096164373227,54.89084230631998,157.3833088360454,0.7063304903758392,1.1661565545758341,0.44966976940892767
arms_not_dropped_3.mp4,arms_not_dropped,1648,148.83892256000823,149.74643672437077,54.92974810478605,58.59648300673184,159.37002978831154,0.673702189448518,1.6662169191682905,0.41058984289408246
arms_not_dropped_3.mp4,arms_not_dropped,1656,157.2148080962391,146.90325380424986,54.33918227800416,54.13142726648454,159.88752688826528,0.940247368574377,2.2783525945913476,0.4838703676491923
arms_not_dropped_3.mp4,arms_not_dropped,1664,143.26901196101275,144.52239285438765,52.06095791273093,54.16789244762053,155.33882903007037,0.6876578304442084,2.9730880528357715,0.5151442168473651
arms_not_dropped_3.mp4,arms_not_dropped,1672,151.0652832571877,149.45474823269956,52.00466311957346,55.238768480880424,158.80562670735952,0.7518166587074421,3.8175524334750306,0.5198955202756241
arms_not_dropped_3.mp4,arms_not_dropped,1680,153.23581238198815,151.91332383057795,53.39895418134195,55.53916066322737,156.62196641030306,0.6906644370609158,3.9683736425102496,0.542643068870093
arms_not_dropped_3.mp4,arms_not_dropped,1688,156.72562312886578,147.6119531390332,52.1277628425476,54.719060084156766,158.98953571698956,0.9578463447199677,4.397855163228278,0.5305829845572807
arms_not_dropped_3.mp4,arms_not_dropped,1696,151.22130861797328,151.35912473189737,50.83600956985867,54.293640585737336,154.8112292296098,0.6911180971766681,4.917401616629558,0.5574807396493164
arms_not_dropped_3.mp4,arms_not_dropped,1704,153.88287373616146,144.70623260598637,52.016507990182,53.35811978290229,157.19713090759416,0.9389072737321029,4.943659255668036,0.5314187135441131
arms_not_dropped_3.mp4,arms_not_dropped,1712,151.51254633698457,150.37885374452364,53.41427807758293,54.80818874287081,158.6539581155487,0.7263395298527671,5.534123153129871,0.47455042374723216
arms_not_dropped_3.mp4,arms_not_dropped,1720,156.05232629355942,156.89139834600937,54.18681703350288,60.224815720987245,155.50302758703174,0.72982830161498,4.604670102570814,0.5170965325634336
arms_not_dropped_3.mp4,arms_not_dropped,1728,155.8266649560319,155.41899180515728,53.00628653972239,67.52793982405029,156.34069745582897,0.7326395081256429,4.8519266502940335,0.5108296256868741
arms_not_dropped_3.mp4,arms_not_dropped,1736,154.50320270140426,154.56932577134236,48.144605835348756,68.3934776293673,156.69257812451545,0.7392914343548198,5.583765594237774,0.5705825981111852
arms_not_dropped_3.mp4,arms_not_dropped,1744,155.09532338338448,155.24526459676414,49.20586378109631,66.72849937742447,156.771413690531,0.7226528410124561,5.057642155609916,0.5732395344724331
arms_not_dropped_3.mp4,arms_not_dropped,1752,156.40646437089146,155.0440777686185,48.74599054709227,63.77353730428909,156.2440921067201,0.7655699316952491,5.570090824579472,0.5176718723936824
arms_not_dropped_3.mp4,arms_not_dropped,1760,155.52144974683804,156.70854304187887,51.39042480271491,59.94683349115559,159.10181169891482,0.7198816576373285,4.117750702644483,0.4907634912465865
arms_not_dropped_3.mp4,arms_not_dropped,1768,147.75374261407262,151.10483411372138,52.970016057037476,54.6300742681189,159.35574141627777,0.681284559185898,4.240240486889512,0.48944744438513804
arms_not_dropped_3.mp4,arms_not_dropped,1776,146.96614166655033,145.28077991801314,51.92292557307808,53.81977832867614,154.44552262120342,0.6815987097420266,4.873629173604675,0.49268495404713375
arms_not_dropped_3.mp4,arms_not_dropped,1784,151.09412606746125,152.94863403980662,55.32130831298521,56.58235431151423,160.34163834846603,0.708578989530177,3.499804146080001,0.48224486522590065
arms_not_dropped_3.mp4,arms_not_dropped,1792,160.74574213694495,146.05672891139864,55.96516470842904,56.56546295281439,159.44850936808072,0.9921826335177769,3.7124547831917254,0.5333934151129057
arms_not_dropped_3.mp4,arms_not_dropped,1800,157.09842108560977,156.26996199712414,54.1586174974214,56.8427616889882,159.95408882086528,0.7209884029020532,3.8439712879300862,0.496642737456426
arms_not_dropped_4.mp4,arms_not_dropped,8,155.34241993334513,158.95275931558885,74.92588867577771,70.29829385652549,155.060743173686,0.6684977408837758,5.182497948199235,0.5692630368878779
arms_not_dropped_4.mp4,arms_not_dropped,16,149.6492875937397,156.5140544540726,74.52517375861504,67.9935402454458,153.90232256063297,0.726137271576584,6.595828225800847,0.6599005532865897
arms_not_dropped_4.mp4,arms_not_dropped,24,154.19259795046077,152.67119044164355,76.66157264741756,70.36774983267217,154.90895177676938,0.6334195836258066,4.916002219627547,0.6140202470306595
arms_not_dropped_4.mp4,arms_not_dropped,32,142.5547027810974,160.13200506187513,78.15854464604134,70.88711793270987,155.6576797996523,1.0704962527780102,4.985875046729976,0.5756188296464372
arms_not_dropped_4.mp4,arms_not_dropped,40,150.52206290238811,155.14581190441385,77.7331280401476,70.06381095399881,155.21887587116444,0.6737946459939113,4.52920857103027,0.5932908900508757
arms_not_dropped_4.mp4,arms_not_dropped,48,145.41103235122029,159.4267455290824,79.26102738038938,70.75422238133554,155.64777787493503,0.9002703874400735,4.3850886605625305,0.570865117276276
arms_not_dropped_4.mp4,arms_not_dropped,56,150.7579903018425,155.1610868903064,79.43992263146615,70.40981284129462,154.94094502192513,0.7157324366121439,5.0445492050456675,0.5888467977107642
arms_not_dropped_4.mp4,arms_not_dropped,64,153.82560833072606,157.18939795778314,80.4118984131822,70.64515076884898,155.4471612024644,0.6588194740291775,5.7905020548177975,0.5615994916489737
arms_not_dropped_4.mp4,arms_not_dropped,72,152.31488302233117,154.46796431186033,75.45557214922836,68.06596401291465,152.69777884399042,0.6821171782485012,6.109764164805005,0.625960027114543
arms_not_dropped_4.mp4,arms_not_dropped,80,149.99176610814243,151.09600555268017,75.6723630936593,67.69110250335405,152.84022469372587,0.6530469665376706,6.92737030135268,0.6181389785760609
arms_not_dropped_4.mp4,arms_not_dropped,88,151.86027607198693,151.36218852355867,77.4461767221637,71.22728637651312,154.6371601391924,0.6326304583874292,4.543748294905288,0.5197129314612482
arms_not_dropped_4.mp4,arms_not_dropped,96,140.44352929113933,154.68369838848147,79.54168372740642,72.92898603787204,155.02513080063548,0.9790808801974797,1.757669373884545,0.5285453571101801
arms_not_dropped_4.mp4,arms_not_dropped,104,161.32704119011302,145.67559974873993,77.75628885953464,70.83088377966243,154.104808425804,0.7734618336464781,1.229652659513659,0.5721552038775953
arms_not_dropped_4.mp4,arms_not_dropped,112,159.09542758929396,157.730490022868,77.23711157034874,70.22258340804369,154.09192241290913,0.655940143196115,2.5049094939688366,0.5510423379460178
arms_not_dropped_4.mp4,arms_not_dropped,120,160.58335174978973,149.9529104331118,77.78229224394875,70.91163348819641,154.5843335054888,0.665772064743409,3.7135341656019687,0.5645589359236424
arms_not_dropped_4.mp4,arms_not_dropped,128,155.29444817772412,152.11695128128036,79.66797480115905,71.04223178151531,154.67009800486093,0.6160961563776804,5.095394557963989,0.5803922727649923
arms_not_dropped_4.mp4,arms_not_dropped,136,154.4611446489211,155.35025359515603,80.28618708924681,71.16884219445294,154.92638108044176,0.6294169418429849,4.958950523262279,0.5825910892050717
arms_not_dropped_4.mp4,arms_not_dropped,144,152.27130977020065,152.37189670451698,74.43534864553536,71.33981015498001,155.61837124355495,0.6272286876090488,4.381266874814161,0.5823327976554696
arms_not_dropped_4.mp4,arms_not_dropped,152,146.2695292505093,162.7503134941031,70.40871424381373,70.92546101857089,155.76067938768458,0.9412637946718889,2.6549605379327166,0.60106107035222
arms_not_dropped_4.mp4,arms_not_dropped,160,150.99614517969422,160.45857478311055,68.07543345879408,71.1973436301116,155.900165058825,0.7169652151979659,2.3903335462442086,0.5900044260587659
arms_not_dropped_4.mp4,arms_not_dropped,168,142.47187594645732,163.270499316596,65.87148516619277,74.73909050921216,156.10371149009754,1.0489432948819952,0.6711825164527961,0.5702573002230085
arms_not_dropped_4.mp4,arms_not_dropped,176,160.13642369585887,164.51120703696543,64.24745824582035,81.76722792306668,156.14613979224205,0.6607074770343819,0.9837097829693077,0.5896197313735422
arms_not_dropped_4.mp4,arms_not_dropped,184,158.78001045239978,166.7416231390537,63.38578458509901,92.83757331478331,155.92567125964572,0.6174082125490306,0.837555850717642,0.593790654126118
arms_not_dropped_4.mp4,arms_not_dropped,192,153.9385299495228,167.9027442011041,65.37586385193882,101.79782194502008,155.6242345655718,0.8003579436730267,0.5741711769736391,0.5916734241882029
arms_not_dropped_4.mp4,arms_not_dropped,200,161.85900682583642,164.44166589602233,66.13537020168164,96.98650883051229,157.17287036653374,0.6222948509237423,0.10256533198307512,0.5827460074509991
arms_not_dropped_4.mp4,arms_not_dropped,208,164.29122813948217,168.34525817269028,63.12228901231934,95.09487961578814,155.3099997902129,0.6106231072915906,0.0799543459484405,0.6003607494168731
arms_not_dropped_4.mp4,arms_not_dropped,216,167.81043375869947,170.82406154593198,65.85664357643887,93.29532070129129,157.3606242100124,0.6619202117838081,0.10220440391093506,0.5376303406227512
arms_not_dropped_4.mp4,arms_not_dropped,224,162.7106385438239,168.75945489126318,61.94336554984565,90.48640084829904,155.47955622443175,0.6332545859512645,0.23497345120667318,0.5933809552173633
arms_not_dropped_4.mp4,arms_not_dropped,232,158.6091195564924,164.09324050943306,62.601166697266784,87.1947045658496,156.05098904859955,0.6319867050490623,1.843226474570661,0.6082925918242403
arms_not_dropped_4.mp4,arms_not_dropped,240,157.61785566533501,162.59138127881872,63.82162958559153,85.2390421889609,158.38753939427093,0.6004288718123054,0.4178243935782945,0.5457272673834461
arms_not_dropped_4.mp4,arms_not_dropped,248,156.54019254930267,164.02689569635953,60.78047812097659,82.7226849702986,157.8626851006835,0.6072964073724035,0.07113126567439361,0.5402723288395352
arms_not_dropped_4.mp4,arms_not_dropped,256,160.70638540575902,163.89870443417965,54.45236778172201,82.00459441476075,156.35211646276244,0.6367466011817859,0.601572895574196,0.5674222297759642
arms_not_dropped_4.mp4,arms_not_dropped,264,160.6675982474581,165.4655568108499,52.61004129474713,80.51426411147204,155.87571090363818,0.6899340782800423,0.40974637800176195,0.5321895426324634
arms_not_dropped_4.mp4,arms_not_dropped,272,159.65421738185893,164.72002541214255,51.70956658447162,80.10429636066561,156.1701867136637,0.6458350692748491,0.22958308832717483,0.5441466699984676
arms_not_dropped_4.mp4,arms_not_dropped,280,156.12386434275084,162.51753201772394,52.93223463643436,81.1702364278899,156.96765357841542,0.6689545902141764,0.8272299809188988,0.4856886298373851
arms_not_dropped_4.mp4,arms_not_dropped,288,158.30774924117077,161.98406663071182,54.891673327639765,82.74063993611166,157.32668354164204,0.6983835273782596,1.8918462757012235,0.5116552691776954
arms_not_dropped_4.mp4,arms_not_dropped,296,150.64592920189403,161.3318342405584,51.17061325059824,81.16971259641444,155.9120197512393,0.6292921338429279,0.7391401869847474,0.5313021864921267
arms_not_dropped_4.mp4,arms_not_dropped,304,156.2184214882145,162.48947288109508,58.919984652562405,84.77785780165046,156.98544969373364,0.6415631621376245,0.7131578583925459,0.5157637670922343
arms_not_dropped_4.mp4,arms_not_dropped,312,155.76654998184168,161.65011869278078,58.183353680069274,82.8082656576227,155.88952020254604,0.7472612885791212,0.3857158976848465,0.5254087985806204
arms_not_dropped_4.mp4,arms_not_dropped,320,157.03899224411688,162.75920151246356,58.18487560761162,83.06218858262275,155.29743076018235,0.7142591002430716,0.13237741747795517,0.5340409233684656
arms_not_dropped_4.mp4,arms_not_dropped,328,154.20691513183183,161.46811729307657,57.03093240793621,81.09882416722164,155.56408579011887,0.7154471608620615,1.0358082295419553,0.5092815443293602
arms_not_dropped_4.mp4,arms_not_dropped,336,155.99835477138657,158.68858523773375,59.37882122021999,83.0361339050244,156.53561765866513,0.7673949115198224,1.6535852427868036,0.4805971099710442
arms_not_dropped_4.mp4,arms_not_dropped,344,154.28737767391885,160.83656005130248,55.835713560367964,81.8248264227256,154.57970245291327,0.7082420496722426,2.5227804083235243,0.5033598327051086
arms_not_dropped_4.mp4,arms_not_dropped,352,156.69795548200133,161.22118776139885,55.81804605320997,82.05622163753304,154.5932058178192,0.7347822206234417,2.9096337106038233,0.47522397688168905
arms_not_dropped_4.mp4,arms_not_dropped,360,152.78943303343078,160.4300516216799,55.963448396979835,77.35385009166819,155.462835198772,0.6876058292188564,3.1339840965069206,0.5112724180822116
arms_not_dropped_4.mp4,arms_not_dropped,368,153.4562132870912,158.06384726506053,59.744029891214744,67.35977804927852,153.79187118195952,0.6879522146215006,3.820224673782481,0.5000393059181022
arms_not_dropped_4.mp4,arms_not_dropped,376,154.80045036627362,152.74897789960264,68.38182753193914,63.74411348231461,157.23719576843067,0.7582669588972375,5.865972403634926,0.5351528633842564
arms_not_dropped_4.mp4,arms_not_dropped,384,150.85550605727585,155.49390872585334,77.1487334472903,64.49522371079662,158.1929170665906,0.6742529268153907,5.198955337684374,0.468025732925102
arms_not_dropped_4.mp4,arms_not_dropped,392,154.96163246547644,149.59266450785546,81.99194046346214,59.25457011192977,155.5773628746352,0.6428393579623474,3.3955988129847023,0.5051189860182923
arms_not_dropped_4.mp4,arms_not_dropped,400,160.2711208982317,155.7239282808604,94.06937606361994,53.670291141422034,150.91578426879906,0.6024463621235762,1.687220337753225,0.5892560087748004
arms_not_dropped_4.mp4,arms_not_dropped,408,160.40032424869986,157.6949660342445,99.76130946568514,53.38824050650803,149.1404312834077,0.599904511768923,0.40943128467138856,0.5645873561655452
arms_not_dropped_4.mp4,arms_not_dropped,416,162.46726345524587,157.60750714405083,100.95960026227009,53.03223082945644,148.62451086281322,0.5956679887633144,0.5566842274240698,0.5393913346980381
arms_not_dropped_4.mp4,arms_not_dropped,424,159.6056130440649,158.451481341339,100.50903069187147,53.654143335882154,147.6326503672159,0.6015813259397553,0.9492867921354055,0.5817684780068472
arms_not_dropped_4.mp4,arms_not_dropped,432,161.58734394267447,159.34043081600535,100.10664249556068,52.659184204555274,146.82353162020127,0.6090280026890785,2.124140868341176,0.5945628340069556
arms_not_dropped_4.mp4,arms_not_dropped,440,160.68550024150645,158.90892196715922,99.46778101165019,51.684818288654135,146.49994940573268,0.5958959262080461,2.7374364535749556,0.6142809694190456
arms_not_dropped_4.mp4,arms_not_dropped,448,160.42993943756443,156.76211136101102,100.62344058228253,50.49700467404051,149.1922786079433,0.5646194060257789,2.298518468039106,0.5448276919392311
arms_not_dropped_4.mp4,arms_not_dropped,456,160.5020719920251,155.56106361695458,100.51875683370184,51.971626597628905,149.16468255150957,0.5575963466647756,2.291899392183473,0.5912428246115919
arms_not_dropped_4.mp4,arms_not_dropped,464,158.90236922633164,152.56919624617294,100.77807757917536,51.69992520650931,149.3109822908888,0.5355080767084716,2.2095159692951385,0.5746777481232964
arms_not_dropped_4.mp4,arms_not_dropped,472,157.23062393874687,152.1979147820212,98.28174344898673,51.010438025478784,148.3714429799206,0.5241004984271271,2.4173164870617474,0.59045289652688
arms_not_dropped_4.mp4,arms_not_dropped,480,160.08593486494746,156.58032289553182,97.96669829900287,49.201472425653265,145.71473166292859,0.5465459520500632,2.8973797729135042,0.6130100988284335
arms_not_dropped_4.mp4,arms_not_dropped,488,160.65933705263944,154.9780397158748,99.78369981137448,50.42901217017822,145.04985723354702,0.5319206146751978,2.915876100593642,0.6090534915038596
arms_not_dropped_4.mp4,arms_not_dropped,496,160.04300826281803,155.9842705076501,111.39210770887357,50.562530657068635,150.83897873081722,0.5516374004444363,2.7563252942432195,0.5032936162546733
arms_not_dropped_4.mp4,arms_not_dropped,504,161.38385513192094,151.25926979051962,109.91299393765173,51.76755012349092,150.29492388117987,0.6484945251681318,2.4308934042521853,0.5388340313393866
arms_not_dropped_4.mp4,arms_not_dropped,512,158.60620786181167,150.84130772426903,101.88572964917479,53.37912443395648,150.169776514308,0.5336289351593969,2.2299831448498875,0.5568349288614153
arms_not_dropped_4.mp4,arms_not_dropped,520,156.37391544897656,148.9442089984883,84.44084502657196,53.68238827807825,150.82204315042128,0.5921903433602209,0.5098901519534339,0.4979465779578702
arms_not_dropped_4.mp4,arms_not_dropped,528,153.96976973950981,150.32348353557705,75.1930918291054,54.88619579956987,154.8342688922706,0.5710303660333389,0.45461174448206343,0.4417529108384011
arms_not_dropped_4.mp4,arms_not_dropped,536,155.8367053968402,136.99976720158637,69.52206581460246,54.354616334702115,154.14886527603548,0.873317014941176,1.011442378387909,0.4951584827514544
arms_not_dropped_4.mp4,arms_not_dropped,544,151.53433478305672,149.38757625079262,69.08491307157301,54.88755858461298,155.8995286038582,0.6179126613511012,1.8985933513445454,0.465077887519242
arms_not_dropped_4.mp4,arms_not_dropped,552,153.11576803635904,152.64277996830043,68.55065223513311,53.565193129022,155.41587104210643,0.613287954451989,1.3323517092807948,0.5506409036210984
arms_not_dropped_4.mp4,arms_not_dropped,560,152.03668801329025,150.40737574929543,68.5446671445643,52.97006131494357,155.85381769588486,0.6158069873098109,1.5131422519217002,0.5145936139907041
arms_not_dropped_4.mp4,arms_not_dropped,568,150.41204819429495,149.64112980542538,69.24508150907299,53.0733208897626,155.92830422783277,0.5814761741863843,0.9698827580089079,0.5425031783877694
arms_not_dropped_4.mp4,arms_not_dropped,576,150.68270422098067,146.2344134410554,72.6623134778565,53.4284975205463,155.4539289247007,0.607984960913194,0.9527469605414166,0.5456718603689867
arms_not_dropped_4.mp4,arms_not_dropped,584,153.87073416677705,149.2636171414602,71.06430514763994,51.43880300323598,153.71136107008266,0.5721180966152224,1.4327736637114952,0.5562301137475405
arms_not_dropped_4.mp4,arms_not_dropped,592,153.08584044657482,140.25172727648916,69.52990138897361,51.02899971542054,156.2540187509379,0.692200715848432,1.5160166435816058,0.5344584574571197
arms_not_dropped_4.mp4,arms_not_dropped,600,141.65237331346856,147.37530159578316,71.39922440755728,59.2168880244296,157.2474691675839,0.7030640641986754,0.338924304961378,0.5527130688306314
arms_not_dropped_4.mp4,arms_not_dropped,608,150.42828890430775,149.92921890165945,71.7512265641544,61.9518315472819,155.81425241076604,0.6546942742919616,0.17208089324737838,0.6020600583150655
arms_not_dropped_4.mp4,arms_not_dropped,616,153.39618060846956,153.7272114557702,69.77571220033973,65.80808255222156,156.11756546736385,0.674533306901673,0.5451738239602857,0.6057583042474184
arms_not_dropped_4.mp4,arms_not_dropped,624,141.4799193902778,160.94665687658312,71.12539502193493,66.67206530840025,157.07461418031914,1.2059462085636967,0.15893714277640802,0.5249900729831667
arms_not_dropped_4.mp4,arms_not_dropped,632,146.03675021651475,157.33240541375434,68.02813369686656,65.5984282838308,154.35291158014536,0.8429974992323099,0.5517526318381005,0.6187163784031224
arms_not_dropped_4.mp4,arms_not_dropped,640,154.50449960526055,158.59362180283196,68.02541366165056,65.15566437052561,154.10470935753725,0.6553153032873387,0.6569639507189744,0.5997802878668892
arms_not_dropped_4.mp4,arms_not_dropped,648,138.3850353358757,158.6440921762887,70.2120214707765,66.9537525304154,157.38306055792617,1.0763780512523955,0.6778771199231814,0.5751198824496463
arms_not_dropped_4.mp4,arms_not_dropped,656,148.98289966329082,160.65120719064956,70.13496048269057,68.0174047719,155.87914967342343,0.790467428849912,0.979802842566436,0.5798261475261189
arms_not_dropped_4.mp4,arms_not_dropped,664,144.71434577742082,156.9829487590548,70.4809081602918,66.32292166651524,156.05777224461434,0.8545227232173127,1.949447425951595,0.6551882485957943
arms_not_dropped_4.mp4,arms_not_dropped,672,157.23951250801255,154.23686734637536,69.78075491219455,66.55490903989693,155.8757187034594,0.6780229404840696,1.6904616516875248,0.6249086241394466
arms_not_dropped_4.mp4,arms_not_dropped,680,152.93880810373383,153.38791608408513,68.96454901412237,67.10109416273936,156.7906519431947,0.6455601924520408,1.1829605475072245,0.6284307054806416
arms_not_dropped_4.mp4,arms_not_dropped,688,147.81227121618434,156.50111533920668,69.92251125147362,65.08423975834398,158.34883766130784,0.7995118989356568,1.003124566469028,0.5498623163598513
arms_not_dropped_4.mp4,arms_not_dropped,696,156.51577169054758,150.20796562695966,69.58021426969773,63.21430014160524,159.76574473900484,0.6735457668137895,1.5214256679974911,0.5887914319112948
arms_not_dropped_4.mp4,arms_not_dropped,704,149.69755628731085,150.23253943951718,67.0566878738218,61.32324695039112,158.14766773321745,0.6817293500429181,0.17047172282539533,0.5232713376855094
arms_not_dropped_4.mp4,arms_not_dropped,712,149.69514810157995,153.74714918553934,67.44670373484712,60.834808467757036,158.30352393794428,0.6783651159641644,0.1178367685374633,0.4842682374888975
arms_not_dropped_4.mp4,arms_not_dropped,720,160.6912362582349,148.9823015904129,67.35671464396799,60.63603507101269,158.78226213254402,1.0221723646415781,0.03731311743807205,0.5522886316582442
arms_not_dropped_4.mp4,arms_not_dropped,728,145.21826112627963,152.58592971275175,65.75344801928097,58.242495330429286,156.59169749765366,0.746428368498435,0.37914491605053663,0.5486373049189621
arms_not_dropped_4.mp4,arms_not_dropped,736,142.58352027824878,148.00925125539683,66.34556560905848,61.88696618833777,156.14809118088576,0.7318234919522509,1.3711592541250914,0.6328259231479582
arms_not_dropped_4.mp4,arms_not_dropped,744,153.60931476603895,149.01912345691392,67.2845288682674,63.36116544928815,158.7812102710728,0.6979651591056075,0.8284106174755801,0.601970099777206
arms_not_dropped_4.mp4,arms_not_dropped,752,153.16525506323265,152.4083599908223,67.7380478600482,61.532910490517246,158.07268388076952,0.6287355784263251,0.028310790122688945,0.57209632609109
arms_not_dropped_4.mp4,arms_not_dropped,760,156.98302298993713,153.0437244422788,67.18226271718517,61.980743456671775,157.14701049053056,0.6850606362020442,0.36850306593611637,0.6191842238495381
arms_not_dropped_4.mp4,arms_not_dropped,768,156.2217045853994,150.64717874905222,67.37644979136539,61.944987373611475,157.0460948474214,0.67543397136112,0.21835195979199684,0.6118091397836253
arms_not_dropped_4.mp4,arms_not_dropped,776,153.1723115348172,155.03695380765262,66.27101707735511,60.498543762174506,155.35033687191043,0.649995060285722,0.34946040844724513,0.6128032928880038
arms_not_dropped_4.mp4,arms_not_dropped,784,153.0391863097684,154.50619165325872,67.05694675612149,60.528102430211625,155.61013023540448,0.6687241253232941,0.9020460567741159,0.55877408505842
arms_not_dropped_4.mp4,arms_not_dropped,792,154.04490130575587,153.51511722702955,67.09652967686412,61.06835230556009,156.1582609721041,0.6557381401496566,1.809136633179109,0.6066171903392726
arms_not_dropped_4.mp4,arms_not_dropped,800,148.9859956545978,151.536086894036,66.48775949101062,61.50231707069834,156.72538329498067,0.7353262519033381,1.641640079141738,0.5991989426793297
arms_not_dropped_4.mp4,arms_not_dropped,808,157.55559955322335,145.35015938613404,65.86937124398936,62.55744611973258,156.99942039450713,0.7830907270205167,0.5014186803173419,0.6130778208203784
arms_not_dropped_4.mp4,arms_not_dropped,816,162.64944577780116,145.9703802596127,66.33660146731972,62.57348425333538,156.72804488993455,0.8793063049678276,0.25690935604195303,0.6013944265338417
arms_not_dropped_4.mp4,arms_not_dropped,824,156.32865867889055,153.45539664489274,65.8160697657686,62.6981477888989,156.53054380752118,0.680648914740882,0.6196738611994442,0.5594781672643865
arms_not_dropped_4.mp4,arms_not_dropped,832,161.79023706304739,141.91596616206678,65.91928574719496,63.05439797122539,157.35994066828218,1.1168970096612818,0.17871255831618216,0.5573757084024482
arms_not_dropped_4.mp4,arms_not_dropped,840,152.34318897866848,152.93012590193695,67.77664438455608,63.032855137233746,157.82404950295196,0.6387877050025375,0.2775227102980928,0.5402112943112779
arms_not_dropped_4.mp4,arms_not_dropped,848,152.01480758245995,154.81461650443816,66.12711568109943,61.48875952848579,156.38641805596956,0.6478010672431016,0.3998021748248177,0.5848676686498135
arms_not_dropped_4.mp4,arms_not_dropped,856,154.31568186185132,152.82535990531974,65.43294671415376,60.65769952650676,156.22982060997325,0.6339053028319986,0.2309417651226478,0.6059984334296175
arms_not_dropped_4.mp4,arms_not_dropped,864,152.2953835003919,151.1887188267134,67.25147301560021,61.877484935982174,157.71228935031894,0.6288667695756236,0.9464674075129108,0.6175963444720166
arms_not_dropped_4.mp4,arms_not_dropped,872,148.46276765216948,162.73141409898943,68.57921662574535,63.739128275096725,157.34308441975392,0.821418561058463,1.02274897042063,0.6175242403443638
arms_not_dropped_4.mp4,arms_not_dropped,880,142.29796986471806,163.5618891066459,73.87806653413664,68.8574821125322,156.17836711571564,1.058829506049802,1.1563852514624493,0.6227898713962047
arms_not_dropped_4.mp4,arms_not_dropped,888,145.97154810101435,160.05156157714575,75.14386867519927,72.07822501870814,154.18134880326548,0.8278186972867276,1.400721004731129,0.6204472518256153
arms_not_dropped_4.mp4,arms_not_dropped,896,150.9592952587846,161.62522552642514,76.17093536505686,70.9715803972452,154.60342873496137,0.7674430212556269,2.1707230047180617,0.629724096831384
arms_not_dropped_4.mp4,arms_not_dropped,904,147.2365852232601,163.78885509260914,78.31108514545069,72.53011060450632,154.4876584832612,0.8853459579209179,1.9512781641924926,0.6129887513032992
arms_not_dropped_4.mp4,arms_not_dropped,912,152.1570529275467,156.7599038611745,78.11372026456144,72.90760341389603,155.19408128654035,0.7081651278222728,1.018750132022465,0.5954269818052913
arms_not_dropped_4.mp4,arms_not_dropped,920,153.27837217287612,158.09883131998885,77.17165414671912,71.20754516068317,153.9852325951548,0.6811572694938641,1.048302819593359,0.6378201340316852
arms_not_dropped_4.mp4,arms_not_dropped,928,150.72560171129246,159.61813108951893,78.79442546644233,75.19757665552864,153.29944609053695,0.786564719816937,0.3435979802310026,0.6463692556630922
arms_not_dropped_4.mp4,arms_not_dropped,936,153.83401201172478,162.88335656681417,81.064565895223,78.77839602961537,150.58632649092587,0.7615343005942702,0.7515893595155274,0.6685065250671527
arms_not_dropped_4.mp4,arms_not_dropped,944,155.74435481259678,164.13556032684863,83.0022128496241,80.05334547695605,151.04535520352636,0.6542965721843375,0.3055277428996411,0.6472371610336084
arms_not_dropped_4.mp4,arms_not_dropped,952,156.63808957126673,164.59860862764614,85.99455898193195,83.24967964161895,149.39836349246374,0.6809869910005727,1.3448646631301446,0.6822598261724275
arms_not_dropped_4.mp4,arms_not_dropped,960,161.8998034062089,165.0510318351886,94.06043038258846,91.48017211747305,149.0776022948432,0.6411716260489803,1.0270577649682378,0.6327907692027251
arms_not_dropped_4.mp4,arms_not_dropped,968,164.0743438000929,169.57624278298053,96.5657090629409,94.35441839757875,147.8123545231317,0.6204543314962887,0.528521024807102,0.6540308899181962
arms_not_dropped_4.mp4,arms_not_dropped,976,166.96794725477824,169.6960708107972,97.1161960765663,99.66654688972557,145.53983319177541,0.5776338492838922,0.44958295269360266,0.6703416094418231
arms_not_dropped_4.mp4,arms_not_dropped,984,165.5158685295114,170.1258763388267,100.92071692679454,101.9524706323377,145.52783911047663,0.605853426880072,0.7419031393306076,0.660036417195414
arms_not_dropped_4.mp4,arms_not_dropped,992,169.93430022213107,170.7397760295016,101.67748812543299,102.81074850010681,144.36763786619164,0.601181388707888,2.031132083987939,0.7395563032077418
arms_not_dropped_4.mp4,arms_not_dropped,1000,168.93253599564972,170.7393096812668,103.88172076925727,107.5285105148651,142.1305927632193,0.616286467032206,0.5802559648807825,0.7889121161186483
arms_not_dropped_4.mp4,arms_not_dropped,1008,171.80204575460115,170.20571973381206,100.31712158843486,105.11015365383737,138.64919287766435,0.6334002889897254,0.6054441241838293,0.8706087608548505
arms_not_dropped_4.mp4,arms_not_dropped,1016,169.58672855948254,166.19164515351784,99.42830161051681,101.6944808607054,137.37150216175155,0.6272358608827607,0.9885087920212109,0.8370549746073384
arms_not_dropped_4.mp4,arms_not_dropped,1024,168.12546936622365,166.37073228338738,101.92721918935229,103.67587741256814,137.86669659964787,0.7066479403156004,0.9343826237403261,0.8762449972061327
arms_not_dropped_4.mp4,arms_not_dropped,1032,169.4593698546286,165.69761090980256,101.96085444609847,101.32406318755397,138.04412150615755,0.680314948289918,0.2607773705274478,0.8084483571973199
arms_not_dropped_4.mp4,arms_not_dropped,1040,172.47772424929553,167.8914345819827,104.79971511222217,103.0470739583027,141.13631401596126,0.6580876727085727,0.09611104674991514,0.8161913346885254
arms_not_dropped_4.mp4,arms_not_dropped,1048,170.71515800335484,171.03898031190735,100.64670718857847,98.50969033425822,141.85236280077527,0.6454444204648553,0.16747299014506137,0.7553566578937626
arms_not_dropped_4.mp4,arms_not_dropped,1056,165.48820518856164,170.17362205421088,95.22407513344403,84.38313962092558,146.9004000226736,0.663316506702442,0.08420081609746911,0.621398680391664
arms_not_dropped_4.mp4,arms_not_dropped,1064,161.7919219948915,168.49566239274571,87.07093753676905,75.85841274802432,149.26331982834137,0.7015794851615085,0.9847381556617373,0.5651917647669634
arms_not_dropped_4.mp4,arms_not_dropped,1072,155.43914329541758,156.96056317016752,82.31375444784764,74.63163310868188,153.7170995250579,0.6869377689683316,0.2522865455968697,0.5648179791637532
arms_not_dropped_4.mp4,arms_not_dropped,1080,154.78030234550195,156.50915993158424,71.32232233421725,67.10266306534866,153.30620800759337,0.6951730515571666,0.984504551690606,0.5643938030149351
arms_not_dropped_4.mp4,arms_not_dropped,1088,146.92442416867613,150.92652510647505,73.05506882036941,65.52580687417337,157.15469005474196,0.7419029830516942,0.8478964891599965,0.5802121080334159
arms_not_dropped_4.mp4,arms_not_dropped,1096,156.76043866989858,147.77085835689667,67.91271182610794,63.242704628328646,156.8637244506614,0.7307578102864705,0.38572000586081945,0.5955792884806568
arms_not_dropped_4.mp4,arms_not_dropped,1104,159.3119841033669,155.4653031754136,66.90405357395754,62.13716979270341,155.95691798721668,0.75993429577774,0.5711874867029823,0.5598166046804647
arms_not_dropped_4.mp4,arms_not_dropped,1112,153.249527880009,154.85744572151637,68.35360232810024,62.3799630104246,158.25876397823558,0.6723087190975567,0.777219583707047,0.5535014066757655
arms_not_dropped_4.mp4,arms_not_dropped,1120,152.97110718595593,153.43514307301245,67.11520932725759,61.97644503650391,156.61149007084578,0.6565246885126653,0.4383321180462799,0.6161606764984208
arms_not_dropped_4.mp4,arms_not_dropped,1128,151.90079838517065,154.5328703082221,65.84402125132816,60.99790896481987,154.88100864218504,0.6619835674023764,0.3918892348825534,0.6270566054855772
arms_not_dropped_4.mp4,arms_not_dropped,1136,153.11514451524152,151.4064627310069,67.85976134490835,61.78449591272721,157.78748415280668,0.6696074165981016,0.8572102559107206,0.5540246707106902
arms_not_dropped_4.mp4,arms_not_dropped,1144,145.46859115171966,154.95354613173268,67.22219312851043,59.801727788792384,156.64543163671172,0.78948774892937,0.8467170810711112,0.5923250190299321
arms_not_dropped_4.mp4,arms_not_dropped,1152,152.62858409494788,151.20339685293158,67.68657264131163,62.75616670654956,155.7842029979596,0.64871160479538,0.999064561400371,0.628669040575186
arms_not_dropped_4.mp4,arms_not_dropped,1160,150.89385804770373,153.54738146472525,67.09801190018852,60.56245816547805,155.33798851811326,0.6551885050685402,1.0994099962214916,0.5726553795399829
arms_not_dropped_4.mp4,arms_not_dropped,1168,149.4840288652445,149.10941200596898,67.14611482194934,62.254435469346404,156.5988967315145,0.6409951561212061,0.8640791538402434,0.5756857358194418
arms_not_dropped_4.mp4,arms_not_dropped,1176,151.16831984944912,154.02489007219197,67.66619243027345,63.34922495475434,157.51666779490546,0.657951861872781,0.8315157180168959,0.5752667550052422
arms_not_dropped_4.mp4,arms_not_dropped,1184,154.3448946808403,137.84849407134163,67.03145676166243,62.69404898856177,155.97905147801384,0.831411185306268,1.121034198157079,0.6308154475694107
arms_not_dropped_4.mp4,arms_not_dropped,1192,149.25190595766733,141.14360328352828,70.0649711601346,64.13657412312703,157.72804254950748,0.7615350764586581,0.9143557285121954,0.5654717561658327
arms_not_dropped_4.mp4,arms_not_dropped,1200,155.41734204799394,145.6859993807347,69.9521110382524,63.372036852388376,158.245366289921,0.8268204829311471,1.3185063313210428,0.5356780404238217
arms_not_dropped_4.mp4,arms_not_dropped,1208,153.6310732121688,138.81956053023237,69.85322086547338,63.039585290224515,156.73415173099306,0.7914126408558486,1.4458926078407435,0.5867898168480102
arms_not_dropped_4.mp4,arms_not_dropped,1216,149.78931016724982,150.0242216596099,67.63374418195835,61.055789351977225,157.13554606508822,0.6660480762558262,0.509666573991748,0.5426920079387688
arms_not_dropped_4.mp4,arms_not_dropped,1224,151.82866088368368,149.09407134412893,67.44794282874622,61.63192012817813,156.82144935240353,0.6149066232643956,0.5309900273485604,0.543549541114887
arms_not_dropped_4.mp4,arms_not_dropped,1232,150.29753375449596,151.22853048998599,71.65967612396766,65.80451632606598,159.3412632196387,0.6444612060914043,1.0375224405990946,0.4631332108370063
arms_not_dropped_4.mp4,arms_not_dropped,1240,152.55384956937496,144.66776100246605,67.95264777673844,63.32579939638895,156.85629430715943,0.6746512558663655,0.8186355730852143,0.5388320112196112
arms_not_dropped_4.mp4,arms_not_dropped,1248,148.4172359304898,147.0622140057189,67.5529213617639,62.52638103946378,157.21628632012073,0.6529411478728728,0.7619607802123456,0.4875112530898305
arms_not_dropped_4.mp4,arms_not_dropped,1256,154.0116662306743,147.3037678424265,67.95943822662647,63.64865757352573,157.64167059973886,0.6720651186267443,0.6145181069574891,0.5146408729112116
arms_not_dropped_4.mp4,arms_not_dropped,1264,152.03593726728883,147.5085530729565,68.31309693946939,62.46582449955971,157.2238693992987,0.6678433241023384,0.9085440462019209,0.5438266926715486
arms_not_dropped_4.mp4,arms_not_dropped,1272,146.0281965579705,148.36390488332333,66.8329668318365,62.34905958359207,155.24277168841417,0.688137031587613,0.06763451713595679,0.5897026668631674
arms_not_dropped_4.mp4,arms_not_dropped,1280,151.34910371872007,147.29744563258302,67.56986321291521,61.22039611594563,155.81992196455926,0.6159698259008688,2.0686795752574003,0.5658954401616264
arms_not_dropped_4.mp4,arms_not_dropped,1288,151.0087328274248,151.53058283959894,67.47820519390402,62.591860041440974,156.08763716985328,0.6331957592070279,2.069631296035867,0.5937711898703099
arms_not_dropped_4.mp4,arms_not_dropped,1296,158.50853396320204,153.49360488220555,71.1272829699742,64.49142224400786,156.6849413367766,0.6662490714856578,1.2659062919531316,0.5659573241719185
arms_not_dropped_4.mp4,arms_not_dropped,1304,150.0361758630054,154.89760378694052,71.76463153425495,63.34388299888247,157.74850870991665,0.7370884764192344,0.011586718986609835,0.5614740166936544
arms_not_dropped_4.mp4,arms_not_dropped,1312,150.49899332778543,150.26454291409732,74.42567361008685,55.93742650391455,156.15974410775095,0.6649108829657338,0.3973239234600325,0.5570199714675839
arms_not_dropped_4.mp4,arms_not_dropped,1320,149.5117972543956,149.02240542590778,77.06879952566356,53.23663648364322,155.3517007237412,0.6106502333166749,1.098295677800155,0.48898386222024426
arms_not_dropped_4.mp4,arms_not_dropped,1328,154.40450907715442,150.304400535957,76.10826259418445,51.308330815080616,153.21103440839843,0.5893244262642696,0.7190928963962631,0.4769890078203812
arms_not_dropped_4.mp4,arms_not_dropped,1336,154.6320190714985,151.83543711124034,76.11562204456905,52.64337944378506,153.65199615523656,0.5782063576268461,0.25765167003680206,0.47609486094875403
arms_not_dropped_4.mp4,arms_not_dropped,1344,155.20682954516758,151.75117961158242,76.4366030217911,53.02440963086886,152.3452576437029,0.5698434649265638,0.33033242218934195,0.5247887700953464
arms_not_dropped_4.mp4,arms_not_dropped,1352,149.41185799391718,146.46241371292413,82.93396135712695,47.84907744339793,150.03245363252057,0.6030064294972486,1.8832228162278877,0.5512696872064314
arms_not_dropped_4.mp4,arms_not_dropped,1360,161.08877894047893,157.9722570821115,97.74395383903786,46.814946922777544,146.1992553111549,0.5664534934160078,3.7698465937378782,0.6414519639262384
arms_not_dropped_4.mp4,arms_not_dropped,1368,164.61714278591353,155.79595167739336,102.41928172503118,43.39934015455935,139.64977345257708,0.5221902976360738,5.8468305345768705,0.7118059317272548
arms_not_dropped_4.mp4,arms_not_dropped,1376,163.6443945789307,154.62976569935867,106.23976116206613,47.796328385744005,140.8524765935364,0.5448868054468562,6.058879862165909,0.6979412918583351
arms_not_dropped_4.mp4,arms_not_dropped,1384,162.6289385486905,158.50734539777176,98.93103737259395,48.60096096584162,145.50541289489664,0.5672596313503976,5.045645822454824,0.6455532571609638
arms_not_dropped_4.mp4,arms_not_dropped,1392,155.9793703373882,150.75110835366607,82.40797158023801,48.88040547913378,148.62698987200613,0.5719352972786176,3.27097125175403,0.5745655626983874
arms_not_dropped_4.mp4,arms_not_dropped,1400,148.82279866519877,152.111157453362,71.78853934943929,50.06669619443504,152.58702695918248,0.6459437327599532,1.7413637323829056,0.5249339228915337
arms_not_dropped_4.mp4,arms_not_dropped,1408,150.00838385568093,149.09048587142388,62.4001394973436,52.20397419742045,154.41319308178606,0.6142095662359898,0.7411171143315969,0.5220611757595487
arms_not_dropped_4.mp4,arms_not_dropped,1416,151.97089219165832,150.26104154659797,61.19320244988381,50.34028342553191,154.54906744592992,0.6191687420951673,1.855068346444922,0.48145695758675583
arms_not_dropped_4.mp4,arms_not_dropped,1424,143.01732588804038,146.45133767020013,63.04775942816832,51.36846077200356,153.88746405877828,0.7167618063049038,1.9509711676637065,0.5736744235066676
arms_not_dropped_4.mp4,arms_not_dropped,1432,150.68344992585358,148.3328858230868,64.13577476789966,51.74998303283098,155.91045143861342,0.6015741717501478,2.6315480221996643,0.570628595453965
arms_not_dropped_4.mp4,arms_not_dropped,1440,151.95494604037248,150.15670692239104,62.78738944636929,51.18662948729754,153.96816760291918,0.6341395828939795,2.5015502136511083,0.5346510823649032
arms_not_dropped_4.mp4,arms_not_dropped,1448,151.03119670356128,149.33661816682434,61.73434589466179,50.464110655565065,154.84343611944487,0.6204747699291769,2.601190110523323,0.5211725478338163
arms_not_dropped_4.mp4,arms_not_dropped,1456,151.04642153024628,150.60499677284406,62.00954803882895,52.336026307177185,155.64707015355876,0.6312603257666061,3.3516746328520113,0.5710264820634338
arms_not_dropped_4.mp4,arms_not_dropped,1464,151.098501749571,149.9061202105424,61.790343234195745,52.57405642699957,155.2070421518756,0.6448648360023581,2.9063017790891097,0.5428243642582729
arms_not_dropped_4.mp4,arms_not_dropped,1472,148.36712857706408,146.32069673340126,68.0059289940316,56.64620397288994,158.85217791986142,0.6866541369229404,1.837886292663904,0.4474180031846031
arms_not_dropped_4.mp4,arms_not_dropped,1480,151.43406625410094,151.50664696024347,67.44124675098185,59.3118033258114,157.4135225601469,0.6537305756944202,1.5215647313178975,0.5309267550394359
arms_not_dropped_4.mp4,arms_not_dropped,1488,150.58400363919043,151.55087740293828,68.02207214350894,68.12536570003388,158.2509164852007,0.6552396944504373,1.6859107076934998,0.5055695145120959
arms_not_dropped_4.mp4,arms_not_dropped,1496,152.2825148853599,156.2177268151631,66.51462944013544,72.36317614090761,157.88750419667224,0.6655073301103396,1.825489650705879,0.5150293245371667
arms_not_dropped_4.mp4,arms_not_dropped,1504,152.46196204301697,158.89665559282153,65.40265325599884,75.63200089387556,158.7799455041593,0.6486269968588918,3.1543737152296982,0.5115805146510408
arms_not_dropped_4.mp4,arms_not_dropped,1512,154.0175686449606,160.33790467681425,58.075443472887244,76.65884387697501,156.44944952378842,0.6261157329807904,3.2087259213481696,0.5944548922845261
arms_not_dropped_4.mp4,arms_not_dropped,1520,151.03303925542932,160.7226118987533,53.9940346618785,75.59823482668672,156.1250506139582,0.7402504168259981,3.8038059966784363,0.5486146260586997
arms_not_dropped_4.mp4,arms_not_dropped,1528,154.32534345932297,158.0284397465665,54.52715885795812,79.44420314256277,155.83390316228596,0.6353619963628253,2.3134459347830534,0.542646122173342
arms_not_dropped_4.mp4,arms_not_dropped,1536,157.1690077730022,161.78367601267476,54.12414931654777,83.7175162180463,156.19799301767043,0.6155334530513243,0.5568776291485831,0.5042122724625575
arms_not_dropped_4.mp4,arms_not_dropped,1544,158.661259227822,160.1411325205488,57.860083750331654,90.26854079624222,156.724359503568,0.7435466561411334,0.854592616319019,0.4955032371638466
arms_not_dropped_4.mp4,arms_not_dropped,1552,155.27597473030713,158.389782111047,59.23151027006275,100.23262283810297,158.24585064452435,0.6617176904393643,1.5053253758431144,0.4205822429198203
arms_not_dropped_4.mp4,arms_not_dropped,1560,154.03460843972755,155.33008396655754,57.46481403924029,104.22625024542738,158.0019488684378,0.7201098181634659,0.99247724367737,0.4461492594347619
arms_not_dropped_4.mp4,arms_not_dropped,1568,155.6187812509066,160.25185828554032,58.43079927755022,104.53236102839719,157.66799855093822,0.6665148071648173,1.6977120281270266,0.5247353432474182
arms_not_dropped_4.mp4,arms_not_dropped,1576,156.12516960433527,160.99512784446176,59.49659028957705,95.49626442519987,157.93708053825108,0.6456961516769105,0.430435692368576,0.48791157608617475
arms_not_dropped_4.mp4,arms_not_dropped,1584,156.44337750291248,160.26361457053872,58.48186280739041,77.68468795639117,156.54924316244012,0.6367159849032649,0.6480310070942,0.4928636287102769
arms_not_dropped_4.mp4,arms_not_dropped,1592,153.1543286523568,159.68007968684668,55.97471028379135,70.47390880306516,154.0302172618714,0.6640316938087235,0.7522133609832635,0.6165671463519797
arms_not_dropped_4.mp4,arms_not_dropped,1600,147.72883079116684,156.5666514588283,55.380054460647074,68.00795107802078,153.01112239373754,0.642504730663535,0.19640263947933176,0.6001222980106239
arms_not_dropped_4.mp4,arms_not_dropped,1608,150.79804748616988,157.72487903245417,54.18069986726708,64.4753019441034,153.22024802727879,0.6452601112238855,0.20172984814177938,0.6118046572318881
arms_not_dropped_4.mp4,arms_not_dropped,1616,151.92733772533947,153.5817826752564,56.69372974755414,59.62795427630515,153.62796485675116,0.650780636329519,0.10545615534102858,0.5994648071108049
arms_not_dropped_4.mp4,arms_not_dropped,1624,145.47301537780194,148.01131815367154,59.98893555986505,58.23689655152249,157.51595538440478,0.6465382397488609,0.7387803147772477,0.4834172966679901
arms_not_dropped_4.mp4,arms_not_dropped,1632,145.74774665232923,142.00893527535462,59.935542505202555,57.49961945915459,157.66527889382468,0.7618223695992598,0.07562573207600462,0.4712440847348847
arms_not_dropped_4.mp4,arms_not_dropped,1640,144.75921442079374,142.7587275348298,60.273424729457666,59.01581537018374,156.98918766805693,0.6406091586502011,0.22388887381253122,0.4762875257737143
arms_not_dropped_4.mp4,arms_not_dropped,1648,142.7712792112119,120.84136933248222,61.179726969040786,57.27497603385813,157.75340473082662,1.2170396513865742,0.29859739680552483,0.5343495727634396
arms_not_dropped_4.mp4,arms_not_dropped,1656,135.36911254551458,132.00261918521946,59.64832840220335,57.23509543595918,156.26235284532027,0.6540237588962629,0.7901268304151094,0.45537014067534404
arms_not_dropped_4.mp4,arms_not_dropped,1664,148.29912006869318,139.15329043730176,60.06037215033019,58.80526868161515,157.37459431692565,0.7945660316263364,0.5025393470863838,0.4536906565457569
arms_not_dropped_4.mp4,arms_not_dropped,1672,146.16815116118588,147.55292684570472,61.9507517732186,59.113263185908345,157.92255625161874,0.6434310039530577,0.9216946376052116,0.5170593292039182
arms_not_dropped_4.mp4,arms_not_dropped,1680,147.04329833646284,143.44966840809153,60.188152138592265,58.19258425386687,156.85537746710855,0.7099033825618847,0.48979875958852703,0.5510218235921044
arms_not_dropped_4.mp4,arms_not_dropped,1688,149.1492107116576,151.27876732403377,60.121459434310154,57.2067854753015,157.22255935075444,0.6520372889973718,0.019463523123194354,0.5613430960365935
arms_not_dropped_4.mp4,arms_not_dropped,1696,150.55993117224583,147.56599381633453,60.879162790933364,58.31843485176226,157.0892444405208,0.7024828307535576,0.3117261677127974,0.5399640662072025
arms_not_dropped_4.mp4,arms_not_dropped,1704,147.4061153613084,152.37010280170654,63.27125654079659,59.71630367098464,157.74854141550716,0.6450998815745058,0.14812624695980212,0.5709459467112838
arms_not_dropped_4.mp4,arms_not_dropped,1712,148.43572792925576,150.90239430422247,64.37960607284174,59.78427138115358,157.75735730352113,0.6365893932614326,0.6587743444052409,0.5157336435510046
arms_not_dropped_4.mp4,arms_not_dropped,1720,146.4501310775179,147.08907342332964,66.92840297283863,61.2117672488551,157.70716987105106,0.6427108675443087,0.2519160816100849,0.4335456628396666
arms_not_dropped_4.mp4,arms_not_dropped,1728,148.2440658109294,142.5564806402877,69.19630206527178,64.04385919875276,159.21592958026125,0.674437133107744,0.3457957950386406,0.4845781009124256
arms_not_dropped_4.mp4,arms_not_dropped,1736,148.12450070154,149.47019311708192,68.99583672708728,61.977630972794216,158.74129706782125,0.6663902900511178,0.8155853235543906,0.4546218236538593
arms_not_dropped_4.mp4,arms_not_dropped,1744,149.64249882537078,148.7216656535567,69.40874563007277,61.68220420609006,157.07481842095788,0.6701544500509906,0.9691269205480384,0.49939559176655657
arms_not_dropped_4.mp4,arms_not_dropped,1752,148.98690364595595,151.07751077572888,69.06889832199491,62.580266185605296,156.6455609583702,0.6733603231969129,0.47344071968465207,0.5578440501816495
arms_not_dropped_4.mp4,arms_not_dropped,1760,147.11912499725938,152.03621398290824,68.57760644761204,63.02907232779797,155.5637791272857,0.6302903095512254,1.0091743366620736,0.5454363838745351
arms_not_dropped_4.mp4,arms_not_dropped,1768,145.42181058788378,157.49641231063464,71.25141757627738,65.18559502751548,158.88787616068203,0.8383633866791965,2.2368017043225983,0.48806708969449913
arms_not_dropped_4.mp4,arms_not_dropped,1776,157.74657778483277,146.007359911133,70.23577254996503,63.69507727982371,158.21735479689448,0.7967731689649843,1.2568027570223421,0.5208477436451422
arms_not_dropped_4.mp4,arms_not_dropped,1784,147.28897756611875,156.27885037429252,69.65117303258144,62.29188196931144,158.73563191207967,0.7163862584688782,1.4867269896193753,0.48029271963228765
arms_not_dropped_4.mp4,arms_not_dropped,1792,152.00780435367307,149.28732401763443,69.43440500593543,62.13201253211356,158.4109399058877,0.6212270083973702,0.2839206042876922,0.5847202823125518
arms_not_dropped_4.mp4,arms_not_dropped,1800,149.7630259003135,150.31753673476223,68.9625119938574,62.5488436733739,157.98991964159117,0.6481751242721339,0.032451695644045,0.5386161068092143
bent_forward_1.mp4,bent_forward,8,128.7938118671837,129.2740213339192,62.10811338860139,58.35791971460901,160.50200972857562,0.6631250415355698,0.02494313110999759,0.4070089367004716
bent_forward_1.mp4,bent_forward,16,130.75974996770407,143.72535065805883,59.61488754626363,55.010180783487286,160.72626156574628,0.9417982111336669,1.4724284672054098,0.35414092661529967
bent_forward_1.mp4,bent_forward,24,132.02467327906606,155.51537008240282,56.34034186265336,51.60926279104537,160.3100392773134,1.3476096690857982,2.0952874181571794,0.3632276005744044
bent_forward_1.mp4,bent_forward,32,144.83377214005014,126.53855558998154,56.93425184724054,51.647191692971916,160.26809940542674,0.8357971650917149,1.7421236061318333,0.3060039005009489
bent_forward_1.mp4,bent_forward,40,142.90942680773367,127.55507075341788,56.82860165934901,51.45494142013196,160.32096447280696,0.6345465493244677,2.123086933876358,0.2976450979610306
bent_forward_1.mp4,bent_forward,48,142.68367349360156,130.3116269906715,59.341522262017655,53.190750316277864,160.3621760644957,0.7238888300947702,1.999195437869686,0.318778771995965
bent_forward_1.mp4,bent_forward,56,136.7877933281334,152.90680295546738,58.04027159462674,50.52027815631251,160.35357878350922,0.9051722158968415,1.7038847181812418,0.33666449941039045
bent_forward_1.mp4,bent_forward,64,136.2646437489247,139.71924338915622,60.391802935195905,54.58844539152871,160.58757573480355,0.6348098931373969,1.7371025617504432,0.3487512324138091
bent_forward_1.mp4,bent_forward,72,138.01181536079554,147.1328571910934,58.14264618613213,50.91990338323312,160.54465998744615,0.7278710615553055,1.1443405828215985,0.3651392993977528
bent_forward_1.mp4,bent_forward,80,142.38353634493055,96.86788625783292,59.804004151849604,52.73664954178396,159.75208597605143,1.7404627667759776,2.3101438433020283,0.4001910297256104
bent_forward_1.mp4,bent_forward,88,145.69324031938217,133.70293950042443,56.267780004328586,49.2329008217067,160.2425699165068,0.7002663506064563,3.0119926440868565,0.32985888214306297
bent_forward_1.mp4,bent_forward,96,148.656984519198,150.72872948094482,54.53561305623244,48.32513523621232,159.82890662859535,0.6272785221117481,4.058807822011856,0.3487736468092244
bent_forward_1.mp4,bent_forward,104,147.93781729060765,147.97469561286712,56.25768205312369,48.08805647707481,159.22383588919206,0.6382333018602029,4.467027340906737,0.3734462902303713
bent_forward_1.mp4,bent_forward,112,155.0353249352685,142.19360734153727,58.229033660410934,48.11882721763701,159.54437408568785,0.6879142837807285,3.658141539315059,0.3398663862258636
bent_forward_1.mp4,bent_forward,120,149.4961960350141,160.46647649227103,59.07126753971249,49.197292512929934,158.74070162241856,0.9082179106033061,3.9443809228525715,0.44097395660362826
bent_forward_1.mp4,bent_forward,128,146.67078902108145,155.75810418847684,54.46755719229198,48.04866770826945,159.10157300698157,0.82733898116413,3.736352633106278,0.39350778720537144
bent_forward_1.mp4,bent_forward,136,152.0138505140999,125.02685017620321,59.39624129345888,51.07730573353085,159.77937468783313,0.976949840422181,2.7541244227141424,0.3438285753414016
bent_forward_1.mp4,bent_forward,144,117.77792069569965,145.9983437799137,63.50242564368006,54.999016766098514,161.02063368374283,1.3483929494293376,2.7610475314946292,0.3640668351483109
bent_forward_1.mp4,bent_forward,152,100.06055717837347,127.44397299348533,72.42858381917907,68.62963974381223,162.8330862332433,1.3473547277355968,0.09602164186368006,0.4041534288437148
bent_forward_1.mp4,bent_forward,160,90.79691663851679,70.33396987246331,74.21840106534441,73.78907500636102,162.58725897589326,0.9757317177939654,0.6702933144117457,0.44768628099989016
bent_forward_1.mp4,bent_forward,168,102.29386782483556,71.91897105587559,76.99472253880886,75.53584874526838,162.8266248615069,0.8868323708113973,0.8059640875059861,0.33982731736313204
bent_forward_1.mp4,bent_forward,176,76.2092860209993,65.48422225256304,79.66046125623957,77.8671475010596,162.71164979742045,0.6434874116295464,1.0906663706751967,0.4277312304629051
bent_forward_1.mp4,bent_forward,184,109.75107077090803,78.6770035041161,76.49560709422327,75.1471503600145,162.3399775821294,0.9912673960735471,1.811622345626924,0.3163928997341087
bent_forward_1.mp4,bent_forward,192,78.35891864088923,58.50656946842316,76.44600465306061,75.08890037316918,162.59141188063154,1.1165556556170357,1.7417770529841452,0.4846255019766735
bent_forward_1.mp4,bent_forward,200,89.34565222451519,71.75754911149467,75.09018692151727,74.10213993803363,160.99661019038746,0.9922260615164378,1.590079381908192,0.4377460114686296
bent_forward_1.mp4,bent_forward,208,108.42597326418154,75.782731531596,68.93997693305151,69.24328388692622,162.2304210116924,1.4352028016032192,2.3889101884526682,0.4343319916460838
bent_forward_1.mp4,bent_forward,216,111.55949584731064,89.17223782559422,61.76984375007815,60.03640695119883,161.70351457503287,0.7576681773006638,1.5894654800228738,0.4338721920532101
bent_forward_1.mp4,bent_forward,224,146.05612230941475,129.25689391105644,54.88628302746367,50.248961671365116,160.27003411437371,0.8731401161008799,2.4899151824341152,0.3564047986808794
bent_forward_1.mp4,bent_forward,232,131.0258910706184,123.37658365437827,55.4778524989816,51.39284955080729,159.9612269492935,0.6255995149831135,1.8682033818695367,0.4326992329583817
bent_forward_1.mp4,bent_forward,240,148.48850518851768,150.79406827643353,54.47180789232754,47.66517192494484,158.1607324245841,0.7005767272016559,3.138291394073136,0.47702977255032153
bent_forward_1.mp4,bent_forward,248,161.11309941013266,130.39585498201356,55.44025713785004,45.899711369492806,157.748296313747,1.194201135835232,2.0725282677914776,0.454487579986065
bent_forward_1.mp4,bent_forward,256,157.3978283399622,147.0533478385871,55.51018536716814,47.15106952333023,157.65821709068496,0.6541051520260508,0.5175962959492939,0.43592388045438235
bent_forward_1.mp4,bent_forward,264,154.10830906883558,147.26409534071973,55.1155980018368,46.80935567761517,156.28603665582585,0.6634324384260161,0.10055004642129539,0.4704831049453589
bent_forward_1.mp4,bent_forward,272,159.68760441271522,143.46972095172129,55.01202430961237,46.60363370320908,157.43376089118732,0.7618949508756155,0.6036113943898663,0.4151771939131132
bent_forward_1.mp4,bent_forward,280,155.52272445054726,144.20195728413862,55.86487590404652,46.966401561537324,158.04228415146036,0.7102140319646884,1.0699269462910936,0.3722273169769923
bent_forward_1.mp4,bent_forward,288,151.5077683341618,127.61861950460474,55.10865530574401,48.52779151801279,159.34233849316064,0.939956623764931,1.3598181436970633,0.35573266271863613
bent_forward_1.mp4,bent_forward,296,144.04619268849726,116.00132968308921,58.017640841364276,53.0661745918259,159.98423007263074,1.0435332875741665,1.6504666368273087,0.33034783490929254
bent_forward_1.mp4,bent_forward,304,131.80044706590223,133.44680353343776,63.0151505949347,57.11579136844739,159.99413588634866,0.6461367675467354,0.11713966543842681,0.33920347739461615
bent_forward_1.mp4,bent_forward,312,127.54392237297503,129.54045847717427,65.05018620319771,59.17441660962349,159.83440548708796,0.6604284477968695,0.19509963903421992,0.3602873191993912
bent_forward_1.mp4,bent_forward,320,129.24147884185678,88.8666854298757,63.02780560590219,58.17070591231955,159.00810639924543,1.5617862566019827,0.4718898344615573,0.3955019608175571
bent_forward_1.mp4,bent_forward,328,132.77418123862105,102.33714146312526,58.95494697814372,56.255290874564025,158.7745419792175,1.2109020318808892,0.3738953352350019,0.40946407350864056
bent_forward_1.mp4,bent_forward,336,136.16562637787155,103.22565996781871,57.61995220202236,54.92634828310264,159.34635614424727,1.171743214869687,0.4372405490486977,0.39611942732431643
bent_forward_1.mp4,bent_forward,344,137.25555144130348,121.08917157494093,56.57017114571738,52.87779141670339,158.44957053125935,0.8170853220275907,0.7350619180877361,0.3686736504451921
bent_forward_1.mp4,bent_forward,352,132.81631360339094,121.62638258021741,52.799801328351236,49.40263306829045,157.86184877666545,0.6702519233793292,2.277366427872925,0.36532868290712767
bent_forward_1.mp4,bent_forward,360,143.42091083719265,110.92436229530274,55.190052231608476,53.69288236189704,159.45766384297923,1.2658690123298149,0.9197893659679027,0.36667209003206375
bent_forward_1.mp4,bent_forward,368,123.03015540927164,124.34980224578776,63.36271351084912,58.61026381833231,161.34329558226702,0.649472445182909,0.5629019911500581,0.39137930275367483
bent_forward_1.mp4,bent_forward,376,130.2548433351659,138.3410656338889,63.92624058929968,55.95306776235024,161.38583085193116,0.7305662950904641,1.7260709806687466,0.3763372884984959
bent_forward_1.mp4,bent_forward,384,114.38338704810388,139.14372380275296,56.44339296598904,46.44150362217894,162.36727692754926,0.8997699280208438,0.6039714735260601,0.5012876042667651
bent_forward_1.mp4,bent_forward,392,156.8138615538139,144.51888691721416,48.64699815302876,53.55165606869899,157.81895125483393,0.6264084251637553,0.2741788678727803,0.5142402162911164
bent_forward_1.mp4,bent_forward,400,169.07937541044603,158.31962255299376,48.00987784965777,52.426531605924005,155.69809673615117,0.5498429785746808,1.9273380866851175,0.41861143196786416
bent_forward_1.mp4,bent_forward,408,164.3834610656603,138.04498473851754,35.146627471135815,53.565056893812844,152.0953923539248,1.1578875962000825,3.0167271087411547,0.5166782389227772
bent_forward_1.mp4,bent_forward,416,152.85485204094726,147.2215286374241,25.623883013180002,44.72611968028307,134.59486993778305,0.6926431783063686,15.572674657761544,0.5177669684596091
bent_forward_1.mp4,bent_forward,424,156.47607252670076,142.52788430590238,28.939379186949665,46.02414133609247,138.74531254403112,0.6818908647807193,0.6654949092105144,0.3986080729829125
bent_forward_1.mp4,bent_forward,432,158.4119335533648,142.35726601283542,30.485113816488514,50.4862703869593,141.2429039563912,0.6532645769350048,0.12029541091816259,0.5447021585293856
bent_forward_1.mp4,bent_forward,440,153.8657160026642,145.10089447770565,28.737944754089828,47.68786058930825,141.05690281571123,0.7056241903811203,5.7882008477278735,0.6244914244098742
bent_forward_1.mp4,bent_forward,448,152.06341457206412,139.74955074749835,31.875154320273722,50.83921980540085,147.7045541814111,0.6895999990669964,4.5276171874544024,0.552176882896584
bent_forward_1.mp4,bent_forward,456,153.1687412131401,143.52903861248498,33.052031754240645,50.06471683256782,148.64136815028613,0.6657891157761793,4.035041488179153,0.5258862089615073
bent_forward_1.mp4,bent_forward,464,153.0957868333665,143.568161709881,30.848095184115678,43.798344265594054,146.73572312246932,0.6475196491750951,5.329118780695108,0.5337137162372505
bent_forward_1.mp4,bent_forward,472,159.12267464044066,144.4417486253444,33.82554111025776,50.27538497868401,148.25056509201755,0.6911781518929204,2.2807896853332013,0.5352048730160143
bent_forward_1.mp4,bent_forward,480,161.22778738833256,145.184218974461,37.23317367543068,51.09071002456035,141.8762261877454,0.7969659693521515,7.672819278275871,0.525656338050017
bent_forward_1.mp4,bent_forward,488,164.36672724196941,148.1363538213775,33.633669064934764,50.17355848580243,140.6018918267401,0.6965261451099398,9.876759418369277,0.4999233459728542
bent_forward_1.mp4,bent_forward,496,163.63157444995034,152.8190031451266,31.00061638058324,48.358109648188595,134.44584088178922,0.6957597403542259,7.784387973923392,0.46955805376197196
bent_forward_1.mp4,bent_forward,504,160.88872027663064,160.80923640004534,20.81817317897286,43.14603714103434,136.2431534768019,0.7492011618695928,0.9639281898679967,0.5409351028915601
bent_forward_1.mp4,bent_forward,512,165.6908374367291,155.43166059077265,21.672290914248862,43.80674387559874,135.16773865267805,0.743279035648144,7.2773728395284465,0.4973083345882736
bent_forward_1.mp4,bent_forward,520,161.69296847161317,159.74751461817334,19.967381501391827,41.697413502129706,134.09985159799882,0.713084222094352,1.2736831583949622,0.5152048412149033
bent_forward_1.mp4,bent_forward,528,162.39250950935534,159.39101572351439,17.181699822661223,39.96696212147581,134.24227346510543,0.7126750752187768,3.6851362140868793,0.4337726980200361
bent_forward_1.mp4,bent_forward,536,165.695108100211,160.69447226080794,20.499554240635632,40.130607249728236,139.52667424934842,0.7541162178400665,0.06862716907422767,0.44138645357322825
bent_forward_1.mp4,bent_forward,544,166.66427455892867,158.23892650390587,20.694874609098285,39.05046245336252,136.24323867089694,0.6930615629810125,0.6514059518532187,0.36444754509159993
bent_forward_1.mp4,bent_forward,552,166.16542847552057,159.9744832563895,21.931124568202033,39.490256039198606,137.39253920090331,0.6857715882773949,4.83029301849848,0.3306904832340727
bent_forward_1.mp4,bent_forward,560,166.02728129712855,160.35748838382554,19.353934311957378,39.952564092786574,136.28402912534753,0.7119155669952251,6.5156895369331025,0.37414795532273326
bent_forward_1.mp4,bent_forward,568,167.61120082657774,154.50791669108148,23.10005425574865,40.11478997825077,131.60681548377855,0.6732155718038116,1.4408776582492957,0.312733646333904
bent_forward_1.mp4,bent_forward,576,166.5774803019408,158.27171407334617,21.940725616317167,40.09588139845983,134.73112009221555,0.645391097979585,0.3336565156685804,0.3106537309139844
bent_forward_1.mp4,bent_forward,584,167.3807723140441,161.68354484889588,23.175973039800482,38.330705446686565,140.16365845005967,0.6744382578473304,5.276414388853008,0.24715240914872538
bent_forward_1.mp4,bent_forward,592,168.8704429447962,161.91345577666806,27.86670872255164,44.398858216922754,140.03972764126814,0.7280982262527035,1.121402913558027,0.36622134120532235
bent_forward_1.mp4,bent_forward,600,169.68093071715256,157.495154930835,41.04136638431757,49.61959068925624,138.95687117706,0.8569433989322435,1.54139958225233,0.5148457620703246
bent_forward_1.mp4,bent_forward,608,161.3198910559018,157.97366238525268,44.465870892390754,40.54786396323222,149.93787333714764,0.4439744057524997,4.694271052716402,0.5125800300360938
bent_forward_1.mp4,bent_forward,616,164.641168216309,149.02531595765444,51.79185268864978,46.16584678323315,156.21337774805102,0.9707604637974386,3.489776658570478,0.42055539785497326
bent_forward_1.mp4,bent_forward,624,139.0714212083154,158.052746443991,54.412401008318135,47.481016770236025,159.69771372692853,0.8098333982052028,3.564119178946718,0.37961828130880554
bent_forward_1.mp4,bent_forward,632,139.54938775435022,141.47731768039918,57.371169006995515,48.171162854959235,158.49584979595923,0.5097405924694962,4.128658957174785,0.3837679167894476
bent_forward_1.mp4,bent_forward,640,152.4370161165067,147.99792624976692,57.10829011608276,49.26628098258755,159.0275657277107,0.5097795207902862,1.7388910479388064,0.38205447251090974
bent_forward_1.mp4,bent_forward,648,162.39346268312826,150.8499427047523,64.59721683981279,51.67186773128995,158.14794408504193,0.5833371535631793,0.453103974521448,0.41766098718504774
bent_forward_1.mp4,bent_forward,656,163.13897682979575,138.10102525799027,62.207655469970526,49.974343097930934,159.47338458123198,0.9819400609505682,1.7148262490565345,0.3659370602507179
bent_forward_1.mp4,bent_forward,664,158.36164864981316,119.90280311779206,61.339613397035485,53.59090973515289,159.2520333051081,1.3885924396745586,1.0535548926603728,0.34256402693969584
bent_forward_1.mp4,bent_forward,672,151.78923932492694,134.1650897367843,55.95014499704852,50.352412570895716,158.83177768392275,0.7891806612128207,0.7449986199605851,0.3943319974617027
bent_forward_1.mp4,bent_forward,680,152.63906265342874,134.5530098734606,56.47068239263644,49.10286149201876,158.6754420943763,0.7751143093923669,0.48432538773605044,0.38819292793821364
bent_forward_1.mp4,bent_forward,688,160.80025182567985,127.53490059973228,59.12883786568375,51.319910000185565,159.12892152154183,1.3416567056664,2.5669606918480783,0.41737115436106176
bent_forward_1.mp4,bent_forward,696,166.40651920777708,127.35672297688643,57.636651710470694,47.749847678123416,157.11207013215673,1.5137759864363323,2.90813787094,0.5060843041652279
bent_forward_1.mp4,bent_forward,704,156.5973633173501,149.35597007071382,55.04449546318943,47.968826741738404,157.01363887057428,0.5003264429577318,1.550220203658178,0.4286717344547307
bent_forward_1.mp4,bent_forward,712,169.3747705952514,124.05276872426776,55.92175859889202,46.903525075313524,155.31137361327887,1.819031154562822,0.3683109928853951,0.5700798882223592
bent_forward_1.mp4,bent_forward,720,167.37352760270554,141.63618900374448,54.08288487046362,41.172339345997635,154.5447765200398,1.091908659343267,0.3838385928016918,0.545545447111246
bent_forward_1.mp4,bent_forward,728,169.0837125257242,140.4430638345609,56.46315372418697,42.2161134288862,154.97012043696895,1.20164414305516,0.2761270253670472,0.5685795594885054
bent_forward_1.mp4,bent_forward,736,161.44428259443166,128.47155293835164,59.568124270256476,48.201286060179754,159.5287452367455,1.227636534990638,0.21395199399871614,0.31145606018128474
bent_forward_1.mp4,bent_forward,744,140.7292018889924,122.47462643561674,68.3136883357959,59.92369594805318,159.89889401139496,0.6880125293851956,2.604942798942146,0.309525744312674
bent_forward_1.mp4,bent_forward,752,137.09734798393706,99.13279439503644,69.35931102919393,62.544491581005055,160.9688892022042,1.1990554033044656,1.1410841397103595,0.31819812051879887
bent_forward_1.mp4,bent_forward,760,135.6532892516678,119.68489512129321,68.48734625251689,62.272671522524206,161.26077736781886,0.6182785882986125,2.293758402077387,0.29846826181035957
bent_forward_1.mp4,bent_forward,768,145.54166695306455,132.99510671285424,59.973335871774914,55.55879568183801,160.2434867628345,0.5686552404458056,2.1587770038397607,0.35362514020309477
bent_forward_1.mp4,bent_forward,776,154.1301125849562,136.84811545780207,57.68851264139231,52.756563531730336,159.14148885986737,0.7458743508802018,0.24882995957984638,0.33163803862102226
bent_forward_1.mp4,bent_forward,784,162.00877641096068,140.67828295872977,54.99710655151007,46.2881995188242,156.53965797714292,0.865410540570291,2.755076749385477,0.45828777100499163
bent_forward_1.mp4,bent_forward,792,161.7250557984212,141.40958121583805,58.02970408758702,44.91994260442884,157.2385167771544,0.8343140755189377,2.3624104159377444,0.4687445566036459
bent_forward_1.mp4,bent_forward,800,162.48606986840343,142.20069507896224,56.20229924758384,44.88070181566618,156.71701143990995,0.8559543717615977,0.9437981093373405,0.5183254069547887
bent_forward_1.mp4,bent_forward,808,158.24666147253564,156.2412197341095,56.54720103702266,45.85287886352863,155.69699526755747,0.5363728693213813,0.6274635362065641,0.4717227177262498
bent_forward_1.mp4,bent_forward,816,163.0211853047269,153.84092182768364,56.354283564623216,46.02927345968336,156.03797266329005,0.5791551544466903,0.708264383015384,0.49220024358150616
bent_forward_1.mp4,bent_forward,824,162.39083743133648,157.55626865907178,55.421559625200665,44.78183855557654,155.48639383496104,0.5113112191592432,0.5703958061025001,0.4791046380103878
bent_forward_1.mp4,bent_forward,832,160.5373309494997,157.02898640405868,55.62456975232452,47.35709436214998,156.0718040343592,0.5975133686693557,0.10600416901113295,0.44477716115253774
bent_forward_1.mp4,bent_forward,840,164.0080181159665,156.15703436601623,56.720604602390246,49.519666801476646,158.54289506180558,0.4614622442019667,5.07272522013184,0.37479614523832505
bent_forward_1.mp4,bent_forward,848,163.30288894789635,133.76811952649416,61.01558484146471,53.7096755229706,156.9825224438456,0.7663080870542771,3.9327774545817684,0.3031149794264899
bent_forward_1.mp4,bent_forward,856,162.08873747027357,164.78991202862886,52.239778171060095,34.27879699896385,145.87409888637723,0.8882445836499219,1.228682335553307,0.2831173396438014
bent_forward_1.mp4,bent_forward,864,150.89926206987346,160.9210866039239,44.4360773352135,15.827990598037037,112.94644554410394,1.01329780687415,15.20093439024233,0.19969164543238402
bent_forward_1.mp4,bent_forward,872,157.65087364936488,149.00525029496225,34.15661872642838,5.680026799960649,100.79628294188717,1.0249845589513669,132.2445883474589,0.16796509464145784
bent_forward_1.mp4,bent_forward,880,161.04365771258435,145.8698468036767,30.950592449990864,3.143748189008537,102.29342431045653,0.957984620581149,154.1922799383756,0.18104193888280912
bent_forward_1.mp4,bent_forward,888,159.02094491285482,142.91377692954242,31.577921704945364,6.62965462979954,101.19194470463866,1.0631607654968247,160.44347635850306,0.18261392937592325
bent_forward_1.mp4,bent_forward,896,167.79157485847477,144.04907759477928,31.01299176724529,4.730718692803213,100.44590691920872,0.9276459436817843,165.93342421492326,0.14989746012698962
bent_forward_1.mp4,bent_forward,904,170.31054807818487,141.86590673055827,35.3142330562974,5.802779769809678,96.85272238344598,0.9153854089417953,151.25244100795103,0.1217720974298113
bent_forward_1.mp4,bent_forward,912,170.17014902310888,141.81199866580403,28.244962283218328,8.04177016176833,101.98940955900083,1.0066993038798024,168.18587829444883,0.1297620572443927
bent_forward_1.mp4,bent_forward,920,168.5738550767722,141.2580807665915,30.352196606899877,8.032637522250274,98.60229026979019,1.0300546496709548,167.46020239365745,0.1327327870561064
bent_forward_1.mp4,bent_forward,928,167.28140456028987,144.72049318420272,32.532416150461046,7.247009203647411,95.58238237282477,0.9925113638530363,169.84323006912888,0.1384012944729525
bent_forward_1.mp4,bent_forward,936,165.10232222259197,145.01722836202842,32.457156888319886,7.5610573601952495,96.9163705569583,1.0140175477783366,163.01284680841238,0.1616882651723381
bent_forward_1.mp4,bent_forward,944,162.1664100228178,144.31172615669112,33.49863969333093,7.250249490690317,94.31316122026372,0.9698311785960002,152.59134396587672,0.17338728519812874
bent_forward_1.mp4,bent_forward,952,164.865163722775,148.60898585852198,43.06098036396975,14.845595187875327,96.80229689183568,0.8984397802870044,48.36852020361997,0.1479316684388076
bent_forward_1.mp4,bent_forward,960,147.67673596775154,164.11555366342353,58.83216460317928,27.387646753516,135.12706841401558,1.077286055826362,9.001024074549228,0.25261531815695265
bent_forward_1.mp4,bent_forward,968,164.45746081107313,169.22316980593502,56.11731287174062,40.56681721249102,154.12005944051904,0.7162465857890853,6.045133691832597,0.32257983234467047
bent_forward_1.mp4,bent_forward,976,153.24887722043843,161.4921561029986,52.52869025744874,45.65549251811638,156.07363357224656,0.7178477729244669,8.204839531110876,0.4472286131550803
bent_forward_1.mp4,bent_forward,984,137.40131861945642,151.3467141484702,57.265223022650346,50.546192308658824,160.2302067770433,0.8338715596045009,3.199997654295916,0.4076255992366241
bent_forward_1.mp4,bent_forward,992,146.25385596816844,132.39481436701993,53.95836109051592,47.06409406634776,159.3528411847176,0.6806141261252177,4.493923307947504,0.43247550712585575
bent_forward_1.mp4,bent_forward,1000,141.16373086097224,135.36520673598122,54.11531263508638,46.52880630938485,159.01972002255735,0.5606918223291363,4.567133252978172,0.3277021353958062
bent_forward_1.mp4,bent_forward,1008,143.20326521120458,150.983450084161,52.88422335493371,46.19998555446462,158.32823990968168,0.6758869084242004,3.1024344864837428,0.38038799585111027
bent_forward_1.mp4,bent_forward,1016,150.07386986316226,155.787264204518,53.34821837122979,46.74128791285674,157.2225248719016,0.6932991709772441,2.063429682210044,0.4619927508399835
bent_forward_1.mp4,bent_forward,1024,158.31006264171126,147.92700795097824,55.238190050877456,47.89023838850413,157.60326426331582,0.608712628694641,1.3221260009348579,0.45629577087616496
bent_forward_1.mp4,bent_forward,1032,156.19826008853497,155.9981969677761,52.63421956833373,45.670790848034045,155.70341181078055,0.515670775181866,0.2537833569184688,0.463016218250133
bent_forward_1.mp4,bent_forward,1040,158.8610468792483,160.98572376542197,50.018314447412294,42.49594229495257,156.14066646340657,0.5715136992350076,0.7166888249184218,0.45667403095785736
bent_forward_1.mp4,bent_forward,1048,157.90855751076057,156.05519180276647,50.10063860829596,42.737460554943596,154.79690022470348,0.5252418844194263,1.1712678072459741,0.46943907988822614
bent_forward_1.mp4,bent_forward,1056,154.75856607562784,154.93808382037767,53.51462373713656,45.76892753173417,156.98117262989425,0.5704916807314211,0.640314569511323,0.45577591798730754
bent_forward_1.mp4,bent_forward,1064,155.30652831433795,157.61394282479526,54.49779706142745,45.46368601167933,156.9069519904711,0.6263036292514638,0.9012416269590466,0.465779494951061
bent_forward_1.mp4,bent_forward,1072,147.18455769170095,144.36153222610776,54.59165994512971,47.78690198686483,158.76431500055847,0.5471815026966043,0.8883769445354421,0.42198849183642045
bent_forward_1.mp4,bent_forward,1080,141.63986923048103,127.54774968049645,61.10816145102031,54.02065412010029,160.32805267737655,0.6712021537146223,0.3581063281877688,0.35215895487737364
bent_forward_1.mp4,bent_forward,1088,137.81530001771984,144.74287091004584,59.63495517529105,48.14582765031614,160.34727087132424,0.6236187013259866,0.862714238876619,0.34476721680488065
bent_forward_1.mp4,bent_forward,1096,126.66551648989599,138.0392891780302,62.19148369660716,55.256585952020245,160.67983323436889,0.6844438574832102,0.8238297157478021,0.36840104843487115
bent_forward_1.mp4,bent_forward,1104,111.60482320679694,130.05545082851904,62.76135743768908,56.5415907524898,160.91583821673794,0.9475116975661831,2.0491893644398114,0.41453896003996427
bent_forward_1.mp4,bent_forward,1112,109.41082583105496,140.06433227678386,66.66768596485261,60.72571664195715,161.98464256100982,1.2426378688919235,0.5403132437061939,0.38442666127428604
bent_forward_1.mp4,bent_forward,1120,104.02927070729942,113.86146234860442,67.65898368951287,61.28140368393492,160.76082577547513,0.6750151418499288,2.3979018384643633,0.40298164443188966
bent_forward_1.mp4,bent_forward,1128,121.24799385284993,114.70452392480499,68.52557271121744,61.06461910486618,161.35751374152795,0.4964297143571821,0.6449209534918213,0.33709555898258753
bent_forward_1.mp4,bent_forward,1136,119.14863986120221,96.22405213365123,69.61129907738751,64.165046400312,161.2475767840668,0.7621293577252297,0.3584069700804349,0.33790546914323366
bent_forward_1.mp4,bent_forward,1144,99.81716296399128,119.63989433288299,71.37200559193785,64.82436979196027,162.5280193151907,0.9832687249810113,1.0351745540709838,0.4191399868533342
bent_forward_1.mp4,bent_forward,1152,116.20842443971596,109.46589082617773,70.92251545691272,62.812526165276914,161.39598371577006,0.49556897660689303,0.5322557781855792,0.3478429964971411
bent_forward_1.mp4,bent_forward,1160,104.3575016460149,120.74926339658032,69.26910988999094,62.08984488689911,161.9375702205724,1.0046737094859974,1.1492159681193248,0.4282101624463197
bent_forward_1.mp4,bent_forward,1168,114.00549398659041,121.5080998454887,70.67449444086026,64.41655948986214,161.69816469911973,0.6304788749719453,0.5757166963572794,0.39192692143037755
bent_forward_1.mp4,bent_forward,1176,120.62584997273507,117.68136168713515,70.98736366062468,64.65935668010599,162.0913942468999,0.5137857407642078,0.009575144084137883,0.38679257536220724
bent_forward_1.mp4,bent_forward,1184,124.8483216599726,117.11692425302587,66.68851120117263,62.01336422082701,161.89366647316223,0.506933959798626,1.4420341552667297,0.3836647289943236
bent_forward_1.mp4,bent_forward,1192,135.43102297123812,137.36432839759954,54.7831276247454,52.603800597175194,159.24777286755585,0.5419566837954377,1.9997649064982213,0.3972847471540314
bent_forward_1.mp4,bent_forward,1200,145.70050377172853,147.69969623659838,52.162878324035916,46.28820619114428,157.83757848338556,0.5889562751110633,0.028308799865279802,0.4535646717145003
bent_forward_1.mp4,bent_forward,1208,151.04454689970908,149.4418073517981,52.715818210499535,46.28180177131316,157.6485526312428,0.5244752452786899,0.7308365599304211,0.4436079551548869
bent_forward_1.mp4,bent_forward,1216,145.13351947339794,155.39238227180894,52.2858485971854,46.1248250978178,157.5855551802659,0.7463249893337033,1.2786191308387391,0.4325910213704299
bent_forward_1.mp4,bent_forward,1224,146.37588138118534,149.5430251400328,53.8441222636316,47.289594701682496,158.1958463134587,0.5571703206412241,0.8263620505279108,0.4123943893919926
bent_forward_1.mp4,bent_forward,1232,147.30924956595774,157.4350050121579,53.98373650199797,46.909696964658124,157.31156262800408,0.8050377004472716,0.8299222577028108,0.4116779566905817
bent_forward_1.mp4,bent_forward,1240,144.54958963337074,151.63331727866492,55.29150694701346,49.0995054883378,159.10695680711117,0.6528533943219409,0.8903396153066356,0.36826922233437903
bent_forward_1.mp4,bent_forward,1248,138.86562629164203,148.65914091439484,57.18027109811616,51.220923958059885,159.68367643434598,0.6445872764257707,0.012518804288471413,0.3439462603775253
bent_forward_1.mp4,bent_forward,1256,129.2261478180711,150.2338608288202,57.635107301658074,51.24411498306466,160.10303947917743,1.1050077807980687,0.6579003046719752,0.3911165016225744
bent_forward_1.mp4,bent_forward,1264,128.30367660715257,146.31491559222673,58.7516377509583,52.06844528365991,160.64135724175958,0.9826870401059605,0.17068286799435317,0.37378625042199093
bent_forward_1.mp4,bent_forward,1272,124.92146514304042,147.40223269601594,58.93070458583127,51.1031012776669,160.5667071531139,1.1394523513768577,0.3894057903307043,0.38418097180357597
bent_forward_1.mp4,bent_forward,1280,113.84330912609799,146.3684499488437,59.25664520256026,51.43807618603549,160.31101019287175,1.3982015884124512,0.5916946780748898,0.44744416104156454
bent_forward_1.mp4,bent_forward,1288,134.36292142522947,135.37954802740964,62.797952736296786,53.96467018989795,160.58238965358248,0.5448712690451839,0.21244998504516446,0.3115828100473961
bent_forward_1.mp4,bent_forward,1296,105.7884340698247,139.67887006058842,69.30807433484125,60.490982670749254,161.27370985356393,1.476777059978821,1.5321295669698785,0.40827376558405815
bent_forward_1.mp4,bent_forward,1304,119.23058615245301,112.81070528513575,68.9979303074234,61.187890180813184,161.21926738881388,0.5309152665901105,3.464663320363461,0.3543168142556351
bent_forward_1.mp4,bent_forward,1312,103.50224890353832,135.54375270653696,74.2466770653334,68.0140083953008,162.13962570437795,1.2584433385301534,3.306627649080163,0.4076777909796471
bent_forward_1.mp4,bent_forward,1320,114.76019210910603,101.3165331418071,66.15466715783441,62.92579280238257,161.52219898664248,0.613592785972714,3.5986669779369516,0.3690726480344567
bent_forward_1.mp4,bent_forward,1328,112.94919430904986,94.89596729849475,72.81151494165152,68.20768416012824,160.88754366257447,0.7578466861719129,4.143663912693221,0.37325038184406273
bent_forward_1.mp4,bent_forward,1336,117.99075779110088,131.4422390989512,63.301288304327365,63.089133953789776,161.87697861868025,0.7472362272076212,5.287807585634599,0.4069226498996809
bent_forward_1.mp4,bent_forward,1344,141.3635395183908,134.37031437938577,60.8978475278996,58.039353380374315,160.70747406753352,0.5168135837824689,2.960785462139067,0.3321415020301734
bent_forward_1.mp4,bent_forward,1352,131.2861268611499,145.63532851338138,58.347518581082156,53.773444249854556,159.96474452842662,0.7915021391801004,0.06035853870368808,0.3864961908872299
bent_forward_1.mp4,bent_forward,1360,136.96104659304078,146.75150779796806,57.47917837946485,51.55935097338574,160.0511043488584,0.6714707226503053,0.5101561110700582,0.38514996967662446
bent_forward_1.mp4,bent_forward,1368,146.3134134860535,132.9230105593486,53.22704744371991,49.62544856226908,158.82350974670584,0.5562866494910685,0.262652924511052,0.3937803865809983
bent_forward_1.mp4,bent_forward,1376,150.4345688642303,136.46937372648884,54.295861770176536,49.85314026830674,157.88438516634776,0.5530695385689274,0.6380174578443141,0.399928042858788
bent_forward_1.mp4,bent_forward,1384,152.86069791134656,141.758080105111,54.60978615552199,50.70041319076037,156.74469440838556,0.6183312138098657,1.1744749997925399,0.43034998760941584
bent_forward_1.mp4,bent_forward,1392,150.5154089853245,142.96941424063328,53.37552489342819,50.44202837732271,158.0965122427665,0.5454635709448243,1.1430120057050568,0.4103768434932534
bent_forward_1.mp4,bent_forward,1400,149.00957079357835,144.45067055499874,53.41086130385479,49.208590506574915,158.88563100862928,0.5333773329609564,2.0197688580889723,0.37808410697732425
bent_forward_1.mp4,bent_forward,1408,148.737942227609,144.34000230961206,56.60199079789481,52.21426398511416,159.57031502415427,0.5102636141124013,0.49910814687857913,0.3665417687740073
bent_forward_1.mp4,bent_forward,1416,148.44682146266985,146.05086548947966,58.1485335515399,53.643740278148066,160.741787148242,0.50188994729289,1.2681732522983393,0.34153610103237214
bent_forward_1.mp4,bent_forward,1424,160.14640396176966,105.68043947902208,61.864756178681546,56.35275068709707,159.88432957546505,2.0194589506634086,0.1584680157201724,0.42536907346837655
bent_forward_1.mp4,bent_forward,1432,167.7691698765833,121.63223192203223,59.9264113421203,51.23083800463346,159.50306704410244,1.7131018931372153,2.627054998994714,0.46425256088918115
bent_forward_1.mp4,bent_forward,1440,152.74705854969824,137.24423075672644,56.01733259386092,48.637590151556246,157.5720236308115,0.7602553540855519,2.833827984149183,0.3337730852780132
bent_forward_1.mp4,bent_forward,1448,152.70383581644532,135.92972063408982,54.54205820213602,47.14020281137595,155.99841219881662,0.6867068972702058,0.13267746445690093,0.3134605209280759
bent_forward_1.mp4,bent_forward,1456,151.4626119042475,138.04991402697257,53.32242634748525,46.457869917784954,157.5478083596088,0.6980004556386691,1.2936198987198768,0.2964015444420903
bent_forward_1.mp4,bent_forward,1464,152.250529744409,128.74991841614616,55.25391652695943,47.66068233558216,158.27358965637603,1.047880764366702,1.0272888382238392,0.29408538210564567
bent_forward_1.mp4,bent_forward,1472,154.29134120787995,130.68579664406778,54.32982067003387,47.58217694487968,157.49451152186307,1.0121978596675356,1.627822586939448,0.35984205572428146
bent_forward_1.mp4,bent_forward,1480,148.90441478874337,125.80283529409994,57.79310935160237,53.33923649628388,158.07389293276407,0.9820113589044925,1.6355178963399852,0.32293071852116617
bent_forward_1.mp4,bent_forward,1488,120.93021639238482,148.94251351384634,61.02261949812028,54.16910205546668,159.02401579699702,1.194596050909739,1.4436743363110227,0.3986378252219553
bent_forward_1.mp4,bent_forward,1496,139.13652148883145,145.4840383911375,56.80972839399974,53.36942092234023,157.96098726548462,0.6534441815062897,1.789137399855302,0.3465153690585639
bent_forward_1.mp4,bent_forward,1504,155.61395830015255,148.32169680243098,54.84501579183591,55.4859323952558,157.9527977999311,0.5810581277421136,2.8255979401613245,0.3540149484920609
bent_forward_1.mp4,bent_forward,1512,149.34768580026522,144.02945377642592,55.40966805215627,56.58802247030758,158.9127076766122,0.4925684992909299,5.310034068206469,0.34274895824029095
bent_forward_1.mp4,bent_forward,1520,147.13689938381646,138.28938214637768,55.634944904459616,56.24078461513272,159.47925602876572,0.5559867223983435,6.179062757968651,0.3374570191671584
bent_forward_1.mp4,bent_forward,1528,147.09772866960455,143.18334993856894,61.138414643510586,52.968154982292376,162.77872747252846,0.5091652777166681,0.29215925403845416,0.2838258998381426
bent_forward_1.mp4,bent_forward,1536,139.6441549474492,132.17966104736584,62.36383596073126,55.089375946844356,162.00787036868797,0.5364136629744872,1.4538902581051663,0.2975011211242866
bent_forward_1.mp4,bent_forward,1544,133.88579158503228,116.45719999423177,62.58677747313891,53.50886414509745,163.14572581523046,0.7530089131238996,2.1448118839331514,0.30330831909660055
bent_forward_1.mp4,bent_forward,1552,143.52374156972857,126.51129738085787,56.11684356941004,48.54081565548297,160.87038429379416,0.7010546710531222,0.31647408313873976,0.33055624428184244
bent_forward_1.mp4,bent_forward,1560,142.25123681242894,142.77786284929576,56.2208882344498,48.48183845873253,160.41886690639376,0.6229415968710484,0.4392783057111178,0.3564487322487062
bent_forward_1.mp4,bent_forward,1568,153.2345346900784,140.12179953159034,54.44449630038334,45.64953728990609,158.5588700964924,0.635160378681693,1.3584541497668094,0.39354224869822035
bent_forward_1.mp4,bent_forward,1576,146.99689727759488,146.52739931380958,55.553154529322455,46.09925820642168,159.47286088688787,0.6081814766972885,0.07498599928601996,0.3688309424373201
bent_forward_1.mp4,bent_forward,1584,152.39672249889387,137.21146578042814,56.09225379112811,47.48849462072081,158.1852181692508,0.6958736999058417,0.6436193576825032,0.40614507434555824
bent_forward_1.mp4,bent_forward,1592,149.02602814032562,136.8956610172915,56.13839417509606,46.45817145178413,155.77905610097602,0.5555724358281519,4.387111272254039,0.39006884521724855
bent_forward_1.mp4,bent_forward,1600,151.65731230372543,136.51260882763833,54.08005193930854,45.95247592993661,155.73749188623682,0.5853784988970708,5.398731917534012,0.3930839522171815
bent_forward_1.mp4,bent_forward,1608,156.81174957883283,151.14274566454327,55.38661120193503,45.56218450033933,155.65630578179614,0.5382890281764939,4.205963425160606,0.38240679624686674
bent_forward_1.mp4,bent_forward,1616,154.14674804283155,152.18744437000868,53.94638330063912,45.12692890877781,155.00204055971372,0.5084157996629067,4.175260714780078,0.43166733517323835
bent_forward_1.mp4,bent_forward,1624,151.75601262876978,153.39752238957476,56.18658496180136,46.17061830011301,157.62948944196467,0.5559907094969319,2.5277479784506443,0.3371367594256948
bent_forward_1.mp4,bent_forward,1632,147.70273095460033,147.2855747101608,55.43951155312311,50.96544918131559,157.87190707729965,0.5216434446226874,1.7612362402545656,0.36220636770866643
bent_forward_1.mp4,bent_forward,1640,150.9736700938735,142.13937612156644,56.434661811352065,48.711063829783924,158.41968283684844,0.5723467408093253,0.29475085944639273,0.3222538475864415
bent_forward_1.mp4,bent_forward,1648,128.55844499910526,142.57863663551007,64.29107805987782,57.518130872665694,161.42368950882113,0.8805149875755859,2.891664443630828,0.30581506806279557
bent_forward_1.mp4,bent_forward,1656,101.77127943787762,129.462295218007,69.16946342134354,63.16660787516001,161.40614200569706,1.2237698909440118,2.3475835669237366,0.4203751554876867
bent_forward_1.mp4,bent_forward,1664,113.64511468452434,130.4436577562804,70.09947526557211,64.32463519767636,161.9049403731879,1.0010293087824211,3.3376699222929873,0.372313832127822
bent_forward_1.mp4,bent_forward,1672,124.59519435725389,112.00300516135073,69.54047551342732,64.62601767631867,162.15318359894337,0.6073171456105252,3.328560534603027,0.3238086497447026
bent_forward_1.mp4,bent_forward,1680,114.2077021198197,115.70566955559937,68.28477362373515,65.07863072854296,161.77209230222786,0.6614222615363266,4.0377851707051,0.37599585752752473
bent_forward_1.mp4,bent_forward,1688,115.33507509921421,123.55268992610154,68.44476154229858,65.47116302481263,161.4853753744789,0.7004543961530074,2.536369374228098,0.3750101847246466
bent_forward_1.mp4,bent_forward,1696,125.0464926963607,113.01389710298473,63.58942793659576,61.0628959144917,160.75729881724794,0.5358096093563005,1.598498313453401,0.3751448031313401
bent_forward_1.mp4,bent_forward,1704,144.71372802583898,148.3413813509034,55.85305599223779,49.25220409823653,156.62639995206874,0.5495164879829786,0.9622394275447295,0.4105058699139545
bent_forward_1.mp4,bent_forward,1712,151.81628508005056,153.96520049041072,53.4396490553577,46.794144930095115,156.4962475162482,0.551520975326792,0.0583732803456165,0.4180818531586148
bent_forward_1.mp4,bent_forward,1720,157.00477460796802,155.858917383669,55.241858248868176,47.174977244520676,157.02609307355337,0.5446376923671256,0.2636219168350143,0.4732945873987271
bent_forward_1.mp4,bent_forward,1728,150.66407627366672,149.88022853090146,56.058462201752384,47.37173638196306,159.6717172068894,0.5063538718240157,0.36001046405042586,0.36910347213281314
bent_forward_1.mp4,bent_forward,1736,141.47631986751304,148.50826060288986,55.70584036653455,48.70982350317762,159.82891714818297,0.6835795169748506,0.16613741174079996,0.3512650254196178
bent_forward_1.mp4,bent_forward,1744,141.740371313208,145.3515643504163,57.746717870342266,50.997747971662534,160.37659268238198,0.5877219744856031,0.9933071567654813,0.33180471747919676
bent_forward_1.mp4,bent_forward,1752,141.0549604439288,143.34766538872245,57.34568720875829,50.861439475892624,160.76156915684263,0.6011897146347662,0.8332721344147046,0.3315190800112963
bent_forward_1.mp4,bent_forward,1760,135.7780287843663,143.0378318839821,58.07112030467631,51.05331532938716,160.5414880534067,0.7410165504937709,0.7568465363645436,0.3654101599532321
bent_forward_1.mp4,bent_forward,1768,145.7113268842472,145.1374342752053,57.70754858592226,48.64608504083323,159.23518921843734,0.6145443088605866,1.1716819728203414,0.3669114322429905
bent_forward_1.mp4,bent_forward,1776,147.4972115494609,152.17335514854423,53.063048195730865,45.76717916379439,158.53164814825752,0.7812207195805969,2.975437632538019,0.4096542998478237
bent_forward_1.mp4,bent_forward,1784,148.8875072390392,147.41687439750038,53.08145186072111,48.585372814722845,160.2309080222553,0.5257107980467286,2.9053266159998707,0.35165522863257764
bent_forward_1.mp4,bent_forward,1792,141.77384465860536,151.63692315268196,53.801975159701904,49.95475496884242,159.05645186180305,0.7814815313911668,2.6069050880936717,0.42054318259260554
bent_forward_1.mp4,bent_forward,1800,143.61251112929983,148.9324975828433,57.83696040170042,57.32393790255808,157.64755381300654,0.7331179502853334,4.212791475710384,0.4198317935074823
bent_forward_2.mp4,bent_forward,8,141.7894933119342,119.99844739278412,46.27120397637458,48.43781245864435,160.54500291013284,1.1345691588753817,2.385340021247174,0.3488167984801724
bent_forward_2.mp4,bent_forward,16,147.48339009880425,140.77890960559947,45.005679608547695,43.11469442222047,159.00946482525796,0.6581060222339657,1.8341846213875561,0.36968962218918705
bent_forward_2.mp4,bent_forward,24,145.2355343027864,147.71864672232223,45.93097668185201,43.11058461797256,159.54876873380198,0.54670747489598,0.8683559851308916,0.33756710804762535
bent_forward_2.mp4,bent_forward,32,142.99811836963977,146.06575327508364,44.21589680784052,42.8301456549823,159.43398083437538,0.5271545984609313,0.14117713368353652,0.3354905402913298
bent_forward_2.mp4,bent_forward,40,146.08894717690842,147.880907704584,45.834373731433786,41.668998496386735,158.27654834431502,0.5131385653928767,0.021817765074345144,0.3324624392786394
bent_forward_2.mp4,bent_forward,48,145.30760912503004,147.68753802886968,46.42387347153827,43.34613443274854,158.1935024368714,0.5427450189811989,0.17008463648213598,0.33969505677096495
bent_forward_2.mp4,bent_forward,56,142.2865934464433,142.41619544316112,44.69697484705792,42.84095113471465,158.02656539149575,0.5171159073852574,1.1560716362705648,0.35781060396264885
bent_forward_2.mp4,bent_forward,64,141.67978435469428,145.0181436336587,46.01682816823098,44.04922892925695,158.425546876335,0.5002928166102308,1.5806765525756314,0.34630225553567134
bent_forward_2.mp4,bent_forward,72,145.1743814305704,142.93237149922007,47.78517742018014,43.1668924220152,157.5712876597745,0.65740151422933,0.7795839563262376,0.3650789698944909
bent_forward_2.mp4,bent_forward,80,141.80898726932628,141.56701291577428,45.12265014704682,43.478966905204175,158.7086597946139,0.5460882234623801,0.6879437313922546,0.3565273358554169
bent_forward_2.mp4,bent_forward,88,140.41439611633567,141.25353874503475,45.03874378010682,43.797185398254825,159.3903673862173,0.5660687058044492,0.9970018889057102,0.3601694007748012
bent_forward_2.mp4,bent_forward,96,143.61582001815796,146.45966433402637,45.32066417813684,41.94695830524925,159.5857535169738,0.5334746356832588,0.9507590298802076,0.35034658605172164
bent_forward_2.mp4,bent_forward,104,142.08290629730243,146.06022677169008,43.44834681563969,40.56955714626286,159.75028993468086,0.5221552853381589,0.2735467190834499,0.33697531310557344
bent_forward_2.mp4,bent_forward,112,141.39104301347055,145.41810179895413,47.27575778248316,42.49934811373624,159.5061485401125,0.5355369112649577,0.3848504781924461,0.3373069853847993
bent_forward_2.mp4,bent_forward,120,142.90128404369878,144.42019145803764,43.94145485919364,41.78546448761829,159.60426519101824,0.5466566325020802,0.5562026326597147,0.33375851721769495
bent_forward_2.mp4,bent_forward,128,142.20527944159812,144.45090780207047,43.62855555879934,41.527548232036644,159.72646708583434,0.5409795344175412,0.2177924391187363,0.33208227892600284
bent_forward_2.mp4,bent_forward,136,139.56801647132235,143.74888278849113,46.98124093749205,43.00733887837363,159.21036481326715,0.539641190430453,0.40979377894895574,0.3370653594615385
bent_forward_2.mp4,bent_forward,144,139.62955289997362,143.6198169508731,45.9701245087337,44.1053406300533,160.4999104518683,0.5364247739554358,1.0586089620502386,0.32636898667896674
bent_forward_2.mp4,bent_forward,152,140.479777538861,143.37096082638575,46.36194112127327,45.44287180426658,159.60712925199576,0.5784263008617718,0.24844556658260503,0.32529261581301344
bent_forward_2.mp4,bent_forward,160,144.5425402402713,147.17512045332296,45.29003395949911,40.07337348858494,158.09835260884924,0.5510459896109227,0.5525462357694372,0.35484814872478043
bent_forward_2.mp4,bent_forward,168,143.2495182513601,147.4738206331394,44.578288966968614,40.6907920481087,158.6284967848319,0.5539132200933902,0.6291015071747292,0.3527358133172042
bent_forward_2.mp4,bent_forward,176,140.6409568293218,144.261119654207,46.32015289865161,43.0866918962761,159.57136682302624,0.5355168119905054,1.134821235701936,0.33785648176864397
bent_forward_2.mp4,bent_forward,184,139.76999527068207,143.59870479001546,45.71103554808489,43.20525555860271,159.29645692131504,0.5586204378064332,0.04917728199848624,0.3579534464300935
bent_forward_2.mp4,bent_forward,192,136.00193627510424,140.5269003223636,45.748429281701696,45.649980217467764,160.36796577263527,0.5480511581939697,0.185577419904137,0.34812206417228675
bent_forward_2.mp4,bent_forward,200,137.5264262143657,142.04463924216327,45.01483525939136,44.662899679797526,160.29648047885712,0.5413104719430982,0.45608890896308807,0.34402876945845995
bent_forward_2.mp4,bent_forward,208,138.76044032061046,146.61322733320156,48.4145246866067,42.66722000152485,158.31213429442212,0.5266970392300473,0.3811276018971296,0.3966563993929113
bent_forward_2.mp4,bent_forward,216,139.8014812883043,146.10736648918632,48.626928591418576,43.15849770415756,158.09388422990767,0.5377794002285458,0.5873856234961234,0.387538053537118
bent_forward_2.mp4,bent_forward,224,136.95832741431536,141.54482490303857,45.74162312673963,43.92161021738372,160.16475614249285,0.5427185035903507,0.4142659677065796,0.3761681624244948
bent_forward_2.mp4,bent_forward,232,135.13552727637574,138.97399848470798,48.23853671568899,47.64833680937783,160.4401754678473,0.5354046770476658,0.9743057421074658,0.3524611555840511
bent_forward_2.mp4,bent_forward,240,138.9596067620348,141.9918802566546,47.3479473509536,45.83389673007799,159.90238042030066,0.5289504629129734,0.4258851847154073,0.36567469322399565
bent_forward_2.mp4,bent_forward,248,137.57547213949522,139.097536940725,47.248652878511116,45.88604517030167,159.8305056428713,0.5336861456361894,0.320543676429571,0.35941051078825526
bent_forward_2.mp4,bent_forward,256,142.83500414745612,144.256235662662,45.33050613534568,41.946190344229166,158.69868848350347,0.5410160224914675,0.27616664241979605,0.3883184798548509
bent_forward_2.mp4,bent_forward,264,142.4899889040764,144.24561307427464,46.61056220147649,42.389488283746594,158.98173237822664,0.5470692851010467,0.010853185223890017,0.35836306425530556
bent_forward_2.mp4,bent_forward,272,139.02302968845026,139.5356154710195,46.493140649083976,43.243224090069205,159.6306783453661,0.5357276084705475,1.2708931920563102,0.3620028817682033
bent_forward_2.mp4,bent_forward,280,123.26730913149343,124.28411325666741,52.094043037904434,57.01941785566235,160.82797402951877,0.5446031087103858,2.5272636003703943,0.3478705282103709
bent_forward_2.mp4,bent_forward,288,99.57791972304811,102.28401628895405,68.88754117750602,73.68849945851152,162.71671834725169,0.5232578407986135,0.11374465592812114,0.37598157770301616
bent_forward_2.mp4,bent_forward,296,96.29642198667975,96.82763936791346,65.71458891950167,68.85249821363327,163.4679677209832,0.5252205822425222,2.4737863965814624,0.36260111405235257
bent_forward_2.mp4,bent_forward,304,92.11746065515695,78.24830660813024,60.08242521228583,71.93438198353937,163.8431597090305,0.7148124174674116,1.507950319707569,0.3746498676790551
bent_forward_2.mp4,bent_forward,312,109.70260245606329,104.7559807279496,58.74925064626928,69.87555258798272,163.38708169720508,0.6330674457895725,0.21376003613778752,0.315176465326955
bent_forward_2.mp4,bent_forward,320,110.00478070255966,83.24851894734684,66.52353380923988,72.06606899621097,161.74843860624395,1.2105661820295681,1.1142261654186134,0.3296958480241226
bent_forward_2.mp4,bent_forward,328,112.58915398878327,86.63781072462736,66.2095778474901,69.44323469075012,161.076368484898,1.191253429991167,0.013570631957354386,0.3613297676059905
bent_forward_2.mp4,bent_forward,336,121.66084858873498,87.25992450707841,63.715711066234114,68.5169814653614,160.30667228527446,1.7605269513689938,0.21004701628952352,0.3568193419706176
bent_forward_2.mp4,bent_forward,344,122.76746837882875,116.06966531436346,62.53322854867435,66.76491891193217,161.32888908999462,0.8567433474654862,1.6492748101803822,0.34084428400831984
bent_forward_2.mp4,bent_forward,352,114.5927533030712,107.36197268364889,58.37380257312692,64.80473561631885,162.26815666864238,0.7317510667611186,1.804854708341585,0.3362743583370271
bent_forward_2.mp4,bent_forward,360,104.08086181363923,107.93144661206682,58.84677822773503,65.58285193382562,162.06347324097013,0.7388826894386554,0.2642787423376499,0.43103616331960815
bent_forward_2.mp4,bent_forward,368,101.64157021235016,95.77040791069535,65.42364155697057,70.23697621181556,160.65061950653674,0.8176718443948059,0.1893548232583652,0.38882923972845385
bent_forward_2.mp4,bent_forward,376,117.56847501879051,102.34956926574604,61.517779139170464,64.97666936930375,161.5121007148553,0.9242351452501376,1.2904869423534266,0.36204139514955064
bent_forward_2.mp4,bent_forward,384,112.2458351022245,78.44454407971294,62.11539523457698,64.12902727301856,161.42092161257892,1.9326139354474745,0.26368693326965537,0.4018191343456754
bent_forward_2.mp4,bent_forward,392,108.5588382452829,112.0044271908029,63.47603416631554,62.50199126470649,163.05707052484084,0.7029953016635556,0.39999207413256643,0.419053069057924
bent_forward_2.mp4,bent_forward,400,97.62122007419852,93.0354603289221,67.5676645871021,66.80193048667752,164.53490710654768,0.8144827877744776,1.0009654365789022,0.4331999167944959
bent_forward_2.mp4,bent_forward,408,123.19394606267271,127.87730663977256,59.86771740090464,59.34154774469723,162.78341179564543,0.4819750599283541,2.5406419844507147,0.34590007394160877
bent_forward_2.mp4,bent_forward,416,129.05279095309615,127.87386577313582,49.01966108083121,53.529070506389616,160.29124705814877,0.6192448756660011,0.8859438625999749,0.3523955154787532
bent_forward_2.mp4,bent_forward,424,132.36962399821138,133.42455547042516,50.89105628746521,53.196722259180085,160.21469148389687,0.5197801866324345,1.5019773786026076,0.3277703582406717
bent_forward_2.mp4,bent_forward,432,130.260005413519,133.6456330197522,53.53526892104724,55.38556547781788,160.1718308439413,0.45903185091782006,2.1683214586754183,0.3497156618792107
bent_forward_2.mp4,bent_forward,440,128.2451637005811,132.43709377977135,53.47880403101889,55.20331633496241,161.31615250749908,0.4637107122808041,1.1106350240849656,0.34575086591363285
bent_forward_2.mp4,bent_forward,448,136.60001875710512,140.24845977907597,53.19630119223115,53.24449082505773,161.6277992408188,0.47569136946093954,1.8298876624790823,0.3048518332037559
bent_forward_2.mp4,bent_forward,456,143.923783823024,147.00563369134693,49.19378131398032,49.30035253688048,160.09495350845717,0.4722469233850924,1.4662903230831843,0.32960064945354356
bent_forward_2.mp4,bent_forward,464,147.19918076449022,145.1282318668771,49.80637674288519,47.54936837644971,158.8545213489913,0.5687915691809999,0.6351159221339268,0.37471545556655955
bent_forward_2.mp4,bent_forward,472,151.14499347893758,153.24902431380875,45.11158179266099,40.36797747532313,158.14569518714669,0.4729708425381951,0.569987668923309,0.3857884042615634
bent_forward_2.mp4,bent_forward,480,149.67036404957148,153.33331290317912,46.67012410722091,41.9512786796262,157.83181494952973,0.4489236933869163,0.6801297296940094,0.3490525214326451
bent_forward_2.mp4,bent_forward,488,152.52033339866352,152.8779881271686,46.54946784277052,42.17392742766846,157.974201883006,0.4621620910519345,0.5400620340834172,0.3432883665054309
bent_forward_2.mp4,bent_forward,496,156.25967675968863,156.85822099923004,45.49590083320031,43.47672045340566,156.93264889462793,0.4559600589011101,0.2185708717535825,0.3636456731123141
bent_forward_2.mp4,bent_forward,504,155.5533400592382,159.01042579956322,44.25646532479435,39.2477344400559,155.5706567388272,0.48575992863896084,1.833487192190243,0.49568637784383723
bent_forward_2.mp4,bent_forward,512,154.78458335152084,157.90204971432888,45.30019425832842,42.84632319428419,156.07807523987978,0.4814972920873634,0.9961571273327271,0.4673218683758873
bent_forward_2.mp4,bent_forward,520,159.79151176148184,147.45933104950154,45.50746153807925,42.66705915529777,156.62331966269497,1.0595082461454584,0.49692759621447163,0.5225544690617308
bent_forward_2.mp4,bent_forward,528,152.51177872654964,152.45250922677806,46.18672425305098,44.73956381850566,156.9878546796896,0.6367204397735519,0.06940683520344398,0.4517172784723539
bent_forward_2.mp4,bent_forward,536,156.01231890929293,152.80509143844372,46.82252008003528,46.03031858144491,156.59135345443406,0.8251212705778923,0.33162648018123725,0.5065299163124632
bent_forward_2.mp4,bent_forward,544,154.46896153651423,157.02699407023317,48.881230261627756,47.63954114161284,156.32078975941832,0.6849611432002597,0.3695073757175883,0.5242584857691248
bent_forward_2.mp4,bent_forward,552,155.95390393149384,162.30251890361714,49.324059381911816,49.615607319628715,155.92874391702145,0.49738173631486304,0.3382252767974486,0.5380119488289711
bent_forward_2.mp4,bent_forward,560,151.68929482014315,157.74181983972585,49.22131154426243,48.78735737352387,155.67777862717645,0.5239672471243233,0.7184039339429383,0.45859145288509473
bent_forward_2.mp4,bent_forward,568,153.4136186993733,153.7911486647988,47.5287362239701,46.11781632185507,156.21000528649967,0.5597982895849766,1.3194181042260984,0.5231239608569298
bent_forward_2.mp4,bent_forward,576,153.28277981762247,157.06132828653108,42.200123026852225,41.26211105897836,156.15596324341092,0.46134040451895175,1.55949467407255,0.49306916496428277
bent_forward_2.mp4,bent_forward,584,159.9860913268212,161.74033692102998,41.01524413503028,39.165012765008164,156.40844944550116,0.5612910407397215,2.0293485033337633,0.5210195136253285
bent_forward_2.mp4,bent_forward,592,154.71780077538642,156.4856031476151,41.57541114218047,38.22586825202675,158.1428316369088,0.4443618938748093,2.9948337075067997,0.39233668681176603
bent_forward_2.mp4,bent_forward,600,157.2610271589221,159.38629893079352,43.95760360768389,38.464979725046696,158.19368585838598,0.45581545209013513,2.880022850936067,0.37736174082096885
bent_forward_2.mp4,bent_forward,608,159.94234688725774,160.2464575683708,39.761170990128825,36.422251154540135,157.24977581277236,0.4731898166682843,2.190058681517951,0.4302093212840401
bent_forward_2.mp4,bent_forward,616,157.03646381940985,160.06252300727792,42.40517412941768,39.05212728764971,157.6531195908707,0.47745100046066996,1.5010084339368146,0.4589734372553468
bent_forward_2.mp4,bent_forward,624,154.73906656480074,156.52810972107346,48.46193689867142,46.22254593148776,158.70920997284247,0.4921575023232668,1.9895256891595432,0.4291703687326457
bent_forward_2.mp4,bent_forward,632,154.10253356050677,156.06633030898809,50.481225230772104,49.26150378407769,158.40215863613255,0.5178337186098778,1.5429089523698014,0.4204340234857514
bent_forward_2.mp4,bent_forward,640,146.88115092752577,150.60838547307085,50.91518857900414,49.95562954993883,158.75357177485628,0.5219762204492376,2.3185205051156275,0.377167202632953
bent_forward_2.mp4,bent_forward,648,146.7950124487481,149.268583118233,50.43950284206187,50.49863826524164,158.0533860041161,0.48452244559970375,2.3110430678001244,0.3718657309960055
bent_forward_2.mp4,bent_forward,656,152.33663617398503,151.89836293265208,50.62909072304813,51.48292027703728,158.34517336292177,0.4701710125539803,1.8954866057951332,0.3263410982690607
bent_forward_2.mp4,bent_forward,664,152.75150806106151,148.01320216171325,51.501065060192424,52.40124143411808,158.3746939305956,0.7783730054262118,1.8216234308828914,0.4376358010415949
bent_forward_2.mp4,bent_forward,672,148.26374610139823,152.55446312354732,53.31435148857767,53.478112083029664,158.75774977451843,0.5371059243132136,2.3770037394705277,0.41329031526323334
bent_forward_2.mp4,bent_forward,680,145.88001841799647,151.41773642239914,53.0666219074392,53.16601689324893,158.79271324322968,0.5273856895513858,2.5717270842071214,0.39685161990051054
bent_forward_2.mp4,bent_forward,688,144.51679136039445,148.10652128783636,49.084304850685946,51.729802549022125,158.10710686561686,0.5445485350021955,2.1963352042974873,0.38036858445499694
bent_forward_2.mp4,bent_forward,696,145.99199808272846,150.2476110986678,48.36599268655854,50.829680228217065,159.12131549737117,0.5019401658560683,1.6908640821326628,0.3522416207141985
bent_forward_2.mp4,bent_forward,704,149.46905210998474,153.22037101909385,49.7446779196085,49.669124922827315,157.9902247231393,0.5197477200491127,2.560131252084991,0.354229793152683
bent_forward_2.mp4,bent_forward,712,145.106765392512,149.69146897159197,51.5281501346342,52.46697042982413,159.12302285651816,0.5333311195538081,3.1739365327396496,0.32804831262354206
bent_forward_2.mp4,bent_forward,720,152.01063896322384,152.04304811997568,52.364991016467435,50.55944517987056,157.87058173153113,0.4744797606305278,0.8363815949786944,0.3274108112875071
bent_forward_2.mp4,bent_forward,728,158.06912080742939,162.65358278809913,35.10817060250751,36.91860432768763,152.10391315297431,0.4934874953620174,0.2661072903366384,0.623862755611457
bent_forward_2.mp4,bent_forward,736,159.49320249552605,163.85114485303922,34.77496430854601,37.482649111885145,153.77691861908855,0.6794890344083161,0.8575478635512237,0.6545765524438311
bent_forward_2.mp4,bent_forward,744,160.41052598886236,163.63184214031125,34.88936326679906,38.88893556489669,154.824179875461,0.5964472344960323,0.9585065557691197,0.6462153291079388
bent_forward_2.mp4,bent_forward,752,157.14412029646292,161.4259872989418,41.19739227687892,43.501839707715675,156.287665066251,0.5918866567839159,0.06442488698615169,0.6022934611258084
bent_forward_2.mp4,bent_forward,760,154.53237555120913,157.12215753807445,50.82629515916132,47.88160308257525,158.21393790770645,0.5730236727307744,2.509405737052414,0.47278613585753543
bent_forward_2.mp4,bent_forward,768,151.53631174885072,153.70733894315163,46.57303261147693,48.44891259711991,157.45583495582372,0.4565569630158602,1.6041572234127222,0.4594083095930395
bent_forward_2.mp4,bent_forward,776,153.78104052138,156.85924867700746,45.51200039435818,46.74616239331256,156.65260849780935,0.5087656215824577,0.6355328051513649,0.5089092778203923
bent_forward_2.mp4,bent_forward,784,143.6457416398528,147.72302408670825,48.91305092911926,51.28706055732546,158.3678590406601,0.472275327369649,1.007305689116629,0.32550517916496935
bent_forward_2.mp4,bent_forward,792,129.99224334798646,132.75030642537502,53.26340218169063,59.72211929528367,159.56645084798646,0.4763557694518551,2.6733706001478743,0.3207045188667138
bent_forward_2.mp4,bent_forward,800,128.3385938878054,117.39309869633895,54.3933042713512,63.399804257616026,161.12631519622227,0.7540750718564863,2.250647618713685,0.32243177952233043
bent_forward_2.mp4,bent_forward,808,127.38778520801027,120.29267980356987,53.710586105971764,64.0136358706528,161.0045846538318,0.5977487252106277,2.9335834995144237,0.34259419140991626
bent_forward_2.mp4,bent_forward,816,144.54125997761574,136.50830939806053,52.846460117871224,55.29388557558045,158.40487055129887,0.6955423277082292,0.2489498176240741,0.35098047117122233
bent_forward_2.mp4,bent_forward,824,144.8693575048257,146.6352038361275,51.55818652874481,53.118517100906445,158.30854795661742,0.5098481333933773,0.8683833577365669,0.3720109079967134
bent_forward_2.mp4,bent_forward,832,147.39714803977262,147.95023911486877,51.06395524614904,50.54829077678344,158.40593657371687,0.5043571340058506,1.8039463114989658,0.3721224822647011
bent_forward_2.mp4,bent_forward,840,146.11250083628815,148.19844931816206,49.12742674264818,48.49274059591466,158.4372709727827,0.46127811363339116,0.030630951957212202,0.4027663416048864
bent_forward_2.mp4,bent_forward,848,143.54344593564363,148.24091147276508,51.418477588161466,48.69253449495387,159.1826427698064,0.4495550580878712,0.11799984786035278,0.37166510836652306
bent_forward_2.mp4,bent_forward,856,144.46676713742374,148.76286709913032,54.47342389543925,51.06209534770687,157.68798092073757,0.45769961951635635,0.6355103119638332,0.30934066074458555
bent_forward_2.mp4,bent_forward,864,137.32928988791338,141.65723061867314,52.71462119899822,53.223419923264146,160.08478610991722,0.44559307550436905,2.5900086093552686,0.3212566018191553
bent_forward_2.mp4,bent_forward,872,136.5383385541245,138.25323677276603,56.893734667058396,58.01085162662839,160.5553995298372,0.4361238944955066,0.045722877225074024,0.3086998508085462
bent_forward_2.mp4,bent_forward,880,132.5193745024144,119.79826085481989,56.337929773707295,62.436636930957924,160.78940783163554,0.8445326043893799,2.5112091968033026,0.30636349102356714
bent_forward_2.mp4,bent_forward,888,123.62465498113404,126.17380731425318,56.93432072872159,61.326893584788394,161.59753729014457,0.45600357756556953,1.6429432723588444,0.33990450206173367
bent_forward_2.mp4,bent_forward,896,123.6897612640236,126.17499004528034,50.52042099626026,60.38292252524409,161.9434960793244,0.42207472539107904,1.912361652615858,0.33976155625044685
bent_forward_2.mp4,bent_forward,904,125.89279861449927,129.51999906589612,54.66645066943216,60.07549519965348,160.95357356782444,0.40844129690583547,1.726200731708773,0.34165054964904634
bent_forward_2.mp4,bent_forward,912,127.88700011476348,126.37311546419448,58.78483365959789,60.54749246485638,161.30668970046545,0.4465557031242043,1.9344060561631242,0.2988456121771086
bent_forward_2.mp4,bent_forward,920,115.75532509821834,120.13791227662578,61.276328793649675,67.93630867585966,161.79502770585756,0.43445025502173623,1.1901193356357826,0.35308739417032653
bent_forward_2.mp4,bent_forward,928,128.49022321698934,131.11944755054932,52.25570153704451,59.35543737601784,160.88276861949367,0.4465804762651648,3.330694716621709,0.35147128418627926
bent_forward_2.mp4,bent_forward,936,141.0302540481219,145.3450368993114,48.03589349088385,49.08692601154462,160.46278532095687,0.4441843774228367,2.341279858943728,0.34150116622353005
bent_forward_2.mp4,bent_forward,944,151.74548348460016,152.94939493329522,45.51844008503625,45.28575764790148,158.68283864729327,0.49066787891078434,2.4933980681754684,0.37961322559858857
bent_forward_2.mp4,bent_forward,952,151.66337983336913,151.22380935794277,44.13213042159006,45.11394910901205,158.694021408061,0.45314598115166754,2.8042999956849632,0.3332171663315541
bent_forward_2.mp4,bent_forward,960,142.13931055911212,145.49503845920742,46.069533641883254,47.72461986574738,159.5692160407174,0.45029063780427614,3.419585892232281,0.37010010175669344
bent_forward_2.mp4,bent_forward,968,151.70390397956163,151.00448779834008,47.354220896290116,45.93964294766615,159.20613107622555,0.5348798661255442,3.5409259870688885,0.345936829071917
bent_forward_2.mp4,bent_forward,976,151.98509373322239,154.36289765997552,45.61969701305887,44.7192514289947,158.4145072800681,0.6280432437353183,2.063702541480993,0.4509985146514145
bent_forward_2.mp4,bent_forward,984,154.25117488715975,156.7406900770745,46.73419184951075,44.52107018290614,157.64844159692547,0.4844915100615513,2.3721149145860734,0.41811598222222773
bent_forward_2.mp4,bent_forward,992,145.45660537523332,150.9674659721096,47.30966354784314,45.93530762208546,160.71667631896645,0.4299113268032594,4.999460021830001,0.3297525683963888
bent_forward_2.mp4,bent_forward,1000,141.86825241208763,145.427713868886,42.92502562873464,45.098836339797174,163.86992540627284,0.49232537754676037,8.841334629974543,0.4003171546774799
bent_forward_2.mp4,bent_forward,1008,140.2972927802221,142.67914199404345,40.83656367069381,45.532829801615684,163.3317768624348,0.4182601288332841,10.670011979453763,0.415445526518868
bent_forward_2.mp4,bent_forward,1016,135.24654751806992,140.70203120336208,39.81245150670721,46.506992599247994,163.96247676804924,0.41536364739991677,5.589340149810862,0.4028093697551809
bent_forward_2.mp4,bent_forward,1024,134.73678944251486,138.4827143259798,43.13326064207972,49.2599732768291,160.22541156670266,0.47204117231606774,5.106605030992545,0.33192021716124515
bent_forward_2.mp4,bent_forward,1032,132.44455638872685,129.53159808613083,48.94095022176541,54.23014420759698,159.07496308424723,0.5297665965078081,2.01663563016801,0.3226939659515843
bent_forward_2.mp4,bent_forward,1040,136.262902008047,123.06347395115317,55.84820026943112,60.97381485685562,159.36167678765358,0.8726524352460265,3.2728894515333216,0.309968633414301
bent_forward_2.mp4,bent_forward,1048,143.6972154612961,144.80782667382792,52.88708180452377,59.77807043801544,159.08517169388486,0.4483916938568211,4.52109221519968,0.2904304575633316
bent_forward_2.mp4,bent_forward,1056,141.97003403161392,143.63274904321472,43.63364444204585,54.511616263880505,157.65827107542114,0.4459629224373718,2.6748945555960084,0.31156511582273133
bent_forward_2.mp4,bent_forward,1064,136.8574503165449,136.55106328036638,57.90942340391572,61.9152542385027,159.98155758246966,0.459882192487019,2.208107051502962,0.31802227656182935
bent_forward_2.mp4,bent_forward,1072,143.5539445233735,137.52652003035172,53.96925087733123,55.464351631865874,159.34383267844865,0.7070223758664848,7.072982222991592,0.3447432487841821
bent_forward_2.mp4,bent_forward,1080,141.28519429952456,131.1042635764222,49.29036580237366,51.27746584974837,160.5772411314315,0.8230677712948583,5.755886229801936,0.32032181543860916
bent_forward_2.mp4,bent_forward,1088,146.38675240166538,147.19232514298295,49.16642389769967,51.01805707511969,159.12645207533924,0.5580912764157783,3.7232462507242787,0.31278460854619833
bent_forward_2.mp4,bent_forward,1096,138.64763819348354,140.58582146038833,51.89426179334377,55.11383684974121,160.96171741014277,0.46252192377647977,3.820084134937137,0.2997905724797159
bent_forward_2.mp4,bent_forward,1104,114.985657779351,116.3966756346332,63.35254591537417,68.93447655301637,162.59574484351322,0.42762180279804285,2.7007358918940345,0.30812571982932785
bent_forward_2.mp4,bent_forward,1112,113.14802183033046,111.16756546650304,65.4981125941462,65.10526901928742,163.4494617895329,0.447833617055213,2.846667795785903,0.2944221285914923
bent_forward_2.mp4,bent_forward,1120,95.26277164184481,92.25538100851708,54.59328645944871,54.35117873383417,164.57643743272078,0.49020581614605474,7.9098283635048805,0.38511055237502295
bent_forward_2.mp4,bent_forward,1128,103.67029856384137,108.89199875240595,31.861416571295404,35.924833690194454,165.92645264150127,0.4602536096764529,4.776846176908283,0.3102295374987728
bent_forward_2.mp4,bent_forward,1136,102.14235888576532,95.4735449713328,42.373983123886674,53.46519148747099,164.6173706004948,0.625617261935698,0.4747112133305128,0.3405065353899149
bent_forward_2.mp4,bent_forward,1144,114.52516504198228,108.20676427128996,65.9438255349478,70.749099430021,161.73508672552703,0.5949987921341772,1.3664854048278043,0.3874180478329646
bent_forward_2.mp4,bent_forward,1152,140.2438823012966,129.30357081982146,54.02539062756984,58.621333728504446,159.91644613644664,0.7035315573910786,5.165041721380074,0.31166093378835763
bent_forward_2.mp4,bent_forward,1160,148.71222757253025,136.56385815652388,53.87607707608987,55.0438878393383,160.00243847427237,0.878723722192118,5.087863341523954,0.3197568287210586
bent_forward_2.mp4,bent_forward,1168,145.92262744737778,146.00307230517353,51.05178292451049,54.32433561898649,160.34893482693775,0.48652302337822867,5.596953454595251,0.3550970768989856
bent_forward_2.mp4,bent_forward,1176,159.42407710112934,162.8114708000528,42.401826166438326,38.89451315628156,156.53705271579767,0.4516612073399481,7.358921135886535,0.5048602435487769
bent_forward_2.mp4,bent_forward,1184,168.8976368781598,166.06800636727166,39.92312323712738,29.751681352864033,139.56783024661144,0.7735593131611509,9.559076653587194,0.311131894259118
bent_forward_2.mp4,bent_forward,1192,166.65979207277252,161.83452821736768,38.76962293580561,20.346682670788994,112.42079227179512,0.6454742651131059,15.939566468583834,0.1626567741910547
bent_forward_2.mp4,bent_forward,1200,166.4503844066647,157.9512926551882,31.448892224126283,11.035750703445778,103.65042618071972,0.7505832942640298,25.56665690251903,0.1583373837392397
bent_forward_2.mp4,bent_forward,1208,164.90823253751518,161.50074533307804,33.38249348396062,13.40742790750856,106.37349565780136,0.7186848697848027,26.416820316275587,0.14855344191625455
bent_forward_2.mp4,bent_forward,1216,163.26261695847148,156.24457329047672,30.796654895524437,12.136247468013693,112.08200460458796,0.8750614544124682,27.561120593666832,0.1596879847076657
bent_forward_2.mp4,bent_forward,1224,164.60247693722405,159.130187211381,30.987370136239498,9.067475750078769,110.5349356219455,0.8160507272484018,32.316909866642725,0.14384654507625938
bent_forward_2.mp4,bent_forward,1232,151.19388145177354,154.45288432812626,31.567282946339823,8.330529919690893,111.89266462750435,0.9998734438945207,25.099813786233845,0.21907071409609455
bent_forward_2.mp4,bent_forward,1240,156.57318700185024,155.2110035850114,33.00842138748381,8.838158761732622,112.49076400774564,0.8894145845185806,23.818104963184272,0.20426004870392
bent_forward_2.mp4,bent_forward,1248,159.67136927044686,151.75455412095303,38.65618593151842,17.969104290029705,107.59918324325558,0.9856427990339829,22.973410809774535,0.18132906282394146
bent_forward_2.mp4,bent_forward,1256,157.90959591809906,155.27086785628654,40.082721716959526,19.335970664881987,104.48295255007868,0.9354933584705521,22.957339001114576,0.21855634100339089
bent_forward_2.mp4,bent_forward,1264,161.32063817964743,151.10726849635068,40.93823340277987,20.58139238591739,101.60336835473623,0.8790887249339147,16.310075160946774,0.20268726333169002
bent_forward_2.mp4,bent_forward,1272,160.9966559952926,159.53620413929306,41.39828092282807,17.85894552025922,100.21888536519174,0.6981290947427952,7.79268499739854,0.21785601574413355
bent_forward_2.mp4,bent_forward,1280,160.21147092182358,154.96465652929118,40.66361320219389,14.526392950304828,103.5885465863771,0.8448145060199488,27.778358821451704,0.16799418179259645
bent_forward_2.mp4,bent_forward,1288,154.44701742298236,157.30365778218234,42.91811055892438,18.80431912224103,104.73466088114996,0.9508055401585485,18.309498164092403,0.19858887730427488
bent_forward_2.mp4,bent_forward,1296,151.2498504358405,153.35366138984023,45.08949596736604,19.034351756390436,108.96087070898355,1.0795346642130546,13.132355651336859,0.2198515196024573
bent_forward_2.mp4,bent_forward,1304,164.55240686455377,156.2390417732085,42.94802010157581,22.22208757482896,108.11183384096906,0.8122384453151306,16.439228570110554,0.16051852425161786
bent_forward_2.mp4,bent_forward,1312,162.47695448268266,158.97654725832962,45.31447098867212,26.25448618663288,108.88981534561734,0.8478046523750417,16.63240275378509,0.17283538692900177
bent_forward_2.mp4,bent_forward,1320,170.61477112115514,167.08000432951906,48.572206509017654,26.883363459740213,122.16350663159227,0.674818609589913,16.84995767409984,0.16257105980628273
bent_forward_2.mp4,bent_forward,1328,163.19348247089727,165.18214290576466,36.288025883735685,27.67753727652091,156.10383227071853,0.40644265451313205,10.43976832178884,0.44044811356594527
bent_forward_2.mp4,bent_forward,1336,158.75628868722688,156.9182849797996,45.65730610992289,41.82985577718675,158.38937934647643,0.5286522832318322,7.428224177122898,0.4065848644344969
bent_forward_2.mp4,bent_forward,1344,143.35556721268523,134.09695068638467,53.3836595743003,51.869822656288534,160.60485502249963,0.7619342642763106,7.264524278225389,0.31523044202623
bent_forward_2.mp4,bent_forward,1352,145.7589056013779,139.41604884332634,50.55673335385565,48.446279277451126,159.1418777035722,0.6844235996248058,5.578280169987902,0.3221709216248011
bent_forward_2.mp4,bent_forward,1360,146.08386240964,149.53705961158133,47.77564015808742,47.23206854840227,159.5770092194325,0.4847176345492073,3.987060401471453,0.3182481630171125
bent_forward_2.mp4,bent_forward,1368,146.07381563362944,140.77815098399225,47.983504092786454,46.1509357757446,158.71789739812843,0.6930876308508093,1.8891887992546184,0.3534077171218679
bent_forward_2.mp4,bent_forward,1376,146.57886004720743,146.65338894955644,49.86442170095129,47.84881907125617,160.09954504012512,0.5438264808626548,2.8273845681478402,0.3150775887536925
bent_forward_2.mp4,bent_forward,1384,135.2378767582699,141.64060091100288,51.91633236626919,53.53874021899917,160.66380513216873,0.5259888686382744,0.42994012204532883,0.35310539434825083
bent_forward_2.mp4,bent_forward,1392,133.3069134046491,136.42087048266555,51.522351121414445,54.16205309832349,161.28718685939012,0.531942648429131,1.5238138376598573,0.3304177227599469
bent_forward_2.mp4,bent_forward,1400,117.22501386864298,119.37887848334785,62.457294744667344,66.16361226240626,161.3724221862232,0.473719929384539,2.1151063931120118,0.3468637044046395
bent_forward_2.mp4,bent_forward,1408,108.62536283465545,100.39528995006668,70.87473882741534,67.00752345600776,163.16240998185086,0.5742660362265566,0.394735973504962,0.3081238119128012
bent_forward_2.mp4,bent_forward,1416,103.63734789040811,101.00537696521624,72.83374711439313,70.92451629894434,163.549925012631,0.5090213790736534,0.6580109989691771,0.31512677267842043
bent_forward_2.mp4,bent_forward,1424,109.33454958088602,90.80920876451941,69.84551203531817,69.35757651939751,163.8886302690127,0.8284209921965234,1.6663034343981842,0.29527374317885113
bent_forward_2.mp4,bent_forward,1432,118.111972182012,92.20985073728224,66.7006589563809,69.41785372532411,162.16321510493776,1.159083257102687,3.031637534625975,0.31875195004294193
bent_forward_2.mp4,bent_forward,1440,122.1375720904179,85.72769256289213,63.914153530150784,66.65404433958322,162.39944957967444,1.7699998291100791,2.041654196721735,0.3228213834099095
bent_forward_2.mp4,bent_forward,1448,132.13442665822177,122.77539165718184,56.012946731308475,57.31895299482543,160.926025636281,0.765350091641017,1.1152853707691561,0.32092572066982705
bent_forward_2.mp4,bent_forward,1456,143.44074167558807,127.35085734078811,45.558624324274696,50.1684590639396,159.28600108449686,1.1134004893955114,1.4890820349109566,0.3580601466923026
bent_forward_2.mp4,bent_forward,1464,146.8132391517238,148.77990742546822,46.94997984415318,46.36359839037959,158.2327569361844,0.5031384565404591,2.16273758107411,0.351531793124504
bent_forward_2.mp4,bent_forward,1472,145.0662413696413,150.23402521475552,47.00547901921431,45.69732533358175,157.51649061959765,0.5808429765593969,0.7771952685048741,0.3988315635097383
bent_forward_2.mp4,bent_forward,1480,145.04172970843973,148.2756030883215,48.09382725521062,46.71354224705972,157.8926089843373,0.6541750224646529,1.2525991710768156,0.3704464416671975
bent_forward_2.mp4,bent_forward,1488,145.67460452575625,148.57889503731877,44.66729737774815,42.94188826194538,157.5960524969113,0.47398028572793116,1.16429046106969,0.3677396509801634
bent_forward_2.mp4,bent_forward,1496,148.8260867641166,150.58197515012796,44.062876275619274,42.640703019193346,160.48470054566593,0.48438035837456667,0.26733349074281676,0.3420745041043262
bent_forward_2.mp4,bent_forward,1504,150.74969691911704,150.88708387362823,39.83363941880033,38.754810861221465,158.29135182241,0.5757676741117861,4.338251023902418,0.4316707950878942
bent_forward_2.mp4,bent_forward,1512,161.54841675699953,156.11282691883062,26.033996587804957,34.03543186011633,151.3164520923705,0.7621852505425002,5.88099446400998,0.5120288655998125
bent_forward_2.mp4,bent_forward,1520,166.14040931310416,147.22614516520852,23.698177028532967,41.091797635913316,136.66964638812127,0.7812404840264164,4.722235046689392,0.2840514233988246
bent_forward_2.mp4,bent_forward,1528,170.64143421791877,148.83101300511345,18.487917748500394,37.87251360269183,138.38419187625462,0.7796098109098634,0.6950977587036703,0.270480357317229
bent_forward_2.mp4,bent_forward,1536,158.6614350025452,151.93266122466457,7.237380222827054,31.630087754128464,124.81371875667682,0.7000794745564457,169.96452102472037,0.41213481277238484
bent_forward_2.mp4,bent_forward,1544,160.71282856470415,156.6427048570669,9.207821846620334,35.0602505843604,128.08289534001148,0.7275694428425029,156.16281974610249,0.523667523083087
bent_forward_2.mp4,bent_forward,1552,162.62540081042243,157.0228506634251,13.299459396949919,37.043046989819224,130.33192069131604,0.6884105987315956,167.0867535576696,0.4801841209456354
bent_forward_2.mp4,bent_forward,1560,161.8032490235048,155.69561372740898,11.59673795041173,36.274920050920805,129.63950277388201,0.674638272119819,177.84438616999867,0.4384675290280476
bent_forward_2.mp4,bent_forward,1568,163.15839657419684,155.02490997297355,12.232088592498044,35.96053483895399,131.7975010960273,0.6601094379701967,165.92525242067208,0.3523075720563485
bent_forward_2.mp4,bent_forward,1576,166.28457436742255,152.3541218673707,22.42476411425211,39.853267540987325,138.52811718725906,0.7171045719663707,9.084462794758663,0.3484511296198991
bent_forward_2.mp4,bent_forward,1584,161.92287282959947,155.61048434903796,33.22803880328608,41.5673010842016,141.68006167577104,0.7298336525461749,7.421561307771194,0.38380537047596325
bent_forward_2.mp4,bent_forward,1592,165.13612378120996,157.18185423198514,28.610405841281786,40.38400430115581,142.4397079068077,0.830045172183521,4.953401931823909,0.520880856866051
bent_forward_2.mp4,bent_forward,1600,150.55199164201304,157.47367443379648,35.17759876663274,35.40765001330938,151.8968918253172,0.7221072791642735,1.300409152919196,0.6491708478163463
bent_forward_2.mp4,bent_forward,1608,150.52554092833964,154.32236936763005,45.54073832819135,40.353885642801636,155.73135285426858,0.5031822199112531,0.38235763100592574,0.33440578839875645
bent_forward_2.mp4,bent_forward,1616,147.45287276377198,148.7403562011268,49.49363623870592,46.27999871057423,157.27928663517685,0.4679522998894206,1.8386504396448604,0.2980520201616497
bent_forward_2.mp4,bent_forward,1624,146.50216981859413,142.68052338085565,45.71999501064574,48.14519660056029,159.01937116008736,0.4873414133120282,1.525831665177069,0.25629982338925406
bent_forward_2.mp4,bent_forward,1632,138.07561087030038,129.0090479139686,51.790802170081925,55.910605644753936,160.35966174021985,0.7238147017224297,0.5630557849077769,0.2775097623081957
bent_forward_2.mp4,bent_forward,1640,131.29529944208434,103.07670421784404,56.500327204499435,61.81152816840262,160.7194569586137,1.6165607401884778,0.6954989850552566,0.3251532573513656
bent_forward_2.mp4,bent_forward,1648,131.82833634031317,120.61271150472537,57.71025704345214,61.378614531372754,159.70758576559086,0.8631362225012352,0.14636559267450208,0.31709593254781976
bent_forward_2.mp4,bent_forward,1656,125.38404600380171,129.91128846820357,54.63084942685611,55.528565785727764,160.370549248634,0.4786601751903619,0.9203435161574882,0.3555958135203938
bent_forward_2.mp4,bent_forward,1664,129.65324692823143,135.81282497539792,52.72799273511242,54.634315360055815,160.95845343699202,0.48153858630272106,1.4906360593198178,0.33178836002840717
bent_forward_2.mp4,bent_forward,1672,125.2133402557726,131.3040976946828,53.13559811062893,57.4232838746913,162.30208360168768,0.441050444987076,1.2053169880707397,0.33124100790836236
bent_forward_2.mp4,bent_forward,1680,124.801102051405,129.99914540325054,55.09516154742448,58.32146322849749,161.58895069449392,0.4678197481511872,0.9893799238300469,0.32426989424552644
bent_forward_2.mp4,bent_forward,1688,124.15481016180424,126.18280630053115,57.73185778235194,62.26657889001992,161.3577293470881,0.4892850591999781,1.1667778549996939,0.3235475368446875
bent_forward_2.mp4,bent_forward,1696,124.93608658237204,126.41846017812072,57.3747971448797,59.2026595541515,161.1732394167484,0.47065253275986035,0.863356602229312,0.31808393962434545
bent_forward_2.mp4,bent_forward,1704,117.29906814641036,120.14637939375191,57.60124468018485,62.2878624984759,161.37631078043188,0.5105121221851691,1.6700300577230112,0.34190121220205516
bent_forward_2.mp4,bent_forward,1712,119.11966262477985,121.63319768645358,55.59191870902204,61.51637736468366,161.30070630675957,0.5142324954144688,4.268260388796047,0.33287783566869356
bent_forward_2.mp4,bent_forward,1720,124.75464877121664,123.51965104334646,54.309733463263065,60.569652230356276,161.10958660017704,0.5166579701967882,2.7712693672233684,0.3180993318448188
bent_forward_2.mp4,bent_forward,1728,145.73295539782274,129.8217361723812,50.88688467967268,52.799337084326886,159.2611453972896,0.9288868694407536,2.540032474981664,0.34823109902917776
bent_forward_2.mp4,bent_forward,1736,150.42319722676467,132.0312191276468,47.71555454969148,48.6477597838303,158.91399306044653,1.2868771129115522,0.3340214637814113,0.3897345843770731
bent_forward_2.mp4,bent_forward,1744,151.66525435282296,141.19135180025626,46.580698946839824,43.536654128928724,157.83698035504327,1.1572279939501213,0.7007489420004145,0.46224440335626593
bent_forward_2.mp4,bent_forward,1752,147.52847954654118,146.59578048648038,44.33653787427019,43.37753119376755,157.51480834452798,0.7585639463273647,0.8873220117858296,0.4642362366608369
bent_forward_2.mp4,bent_forward,1760,153.60135315975288,154.50166284153755,44.28123924067796,40.69934985081626,157.5391360890097,0.7012335978009187,0.23376101043939185,0.4357951780574638
bent_forward_2.mp4,bent_forward,1768,150.97224362453287,147.7067846396433,47.59859145472471,43.66407124424871,158.21966098397357,0.9142626500778938,1.4930604662729008,0.4215099788245332
bent_forward_2.mp4,bent_forward,1776,156.97769999955392,141.83757874408576,51.692012459470206,48.48960896123865,158.4137023956182,1.3345123566136137,1.5232642896636617,0.4902465177887766
bent_forward_2.mp4,bent_forward,1784,161.88705868450222,133.75441820624658,52.84353336015279,50.99512430371342,158.1756205454765,1.841136675174458,0.4855289363560072,0.5779647854214514
bent_forward_2.mp4,bent_forward,1792,156.5981460388144,149.84357457103496,54.77802030612928,51.63416588767611,158.20838711614584,0.8755033605463532,1.5995055365717414,0.5065246963799509
bent_forward_2.mp4,bent_forward,1800,153.98455702368778,150.74958914499328,48.89101457282819,50.00819621692449,157.5471763792399,0.7617618454603995,2.346421373382059,0.5571650024912608
bent_forward_3.mp4,bent_forward,8,137.5021844681242,138.6464867165754,43.39207282267858,49.331548866006656,159.74275189827125,0.41017398838002156,4.692671503787409,0.3731061762005995
bent_forward_3.mp4,bent_forward,16,138.8178640622302,141.8836107561795,50.161469936387626,52.81005761281426,162.29973982424164,0.4177603996489997,4.528200091548811,0.3347113830654497
bent_forward_3.mp4,bent_forward,24,144.13091128566097,144.2554653752817,50.951808191497655,49.67846307601687,161.48738366901568,0.43606119967448864,3.493857875666774,0.29341707703269027
bent_forward_3.mp4,bent_forward,32,146.78845947829328,141.3841492945886,49.983098156533664,47.650875502378554,161.4752241228817,0.485797976817932,3.8598821793747913,0.28060927125943014
bent_forward_3.mp4,bent_forward,40,147.4648872346848,144.23928025358703,45.981106243475836,46.49784866257112,161.02501462520874,0.42881443199378516,4.255365078064865,0.2868640978408454
bent_forward_3.mp4,bent_forward,48,146.34090499673567,144.8331253242387,49.585455264496765,47.319612570614396,162.0365425007625,0.42786895989830614,4.503884559651281,0.3061740070417239
bent_forward_3.mp4,bent_forward,56,148.1382719263918,145.37310150886069,43.5131854135424,45.99280684115911,162.11403831736956,0.45740570183005735,3.899663014432571,0.2694001843937833
bent_forward_3.mp4,bent_forward,64,149.30562912189515,142.34168921124183,46.807467166244265,43.81244777158259,161.51039035542183,0.5687044032345118,4.045441448853836,0.27823988474942385
bent_forward_3.mp4,bent_forward,72,146.26596577047692,143.89875566401554,41.899874997672114,47.26461254010193,161.61650737974452,0.4421054470526407,2.24483871588376,0.27745848190354977
bent_forward_3.mp4,bent_forward,80,146.68134596508548,130.9084858696525,47.509780830527426,46.529319011682595,161.3915037193841,0.8941131385332046,3.1875930659824427,0.2988209435138275
bent_forward_3.mp4,bent_forward,88,147.70266371468347,144.4466056628504,47.12491998939072,46.06077727587912,160.71475453403232,0.4263388846464521,3.4760575228092927,0.2717199506470376
bent_forward_3.mp4,bent_forward,96,145.68633231612358,141.34507482824205,50.011135825354,49.316407076841784,161.4304035965637,0.5531472116810177,3.9775701435215796,0.31231637754921465
bent_forward_3.mp4,bent_forward,104,146.33418384031984,141.73414298630658,52.133985399656076,49.853669605787445,161.00905724764942,0.6343168052518361,3.5955400248245377,0.3052981869444168
bent_forward_3.mp4,bent_forward,112,144.97194743107087,144.3186463598505,51.156410503312,52.26270491651979,160.82865300239024,0.43645847947199234,5.793221735610681,0.2606012509584269
bent_forward_3.mp4,bent_forward,120,143.50498585085228,140.05689088289446,52.30433990164775,53.3173281492673,160.97947293607086,0.5490496688752957,3.6068920380122136,0.2746269197919156
bent_forward_3.mp4,bent_forward,128,137.6344527250678,136.43060633309813,59.54770508802915,60.10237104224152,160.82281033276624,0.4013945125202785,2.763502428643595,0.26342250705628545
bent_forward_3.mp4,bent_forward,136,132.29297235977444,115.18025925239367,58.90393888454807,65.17781978427018,161.47747010283695,0.6570028282377642,2.2556780613015746,0.2772137258452669
bent_forward_3.mp4,bent_forward,144,116.781031835825,123.09936061728148,64.69479269772059,72.3632134948657,162.0092460571823,0.570280838294932,1.3140988412106491,0.3316123032435463
bent_forward_3.mp4,bent_forward,152,121.19151656252677,89.39926720900266,63.277239083913436,70.33714359624192,162.63471850071969,1.3541854903632042,2.843387145813532,0.32808749259268105
bent_forward_3.mp4,bent_forward,160,120.36291478687896,102.81002647388401,68.44564151582333,72.11383251736224,161.65544678009564,0.7740731180679323,0.9052116601303727,0.333004156792583
bent_forward_3.mp4,bent_forward,168,124.97023003467459,100.33506813569161,66.77528390879306,69.92783407176566,161.18282496766136,1.0370056039036275,0.19900270842892365,0.314991151667777
bent_forward_3.mp4,bent_forward,176,133.255723287947,133.02592626515906,55.502414179406614,62.71855396698823,161.100462842712,0.40226701878584453,0.713795358918395,0.30954126883399574
bent_forward_3.mp4,bent_forward,184,141.85678857901172,143.9093443228168,53.446965369254016,52.20395544830108,160.11617883478712,0.41449456252838845,2.2199293601181393,0.3177122002052233
bent_forward_3.mp4,bent_forward,192,137.63827903277675,142.64425059636758,54.110138971568574,52.63469540818034,161.0517476698907,0.41663089173270385,2.778056813582506,0.341876560201922
bent_forward_3.mp4,bent_forward,200,142.2798378685792,146.1855099525344,51.41331969733309,48.718651767602424,160.76071371706945,0.4362184401154328,3.3562200789636916,0.34631049196904434
bent_forward_3.mp4,bent_forward,208,145.80271338952284,147.22230893082752,51.84362487134301,46.2497607426798,160.32199906556158,0.4468687572892663,3.9585074327312655,0.3831938762206747
bent_forward_3.mp4,bent_forward,216,147.1338562839889,145.38881052018394,53.4329907102155,47.1696852372022,160.15884285765054,0.49975015061540934,5.03858864707663,0.3598382991786759
bent_forward_3.mp4,bent_forward,224,148.28208992498435,145.58594222115198,50.84414433840228,46.755163491495715,159.84265704924428,0.44080907056947793,5.3794099441655705,0.37865687860812325
bent_forward_3.mp4,bent_forward,232,148.16546764198702,147.72940724769632,50.70333739500783,47.613406403648476,160.496032692027,0.4804915447322478,4.765982116360388,0.3847112694184486
bent_forward_3.mp4,bent_forward,240,150.78600611792731,148.84017812372363,49.77797250104244,47.28814770994733,161.0454246050445,0.5824026080020819,4.239064711196153,0.37798069376762466
bent_forward_3.mp4,bent_forward,248,144.97866384429912,147.4323264957657,49.444376230912944,47.226245203785304,161.22108691337465,0.4950813044115812,5.744616577086719,0.3758538133613757
bent_forward_3.mp4,bent_forward,256,152.6892910241113,152.7369251703749,45.786695055379184,47.00892071104838,160.11091192652245,0.4292441610918857,5.2276094439415335,0.4106776959106383
bent_forward_3.mp4,bent_forward,264,150.50229826095267,146.3627395420461,45.586001663844705,45.89014050329382,159.32790797485052,0.619073992279907,5.336188853256274,0.40017734318854314
bent_forward_3.mp4,bent_forward,272,152.36523642107116,152.99613230010743,49.544659416828864,48.27441502366119,159.1075062360369,0.4540239724933411,3.274337783225762,0.42463472631547905
bent_forward_3.mp4,bent_forward,280,141.26464278470078,141.80187865067364,48.3358756013023,50.70323834922572,160.96889642321247,0.47105538016258475,1.36047058221157,0.3415067779944356
bent_forward_3.mp4,bent_forward,288,149.01254016278503,146.48294297568438,50.22177593242281,49.40597519204763,159.19310865648242,0.4392556840507767,1.6595490323733104,0.467809229091629
bent_forward_3.mp4,bent_forward,296,150.3110473815529,151.6240277702788,47.39998189360321,46.96999682239184,159.89945257698636,0.4461783179149582,2.165972830501267,0.4419424830756651
bent_forward_3.mp4,bent_forward,304,147.8334611559026,145.3978750444906,48.290203537518494,47.49051416538486,160.1495649665995,0.5080463610811407,2.132665641043033,0.38818428971578106
bent_forward_3.mp4,bent_forward,312,147.6051063913007,143.2748814659121,53.31753603664567,50.798248481889644,161.05278492643788,0.6115454326119311,3.3584918189655104,0.3435597759924464
bent_forward_3.mp4,bent_forward,320,145.31558273414333,145.686520155798,52.31672533500149,51.34425999615003,160.65317415316358,0.43248505942516724,2.331633347850117,0.2926800342816665
bent_forward_3.mp4,bent_forward,328,142.60366464097498,134.45863793450243,49.489958525588776,50.394471480858506,160.31379640763893,0.6047884661857086,2.656330787978585,0.34484012842461065
bent_forward_3.mp4,bent_forward,336,138.47099355834564,138.99825349191886,48.82017878773505,51.53531161735453,160.88736136657306,0.49920791927847374,0.7729472509194821,0.3220419794929669
bent_forward_3.mp4,bent_forward,344,139.08701762342852,139.55816928491208,50.966006924050276,52.73431213953259,161.05002009407866,0.4378960379360028,0.5284350155440707,0.31353828158042857
bent_forward_3.mp4,bent_forward,352,141.00712597667334,141.63100483870886,51.06741126344476,51.26284729147983,161.59805916004078,0.4320167327057399,0.3364575671333715,0.2986128115657026
bent_forward_3.mp4,bent_forward,360,132.53409965355732,136.01440027537203,57.397716158728045,57.49007905963945,160.68064131514305,0.3876552766051123,0.436646710488175,0.3148356947822614
bent_forward_3.mp4,bent_forward,368,148.84761965104136,139.99847880388978,54.57635295963296,54.048991001369636,160.3303748743096,0.6571305519787758,0.21357742908724137,0.274187300988935
bent_forward_3.mp4,bent_forward,376,157.08584037257864,140.81242024196905,57.84880842375217,49.105344243600406,161.00063993676838,0.9920743354268046,1.1296045553044334,0.30938990967395863
bent_forward_3.mp4,bent_forward,384,144.17329380894515,138.61056939527495,51.480223009555004,48.72654688879617,161.65148321640643,0.5575977328136011,2.031488968068794,0.2874389042810147
bent_forward_3.mp4,bent_forward,392,146.16847281350434,136.64462316333447,50.47207143552504,49.49450871444617,157.9110748201723,0.59375345445926,0.37869663151519845,0.2811691821027114
bent_forward_3.mp4,bent_forward,400,148.4774053971281,103.4671232037331,55.546593403698964,56.61402344957397,160.64228264311166,2.095339173513164,0.11543421970615683,0.30733331640418704
bent_forward_3.mp4,bent_forward,408,148.41006876992907,108.48909466424143,60.680348251646876,56.421470089808906,159.6215094801807,1.6116377914146947,1.9986507382903858,0.30119391230050346
bent_forward_3.mp4,bent_forward,416,139.429547782993,122.39677908521169,56.90775871768843,54.071336903819514,161.87810946089428,0.9010371427321121,0.3359311475068199,0.28919951354157064
bent_forward_3.mp4,bent_forward,424,145.75652021850857,145.28507763010379,62.40023344061494,53.649909738640005,162.40594711474682,0.43448658733261364,2.7327357397126537,0.2660402262027421
bent_forward_3.mp4,bent_forward,432,137.14667364157248,129.94147702084553,66.24723799544991,60.262047380078606,161.2709392505525,0.5386095112790749,1.9345571191279918,0.2731867246283167
bent_forward_3.mp4,bent_forward,440,133.06275536032462,97.94495414531383,72.17850907506202,69.6188687333522,160.33996008055541,1.3614286416905284,2.3656496247773497,0.2865426278174734
bent_forward_3.mp4,bent_forward,448,120.6136779746371,72.26737383392164,78.33761746146335,73.74949956493376,160.04463277088186,2.46659189543074,0.03619762985083945,0.3418758774172454
bent_forward_3.mp4,bent_forward,456,117.99822620974997,90.09782328192017,73.33074590846223,73.16548623529324,161.35129199364678,1.2802800868676525,2.3081715306149686,0.3484617601591372
bent_forward_3.mp4,bent_forward,464,136.29410593000085,94.85247918276443,69.35688307352679,61.84291482635736,160.7976433623699,1.9503203769195205,2.1610327328588066,0.32029594910602577
bent_forward_3.mp4,bent_forward,472,142.78062859599717,135.46140817925777,52.692172044830244,48.53726728210116,159.09784868589537,0.6706645113474277,2.0441583780771952,0.4687251537830684
bent_forward_3.mp4,bent_forward,480,148.62022425020044,132.60091923214134,53.37111166365589,50.22476115139631,159.1101821204032,1.071770129997764,2.754296221096764,0.5094629720824612
bent_forward_3.mp4,bent_forward,488,153.01391753715038,138.47643720194435,51.38955809809858,47.71254176120487,158.93455994817737,1.0607435958837417,2.0157499756641415,0.5537008645252619
bent_forward_3.mp4,bent_forward,496,150.2184793585694,138.67405270554818,49.104667193589115,47.411845557009556,159.0849640128011,0.9209287920374,2.985426260724034,0.43248138365617245
bent_forward_3.mp4,bent_forward,504,155.24317630786803,135.88696228446256,46.15808452638436,44.93497980932914,159.3251836117679,1.2303256091128543,3.807599341232872,0.47795581384308866
bent_forward_3.mp4,bent_forward,512,157.242602410487,137.23979253642344,48.48449228295095,48.024165628986566,159.20284757978035,1.246107430091187,2.903780850909934,0.47127476946714564
bent_forward_3.mp4,bent_forward,520,154.2646402447646,142.00815716309287,48.524580051183605,45.442181294665104,159.31628790121658,1.010910103700773,0.8455979821900098,0.4853398750366922
bent_forward_3.mp4,bent_forward,528,154.50408097711068,143.58180263838426,47.55909642457363,47.34402850173338,158.69860435228,0.8206594675823291,1.0644342171592776,0.44850699854173687
bent_forward_3.mp4,bent_forward,536,153.8222357331555,124.74060980914373,49.41887352952257,47.28307720288549,158.7647032518464,1.3835711460228106,1.4719454110846737,0.3766295440675861
bent_forward_3.mp4,bent_forward,544,151.29761683463857,122.26995538841919,52.32004711128525,49.590193067116736,157.7810317062263,1.5573131423976143,0.3600920890112429,0.350378584563602
bent_forward_3.mp4,bent_forward,552,142.12887830801216,113.33194356282506,56.52420679058651,52.85949518733163,163.55544237923763,1.5352114674232435,0.4345917408418535,0.2819271318923568
bent_forward_3.mp4,bent_forward,560,142.54194076909582,116.71025926835989,59.26308834763753,58.3156410674562,162.7475514289394,1.2519769945648591,0.12830875242119386,0.26595715298738376
bent_forward_3.mp4,bent_forward,568,127.07165092410838,116.52525788726959,60.51639462633629,63.00133471563987,162.42738876415962,0.7649179957149415,1.844734047790357,0.3232532333985378
bent_forward_3.mp4,bent_forward,576,124.40804074287666,121.40581304751224,61.468548842734045,66.89332603091866,161.3918645149855,0.5525012177562119,0.07881611077375315,0.30523757987245687
bent_forward_3.mp4,bent_forward,584,122.53406662287577,124.01239916996664,67.66672067569613,70.55995539889834,160.7049721944437,0.4887493167659029,0.22852937466190784,0.3123647287729954
bent_forward_3.mp4,bent_forward,592,130.38547589893673,118.5168289155545,57.51154830256709,60.32383351255401,160.2228952054743,0.7459662092053627,0.7450910954207706,0.28981297655246363
bent_forward_3.mp4,bent_forward,600,125.69527862050914,98.12220404471961,63.06091566158181,67.09432163717929,161.48840712481632,1.4259753950364182,0.20422901538764282,0.3145075772312195
bent_forward_3.mp4,bent_forward,608,128.26800858895808,91.14241801225215,65.08868078968594,66.45379789403228,160.9830804535973,1.685145573261702,1.893453408108064,0.29751360570366153
bent_forward_3.mp4,bent_forward,616,116.2957282950444,75.63150903735225,71.21072787141603,75.21879733993654,162.37283866545616,1.956427917407462,4.124095588919501,0.3182855014135567
bent_forward_3.mp4,bent_forward,624,85.68713449649147,62.640709589278735,62.025723203633405,66.92434914870834,163.81794093139752,1.4865747603778585,1.0683539414916763,0.3931068545282546
bent_forward_3.mp4,bent_forward,632,75.98936692845729,54.14851843033511,71.27143244025847,75.00281069989475,163.33853221719664,1.7384304756244195,2.7863701454264884,0.4601177019571357
bent_forward_3.mp4,bent_forward,640,96.39235364197636,76.82524015658514,73.56473912550842,79.6435518512495,163.4181841271252,1.1643480017679393,0.0823670825518217,0.3611866222739802
bent_forward_3.mp4,bent_forward,648,103.94753463566798,81.60153877217536,71.90633247558603,74.59181626771914,162.490814448426,1.233203720344268,0.8196352122735342,0.36507345118141044
bent_forward_3.mp4,bent_forward,656,113.98762991449892,81.86043783521563,70.15793097548963,71.82621100234157,162.43420942456513,1.4700152833610163,2.6271475359230876,0.3361668529226948
bent_forward_3.mp4,bent_forward,664,115.62393034136986,76.44451750234782,69.69053513112546,71.26129125795877,162.22124929990036,1.8638598476809913,3.419266542661547,0.33645979101851287
bent_forward_3.mp4,bent_forward,672,114.25914660345795,81.39610969300746,70.5622307668535,69.85023250213193,161.57550776617853,1.6177600689058271,3.852941637895116,0.34541990543103507
bent_forward_3.mp4,bent_forward,680,115.76438211642227,82.26669551051731,70.01710209827401,67.61656789011523,161.4816559071456,1.5802115122910918,2.95036960097693,0.347396839693423
bent_forward_3.mp4,bent_forward,688,120.11231412387718,92.06564674145956,65.06775458719828,65.48917517161117,162.26204717363436,1.3028562566923387,0.7373617616853951,0.3120110327983835
bent_forward_3.mp4,bent_forward,696,118.67748032433231,100.1238722629402,65.3528597203971,66.24980790272846,162.54527390628417,0.943113523231312,0.30638465496786804,0.30288249096936265
bent_forward_3.mp4,bent_forward,704,121.55588424875872,116.26778989398372,65.35847403388367,66.74869805799302,162.92822444108504,0.6042330743328824,2.1116948110582903,0.2933576867643347
bent_forward_3.mp4,bent_forward,712,132.43530228057958,124.69029845837424,56.40104047121604,57.52150435099853,161.7208281842231,0.6205908223281108,5.117133094584428,0.2730959679501926
bent_forward_3.mp4,bent_forward,720,137.1142139666136,128.36878824015471,56.16298772203729,55.265224098423765,160.8822971838946,0.6186741537628893,1.3197792948177358,0.2817957093489493
bent_forward_3.mp4,bent_forward,728,131.34673305221176,130.237076021563,61.92476469714075,61.08199930253877,161.77002786891245,0.481757666662401,1.4842426551988082,0.29029024459303104
bent_forward_3.mp4,bent_forward,736,135.07323073747332,133.65174162442287,56.61577312180851,56.23255224414838,162.21341342096542,0.5051705975399152,0.8703807812293649,0.27789500123579214
bent_forward_3.mp4,bent_forward,744,140.069303535376,134.77418957039043,58.06727599508811,56.15242057344724,161.54195030555746,0.5883807145727615,0.9953287748739708,0.26321228021423604
bent_forward_3.mp4,bent_forward,752,134.23610561432895,134.97762220478754,59.51587852928828,59.06247129823045,161.78262439591526,0.4727860736172303,1.886505515326631,0.28580351881589156
bent_forward_3.mp4,bent_forward,760,139.31558032601586,132.22462612082265,57.1679504879448,56.31617678807577,161.548533382131,0.6670392156301297,0.1970796745665292,0.276489148577842
bent_forward_3.mp4,bent_forward,768,141.22789690511877,137.65022351532133,54.846308126278025,55.16417193729927,160.9651715905526,0.5651094983800872,0.8585874259673456,0.2754952805011531
bent_forward_3.mp4,bent_forward,776,147.67323003409697,131.43580581492478,51.625502635133316,48.64400360947372,159.96820006162662,0.9081261688193847,1.2991432643671619,0.29121459655361814
bent_forward_3.mp4,bent_forward,784,153.07528413814688,145.9089752142196,52.43775441702271,47.252056931129935,158.56234083482065,0.6869931665692571,2.66975419032305,0.36399986590372907
bent_forward_3.mp4,bent_forward,792,152.8998328218554,152.64665305123933,51.99961439792906,47.78091533095021,158.56764090850223,0.5074176654382825,3.9481072743848795,0.37117757096243953
bent_forward_3.mp4,bent_forward,800,150.8760347425354,153.7327590678367,48.875149606053235,46.220019917559355,158.301666328409,0.45065766701861926,3.5917049434808863,0.35146175290584236
bent_forward_3.mp4,bent_forward,808,148.03339041326865,152.01463516681534,51.361165730871896,49.46720318643143,158.04269685475828,0.4659673158116957,2.9790846142020384,0.3405468835454577
bent_forward_3.mp4,bent_forward,816,147.946596150506,149.45894942482437,57.27994350698419,53.198795431380745,159.03551563319556,0.4826111838747767,2.4076175752094158,0.3259318506818802
bent_forward_3.mp4,bent_forward,824,149.65972522081069,151.68146735192025,51.74353209315277,46.94786350324766,157.9351810510002,0.48965483208009947,3.4616878236459234,0.35391456278489297
bent_forward_3.mp4,bent_forward,832,146.06883455953673,148.1264195252843,56.20932679116142,49.284835959455606,159.33058853427303,0.49144758895667917,2.890330408951452,0.3058453819827684
bent_forward_3.mp4,bent_forward,840,137.7140504918286,140.65141439725093,55.23511869883061,52.481187447481105,160.1183799446497,0.5191986920560696,0.24069910802494535,0.31171890985286527
bent_forward_3.mp4,bent_forward,848,133.37939636224516,127.51578169496801,60.25982777437081,59.74151576534612,161.28082572249014,0.7748782843205029,2.340409777850825,0.30399788475408585
bent_forward_3.mp4,bent_forward,856,133.83076034068253,127.76227656088375,52.062325226778064,55.221823372472834,161.39190985838755,0.732363880674816,0.5017458960685847,0.29717238861516493
bent_forward_3.mp4,bent_forward,864,126.23257083106937,119.24216046991012,55.443644618075375,57.79419299931091,161.58962432498598,0.750082566910737,0.025635211289962725,0.3363229026856177
bent_forward_3.mp4,bent_forward,872,131.07422416251174,121.2948268513213,58.55758430040198,58.556413971541275,161.11869213113167,0.8128955387188582,0.9162478880883846,0.318664325408513
bent_forward_3.mp4,bent_forward,880,127.87426857379823,118.02059944295978,64.12675313753982,61.211600048884804,161.80708325078282,0.8340703738559571,0.9579540200809716,0.327305539458326
bent_forward_3.mp4,bent_forward,888,133.8453348256533,125.05104046929975,59.82285407652832,59.402699508775946,161.7583313521333,0.7648246811035483,0.25032143468951945,0.3009174910498926
bent_forward_3.mp4,bent_forward,896,137.23831087922957,137.10689138607367,50.42558200760426,54.15444714872983,160.77381598614585,0.5364025098929369,0.7606805581604216,0.3094209803291854
bent_forward_3.mp4,bent_forward,904,140.4630938213392,146.7675862441638,28.930436737949645,45.1458854959379,163.3324980349789,0.4065536977595154,0.27007442401024906,0.2952794646279704
bent_forward_3.mp4,bent_forward,912,166.00943242035012,150.80227600079817,39.49578531281305,48.779525041942605,156.95165114671562,0.6083599359170367,1.4300597841900478,0.2312053968575696
bent_forward_3.mp4,bent_forward,920,166.55332881548716,150.79385073026563,45.03126609264646,51.582166597314576,156.00303294685307,0.7376094110115425,8.255642243827799,0.2910187246574907
bent_forward_3.mp4,bent_forward,928,169.79404766702362,154.50277965279764,38.32283256432493,49.957223827731056,155.34697077672595,0.7077664850196669,7.700355796487336,0.1990770909221182
bent_forward_3.mp4,bent_forward,936,168.40754476532845,157.8355609474736,28.508870812282066,43.263734289208266,153.41159506423045,0.6852888486784825,3.6254716045549316,0.2144725119266721
bent_forward_3.mp4,bent_forward,944,167.32221862135674,161.23523189502987,20.80168241454345,42.866324483113274,151.07691984521634,0.7257340781447912,5.7053403897332595,0.3005999538806475
bent_forward_3.mp4,bent_forward,952,166.73904820412483,162.46551345792196,20.518607874204456,41.7479956910242,150.04912607222522,0.7168074730931785,5.75759852197629,0.32281792764959755
bent_forward_3.mp4,bent_forward,960,167.27043868339578,162.24060241995073,17.876760760853593,40.758326055782845,149.5880801353077,0.7039296571939221,11.359329412960852,0.32410136808658463
bent_forward_3.mp4,bent_forward,968,166.02575262145345,163.76427853285867,16.144745293173994,39.01734373469501,148.77460298003396,0.7118854866751478,20.266737407724527,0.33878867781874983
bent_forward_3.mp4,bent_forward,976,165.85314942167898,160.4529619383592,22.754216295436095,41.2556900967084,148.92598714967406,0.6938867445894477,18.900601949620558,0.334271897416225
bent_forward_3.mp4,bent_forward,984,166.47086172455568,158.78290472926687,30.553887858039797,43.820319124694,149.97898773429256,0.6734570603578349,7.242228230245226,0.2646690492103792
bent_forward_3.mp4,bent_forward,992,168.7265420323588,158.767265869497,37.56123994175573,48.03967824851948,153.5056529642548,0.6329595882885546,7.94546072573332,0.22879956454263967
bent_forward_3.mp4,bent_forward,1000,170.0337909714012,157.8436145472123,42.640264556178856,51.529425080872436,154.76717300888643,0.6371810317510589,2.0210625292115543,0.24788961665523795
bent_forward_3.mp4,bent_forward,1008,168.95401701556733,155.2374820494397,46.87145308160969,54.588164233221775,155.5464476289532,0.6826189448792324,3.1306036578816054,0.26391455569040634
bent_forward_3.mp4,bent_forward,1016,169.97262240222688,151.84429147046302,46.570681957719295,55.705381085844586,153.92118780558755,0.6919760114282795,0.7258495602387576,0.2145051109846691
bent_forward_3.mp4,bent_forward,1024,170.40983597813468,148.75325409054486,46.59155081179352,52.928786657494264,154.15028088204323,0.7990790358694605,3.3812827519382638,0.2485149521700105
bent_forward_3.mp4,bent_forward,1032,169.84198135284493,148.88404877563366,37.80244337356834,45.59404400019911,151.71108626520112,0.6807361717814246,3.878225053428858,0.15116463239018016
bent_forward_3.mp4,bent_forward,1040,172.54579949386587,133.0166622955088,38.88555512810875,46.77844105599516,154.90957036282282,0.9280016463054501,0.7040099709998661,0.18054637705698834
bent_forward_3.mp4,bent_forward,1048,154.30434444575303,142.358529707828,53.2260147986477,54.44996456892969,161.83973843612492,0.7085631999275571,0.7654728199088169,0.20419883197625222
bent_forward_3.mp4,bent_forward,1056,140.00738151388975,125.86926561064388,59.97577325377614,61.95494404863242,161.29489897657646,0.993393917813981,1.405206595225175,0.24603950873535685
bent_forward_3.mp4,bent_forward,1064,145.16508699120877,136.19157257582066,63.462490909407634,63.596581477033084,161.7892737083984,0.5790078986444783,0.7996445403592365,0.21551982985188087
bent_forward_3.mp4,bent_forward,1072,137.62360507255497,137.75790349364624,49.472386385873314,58.17105595770837,162.71599569984363,0.42021176850497327,2.478940271531261,0.2629242071230676
bent_forward_3.mp4,bent_forward,1080,140.3156882265688,139.62241196549374,49.98347914012783,55.10046974033116,161.01941296159038,0.4101144402720856,4.682755838436596,0.2723477431883213
bent_forward_3.mp4,bent_forward,1088,131.10519679042335,151.81160539710973,55.068674064044124,50.586328549809686,158.6687679647768,1.2534084547568853,3.038870500407888,0.3165648962690774
bent_forward_3.mp4,bent_forward,1096,127.04008015856562,157.83310197132735,53.86744952183002,36.173161937247556,132.14217324807788,1.4565329595501697,2.86487740744699,0.3481740894940414
bent_forward_3.mp4,bent_forward,1104,158.33904716050907,156.9976404738937,49.57815330970685,29.858253177988853,96.42363997781639,0.8115372298073046,16.0670103646937,0.24585845660726374
bent_forward_3.mp4,bent_forward,1112,156.1362873949273,156.0799160700865,48.24426936812217,16.878846251867785,101.0635646816682,0.8242651598505865,47.588050060337736,0.2639453573444478
bent_forward_3.mp4,bent_forward,1120,158.45219334524333,157.83148997147902,43.23802961639355,18.845866923352546,102.16127484685279,0.6700419166058889,21.648924124705882,0.27602504090746954
bent_forward_3.mp4,bent_forward,1128,148.74633157300633,163.02939316355756,46.75573237450705,22.75128165790891,104.75100713452548,0.8172994060202632,7.4745899348459055,0.29221029688377237
bent_forward_3.mp4,bent_forward,1136,153.59387406551195,161.8841486927366,46.185512643213656,20.503913531896877,105.14239448319158,0.8016684478041551,19.309603295472286,0.24967046221801728
bent_forward_3.mp4,bent_forward,1144,159.57105531922863,160.2335717766072,52.567426219012845,30.41481866218787,101.00913993362575,0.8197574787189316,13.418538749967643,0.22161050280238448
bent_forward_3.mp4,bent_forward,1152,160.33757431222065,158.12497150293305,48.1018591827078,25.534603688344635,102.88465259609197,0.8149739843209801,13.916529532239455,0.23867447052278623
bent_forward_3.mp4,bent_forward,1160,159.52535927242653,157.58703433424785,48.31487979782893,25.630112995010606,100.17719345595343,0.8378810801874202,16.527926422159737,0.23729408348737205
bent_forward_3.mp4,bent_forward,1168,162.3031435509483,162.09028220714876,49.740713050607425,27.939412654654273,105.42215364472891,0.7920157206006792,9.63127966301884,0.22261159378755743
bent_forward_3.mp4,bent_forward,1176,161.9621971582428,171.6605054407272,53.528310518403515,37.4671275652471,122.60013863001515,0.7279239273715719,2.2519012823006372,0.20728959467218766
bent_forward_3.mp4,bent_forward,1184,152.52428865439276,170.74055712239587,52.051025516171,35.65285089538811,142.20747082048618,1.0456969019136115,1.5865757013454838,0.2379818493704558
bent_forward_3.mp4,bent_forward,1192,132.58502060223108,150.71633024914206,47.46661837366264,47.18546077198155,161.25049161911147,1.1716854952649642,5.136832964376853,0.3199605748525436
bent_forward_3.mp4,bent_forward,1200,142.9528480557841,144.28336266648753,47.052729107310014,49.49713081420875,161.2430009750788,0.5696960334501955,7.934602694722701,0.3147838208905162
bent_forward_3.mp4,bent_forward,1208,150.92057516537994,148.6495656016975,48.18762757175123,50.969249427242104,162.1814576751946,0.44935882145091344,8.882517514310969,0.2587098089266325
bent_forward_3.mp4,bent_forward,1216,145.07186489949225,144.82731440159463,47.588419497311925,50.338755866379046,161.05112161460045,0.4104782861049368,5.242179059257011,0.29713602816377066
bent_forward_3.mp4,bent_forward,1224,148.14101452325323,145.8786947696057,37.63530035425907,47.278434336256375,158.9140187790368,0.4137811886904804,4.62804518368853,0.29878922697270927
bent_forward_3.mp4,bent_forward,1232,144.97787080140444,144.58713266193874,44.65726366326533,51.87969343964392,161.11851946626885,0.42781309890164204,4.8742032145780865,0.2651326006649816
bent_forward_3.mp4,bent_forward,1240,140.3338545428653,137.09708348014988,58.438807733684826,61.62439907558758,161.1397128482303,0.4182507424640077,6.189354349560885,0.24991408202984386
bent_forward_3.mp4,bent_forward,1248,128.97537940900457,123.54561529192898,59.346227280967675,66.04297068727927,162.1660474989889,0.4885130409262859,3.3870357943271445,0.279761256535722
bent_forward_3.mp4,bent_forward,1256,126.69522824449223,123.11914761921703,64.27140844678384,67.45186512591383,162.35210734367362,0.36910821860198084,1.3355523761985144,0.2835357842778965
bent_forward_3.mp4,bent_forward,1264,144.58015320258585,132.56470765284757,45.91037623123004,52.451259876835856,161.5995836879862,0.7469498063167453,1.5364591257719808,0.267982480439845
bent_forward_3.mp4,bent_forward,1272,143.11481874129396,140.52816448699252,49.79181239345206,50.73122866128251,160.01443000230353,0.4220829362803095,1.9893278556888376,0.3409054764495637
bent_forward_3.mp4,bent_forward,1280,146.88234727584648,147.33702736391643,45.51453914267771,49.5053242741599,158.19278227143462,0.4376283465798062,2.993419949640017,0.49291228241247365
bent_forward_3.mp4,bent_forward,1288,152.03184443633035,153.3495696365076,46.56717932970097,47.96695020746391,157.41499240004313,0.4648204341585179,3.5809673381498697,0.521292845366849
bent_forward_3.mp4,bent_forward,1296,150.51435232485048,152.58768184810702,51.190253831403915,48.7254828837069,160.09206562197576,0.40295990453875113,3.98616747956031,0.34402578782269827
bent_forward_3.mp4,bent_forward,1304,147.0867991302572,149.21564549319012,53.15374129593589,49.7309199209933,159.78704292500038,0.39601656465438456,4.037365450533068,0.3371212898131634
bent_forward_3.mp4,bent_forward,1312,138.68154694685794,139.02914219527327,53.81439660059574,58.753083687514426,160.09942921180456,0.4117380868207364,1.47226581999558,0.2887389637816261
bent_forward_3.mp4,bent_forward,1320,125.58838394565495,126.8697415387531,59.32303790573913,63.38367736778404,161.07575913007864,0.3918622659511374,2.5895893268642003,0.29135314182534433
bent_forward_3.mp4,bent_forward,1328,108.65991995784238,81.71355989447527,54.92633731349365,60.430697320995485,162.419344611195,1.279126751244309,0.01377317043898644,0.3249755775980785
bent_forward_3.mp4,bent_forward,1336,104.07560896935854,116.55314173536732,44.84210066677657,48.69764428005319,164.2030426471273,0.588392864531424,0.041939212719802756,0.312968894175971
bent_forward_3.mp4,bent_forward,1344,103.74682337279557,111.08475117307485,52.051104992089684,57.08742004097658,164.15355856353602,0.3872642969954489,0.5972387866933899,0.3009599944029156
bent_forward_3.mp4,bent_forward,1352,99.95048725290643,100.61319002447154,59.32109701700415,65.7354504383049,163.25459617912577,0.3828431819481861,0.24745199770250562,0.32685268702970277
bent_forward_3.mp4,bent_forward,1360,97.73261504623228,76.92194086583596,68.1937209974836,68.67263704401603,162.64956723271885,1.0197760213474336,0.04191804098661114,0.3295867169967532
bent_forward_3.mp4,bent_forward,1368,104.10359307457269,105.55162777029595,57.395301167528096,62.269466259396495,163.54253971685972,0.413528852362699,0.9108849725656116,0.30673310153928424
bent_forward_3.mp4,bent_forward,1376,97.03865441548662,102.88606241125387,44.7517958408864,44.80852013141565,163.68794173012725,0.4811433076964341,3.0150428379972594,0.31928268105981156
bent_forward_3.mp4,bent_forward,1384,98.42073833375163,100.11185633073886,36.0306797903923,37.51192359446035,163.06732179278882,0.4081877019546567,1.928629540665804,0.32425900097839466
bent_forward_3.mp4,bent_forward,1392,96.92219263749281,99.18195554953417,48.842418387316314,51.79988334427526,163.27969666172214,0.40997992076385587,1.4013013622014336,0.3336338200320225
bent_forward_3.mp4,bent_forward,1400,104.0154265962818,107.2083911876067,43.14263586332498,49.71368381547601,163.36402930996476,0.3909894404278589,2.5206875651107676,0.3093231544841512
bent_forward_3.mp4,bent_forward,1408,104.80390924033286,101.37917591857837,59.517724924050086,60.943609382152445,162.71012452315549,0.4171893060856814,1.3050705366265365,0.31248527422415423
bent_forward_3.mp4,bent_forward,1416,108.06931585763188,102.0422045471465,66.5330656331301,68.93683477367482,162.16119794009973,0.43621255787637153,0.27952553495999755,0.32583107214574597
bent_forward_3.mp4,bent_forward,1424,117.86304553726016,116.54677549005389,67.32959737769669,67.30888119654597,161.44507401000305,0.399255096415603,6.4240114439376645,0.32072809800968943
bent_forward_3.mp4,bent_forward,1432,139.27508209431645,139.45412222776164,46.05756379586127,52.93541045965706,160.98451461559188,0.3755164751974328,0.39348906309640935,0.29695762704311673
bent_forward_3.mp4,bent_forward,1440,148.27847605187048,148.18658527284052,41.48008908208405,48.1484054755059,159.7277793275958,0.3924432063584278,0.7287650648855623,0.2846678286413491
bent_forward_3.mp4,bent_forward,1448,149.02587263714466,151.60194503659397,44.34510756007986,46.616013322659384,158.27975398745062,0.39122522258020315,0.00036392937200644565,0.4137109202982804
bent_forward_3.mp4,bent_forward,1456,152.36028817267325,151.94496559429263,42.017710843074155,46.56339314015143,157.3203884361723,0.40566333472995453,1.720995605147331,0.44425089462921846
bent_forward_3.mp4,bent_forward,1464,146.46437402565243,149.61505538993882,51.70608358246105,49.14296388016112,157.41891368942754,0.40359210447880584,0.36074606830467754,0.3368122224870394
bent_forward_3.mp4,bent_forward,1472,147.454814359007,149.0438016852656,51.01081585467053,49.8931853973246,157.6440202995054,0.404898286452771,2.1744136331938195,0.2773146194977973
bent_forward_3.mp4,bent_forward,1480,145.36065281491133,145.35079748082276,50.41437244282804,53.39227114362398,158.25826698724083,0.41665279401109434,0.19001207417919647,0.26253610653741927
bent_forward_3.mp4,bent_forward,1488,146.57125740703123,137.77294471461096,51.0862971718601,54.65403526840094,159.1070855537064,0.7539332441970482,0.7628719646452199,0.26589669647081354
bent_forward_3.mp4,bent_forward,1496,147.59080052165595,146.03991223175777,50.62520715246663,50.373066596653715,158.19660190853378,0.44700871530788644,0.37874641659824276,0.3345073161970702
bent_forward_3.mp4,bent_forward,1504,144.81154925445838,147.1795514374957,50.0631361437209,51.65008120390701,159.39001098905254,0.43738055702695267,0.1001836805253009,0.3766426682138292
bent_forward_3.mp4,bent_forward,1512,144.57468969619947,145.04356143369031,48.88331734708582,51.14196938930107,160.3285534484676,0.410720768181015,2.887731512378386,0.3123947331433989
bent_forward_3.mp4,bent_forward,1520,142.32697405783,144.3443847959585,48.58307219263854,50.47371954257413,159.6987835538622,0.35640068160220784,3.0027265006306623,0.3200642695659032
bent_forward_3.mp4,bent_forward,1528,145.33397456629638,147.17572046362417,50.51604910554081,49.570190309593684,157.7288595487354,0.3742276229325796,2.0915803147096623,0.44672507051420324
bent_forward_3.mp4,bent_forward,1536,144.97104936076465,147.69683061941151,51.50004084408033,53.843381400668605,157.85307759919942,0.4097106981965372,2.122033080003157,0.4395105031208871
bent_forward_3.mp4,bent_forward,1544,144.36786626071327,149.29031705346,47.612185935195505,51.3423098290454,157.98400355362986,0.39256124535825876,1.7796931624257608,0.4103654962133711
bent_forward_3.mp4,bent_forward,1552,144.57543221909614,147.42831722706958,51.76479237771397,50.452152455812275,157.59730503878419,0.3784232073013086,2.1260914517353604,0.41744319272762465
bent_forward_3.mp4,bent_forward,1560,144.76996578218868,147.02094228369998,51.07597530229121,51.44403055756432,158.1620716126592,0.4132587234472262,3.39613881084322,0.36295742947871185
bent_forward_3.mp4,bent_forward,1568,145.9558264315436,147.70217360514053,47.83304323495626,49.8082250486338,158.84825426005932,0.4508764764983758,2.1549545269471393,0.35767082171028947
bent_forward_3.mp4,bent_forward,1576,143.68953925037152,145.4303828489796,50.674855276800145,49.97544791941235,159.03181524345422,0.3908349108164745,5.27411114930325,0.30780237040583236
bent_forward_3.mp4,bent_forward,1584,142.24625361059265,145.2540364078205,48.54215808356263,48.85967693943692,158.49550679931323,0.37406984468704774,1.843222183211659,0.3095768229372639
bent_forward_3.mp4,bent_forward,1592,143.07179730944185,147.05052091222822,41.473277401476075,47.05663269412493,156.6127879664772,0.38669758237942475,2.1715056032122346,0.34154994427561824
bent_forward_3.mp4,bent_forward,1600,145.06318331967722,143.21907762297965,36.096729910905125,46.94880326998614,160.31588740513786,0.5191424442222734,0.18602433021474588,0.2708279724474716
bent_forward_3.mp4,bent_forward,1608,141.43184147135358,136.96850068037048,40.312537553014714,49.97834245555107,161.10129620530165,0.49360166441554043,0.6145117849210114,0.255707575440589
bent_forward_3.mp4,bent_forward,1616,141.00493333168322,135.27472127587322,28.498401547360626,47.39962354518612,160.5815108780094,0.4799100920755952,0.8802643708454464,0.2548983868502986
bent_forward_3.mp4,bent_forward,1624,143.72654047983855,127.95892314753175,37.61802479032567,50.39038486332856,160.1618359804521,0.8223392586443449,0.7864956986535264,0.2645391255182865
bent_forward_3.mp4,bent_forward,1632,141.91126822566292,122.94978779030828,38.60206623800246,51.47047431398048,159.9879749431797,0.9823661466847387,2.881539878006117,0.2763402531442585
bent_forward_3.mp4,bent_forward,1640,140.83096350730372,138.97313487282133,43.729554062053815,51.7108223074055,159.90365146560688,0.44172233779224135,1.8413211824271964,0.27720031115838106
bent_forward_3.mp4,bent_forward,1648,138.66012905678684,138.43114941152072,44.15444161504464,51.7664439935955,159.87976776817354,0.396969162692055,2.3798853315564727,0.29843272756065176
bent_forward_3.mp4,bent_forward,1656,136.27781584087728,136.39405968923882,49.69897910425504,53.83231202328678,160.45969094292957,0.4184938123040398,1.0261337051224224,0.30299564165974946
bent_forward_3.mp4,bent_forward,1664,135.2618313796585,137.4534739358176,48.965038502796254,53.96724094529519,159.88510421202648,0.4142697436882276,0.09044384741944814,0.32447670719342037
bent_forward_3.mp4,bent_forward,1672,137.05651910942586,138.0479611485815,52.83146247034968,59.49389948899694,160.28324926204482,0.39364272171481673,0.31290378871266145,0.2846345083506808
bent_forward_3.mp4,bent_forward,1680,130.52821683082044,126.65518009036194,60.1334597408223,64.81249468162956,160.81831592087002,0.45547364543729824,1.297631496704265,0.28639527117663993
bent_forward_3.mp4,bent_forward,1688,127.59041282944052,117.9736084788621,49.7203971093317,59.04615782476298,161.65754889346374,0.6568778445800766,0.08518918740971052,0.29274866626908197
bent_forward_3.mp4,bent_forward,1696,115.6896169854144,95.98564111965722,36.13633307182769,46.19460869700957,161.77329771199615,1.052888218636285,0.8391267192529289,0.33709668861676134
bent_forward_3.mp4,bent_forward,1704,116.99009185597615,113.34327902765234,39.11047540359658,50.82993347155744,161.11640472742087,0.5042171561262693,4.708809576346339,0.3554157966524031
bent_forward_3.mp4,bent_forward,1712,130.8873958037903,136.02536307043005,41.38158974501362,50.570428341169965,158.66443674456406,0.37357397139760923,0.46814397488449383,0.3429321147293828
bent_forward_3.mp4,bent_forward,1720,142.71256919834798,139.789325965057,46.247888725142836,49.329484090701875,158.96214407523618,0.6287392848349141,0.18941575781350314,0.33888713077805777
bent_forward_3.mp4,bent_forward,1728,148.01557087970798,146.87022435965264,41.34219859469782,43.60663020140754,157.09782075978893,0.48663354584313717,1.150418229671114,0.433141186910886
bent_forward_3.mp4,bent_forward,1736,144.87590206218528,147.97790033088057,41.5715348314916,44.80853701405627,159.03996664310435,0.3606544387738273,0.5120117650190531,0.34534057341971836
bent_forward_3.mp4,bent_forward,1744,151.62235216643234,140.8812217942644,49.619960265657525,47.62393117659824,158.945324653579,0.7018647202171036,0.8682193439976016,0.34167344125055205
bent_forward_3.mp4,bent_forward,1752,148.05334033083477,145.98541835648916,48.73002898132752,48.54258844401462,159.0523441094706,0.5044940758447077,0.8448905471736414,0.35144376312300524
bent_forward_3.mp4,bent_forward,1760,146.35586804744773,146.73272823613877,51.365952075589156,48.92869050788598,158.71927840908634,0.44174391675654606,2.6757760916466666,0.32771224779411023
bent_forward_3.mp4,bent_forward,1768,147.1840954890074,145.56094096425463,50.42148520980416,48.58239385683271,158.70331676418095,0.45558832600036275,3.555780350074736,0.34428205647217847
bent_forward_3.mp4,bent_forward,1776,148.60837698056758,148.2991323230189,43.38564173028624,45.29161252136283,158.3174149244287,0.40135636708320543,2.538598393237316,0.4429663816476792
bent_forward_3.mp4,bent_forward,1784,150.06847423313653,152.5640810658244,43.90779441463118,44.22200763037689,157.92386918832096,0.3822979246073605,2.8224551555773565,0.48709697355493176
bent_forward_3.mp4,bent_forward,1792,150.81494085186748,152.54733990630115,45.593825834020215,44.78904647947491,157.61132264584748,0.38746649198729505,3.5708669032177314,0.49338529910526235
bent_forward_3.mp4,bent_forward,1800,148.90471458407782,149.25267896660793,45.303607974495776,46.37763538136235,158.2892691812947,0.3868402850728398,3.1862566461319837,0.43068857828695783
bent_forward_4.mp4,bent_forward,8,120.04399123149685,122.72676630103791,57.46288071448746,59.31215268227475,160.97118091957236,0.6314150298421073,1.52437483266031,0.395207358813016
bent_forward_4.mp4,bent_forward,16,133.53532017595438,135.73595127531783,52.13838344218488,50.89949884598276,159.21264510995124,0.6911544257719362,3.168384893881182,0.3921630343359035
bent_forward_4.mp4,bent_forward,24,137.64423152610803,146.92140225644127,52.68534363081639,49.022735115037406,160.3244695610257,0.7740749096226794,4.252585250489706,0.3745957470659516
bent_forward_4.mp4,bent_forward,32,142.02815865936537,145.68823903969636,57.73706242137646,50.87461668034272,161.07303309817215,0.6181510382546243,3.3711233842318005,0.34048289343216803
bent_forward_4.mp4,bent_forward,40,127.94669510680428,148.38931456300398,59.472844007061,53.67299738115581,161.7428039586849,1.04075598482397,4.0522360896871525,0.36104856388571227
bent_forward_4.mp4,bent_forward,48,113.02865240062187,115.74120575154753,63.03542603007135,60.35339256458824,162.68600567501488,0.8106232915297302,4.205782415675654,0.401177756568798
bent_forward_4.mp4,bent_forward,56,111.45906708353202,116.38397612063389,62.48131392401446,61.45028395104492,163.36238986812097,0.7704562663574294,1.2707353927104175,0.3870350461797351
bent_forward_4.mp4,bent_forward,64,108.34615972066781,118.09094788636487,62.18997381498731,61.303392239133544,163.25836298697297,0.9084744749423772,1.3461786319912978,0.394617386584658
bent_forward_4.mp4,bent_forward,72,115.38923738489883,139.33884940405503,55.04261355772831,52.841434182194554,161.50983753913596,1.1120972871322619,3.084023491708147,0.45100306911751575
bent_forward_4.mp4,bent_forward,80,111.98871021893109,133.9548820514773,62.14498012061452,59.005832401934455,162.33632369077702,1.0906936915611243,3.501446569561472,0.4274846497275161
bent_forward_4.mp4,bent_forward,88,123.72058729065323,128.44637847379462,61.828912407545445,59.656739213354825,162.40017422610177,0.6962886468443971,4.342059823473249,0.37007064121996025
bent_forward_4.mp4,bent_forward,96,117.35975637137999,128.2415323972732,58.729255325294,57.08146278186815,163.19557028955555,1.0449599606320548,4.8195987116309364,0.3860461103179262
bent_forward_4.mp4,bent_forward,104,129.31125045124986,133.5723531585489,49.162421483079925,50.33021145470752,162.1366969378528,0.6181332680369395,4.629801198381698,0.37820967385292653
bent_forward_4.mp4,bent_forward,112,114.95053425428006,130.2294249042732,59.71540903065605,57.41262701251031,163.01145565413924,1.0072864363800338,3.8544528758415155,0.4085468876816963
bent_forward_4.mp4,bent_forward,120,119.71542091698377,132.4150150111115,59.45267494807516,56.52362606405312,162.7942681799718,0.8937380850301333,4.832964162913578,0.3962999632096143
bent_forward_4.mp4,bent_forward,128,136.37218670274572,128.53873318191896,57.32939154765117,53.93773515881167,162.89551321558238,0.626385511161761,5.261186004167022,0.31042465809911163
bent_forward_4.mp4,bent_forward,136,122.29422350155761,141.99173575544359,61.0570981950326,57.34233970509159,162.76887730802733,1.0202706632680594,4.937774489939157,0.3635888570269613
bent_forward_4.mp4,bent_forward,144,120.45314787543693,120.97089853489977,61.519228458469826,58.97613493626408,163.0404476959495,0.5719935348792207,4.495760533782928,0.3681405115720605
bent_forward_4.mp4,bent_forward,152,121.0057337514407,128.44932714220894,58.99471428735575,55.54577436251526,163.17853259944516,0.8936977630840722,3.9241651132010467,0.37156835157434076
bent_forward_4.mp4,bent_forward,160,123.14963851708447,129.3494798783068,60.56080414787238,58.3008288115125,163.45241685416298,0.7614847708059687,4.2873099657132006,0.35462824783018254
bent_forward_4.mp4,bent_forward,168,114.18886449201923,129.8137060316276,61.34116447493007,58.64952985058356,162.9650206312318,1.0246549686615452,3.9152257774116173,0.39173702090684326
bent_forward_4.mp4,bent_forward,176,114.86206985691638,128.79692319508877,59.15481413573791,58.27475771929994,163.09782168259605,0.7444330964849265,4.61389162249344,0.41280461886311
bent_forward_4.mp4,bent_forward,184,126.33815935287885,125.1686576580356,58.99877513062693,57.22263663631134,163.4754637553878,0.5467841889329228,6.725759080598398,0.3579360977188552
bent_forward_4.mp4,bent_forward,192,133.56092242540507,126.69967148384889,55.771785121201866,54.950675303738294,163.1151012029309,0.5569952865882505,4.886979422660085,0.3393370931186425
bent_forward_4.mp4,bent_forward,200,131.5337245623251,140.175727765306,58.29160905330555,55.470864665473876,162.49215497419786,0.6520431145851718,3.283274773198307,0.34299073021699467
bent_forward_4.mp4,bent_forward,208,126.59932837364913,125.46607996379338,59.24702670570107,57.099693352877814,163.2515805042679,0.6070703775327491,4.873360878715002,0.3584577470676783
bent_forward_4.mp4,bent_forward,216,137.69558948625678,144.75937363644357,56.39253394104553,52.70134848349567,160.50657336757374,0.6581540195924924,4.474923497321634,0.32897916513951253
bent_forward_4.mp4,bent_forward,224,139.07238345409968,144.2537238469142,56.93419883762966,53.690921328164904,159.7378576778408,0.6555644390508069,1.8944302405292135,0.33384627363087455
bent_forward_4.mp4,bent_forward,232,141.963553023883,118.65049275975043,56.136898775122866,54.859150489052695,160.0731015684697,1.1015703603433702,0.07594352847138239,0.33687136246960275
bent_forward_4.mp4,bent_forward,240,148.2118463035404,147.48935451404546,55.446167695155914,48.42982066937681,160.99583873924735,0.5527897630594832,1.2834587083146478,0.32450190691078534
bent_forward_4.mp4,bent_forward,248,147.9614561114347,146.95304400280608,58.69599851406542,49.62481731507037,162.8961966146248,0.5775590592082458,1.4400395021418395,0.3606992092865593
bent_forward_4.mp4,bent_forward,256,147.1492064425564,148.74570210086273,55.41897756206469,48.73599445580803,160.9840794972054,0.5436611876798488,0.6895897833652097,0.41241549123002813
bent_forward_4.mp4,bent_forward,264,146.45221057269234,146.76685453544374,54.738422502845566,50.37347059377057,159.71054163634284,0.5005404882330805,1.2364572770376456,0.38906813759349956
bent_forward_4.mp4,bent_forward,272,153.62104660164098,142.6983699926284,54.934377901345776,49.834040145544485,159.00878419546638,0.5514468279459587,2.1326950829257267,0.4025120416937589
bent_forward_4.mp4,bent_forward,280,148.49062490518764,139.62781219061432,53.30517507773979,50.020745010928486,160.57331022911183,0.5142895431098515,1.49968948815339,0.36040443639890263
bent_forward_4.mp4,bent_forward,288,138.89982559588094,143.74009173683152,51.171513268448855,49.70992616274184,160.87963545297274,0.6633469484445998,1.2146276429923097,0.36937914431734276
bent_forward_4.mp4,bent_forward,296,149.72955680211598,144.01551627570393,53.08966117254762,49.526863820354734,160.7176811353635,0.5124853693981396,1.743246383001534,0.3219313089553722
bent_forward_4.mp4,bent_forward,304,145.00433588053883,138.55217400678373,64.05680137961235,56.28510940597634,160.61260216321912,0.4965665589107886,5.364150229833899,0.309567777803188
bent_forward_4.mp4,bent_forward,312,123.18715968064006,122.0892870781108,67.30626626576684,66.94075368162173,162.69449317051402,0.5235635364934684,0.6833181799583778,0.33041751910362516
bent_forward_4.mp4,bent_forward,320,106.29776948898778,105.82393843901268,70.85120786247518,72.77339934630726,164.10163530928145,0.4715988713445224,6.230312735127844,0.3454979778059286
bent_forward_4.mp4,bent_forward,328,98.93614513428798,106.10318901951818,66.93172367685176,70.23966350064194,165.68891897680018,0.7596108597803395,3.745062430211024,0.3724789749386466
bent_forward_4.mp4,bent_forward,336,102.2396849708748,102.96597946172626,71.19022660521982,69.61107947141386,165.28580986966998,0.5369245666564691,3.5579102446866493,0.3773654216632536
bent_forward_4.mp4,bent_forward,344,103.33910720564401,103.11323777178701,71.75107678703017,69.60658150826647,164.3307485095549,0.4980567946313977,2.176382093951917,0.38165744431343673
bent_forward_4.mp4,bent_forward,352,105.46294905709624,115.49536581363262,67.08503783491118,65.15474619135935,163.40748160697652,0.6964576188150627,2.713260351641972,0.41825775579600993
bent_forward_4.mp4,bent_forward,360,117.37100820940303,122.48892726723221,63.075569887720235,61.17056770187368,162.0920223064874,0.627878233330594,3.521500541682672,0.3812368529441692
bent_forward_4.mp4,bent_forward,368,124.37545871944327,125.22938975661259,62.14255926906839,63.406622464436275,161.29231856488803,0.531083185707482,0.7344586889213746,0.34969722717156504
bent_forward_4.mp4,bent_forward,376,116.62123781337071,126.63968169171937,65.11236045460909,66.08985421024074,161.77768994536032,0.6571521272082241,0.6007827029913616,0.3883457531609543
bent_forward_4.mp4,bent_forward,384,113.09409415639807,124.54922548899741,60.91837819515744,62.91898782776135,162.89784192153598,0.7201057857960556,1.520560025779167,0.3823708063574296
bent_forward_4.mp4,bent_forward,392,132.0965820484377,127.18834394553856,60.126405263596034,60.16450168646821,163.2723707493718,0.5013221311466355,1.7938718465826453,0.3308358074602273
bent_forward_4.mp4,bent_forward,400,134.95404873249728,133.94349076446315,61.5529573070599,60.17924917002223,161.66222219104503,0.5308072858285942,0.1651115573631719,0.33022452543592323
bent_forward_4.mp4,bent_forward,408,149.13362459043893,149.18719439616123,57.05794809932104,54.33532395260962,161.22030397835778,0.5166658524611633,2.393063678239244,0.3331681847023056
bent_forward_4.mp4,bent_forward,416,148.9505595024736,147.59281627157472,55.206791174096246,52.99983927508079,161.07448979404785,0.5114014963280398,1.7049199316550299,0.3464513639512382
bent_forward_4.mp4,bent_forward,424,150.4087780089024,147.3394313405132,55.464495661081315,54.528986818302805,162.1564246312081,0.5139891686452658,1.77641266417226,0.3306192223868116
bent_forward_4.mp4,bent_forward,432,150.4678706531344,149.83097433350517,54.320200179627754,50.369516740018504,160.5579864209232,0.5150316066992173,1.4321922608009328,0.378039033419004
bent_forward_4.mp4,bent_forward,440,147.71164424832187,148.32633820684237,54.199987838685026,50.53832268481746,161.57390071593028,0.5367159636437144,2.2464969287997505,0.40449215527703175
bent_forward_4.mp4,bent_forward,448,150.8064506529242,137.5585965889078,54.76188593559074,52.14430470450517,162.04102221590523,0.602570792794776,3.026686478385362,0.3825264132880147
bent_forward_4.mp4,bent_forward,456,148.7032388307386,144.54043571038986,55.01479400789279,54.17844149717382,162.53232280246743,0.498306710904559,3.3011213705377536,0.35580335546558883
bent_forward_4.mp4,bent_forward,464,145.053313097401,148.8947815485491,54.944372821544874,52.5850235392498,161.98682705220392,0.5540009697958714,2.2829622537420753,0.37273150288019463
bent_forward_4.mp4,bent_forward,472,149.8379484829365,139.34957170380721,57.89414056316822,53.85328513016455,162.58591142016843,0.6493643525591299,2.6247863847314035,0.34504523300133105
bent_forward_4.mp4,bent_forward,480,148.51239273819544,144.69746662814356,55.66774123217766,53.26762477311709,162.44874037528828,0.4908663941068932,1.960888126501046,0.33480363569761906
bent_forward_4.mp4,bent_forward,488,149.50781214049096,145.54502593997682,55.931202203830516,51.93531741281086,162.2591708022647,0.4888844730365114,2.3500306519538876,0.3615697353579266
bent_forward_4.mp4,bent_forward,496,149.20229474862055,143.69656868232605,55.52246344228813,51.91335966342463,161.91454443492637,0.4814248856750254,3.6398732547157744,0.32872886198608503
bent_forward_4.mp4,bent_forward,504,145.2639885606424,139.424222838646,60.40213764826671,56.23928208212185,162.37482485557078,0.4922905830765454,4.266044122944795,0.30221427344077156
bent_forward_4.mp4,bent_forward,512,139.86303713057558,149.60910144580282,58.6269378436866,54.558270426524004,162.71603785017493,0.6464127573651632,4.853646759884886,0.33174698309012707
bent_forward_4.mp4,bent_forward,520,129.50767224849545,146.9207171026712,60.38794510015213,56.60011574451183,162.83170457632238,0.8534999131273922,4.981642565810322,0.3644407604506826
bent_forward_4.mp4,bent_forward,528,122.49438794375254,135.71610003237723,49.213782399853216,48.58381939767962,162.71601247605344,0.8123977306150652,2.774708375309952,0.36475114418846144
bent_forward_4.mp4,bent_forward,536,113.93639270411558,114.40743330998875,66.6656266552804,67.2842532519252,162.62775286056987,0.5121783629912704,4.689072004334468,0.3441361642198235
bent_forward_4.mp4,bent_forward,544,95.02284554865608,97.47409136217826,40.738410298344604,44.751113007058294,165.54081334369485,0.5764358353612667,0.0011388630455952493,0.37468556200515085
bent_forward_4.mp4,bent_forward,552,99.12163145251452,99.08287039451426,24.63827692423569,36.930543931935404,166.70771962743342,0.4852323265811683,4.194297001186894,0.3677116645870403
bent_forward_4.mp4,bent_forward,560,92.89001696901735,119.67900695704336,3.1264418910243905,28.35297408300755,165.93533135970415,0.9703070194746451,6.463932367317813,0.4137742812814668
bent_forward_4.mp4,bent_forward,568,93.04416546160492,102.7678870876209,80.84787076568622,43.199724626106374,166.22805463660913,0.6968006714351485,5.05877032864398,0.38861246812918043
bent_forward_4.mp4,bent_forward,576,97.88799096206392,98.02651819467125,68.9530211268992,51.70140699081258,166.32838325296183,0.48937719989268635,6.46415076523291,0.3686094431591818
bent_forward_4.mp4,bent_forward,584,93.22622619204104,97.7247459082012,106.26709448671129,61.9673885836784,164.78916053332185,0.5417269421771428,4.292897853190656,0.42796359404602924
bent_forward_4.mp4,bent_forward,592,113.74960453201419,115.3154166421507,63.27848458569763,63.61146144474447,163.11707232769095,0.5278155307362554,2.6341584614888083,0.42292943746616973
bent_forward_4.mp4,bent_forward,600,124.41014257059535,124.71592437355523,59.95253093568167,59.38581257185876,162.71911607888833,0.4756886439322112,2.7493538589038744,0.387440727037913
bent_forward_4.mp4,bent_forward,608,138.04784763338458,140.87906233021755,58.05032306667723,56.65340976454541,162.5088643230015,0.48390658728679903,2.628553983406076,0.33760235626268487
bent_forward_4.mp4,bent_forward,616,145.82454304047897,142.75660234771684,54.608419197182144,50.39807948184276,161.53297787560913,0.491345739086398,3.066490526825425,0.3203171456347757
bent_forward_4.mp4,bent_forward,624,146.90213958216353,148.09443176891057,53.35500844752972,50.27128706886057,161.12666456221504,0.49314725886401006,1.7503203893973058,0.364473172560703
bent_forward_4.mp4,bent_forward,632,151.0561202938282,149.33626258221105,54.35065874883707,49.48328950580296,160.83410462796058,0.5270507745297816,1.1977340941433483,0.3831268312190909
bent_forward_4.mp4,bent_forward,640,146.70457680989193,149.25250911570862,53.938926835695156,49.31532278147321,160.6420021480831,0.5106773328623806,1.2015487860736218,0.4155547309718628
bent_forward_4.mp4,bent_forward,648,149.6756135125435,141.29740593586382,54.242645791214535,48.516132962485266,160.83262901640924,0.5606497551660966,1.1356183233577648,0.42038128587426843
bent_forward_4.mp4,bent_forward,656,144.90096454420097,152.63996164041777,52.7719568902355,47.59266695308579,160.74153648995735,0.6254407941493803,1.5282006912752792,0.36927077307129424
bent_forward_4.mp4,bent_forward,664,146.50583068173006,148.01667845705268,51.224273012790796,47.722634487796896,160.76332582062034,0.5458810492308699,1.6135379062999395,0.41695109682388565
bent_forward_4.mp4,bent_forward,672,154.47605691308718,149.9889293670266,56.01391504530383,48.676387916052256,160.38331643398666,0.5043773793227249,1.0241847831088378,0.3765631062460201
bent_forward_4.mp4,bent_forward,680,149.710545472247,147.293919234755,54.46278162098318,50.395616326478105,161.14125053000268,0.5047327167112124,1.3501373256393097,0.33420657168971346
bent_forward_4.mp4,bent_forward,688,148.89004487984477,148.70575618349915,55.73273474213959,51.417399153551976,161.23967907990593,0.5560758888012395,1.9682211675870833,0.32812310716883736
bent_forward_4.mp4,bent_forward,696,148.25703375688707,146.6804366544229,55.52621128654727,52.12513835669366,161.41825035455983,0.5132446197005852,2.365058805482858,0.3147963903753011
bent_forward_4.mp4,bent_forward,704,149.66104997086785,142.20926744048,52.884491662530564,50.658872483443695,161.430879258059,0.5509668098384782,1.877480706709271,0.33005792695043107
bent_forward_4.mp4,bent_forward,712,152.1994026458938,145.9552732516381,51.78086854291667,49.419888512963034,161.09467950444161,0.5209655885953637,1.5631926527754199,0.3575485370698448
bent_forward_4.mp4,bent_forward,720,150.0592454873996,146.19890475447255,51.35260660729426,49.23642671870203,160.64311279772946,0.5002164079529086,1.9088170739696895,0.36526112109975617
bent_forward_4.mp4,bent_forward,728,149.45990543338272,145.7308645597416,52.50875029687291,51.076714201540305,160.42010665724,0.5147296558418993,1.3159331224395432,0.36963555433705153
bent_forward_4.mp4,bent_forward,736,144.74042026933603,152.43638992014726,56.819887680447316,53.31355413866374,162.07157103746766,0.6572178405876845,4.332205588137105,0.3170069096569663
bent_forward_4.mp4,bent_forward,744,162.10339552605694,155.16693144769954,57.9437788916139,52.026636521777824,160.61677267342307,0.5836733278687335,5.690703432319804,0.4175425685319992
bent_forward_4.mp4,bent_forward,752,166.34152052440515,162.96928590084408,52.07057522580589,47.28024810847289,159.81286216618946,0.5335478012130325,7.772782685557806,0.44709000554069617
bent_forward_4.mp4,bent_forward,760,162.54484921827785,163.23489899159506,57.32409509944102,45.018980516367606,140.25115496278875,0.9282047279939418,8.678281483933397,0.3360529028451637
bent_forward_4.mp4,bent_forward,768,166.10760699354122,156.01938922307517,48.4107351688329,30.38911991360123,116.13721479023934,0.7391797230082077,11.802658008206345,0.19224594314493149
bent_forward_4.mp4,bent_forward,776,157.95103342210757,155.3394501863347,39.91542927795177,17.758368647671503,106.89374623862639,0.8321154825632675,12.66361876307113,0.20490357936384967
bent_forward_4.mp4,bent_forward,784,165.6989850483482,147.0765272710984,37.18270906742999,12.165490189418298,93.15174225458841,0.7621267818831337,178.7845032430335,0.22404894682591314
bent_forward_4.mp4,bent_forward,792,156.32735470697725,153.07220825144742,39.2761492616204,14.355549007439063,95.2899523266143,0.849275270189398,161.00983868974157,0.23640579051302843
bent_forward_4.mp4,bent_forward,800,153.5925307807258,149.2186702134748,42.203336802305074,15.516395679563743,94.73226672515486,0.9773565419455579,122.60140289666361,0.25681780477473354
bent_forward_4.mp4,bent_forward,808,159.74080574333018,155.1773074967881,42.44391660358603,19.70639801963238,104.90855215803784,0.8978165518320731,21.903445436479473,0.21464859667974728
bent_forward_4.mp4,bent_forward,816,159.28576029947726,157.49593191734812,46.534860220123136,21.642623347925117,103.69589355021498,0.8520927914442098,22.945995801222956,0.19821085456052176
bent_forward_4.mp4,bent_forward,824,162.7745990137368,148.70676651909844,45.049267573680275,21.023977120552154,99.37228886502768,0.9271726143663501,30.003347221392833,0.19779036559353433
bent_forward_4.mp4,bent_forward,832,161.95666914531455,151.37976245279256,45.89440653039454,20.72200039961049,100.27504041967549,0.8824885395789293,28.201913938579406,0.1885533443702075
bent_forward_4.mp4,bent_forward,840,160.50112220599692,150.18723230399584,44.32610186013903,22.571620044726615,104.4090686088291,0.9973987846797977,24.04430509428956,0.18817314035546825
bent_forward_4.mp4,bent_forward,848,162.16613834783314,149.20418492918597,44.10156178327284,22.049619490149603,102.41843892123646,0.9796832246647025,23.025582121629224,0.18230472186443245
bent_forward_4.mp4,bent_forward,856,155.00158845220074,152.65096802350592,49.373840122971444,23.21125289505913,125.50637536458986,1.1012888980064108,18.760776794784604,0.24364633348987627
bent_forward_4.mp4,bent_forward,864,163.10788100267163,172.60305717478548,50.400299701174646,31.233313137308496,136.94531013804712,0.5357889915184791,8.723987336341068,0.25064503570961644
bent_forward_4.mp4,bent_forward,872,170.77650487281255,162.23909866223784,51.66670702357337,42.10439957383259,159.7347186447444,0.40688140602012457,6.290269680410043,0.44574377411293215
bent_forward_4.mp4,bent_forward,880,162.5956683319372,160.9872475516613,52.93205287151382,47.20081871455418,159.28045256359727,0.4682418371599785,4.96715233012596,0.40765687291492253
bent_forward_4.mp4,bent_forward,888,157.54081083927372,151.29570831677748,53.86206577017061,48.198903349437415,159.25335466937304,0.44390808381168895,8.080869238633209,0.3221908816034435
bent_forward_4.mp4,bent_forward,896,153.1286075146812,151.57588375468694,55.33129208299631,49.303450943172706,160.56897560538505,0.4586253132814473,6.9146982126903875,0.2929023778677119
bent_forward_4.mp4,bent_forward,904,155.73553440326825,143.62722646123026,53.895853777535066,51.74838037742341,160.69278094185717,0.6334355368294474,4.8500739454694575,0.33503467851852864
bent_forward_4.mp4,bent_forward,912,149.1637254420724,144.001857057367,60.95726686492872,55.459346238079995,161.04170338105212,0.43018511601873316,5.289704145992932,0.26977818689701183
bent_forward_4.mp4,bent_forward,920,145.71528421620562,130.2016078314238,66.95657580347658,58.25146536314,161.35528996634196,0.5139422500802645,3.493276730981426,0.2840682534667669
bent_forward_4.mp4,bent_forward,928,144.63269307789258,132.41676078289072,63.83343332953795,58.881467190694416,161.65673459597608,0.5206496419608118,6.8008808670349845,0.2712868520416522
bent_forward_4.mp4,bent_forward,936,132.0468032790366,121.33417079379656,66.97458467342122,64.09784350039611,161.99667179422477,0.4741410906745537,3.9303295778638994,0.3004653279138048
bent_forward_4.mp4,bent_forward,944,128.8644208205296,101.64303035661612,64.18784035673544,60.730152037736495,162.3481289412616,0.9524436466563029,3.9391092865690687,0.31447529154479587
bent_forward_4.mp4,bent_forward,952,147.17312137037192,139.2348227827834,57.242724122249115,56.26376487230956,161.40205304298118,0.490061520239924,8.566010868984865,0.34130443755738815
bent_forward_4.mp4,bent_forward,960,142.93613216946594,157.1652893784781,55.072921538824446,51.41763515052702,160.52302512343803,0.8156813621866303,4.808389057974843,0.4172771735053808
bent_forward_4.mp4,bent_forward,968,166.81343677681215,126.74094953263214,51.29984926068043,51.95155311916107,158.19623733838174,1.5833206367037913,4.5539515038037,0.4232885889432695
bent_forward_4.mp4,bent_forward,976,164.54291623036843,134.2051074036041,45.89745115618344,52.04678378386461,152.21133717003227,1.0615525183605055,0.8520576294175372,0.3814046034574204
bent_forward_4.mp4,bent_forward,984,160.88007248230775,149.9990460276511,26.806012566198735,43.0214531884557,141.1564572843357,0.7028352240760936,3.8328923315045085,0.307388360597537
bent_forward_4.mp4,bent_forward,992,158.18826245353011,157.96695217431412,24.254111660696793,41.09501262815899,141.33233050363626,0.6744494871167447,2.007205250115277,0.4052346257629476
bent_forward_4.mp4,bent_forward,1000,158.33177722477438,157.3616971543817,24.174685638975383,41.96268373999553,139.76057058413068,0.6464797506535901,11.234637108678665,0.4424394262405585
bent_forward_4.mp4,bent_forward,1008,161.39402178753122,154.03036460966436,29.580132498977346,43.248813732452774,145.36705074360543,0.674762885872673,2.536205777573868,0.42108898564029973
bent_forward_4.mp4,bent_forward,1016,162.55802593824322,147.88752685453093,30.315966162575503,43.7877114774089,145.80309391471064,0.6042580804453166,0.8938591452394062,0.36260656044047757
bent_forward_4.mp4,bent_forward,1024,159.48778187381672,138.72579388860984,37.891352872308815,47.635982011105526,147.93345007186383,0.6683948151052607,1.0758502689556033,0.34848110921703956
bent_forward_4.mp4,bent_forward,1032,144.46535250840014,124.2355108929294,42.11513422253024,53.05381817720559,154.0483676543762,0.5996200340358638,2.8602691848599147,0.38119394548109253
bent_forward_4.mp4,bent_forward,1040,141.4683843207367,121.83857370500438,48.60550266625976,58.36423983969686,155.22706880722242,0.7009056459933777,10.588016860606542,0.374557152735737
bent_forward_4.mp4,bent_forward,1048,158.4380427093962,152.0030079955966,52.33705642231491,54.659322649868194,159.39008377100524,0.5156262051608816,4.347963925522884,0.4017571413365719
bent_forward_4.mp4,bent_forward,1056,150.76454972474102,165.42677563944773,52.695714624817,52.35389762932654,159.94047774320163,1.1799500817143167,0.8799636619454649,0.28577812084571286
bent_forward_4.mp4,bent_forward,1064,151.63944016629068,155.98796603170527,56.02452647930216,54.33812160079182,161.64671944449856,0.4378478982587201,1.6954200077328985,0.29572415243595807
bent_forward_4.mp4,bent_forward,1072,137.0575614530049,129.46862427684553,58.29684842172946,57.20115935481353,162.93032880753645,0.5032552353018775,2.992404959190339,0.30313244932300076
bent_forward_4.mp4,bent_forward,1080,128.68617613273568,142.3695851822148,60.99469851918799,59.05359313843512,162.21385341143798,0.9194969332023878,2.8917023027955335,0.33982813879891677
bent_forward_4.mp4,bent_forward,1088,138.8674665209962,134.30617606063953,62.17496358194966,57.97695863758737,162.10422569507648,0.4965569738766714,2.944880142859859,0.3093978887521843
bent_forward_4.mp4,bent_forward,1096,139.97345917566307,128.9848409110091,63.38471944058742,57.70693094573283,161.85571784179706,0.5202199726861758,2.364446025516169,0.2978507008382257
bent_forward_4.mp4,bent_forward,1104,146.25987599633115,137.12178427057992,61.807098854375,55.73039319052912,160.66456787784193,0.47182544414907474,1.141325760590216,0.32105281017019466
bent_forward_4.mp4,bent_forward,1112,139.7289341889842,140.97249977089248,58.13793891154309,52.53969835597475,160.24956971550208,0.41008196625937315,0.12790389946897596,0.3462333717782732
bent_forward_4.mp4,bent_forward,1120,143.466501719419,135.7823814601236,53.856048041960015,50.92101956568002,160.55304108235745,0.43835909573426524,2.3182458162989414,0.37470477506858063
bent_forward_4.mp4,bent_forward,1128,163.17136404740756,148.52770158299535,53.71782142907807,48.29170441021491,158.316698235154,0.5798722335392392,1.490312408482145,0.506580122729538
bent_forward_4.mp4,bent_forward,1136,157.26806753339542,147.45110731032153,53.45970185715517,47.91364453438449,158.95953695312912,0.45121223782178105,2.7403528049500965,0.49192796335893024
bent_forward_4.mp4,bent_forward,1144,137.83514035854188,134.7692461421953,61.82379011588479,54.141984076680835,160.7598921736871,0.42591542225048623,1.2882968220448412,0.3705819412676628
bent_forward_4.mp4,bent_forward,1152,99.0632793234503,106.6422022790904,74.13540546970482,70.46033320870221,162.27597464227162,0.7334896212242761,0.7463343278019721,0.3919330084861795
bent_forward_4.mp4,bent_forward,1160,94.3484396649852,101.27727142508436,78.46137825672253,77.94773063911055,164.153301391517,0.6556689839376902,2.5912342516449884,0.34259467212636935
bent_forward_4.mp4,bent_forward,1168,100.57983045307662,95.0945307873818,77.94698738074179,75.00467883869041,164.27302124241626,0.42993643778798424,2.3194797783141814,0.33650589404999337
bent_forward_4.mp4,bent_forward,1176,101.02385385681599,96.82708490396286,77.59666917846488,72.4600918266786,164.08198865343397,0.4107737125465815,4.663825615812789,0.3325199706733687
bent_forward_4.mp4,bent_forward,1184,95.8017559066736,86.11945611770811,76.65092680491462,75.7570671641731,163.911610205094,0.4250999569443631,3.644574359059176,0.36393990008199006
bent_forward_4.mp4,bent_forward,1192,100.91649162876833,100.55908610032014,73.20303741755288,71.6617394022178,162.2319409500267,0.39873705587251046,1.305097178015439,0.3732484029113077
bent_forward_4.mp4,bent_forward,1200,99.54036368966547,99.80081177735822,70.66099634988544,68.57220012867296,161.92932761563648,0.4380940070310147,0.07930227383859131,0.391974478153813
bent_forward_4.mp4,bent_forward,1208,102.8026736944056,94.24547730653867,72.33360973853551,70.86974554085015,162.21121044677184,0.4064033185909748,0.007940527183932023,0.3818898621787677
bent_forward_4.mp4,bent_forward,1216,99.1238920479921,96.46862281807704,72.68412256669909,69.79713872689689,161.90316948599948,0.4524670408010308,1.1754965844107708,0.4165819038948063
bent_forward_4.mp4,bent_forward,1224,105.25661764478617,99.63451700166753,72.06502894735266,68.93431199435787,161.75844406780772,0.3941003496960037,1.6749134580019958,0.3750616921743991
bent_forward_4.mp4,bent_forward,1232,111.99000261440057,108.97153128195738,69.61876725039046,67.17868904639857,162.0070085396324,0.4100107886751196,2.210484758154056,0.3530237772554806
bent_forward_4.mp4,bent_forward,1240,109.93509820831315,107.69059038652583,67.1826458118564,63.21302581243131,161.72738851596407,0.44704764554390436,2.893780083820754,0.3894905666527941
bent_forward_4.mp4,bent_forward,1248,112.4665300936626,110.11423555832971,67.0508645139951,64.06014998075406,161.93081287346877,0.39958077319542096,3.207776821144935,0.40217282170160923
bent_forward_4.mp4,bent_forward,1256,119.9781270319277,110.09001884888188,66.2108644610938,62.85676822635505,161.54604189956908,0.46901767868243804,2.6179714401149354,0.3648334980863041
bent_forward_4.mp4,bent_forward,1264,118.53159682190521,126.68512913939779,65.85749772507678,60.625850978695816,162.95469009225405,0.7696188525581034,2.545454881854212,0.3643387898175584
bent_forward_4.mp4,bent_forward,1272,122.40604546501768,113.82877560309144,61.66068816467527,60.079294538927904,163.9542433350924,0.40660862194100367,6.918398835710847,0.35702494231643156
bent_forward_4.mp4,bent_forward,1280,111.20727075200897,104.53047694829309,66.16838712647353,64.28662013117415,163.44379265513064,0.41833040449970604,6.615069137300183,0.38388872773441246
bent_forward_4.mp4,bent_forward,1288,107.9903824173863,105.32763712737409,66.88171766485266,65.00181619341403,161.5319290720549,0.46769611008396866,3.9041920699245174,0.4116614622380924
bent_forward_4.mp4,bent_forward,1296,110.53552547489565,100.89782945866789,63.893883086161715,61.46889260669919,161.55345375681978,0.5082336171795412,3.2405277997828392,0.4205644293671868
bent_forward_4.mp4,bent_forward,1304,124.01634894196081,115.50415400612174,57.420184450508465,55.255963016457635,161.10951092570988,0.5334163170788805,0.5242982615512254,0.3959528457699058
bent_forward_4.mp4,bent_forward,1312,132.5445942711389,98.80520887409828,58.86904188320519,54.67131125797843,161.00302265815515,1.2648996285190168,1.8336048778339973,0.3797852082028484
bent_forward_4.mp4,bent_forward,1320,122.59147991152619,98.06897634837483,62.492971974989366,56.772140380410164,161.49285498552078,0.962493843175627,3.4150837945699504,0.3842816518383021
bent_forward_4.mp4,bent_forward,1328,121.87778169781187,102.62345060682928,67.69232443673131,60.76277147194195,161.81980188168416,0.6442027022762324,5.168750988950251,0.3598871303342776
bent_forward_4.mp4,bent_forward,1336,128.7490143436139,132.55852724090235,64.57923784600939,59.04576717182613,161.883181082847,0.4566731172214459,2.9144826530225405,0.362290484878392
bent_forward_4.mp4,bent_forward,1344,133.24638669566795,135.06095075813607,64.3809039392925,57.38731672715307,161.79382600468577,0.4930740366731716,3.411062889064615,0.36122381120178765
bent_forward_4.mp4,bent_forward,1352,140.18694267487314,128.70755800041576,65.51432258714105,57.15347984885139,161.7533560283297,0.6042512146729373,2.8482781839188935,0.33151054067240515
bent_forward_4.mp4,bent_forward,1360,135.31389218247102,134.13951619203948,63.258927167775404,55.98089899405369,162.04894931557524,0.5539114415408716,3.6429664731493654,0.33340119645457683
bent_forward_4.mp4,bent_forward,1368,134.12555631260898,135.1022957433645,64.450734402127,57.02371506099966,162.66968213288717,0.5039203847846943,3.5362386019671153,0.327885132161832
bent_forward_4.mp4,bent_forward,1376,134.8690962990606,134.8603134908126,61.952699513679924,56.98676437963722,162.41982491360952,0.5760229180769783,3.512403711077013,0.31540825931685523
bent_forward_4.mp4,bent_forward,1384,128.2831626650608,112.46484096134249,64.50037545719955,55.261279901660565,163.04572248084796,0.5449232351861595,3.681117089790763,0.37665774038212585
bent_forward_4.mp4,bent_forward,1392,138.5558208603869,137.94942917663818,61.25584352196944,54.38075968214815,162.9488090131319,0.4803830677399107,4.2041194682319425,0.33548093354912495
bent_forward_4.mp4,bent_forward,1400,132.36004406992802,121.27304483368731,58.47527790818981,52.72091240250963,163.65482239819318,0.49993429229260744,5.38178331287961,0.32936288797772323
bent_forward_4.mp4,bent_forward,1408,118.10991215271193,131.90768367249228,60.11341697540666,54.665756218004645,163.92116527622588,0.9770551714033169,5.506000444242472,0.39474185507958026
bent_forward_4.mp4,bent_forward,1416,130.005563211429,128.8824907923131,60.18018687855692,55.302216717061235,163.40361981083538,0.5290370417744754,4.4051885450610815,0.33310881192462655
bent_forward_4.mp4,bent_forward,1424,134.53613492877645,131.58199276817638,59.449830283316935,54.32787122262815,162.77122203993733,0.47778653164958895,3.5728078838271267,0.3316539457990296
bent_forward_4.mp4,bent_forward,1432,137.4094553167112,120.92700334922871,62.444492043900354,56.240068815545236,161.3326557642023,0.6298224029766102,4.637459589657404,0.33295736448930896
bent_forward_4.mp4,bent_forward,1440,133.83701766637188,133.15685217120355,60.91338094438483,57.86432753352176,160.99635652586377,0.5438108173600654,2.93906602100697,0.31716830182031086
bent_forward_4.mp4,bent_forward,1448,128.07386901570092,113.93742903282514,62.47414649165288,59.675421518244214,161.25048329806455,0.48914658475082745,3.158497376502199,0.33790914993778753
bent_forward_4.mp4,bent_forward,1456,122.16458203507804,96.78958862752124,63.90729266520449,61.60513542281728,161.73988092047867,0.8543340715851163,4.045577951045588,0.36494922033771626
bent_forward_4.mp4,bent_forward,1464,127.4496079124557,111.54431791622503,62.04778758719632,58.89991468588821,162.38160747439238,0.5211604769201493,4.041134787794702,0.3258773799491587
bent_forward_4.mp4,bent_forward,1472,124.48650719346634,117.61218014399715,59.676248450583266,57.62351001647928,162.61914204712136,0.443525668535832,4.662200690343579,0.3470048638050432
bent_forward_4.mp4,bent_forward,1480,123.59424982676934,101.99899043982151,62.972368260834415,59.92523733756283,162.31881347519086,0.7950746379661804,5.343186960098471,0.3690136158284366
bent_forward_4.mp4,bent_forward,1488,135.59548811910878,120.94659349923305,63.75414492263861,57.69456441259509,162.1638084557279,0.5408230372345486,2.337466181624901,0.3398076046895546
bent_forward_4.mp4,bent_forward,1496,139.84118642651407,123.76711821780178,58.41956398909841,52.86568846553665,162.37495297562103,0.5956805993113948,4.056806564416418,0.32877228073953385
bent_forward_4.mp4,bent_forward,1504,137.7407718740085,124.22596404871564,56.21020716898254,48.989815298266684,161.7399214562099,0.5500254384394824,4.711168657175139,0.34861973667876356
bent_forward_4.mp4,bent_forward,1512,135.948644445543,119.03759362191248,57.686384230785976,51.77511684568866,162.3129844143817,0.569249050228305,3.4428892826000324,0.3486143051684267
bent_forward_4.mp4,bent_forward,1520,140.69596982117633,121.28601605011484,59.691271121448146,53.706751804346,161.0959574235839,0.7260894549042016,4.780052107315742,0.3235134494331814
bent_forward_4.mp4,bent_forward,1528,107.5534612043168,105.67608149202927,69.96715742370816,67.0812117241712,163.15202622673272,0.48348494381914614,2.833774423150805,0.35741647016759776
bent_forward_4.mp4,bent_forward,1536,103.87102028927654,99.84058725947595,66.31081326395186,65.86480627639895,163.2960722536315,0.5087253475916538,1.199854138200352,0.34918544005760216
bent_forward_4.mp4,bent_forward,1544,97.62896142798023,98.67537078209135,59.22886542264027,61.072347486296096,164.61930004581694,0.6731906868653331,3.3470219994159494,0.3606487441733899
bent_forward_4.mp4,bent_forward,1552,93.39486326967825,90.96397189283498,59.99773166106836,65.09332861507076,163.7263786586361,0.4970281816158953,2.8116850014278394,0.4237750370818254
bent_forward_4.mp4,bent_forward,1560,109.95944929015641,93.36471591258703,69.79446658251743,68.90407239197776,162.58429936147002,0.663286620241743,1.6525815713813319,0.3833440485037233
bent_forward_4.mp4,bent_forward,1568,112.57693386411218,110.68612388876424,63.7579439676825,62.55224174096656,162.3851303514157,0.4993822618452919,3.3822180283999974,0.37945019939756597
bent_forward_4.mp4,bent_forward,1576,116.93381571968008,114.17073805438157,64.65134114822433,61.263492229786756,162.75281294670341,0.47778105129718496,4.78790074029751,0.3606677895556389
bent_forward_4.mp4,bent_forward,1584,118.0472482459727,118.94083167887376,54.03897197354833,56.33885420594486,163.06050311716922,0.5391681321629604,4.120409979343382,0.371097437245771
bent_forward_4.mp4,bent_forward,1592,119.4209080360433,118.41479052469752,64.37453351330967,56.96811162774355,162.55811770489333,0.4657492727254132,2.370371858717039,0.3672287903736427
bent_forward_4.mp4,bent_forward,1600,118.35397257173499,103.79971437527247,62.100616880108944,57.338822966420835,162.38583424551254,0.51610742515885,0.8979982578431075,0.3902397704705443
bent_forward_4.mp4,bent_forward,1608,143.68377797926198,135.10193471632698,58.13722707999506,52.6939313162947,161.0570727875207,0.5327968807204418,0.03952794364628471,0.3379892519819472
bent_forward_4.mp4,bent_forward,1616,142.49468942805592,141.01708019064054,54.49851253726955,50.886654889346,161.53140879647526,0.4782617477851269,1.3236786435442316,0.3597724268790577
bent_forward_4.mp4,bent_forward,1624,146.01910771525033,136.0104843216582,50.71753016795136,46.98964870695437,159.41515237302687,0.5564979781007978,0.19117096603453865,0.37723189284394554
bent_forward_4.mp4,bent_forward,1632,151.02065328985384,132.2059749252465,51.90823631693027,46.99087921128566,159.85132275543288,0.8383890686003096,1.2535077233266037,0.36405017663509476
bent_forward_4.mp4,bent_forward,1640,145.84896925172626,133.37912587149202,57.25463509771854,49.67955531325048,160.43086005359194,0.5106147853705674,2.3116694388438948,0.3144622182751322
bent_forward_4.mp4,bent_forward,1648,141.23630826257315,125.16952982684295,63.52848092977347,55.25972916462418,160.93259040775837,0.6038268276000895,3.684113236249621,0.3007529775324123
bent_forward_4.mp4,bent_forward,1656,127.11215872070177,139.58156491908235,63.41059304938038,56.83136934441572,161.25925900859335,0.7352613232677427,1.5220236658720137,0.3447802183293204
bent_forward_4.mp4,bent_forward,1664,123.55420170863204,109.11525674816511,62.5856443176711,56.1937287961807,162.06765211891897,0.4741830201510544,1.4900179854940283,0.34841583863594083
bent_forward_4.mp4,bent_forward,1672,116.91168746952991,129.19045565469648,63.08109091178175,56.59603535097478,162.25520646229202,1.0425023520995345,1.121377745260404,0.3574644857528781
bent_forward_4.mp4,bent_forward,1680,123.8858189021964,123.4364990764736,62.882420585903525,59.50313814395925,163.10610462695288,0.5041392260734789,2.5570301408865173,0.3392706219006237
bent_forward_4.mp4,bent_forward,1688,123.92623425141865,120.33016819928781,63.19310548503131,56.64179864036995,162.46767588947296,0.5307039278415614,2.2742919830870165,0.33654335412536446
bent_forward_4.mp4,bent_forward,1696,123.90928380664418,121.19839928826914,64.5902502930887,58.555952953285946,162.04824022298158,0.479298986097857,1.3479081490187985,0.32317606917720737
bent_forward_4.mp4,bent_forward,1704,116.8370026457031,133.73896378456624,62.58353881931252,58.20014970591483,162.5850711669409,1.0628508393229041,1.1742668078803813,0.34485867431095857
bent_forward_4.mp4,bent_forward,1712,117.23575085116943,132.2661688687742,63.89377050557931,59.97101726952653,162.54139086656787,0.9134841259359495,1.6996453692702018,0.3410629990424585
bent_forward_4.mp4,bent_forward,1720,126.45944783516333,125.22804140031974,62.517902645618506,58.8929463861301,162.05999571680601,0.500187111024142,1.4826459117444308,0.3360883918754431
bent_forward_4.mp4,bent_forward,1728,123.49489959556526,119.98903337316494,63.77668192851295,59.40531070248496,162.6445340790191,0.532189704048166,1.3011576061502286,0.33589613628419573
bent_forward_4.mp4,bent_forward,1736,117.78247836977359,124.29309110247702,65.75074671964231,60.98428596394652,162.49628174246854,0.65745837566806,2.321488706612856,0.35387820799089714
bent_forward_4.mp4,bent_forward,1744,112.91705948165583,112.805372671825,65.18060943733707,61.737636636706064,162.70712864867824,0.4659252005111995,3.4604983548360115,0.366661477523059
bent_forward_4.mp4,bent_forward,1752,111.11914465720578,106.94240362688237,67.65989972100073,66.36223209841977,163.6259555156677,0.5201648913067889,3.019182796098829,0.3471044814554696
bent_forward_4.mp4,bent_forward,1760,109.18880783748551,111.07072254087542,67.90216177128434,66.71613707699964,163.5085425763477,0.7073434574724667,1.7251606863800266,0.35786668029458985
bent_forward_4.mp4,bent_forward,1768,109.78168316452741,111.12568071326744,68.3244397246581,66.85788477682372,163.4789127327512,0.5310784645162038,3.2430135042862647,0.3530913187327851
bent_forward_4.mp4,bent_forward,1776,100.92168114419226,109.28284751742945,67.67888939177398,69.19451653081269,163.88828184628758,0.7333284198071888,3.283692560559066,0.38110588561676295
bent_forward_4.mp4,bent_forward,1784,113.49694400085511,109.12344526842678,67.25908332758124,66.07294759020135,163.69430143233387,0.5375368708171824,3.225270176384023,0.33917775659401483
bent_forward_4.mp4,bent_forward,1792,113.84302015115576,111.64022362460757,64.389798495162,65.27511019201752,163.12328786406718,0.6113433561332873,3.6136737703307245,0.345765537916791
bent_forward_4.mp4,bent_forward,1800,105.4531390387022,102.06849211120023,70.66619877117549,69.32847857579726,164.12501078134028,0.4693121328713124,3.3074972883199014,0.350777308268186
mountain-correct-1.mp4,correct,8,153.0604375857588,147.438691817394,36.42666026842798,33.53902768390046,151.63837254230228,0.41219457037413887,0.5963370488436844,0.2936716060905966
mountain-correct-1.mp4,correct,16,146.5394744611012,143.8953199579964,43.20669901841537,39.5198060223495,153.6091379809928,0.4029273261389341,0.5742158776429612,0.3184888295388571
mountain-correct-1.mp4,correct,24,144.6184045506391,142.8054874867248,42.68989070713053,39.74065471129611,153.49850247430496,0.39061312768308104,0.03618201290897057,0.34065810870478075
mountain-correct-1.mp4,correct,32,149.59209905551086,145.41198342270235,39.11136153627335,38.72584584649065,153.20957197693514,0.39880824454159,1.527772519254712,0.39165889341604876
mountain-correct-1.mp4,correct,40,150.51894409866003,148.58095953660163,41.45398946699009,38.15434748002733,152.5481401770396,0.38608597927701915,1.7180291416926552,0.33372448302584307
mountain-correct-1.mp4,correct,48,153.7531957553993,149.3906568512566,41.4565701662202,37.53526809763284,154.4890312076934,0.39588427379881036,2.352861139845067,0.31030591368195715
mountain-correct-1.mp4,correct,56,151.03828972966315,148.50645704127817,41.87523364981835,39.418364345924125,154.52144584024927,0.36840672143461906,1.9365248775957233,0.307129181414266
mountain-correct-1.mp4,correct,64,151.29757374345775,149.26390157902887,43.15418543852751,40.56307604141427,154.60525514644155,0.36806187761211706,1.7877890327974992,0.31419657633759424
mountain-correct-1.mp4,correct,72,150.47840530254427,148.75182043543094,43.433809569707165,40.07573154791886,154.04346059651382,0.3727555978068236,2.1567853560901726,0.3125229026121428
mountain-correct-1.mp4,correct,80,149.23919739518354,147.3907760634235,46.58505278794054,42.420267786644494,154.38227252367878,0.3840021669459067,2.551330509366098,0.31040142045515323
mountain-correct-1.mp4,correct,88,151.06307022014335,146.23896221589533,40.25723045037628,39.61423119781949,154.9860767509214,0.3926793929487389,2.645659107651291,0.30662111915918955
mountain-correct-1.mp4,correct,96,148.6740751727416,145.33854820980375,47.29056287753721,46.063139477056225,156.6062720732176,0.4101373753715824,3.214352160804225,0.33834235597675566
mountain-correct-1.mp4,correct,104,150.55325750395238,147.79253525826368,49.43189450444455,46.54289746190355,156.05974860193737,0.3833230188295742,3.545625765731426,0.3206634527475626
mountain-correct-1.mp4,correct,112,147.91289704446163,145.67131705520845,49.74224091374407,46.77020330522119,155.90991471010233,0.38219736376560126,3.90695738241276,0.3265663572338565
mountain-correct-1.mp4,correct,120,146.68103003575726,144.40245774791353,47.83562567037299,44.49155341742124,155.16275399878592,0.39822571610169294,3.991368792218688,0.3003523238217282
mountain-correct-1.mp4,correct,128,143.81609908085312,140.80397967416158,45.55539869774133,42.82287730711417,154.87495913093295,0.379235580250765,0.39295386183319564,0.2780488979384028
mountain-correct-1.mp4,correct,136,139.63639158944392,138.4579174301621,46.63253077057768,47.32776258497401,154.38180454178402,0.3971863385486034,0.5971480508533377,0.2919253801771912
mountain-correct-1.mp4,correct,144,145.62035965490426,142.464726220414,43.86218280793191,53.28595750208843,151.1312814290734,0.4009071621797663,0.12198526563245067,0.3312367383302022
mountain-correct-1.mp4,correct,152,148.79608572676614,142.48607543410216,41.41573871324142,48.31918225599835,151.47920903960676,0.38912522821858114,0.8747605238701938,0.3014648843842741
mountain-correct-1.mp4,correct,160,148.25398984932784,145.06187385700312,40.161849741680285,34.47357237029379,150.88199949497022,0.4331267139735794,0.7085937383615868,0.27592668091626715
mountain-correct-1.mp4,correct,168,151.37246508410237,144.77927705521978,40.347613622733405,35.300597268387776,154.72504059491337,0.3836444016657588,5.476260888284431,0.2673962591518481
mountain-correct-1.mp4,correct,176,149.68433051080012,144.88286895218891,48.52929574821238,46.815865410540894,156.15939459345492,0.38244992059646477,5.422395753352388,0.313500738656458
mountain-correct-1.mp4,correct,184,154.13173249558196,148.53737917730572,40.42951858168453,39.84809734473465,155.26717876293745,0.38203601083359623,6.560184424663604,0.3722602893243544
mountain-correct-1.mp4,correct,192,150.77439072434584,146.03257444204317,44.820230763646116,39.289189844229206,155.7009166706244,0.38235684965677635,3.343077533104958,0.2724880631067856
mountain-correct-1.mp4,correct,200,143.71720712604244,141.53536256038714,46.05699694710755,42.68511798427018,153.69564546024745,0.42734207132793967,0.4231962426332606,0.276600744986709
mountain-correct-1.mp4,correct,208,138.4532699881016,140.63069195901548,45.080818053719284,43.74945128288755,152.26577545959123,0.4440095530314925,0.6045837666770244,0.3266962706784399
mountain-correct-1.mp4,correct,216,140.01334051923,140.29201386216437,42.41853884461592,39.81000289593628,151.41250833051433,0.44540519440747445,1.191267404683625,0.3068426479617296
mountain-correct-1.mp4,correct,224,149.26502676004276,145.461680786448,47.372177109556766,46.699434580683,154.99348188917872,0.3919086777397367,4.403980536561095,0.31178344978677824
mountain-correct-1.mp4,correct,232,153.26432333417083,145.99686186769486,40.25756452667242,38.301940473337964,153.81909423527046,0.3844533489361077,4.567539095865618,0.31426071169489256
mountain-correct-1.mp4,correct,240,150.9657234982216,145.79056666902125,44.882968233895554,42.208026446769814,155.04374409667085,0.38631513817705554,4.9627369950220555,0.3392221195172886
mountain-correct-1.mp4,correct,248,150.405418223758,145.50702599976967,44.34566595977106,40.17261457411308,155.1149741385338,0.38073027652173524,3.4723192251325576,0.30317272395917566
mountain-correct-1.mp4,correct,256,151.42220818265872,146.3819181253189,44.11723172208966,40.00344905036757,154.52064186073946,0.3808573592105878,2.5982099944960497,0.30132275475782533
mountain-correct-1.mp4,correct,264,151.55164827631356,146.4417830978537,41.977774133535696,41.02549462338836,155.3693395375994,0.3920363554048647,2.8425826436354744,0.29245835079084354
mountain-correct-1.mp4,correct,272,147.61643692455988,145.51956503465465,42.422699854252144,39.27437772944785,154.62619361932187,0.4041260527169528,3.6286319727782317,0.30284464521533444
mountain-correct-1.mp4,correct,280,142.4848793349174,140.93599188856544,46.43372138814898,43.16123384946185,155.00026012247255,0.40633942620016833,1.0288920828286996,0.28540840962278063
mountain-correct-1.mp4,correct,288,140.74843256215127,138.50612371826747,44.646518711902736,46.13241059568084,155.54513227358106,0.39925391933512894,1.3742996731154866,0.31010949671417437
mountain-correct-1.mp4,correct,296,144.8897238766646,143.25671092254152,39.910999269532695,38.96250094867811,151.4007514679233,0.40386157146609664,1.8566532484918605,0.3146095778785985
mountain-correct-1.mp4,correct,304,150.5900577883169,145.92835995972138,41.0490421377686,38.64025294575224,154.21352936117174,0.38202766820973094,5.709618807147292,0.32508401315675334
mountain-correct-1.mp4,correct,312,156.69770514463505,149.25350007618786,37.08661385367966,34.25655754956498,154.13513352535062,0.37795718615460616,4.406517913239255,0.3024525570702486
mountain-correct-1.mp4,correct,320,149.52437319682176,146.94230110653336,41.920559850897135,40.05267857419756,154.5528168996818,0.37090928878130114,4.629611335696789,0.34732246263656547
mountain-correct-1.mp4,correct,328,144.91145314273714,146.0967760447118,47.245799663915086,41.69884688274851,154.99881344563715,0.36455823447941965,4.582698229050166,0.34915913661042847
mountain-correct-1.mp4,correct,336,149.60379795698884,146.25755662760386,38.0109777822919,39.107028418671696,154.70400948958297,0.3918805579091225,5.305496673121883,0.36005745576586884
mountain-correct-1.mp4,correct,344,151.06980859669957,148.1869506223813,37.8935724115646,39.89389470299194,155.23447178097646,0.37614887510896017,4.692556031310493,0.3908974634576138
mountain-correct-1.mp4,correct,352,151.08061386415937,147.81975784336998,34.475969915245166,36.11189994573921,154.70074731993301,0.3705874715962058,4.3658714186989735,0.3450144340347685
mountain-correct-1.mp4,correct,360,148.14264612833068,146.90048260324116,39.879018097186794,38.14651697136149,154.4077539324817,0.38518900093204433,0.2950602215247329,0.3182278741987627
mountain-correct-1.mp4,correct,368,144.84264586181456,143.0100350181912,43.062973904878255,40.01206415672877,153.82006639716525,0.3878894980424307,0.8900545263723908,0.29488917219433236
mountain-correct-1.mp4,correct,376,142.27541061307932,138.81547336976607,44.849574761829736,43.02176322508277,154.70952211504002,0.37894550072522737,0.36091624628420255,0.2921550750820774
mountain-correct-1.mp4,correct,384,145.6644977857785,141.38269020911923,42.40064448353645,40.79325355084002,153.60417080703698,0.36278353704046257,1.9757278491670363,0.3077461985895218
mountain-correct-1.mp4,correct,392,150.51069107663093,145.69832215391628,40.476676334419,39.50931870745108,154.54929359645988,0.38630919005467773,2.538023449288909,0.3605539264161363
mountain-correct-2.mp4,correct,8,142.36882812589226,140.45721668782284,43.754011466659676,41.57688417067821,157.28103678310146,0.36354480084729623,4.153047877384185,0.39039781170970994
mountain-correct-2.mp4,correct,16,134.82100477516738,135.50173510301926,50.933448777606166,47.1015332663709,162.16660913522918,0.37108507905715754,4.573947503591629,0.3881793749318363
mountain-correct-2.mp4,correct,24,136.25088817332443,139.236003244532,55.655777622031565,48.043156032854576,162.4375410340068,0.41311192169021455,2.3849609505351768,0.3917956805045184
mountain-correct-2.mp4,correct,32,136.42872856399418,140.0229243535519,54.24911026675654,47.05071118315526,162.14470205822656,0.3932922797133492,1.6211202812323569,0.39468980128974934
mountain-correct-2.mp4,correct,40,139.88397949524477,143.51819202184925,51.19068611882134,45.758636142247155,159.59398500646424,0.3934281718591268,0.9297238548632453,0.40776054903524356
mountain-correct-2.mp4,correct,48,137.05847674408886,139.8768749709191,50.83912471437864,46.071004148647575,160.36785822403897,0.3777798629879265,3.427231980838366,0.4031626099864803
mountain-correct-2.mp4,correct,56,140.47988067743339,143.8358640601175,47.8868868557309,43.217962531139555,158.66883078707977,0.4041841506100843,5.555593081365651,0.40729704323808186
mountain-correct-2.mp4,correct,64,138.08591098194492,141.88453479167606,51.777422722563905,45.9319385776484,160.12167324152114,0.41759062916126594,1.4070459634214205,0.39392361798545794
mountain-correct-2.mp4,correct,72,138.08561146723312,141.54537496290104,50.046129518072334,45.271141527875315,159.8959105353747,0.3944714112681355,0.025359628033999777,0.40184327540961046
mountain-correct-2.mp4,correct,80,140.5672207870913,142.0777602672584,51.374099626791974,46.24892032134296,160.13966298514177,0.3559433156757457,0.4821338233791281,0.39205855217768565
mountain-correct-2.mp4,correct,88,139.08828087248816,142.09470872978542,52.98252409791074,47.319712896247935,161.42962110485132,0.3734216737095003,0.26810305070207585,0.3944934628744396
mountain-correct-2.mp4,correct,96,138.27403366015028,142.05767089703411,51.13430449364062,44.673123221872714,161.05743059786963,0.3862241682664043,0.7409955322479846,0.4000071390480146
mountain-correct-2.mp4,correct,104,136.16735531214698,140.15708003192037,49.935425153473275,46.15043205164082,160.32015175950937,0.3935450837421601,0.05378013888335464,0.4087574721684858
mountain-correct-2.mp4,correct,112,134.82515182651767,137.67374076299967,54.22510198965166,49.0406449036151,161.1541835103406,0.38731200642988245,1.3438526353447615,0.4064023090708256
mountain-correct-2.mp4,correct,120,140.24424120099013,142.28038899286307,50.73598087920961,45.77560659431547,160.53554236150924,0.37523422517035043,2.125376011355146,0.3950782367326865
mountain-correct-2.mp4,correct,128,141.6019176144685,144.03359207981583,48.7320495031494,43.69242686928043,159.69486373821022,0.4019628419422039,1.576241571897751,0.4006061015944468
mountain-correct-2.mp4,correct,136,141.8343263318195,143.6018959286754,51.775171368651755,45.53784795726082,160.43376859460525,0.3758364221926781,2.806399494676594,0.38249510003055953
mountain-correct-2.mp4,correct,144,139.8568516743634,144.31622018891622,49.519291398235666,43.29716945829451,160.28094424277538,0.43144210385605397,4.872212509497427,0.40080044706562
mountain-correct-2.mp4,correct,152,142.98886554826154,145.3235256746653,50.123038395482375,44.74319726531445,158.897313091797,0.35397916332369317,4.005248332879213,0.39007885693113076
mountain-correct-2.mp4,correct,160,142.06343923263378,145.25469666860863,49.583574190299636,44.21849463617175,159.62217181709667,0.38876263071595335,3.1700336303849808,0.4025326122655869
mountain-correct-2.mp4,correct,168,141.61313315039004,144.87965371771796,49.52049798857025,44.208629315848945,159.97146769152386,0.3617764863106426,3.2990252415143617,0.3941474114843307
mountain-correct-2.mp4,correct,176,141.2053332514332,144.6919368066843,49.4702419693667,44.31284115799556,160.0025529336869,0.39847883935596035,2.8276646489606336,0.3996374374819333
mountain-correct-2.mp4,correct,184,133.448494073446,136.47080150489708,55.8552895139908,49.67102894020009,161.78019164821856,0.391711970312383,0.7177997822577855,0.3960173489956603
mountain-correct-2.mp4,correct,192,133.50656705711685,135.83309354495435,54.62108034567678,49.86994815523398,160.77447603682322,0.38581906184291476,0.9787579781824788,0.3958210515894364
mountain-correct-2.mp4,correct,200,133.23643601880207,135.58300802396394,52.93150605715163,46.93056690199247,160.4667083044676,0.4050538917417887,1.1289273919181129,0.3971621174754979
mountain-correct-2.mp4,correct,208,132.91072580111023,135.1072857006215,53.95255354765766,48.6661894757483,160.44933971166415,0.41179897357814343,0.9069274074506376,0.4025328180347732
mountain_correct.mp4,correct,8,151.00203242867406,147.48237189058977,52.6471386177425,50.11144883468118,160.12763602232218,0.5409798368851976,4.525556434637207,0.33073245086295383
mountain_correct.mp4,correct,16,154.53199384576263,155.14428901756477,50.72289942222433,51.37291918455993,160.47123208441218,0.6179655861532866,3.3905383313276003,0.4035380263439795
mountain_correct.mp4,correct,24,150.3083075732891,150.87594480650844,50.71219698269537,50.06639769383272,161.6032814577345,0.5148793326551827,3.6770272115615157,0.3876856155878102
mountain_correct.mp4,correct,32,144.96965283842388,146.84943262156423,51.47760908430049,53.72284217215047,162.27153483282586,0.5580817257177136,2.5684108141774358,0.32318371019421427
mountain_correct.mp4,correct,40,141.66462893946655,145.0200192137613,49.7154776453834,51.34990627902715,162.4939111841066,0.7711075191263775,2.1137526901219936,0.3397890092666544
mountain_correct.mp4,correct,48,147.409497813927,146.7180984405332,49.84023879398337,50.4231936354163,162.0673973748512,0.5072384227093915,2.5603932557483207,0.3111674053233848
mountain_correct.mp4,correct,56,145.3631860224792,151.578895384132,49.7321696406166,50.07897988206937,160.24602833920227,0.7260676844148027,2.9974796431808493,0.3918450558058964
mountain_correct.mp4,correct,64,147.02248661151117,148.9093582399119,49.50977748573172,50.25550891732323,161.20426391024773,0.5249145241313082,3.714559527385084,0.31148282641479963
mountain_correct.mp4,correct,72,144.70426541886263,145.03186260175957,49.92485161138946,52.95915188388112,161.3803592396369,0.5300924055541856,2.969033060939058,0.31608403765115095
mountain_correct.mp4,correct,80,145.61239051162312,146.16370056737193,51.67336108861245,52.49576035787418,161.5102895345947,0.5273345168690718,1.552444947547721,0.3364973219317454
mountain_correct.mp4,correct,88,146.04961873695103,145.61928044156076,50.173052448451905,51.63433111403034,160.98880015723074,0.533965677165626,1.6771889902934323,0.3408314319343297
mountain_correct.mp4,correct,96,144.0882817177951,148.40426384407561,48.150483156155836,51.21150758936535,161.8161859296006,0.706806965002256,1.931937292709686,0.31462831964570703
mountain_correct.mp4,correct,104,146.5895742350139,148.47197760702545,51.67591414489411,52.795921463083374,161.5969717178001,0.5927959457145603,2.4070111814275568,0.32444634014702
mountain_correct.mp4,correct,112,146.6296702761586,143.89177572593667,50.02594528197277,52.42401241224196,161.74797817109092,0.5742809230407115,2.6312753294422024,0.3145105539607532
mountain_correct.mp4,correct,120,145.20626983045955,149.08944925924084,51.58609578414819,52.45038710911671,161.44583460469545,0.6634191326739566,3.447079107714819,0.343435949225874
mountain_correct.mp4,correct,128,148.00873473578122,148.83320335688538,53.36648986198208,54.58628278961385,161.19368141104084,0.5300924833438446,4.160417637173029,0.33953256621131184
mountain_correct.mp4,correct,136,150.97485058326785,149.7000478791352,51.429695963682825,53.168232136766875,160.29148010292846,0.5321605800641526,3.437076036249194,0.3433809299737191
mountain_correct.mp4,correct,144,147.5770826812374,147.65328010172132,52.488624318825345,52.955550828030695,160.4359724054395,0.53564808517366,3.2104976665368445,0.3686194837706617
mountain_correct.mp4,correct,152,148.8569782947116,148.77991465135779,55.72352835929766,53.21034226087375,160.96362267893858,0.5482952416642104,3.152082572244936,0.3849652178613566
mountain_correct.mp4,correct,160,145.79178158283258,146.74169460368415,52.65229984540059,51.31587451271077,162.64248591952975,0.6124721170390138,4.029789209211145,0.36740185907960554
mountain_correct.mp4,correct,168,144.2067505464372,143.53371250547048,51.897937487109026,53.641888617709796,163.37194938045045,0.6097339057027741,6.183178511506899,0.33216915642996797
mountain_correct.mp4,correct,176,147.63313918376312,146.46452625656931,51.40131613113407,52.85378714827383,160.29534057635888,0.6196707510556639,6.357165829466344,0.3545487400224513
mountain_correct.mp4,correct,184,153.53166406456518,151.2598927708615,50.640915443117635,53.60509364298077,158.7893936547561,0.7032034291847757,6.278054424037256,0.4706892960161753
mountain_correct.mp4,correct,192,153.29093901599887,153.22425242389886,50.58891642321684,51.86489189983399,156.3741559867421,0.7204945872021267,5.625559833278638,0.49244026038259553
mountain_correct.mp4,correct,200,152.3315100488813,149.09359982507806,52.24709401117128,52.13941713192653,159.43954766877437,0.6893980705586762,3.995586716692714,0.3812658065724913
mountain_correct.mp4,correct,208,150.45957733896338,146.54004395386954,49.07687431782548,52.148361509961724,159.616536608201,0.6338374556416136,5.626058006023148,0.3430921766307279
mountain_correct.mp4,correct,216,148.47219512286162,145.91404054311707,50.17858402523569,52.007482849646415,160.88498319669026,0.6214510093758546,5.36571227259131,0.30254907708995066
mountain_correct.mp4,correct,224,146.66099049679184,145.98956751979276,51.587631231075996,52.36121253947226,158.2367772033886,0.5451016283099914,4.456381730998529,0.35408262571250815
mountain_correct.mp4,correct,232,153.74393193211102,151.37583976015455,50.429945949006594,50.297131586407275,157.04505993218464,0.5699539266152419,3.256214905137663,0.4670546171025916
mountain_correct.mp4,correct,240,149.7752984988909,149.1973509828947,51.076399502509176,49.02404493204502,159.43766715024702,0.5257818425556468,3.951090555618571,0.41676884063564557
mountain_correct.mp4,correct,248,150.5705468851994,150.33915382513132,50.15905607114637,47.52478686032829,161.03232689586252,0.4735229430752157,3.3354729057358234,0.3710909960633551
mountain_correct.mp4,correct,256,152.93446907805972,156.18636444995036,48.1513399451126,46.88931414103694,161.5125514703249,0.5891145160351913,4.5455143402099845,0.39919081056726335
mountain_correct.mp4,correct,264,150.71840823303424,147.21696712976572,42.60354699093998,45.80854485566635,161.0534864026545,0.46454299957299405,4.99498829672201,0.32762002052740014
mountain_correct.mp4,correct,272,150.6723808045546,147.20268301118563,41.80913245475993,46.29530456937308,161.5588940065501,0.45408908492638306,5.052473844591435,0.3511312210082531
mountain_correct.mp4,correct,280,155.90874332595024,152.36583939246313,44.96696841834732,48.12044837593693,158.75424006108122,0.44505087290179574,4.517509394676223,0.40880676173128877
mountain_correct.mp4,correct,288,149.87151452518304,148.5468508926756,42.745096206197246,48.36531698804196,160.1820330990982,0.5251418399868151,4.159291825183173,0.34736057670198367
mountain_correct.mp4,correct,296,141.602794436987,143.87270618792397,46.1430423549757,47.37500298295512,162.60300083403342,0.593978576725054,2.4692228599634145,0.31596891868484134
mountain_correct.mp4,correct,304,145.1355848549396,144.63240090969893,52.24060570002822,50.97969176669729,164.04446158190748,0.6100197811527576,3.72504459149248,0.31810175609067337
mountain_correct.mp4,correct,312,133.5785596671973,145.6340146614486,52.9442965019012,53.980235471336535,163.6254825381374,0.8529025820497386,5.7561000890029845,0.40982385346945605
mountain_correct.mp4,correct,320,125.55987537964893,150.27628045184596,54.299441069374346,53.039382336803214,161.9873930393243,1.2910058565867242,5.496739016392446,0.4882332266891446
mountain_correct.mp4,correct,328,143.85523723683585,149.75808986868938,52.32494442747675,53.19679331676326,159.9441476652517,0.7017277503906824,6.6817191817776,0.3843426397344904
mountain_correct.mp4,correct,336,150.61856588416111,152.13490729046222,51.0450677476012,55.57185014945204,155.30124945046455,0.5889703953096226,6.204402624480256,0.48758392220528574
mountain_correct.mp4,correct,344,149.7834245540214,156.14311951579106,52.34047220116606,55.365903366328965,155.3514488786886,0.6196445667913629,5.17573673134269,0.5252589927439715
mountain_correct.mp4,correct,352,151.40904466612423,156.04379407120857,52.47856169928427,53.64548318441172,155.9228631233371,0.5385008288767541,4.378064756529801,0.5668175600778327
mountain_correct.mp4,correct,360,145.34450921238255,157.42762474834322,57.941286977290275,53.78204481083951,158.41097389055216,0.6774811447657481,2.8922114541520525,0.535778874062481
mountain_correct.mp4,correct,368,149.61230201542406,151.12982263925116,49.419643921977666,50.183188734007715,153.65030007236936,0.6248230827861461,5.2181902751095315,0.5700495761357619
mountain_correct.mp4,correct,376,137.70807610983744,150.19979490866578,58.18966070081006,56.57215198241748,156.8792136343842,0.8713869364268603,4.281435868512324,0.4994749454697548
mountain_correct.mp4,correct,384,147.2254797631434,147.17798335571578,56.503122569600286,54.246982208833856,159.17967957378508,0.7110116624099116,5.4935473776346555,0.4095025237816624
mountain_correct.mp4,correct,392,149.78453493939094,148.15145616534082,53.431297312665244,52.15985376690031,157.45020791332624,0.7160835722604074,4.773018999996857,0.43696012161091574
mountain_correct.mp4,correct,400,145.40311648107416,146.34638898460844,52.32473987192654,53.092387094369876,156.45067270701026,0.7699035576981174,4.6032653904806455,0.4820773573533379
mountain_correct.mp4,correct,408,142.81195124858743,150.77581292310478,51.69772110935891,53.20357168037376,157.28327307958438,0.8173535178424952,4.000088793824564,0.5312277553673806
mountain_correct.mp4,correct,416,145.53000991200966,149.03823016523873,55.57063416295184,53.72262079543915,157.99488777430585,0.8409538152822204,3.4892345592141933,0.5128317898550938
mountain_correct.mp4,correct,424,149.43289695755792,154.09461392758755,56.18990405059772,54.31330898536385,158.14181199641666,0.8536816769726282,4.322704102811344,0.47584477036477774
mountain_correct.mp4,correct,432,142.7737571908585,152.16149184375178,50.722978446936516,52.19067204762685,156.4342299229862,0.8749230593279672,3.529476768932196,0.4562750612651314
mountain_correct.mp4,correct,440,150.87493668036157,155.74957418488103,49.04280173997623,51.60404757748589,157.88830874625648,0.7562305941151772,4.170650961309239,0.6778749296939585
mountain_correct.mp4,correct,448,157.25035533281888,160.88049228471664,45.35935504789423,49.18728912216738,155.73048647809634,0.41799369219515914,3.514137473144716,0.6190062579698429
mountain_correct.mp4,correct,456,149.39613101722003,152.12939768818256,48.56564503732891,54.054674309336875,158.61496183888102,0.48543043991183216,4.209035091652232,0.39693117930782934
mountain_correct.mp4,correct,464,149.97849817368188,151.99767713261494,49.38348303375622,53.293544467037016,156.86384194293265,0.43291988267269843,4.093625106527471,0.49427181986079766
mountain_correct.mp4,correct,472,152.1050182898599,153.28101278975217,51.0869695295434,52.93650997871374,158.97351473617218,0.39242012489566075,2.0954036237334264,0.5192494591412341
mountain_correct.mp4,correct,480,157.49972755237044,157.93860801810334,43.72460952098984,48.729184301416936,156.45669002629035,0.4895412895197103,3.5324971176734854,0.6477180810845191
mountain_correct.mp4,correct,488,156.6939538593083,157.90122458820926,41.65083329737115,46.03381083698785,153.87259813233652,0.39713877721057245,5.112879515449493,0.5433205102805175
mountain_correct.mp4,correct,496,159.98995997710313,156.62140348349573,42.15852142174963,49.30871704236809,153.01952982951482,0.4897066284505262,3.7607201879266787,0.5503322146675028
mountain_correct.mp4,correct,504,159.46242254621833,158.70532565051636,37.997736113301805,46.56741815499999,155.35088526633731,0.579992484243263,3.211713236379316,0.5644975748894732
mountain_correct.mp4,correct,512,160.51935365503505,160.09072545162212,39.461923232294794,45.653607734025,156.63057086665688,0.6113452737112652,3.185125070903613,0.5525724821360144
mountain_correct.mp4,correct,520,154.63300184070096,155.43190602391667,44.160420424799035,46.51896657644538,158.01784186374024,0.61229181478934,2.521263296776135,0.5175569525335125
mountain_correct.mp4,correct,528,160.51112509803286,154.60665686161587,39.34388042245582,44.92735265454973,159.5014303788746,0.8847966562878977,2.5895218363856363,0.5125185624441871
mountain_correct.mp4,correct,536,157.9328904581798,159.967259706521,49.11077630303006,48.941699759477274,158.40000787178394,0.4554466044185131,1.6174752707083995,0.5237967719160519
mountain_correct.mp4,correct,544,154.5562540889005,156.7657321337523,48.85392906640721,47.714760174488326,160.81272954206028,0.4647813207297597,2.314453659183681,0.37411388219297176
mountain_correct.mp4,correct,552,152.92900545818247,153.62997140555336,52.3053209557676,52.477944048186544,161.0216890643026,0.41648465101928966,3.291469974478781,0.4138663133369777
mountain_correct.mp4,correct,560,153.74455901030623,152.50169706767022,51.607660043530906,52.56722616517801,159.92229318691489,0.41107870862238227,3.5195295098078327,0.5017089245180565
mountain_correct.mp4,correct,568,149.72028475720623,150.7817493027508,46.230636325242834,51.51800587716627,158.50208864299609,0.49129994986694225,4.320178417969288,0.4637588195036195
mountain_correct.mp4,correct,576,151.94397681138906,155.33005715693852,50.87979052153308,53.58778147380886,159.31680239821318,0.45700085201348284,4.188354683278867,0.395068408364208
mountain_correct.mp4,correct,584,140.99300875603038,153.23663820453737,55.8823077366433,52.73757459372334,160.71117732659886,0.6576561003996066,1.7099072076516564,0.37179111614375204
mountain_correct.mp4,correct,592,139.61473405015215,152.448418086997,53.737051220655324,55.109153528915876,161.3084937218773,0.7816736336492626,4.27633301899429,0.3680091375538543
mountain_correct.mp4,correct,600,138.2759348435732,154.3551959952919,55.30363395985949,55.19572688664469,162.0948288785094,0.832408228031442,4.353615522967796,0.38901498866069084
mountain_correct.mp4,correct,608,137.2552321193437,148.7244859478013,53.48750660991214,55.19665836682773,160.3699206656481,0.8341826044847991,5.582736771674307,0.40958669548986104
mountain_correct.mp4,correct,616,154.45775158614902,152.78573728699232,52.801673279545206,52.65043947448526,157.84936470966463,0.6523515215661011,5.591713454000149,0.44601916398901253
mountain_correct.mp4,correct,624,148.99491872278531,146.7559873467555,51.619187736080434,50.69970804736755,159.18318604284377,0.7219777160737597,4.783180602376052,0.4027447458432418
mountain_correct.mp4,correct,632,140.41438310587307,139.75243550914416,44.562352299596775,47.23779254719868,161.32532712660395,0.6975187028438543,3.2987303236385013,0.3402461833424597
mountain_correct.mp4,correct,640,134.48073499729364,140.79633167322572,42.832903141690494,46.92603510916417,163.00095571445488,0.6686452375600042,2.980577415458464,0.3553397517037886
mountain_correct.mp4,correct,648,136.30338333122688,143.28669290353594,46.191958975995185,49.67132111074582,161.05809510127872,0.7072094222760732,2.68106842635647,0.41266185276200545
mountain_correct.mp4,correct,656,139.0958558849317,138.01808654863532,43.56849442759384,50.48392409252764,163.3037039924941,0.5245640339253129,3.0137136934002227,0.32777799371134164
mountain_correct.mp4,correct,664,148.8937773794844,148.06674640023317,42.63147081059901,46.916775427531064,162.01629146186653,0.4683314254945868,3.1701459017134543,0.3049880652762747
mountain_correct.mp4,correct,672,152.97563074189907,150.47622940342913,44.723216663070225,48.3640079904289,160.91897509233843,0.5364154846720516,5.308748462048121,0.2949284364109079
mountain_correct.mp4,correct,680,150.66081525746486,148.36304343016786,36.142719214194194,44.24955284267971,159.73680792236533,0.5197519454882076,4.446401330716565,0.32238490064825753
mountain_correct.mp4,correct,688,149.73662230310254,147.2908348057465,42.009176731510806,46.13072240915225,158.72712511312824,0.5469504550997043,3.3873323801430537,0.35156621939225297
mountain_correct.mp4,correct,696,146.31147644146822,137.30384853344097,41.25708297329192,45.67516303497532,161.008571674545,0.7311298966636534,3.9912753438541526,0.316456942646378
mountain_correct.mp4,correct,704,149.04693823109062,145.78133292236953,43.681849896836546,47.9039543807193,161.7739422055802,0.5995865370121547,4.9634410197455345,0.2995554458970677
mountain_correct.mp4,correct,712,145.14181940005543,143.9945177791689,45.52732931824636,47.499501490858925,159.7016895290461,0.6114204730275071,2.0756140450054934,0.38063730989117855
mountain_correct.mp4,correct,720,144.82501839746357,147.03460940034685,48.95026595195177,53.15378523844329,161.78661624423106,0.557368493234024,2.492356316451757,0.32313625886255953
mountain_correct.mp4,correct,728,146.731614400884,148.47231815217344,51.06997086047469,54.46983177469285,160.5142098417417,0.5691706265138609,4.248963962105258,0.296775438811926
mountain_correct.mp4,correct,736,148.5490652939758,149.50114248378918,52.22080382794656,53.470935973373706,160.4121434740739,0.5419779710535357,4.659843042963167,0.3473369672511124
mountain_correct.mp4,correct,744,149.6187625301854,151.317833715555,51.23006276931602,54.095684363220066,159.85202610770907,0.5608751877035121,4.310917868380686,0.408889674611333
mountain_correct.mp4,correct,752,145.95665617430961,145.39026201748771,49.751246308005825,52.74879843302193,158.4601198443876,0.49607377122482516,4.194954885030855,0.48475089564766716
mountain_correct.mp4,correct,760,143.01052036576695,146.6355480388345,57.29774226217881,54.595974783082056,158.8801746368013,0.5151195602599314,3.0902365258070894,0.5093296114502953
mountain_correct.mp4,correct,768,143.0743055184358,146.2521057730176,58.34679254220664,55.694253974022736,158.27116302669953,0.47050765793691923,3.5143136947085,0.5195388271207448
mountain_correct.mp4,correct,776,139.34632006597855,150.31617967592098,52.6567893267956,52.15416625308167,156.2852882712156,0.6742559706552838,3.36798441933228,0.586617813703478
mountain_correct.mp4,correct,784,144.2617468998957,152.80588757445656,51.2261914018174,51.418843692722675,158.17652559292395,0.5985462229362415,5.472795322785385,0.5261344805008252
mountain_correct.mp4,correct,792,148.99536212910658,149.1161841540857,50.94416728913627,52.65727065787402,158.36627652569314,0.40575201964826274,3.8533599622453076,0.5078514611951651
mountain_correct.mp4,correct,800,151.5696436329001,154.22905220942064,49.71532702827202,50.90484878706497,158.3953517541805,0.570274778618699,3.2359941394796268,0.481062369730053
mountain_correct.mp4,correct,808,145.28958713836866,147.786641446454,51.074973794045285,53.253767880244915,160.29165830000946,0.6466926088212129,2.5090797175555206,0.3561760965728339
mountain_correct.mp4,correct,816,146.79792700991044,150.02661598781324,53.5807235843281,52.52647511901519,159.82514915221694,0.5514610395818174,1.512281376128498,0.38126825637576134
mountain_correct.mp4,correct,824,127.98520545276344,155.40205186556102,54.954197984857664,52.09792709577398,162.71718990503456,1.411568711682045,1.624253212215309,0.4350902389320881
mountain_correct.mp4,correct,832,133.15029977869136,150.22044363093065,53.7514831696706,52.674904283156785,163.27200033702474,0.9929303995207275,2.704587100462507,0.38855122420824106
mountain_correct.mp4,correct,840,138.0975894227866,149.54539042137534,51.09557435659504,52.496499557788255,162.14408857460452,0.743858586755026,5.194663287496773,0.3712816671543511
mountain_correct.mp4,correct,848,146.09588322989725,155.89669427017094,50.008589129298095,51.48832009008502,157.43900582890524,0.8681931460960967,6.134921014397347,0.41488215203294027
mountain_correct.mp4,correct,856,155.2563663855104,151.72201474481193,48.46587271209802,50.21995476025113,157.01568050677173,0.6291879721524092,5.358605833704629,0.4120592551589542
mountain_correct.mp4,correct,864,152.9323660589949,153.13912154754183,50.10732404705858,51.40693417096017,156.989630977126,0.50755207202266,3.661814337937114,0.5191300175066518
mountain_correct.mp4,correct,872,154.00814157784993,153.8757566439523,49.27143865580776,49.651819277198214,159.11956647544721,0.47545769470210464,3.738428100645334,0.44706630041048706
mountain_correct.mp4,correct,880,147.08307387773365,150.51625163061175,51.83555673405684,52.023980683455385,160.21971467278337,0.5221474626368635,3.6040516071407067,0.36888903679635576
mountain_correct.mp4,correct,888,147.46165794651444,150.46388164312816,56.60592946189739,54.98224770360576,161.06063619626966,0.5307033168977261,4.403333132239199,0.43898176686221974
mountain_correct.mp4,correct,896,141.05861124268787,143.58413855342897,53.91600481738544,54.840303651395665,158.7482964097732,0.48377770944283105,2.4153601450565763,0.5040795348720222
mountain_correct.mp4,correct,904,148.94111551137004,149.24466976122392,45.480759031336966,47.12389382269048,155.9614973191923,0.4041598617223749,4.221255740742323,0.5832151534220754
mountain_correct.mp4,correct,912,156.67575071704124,157.88792806790357,45.15260011061595,49.083089480974245,158.9328285347776,0.35945923641993466,5.158476356874483,0.47978184976281724
mountain_correct.mp4,correct,920,158.33551126916802,159.22374792131453,43.74060467345265,49.794703512355795,156.94428624490143,0.41315154015508737,4.957730531547965,0.5389026216781283
mountain_correct.mp4,correct,928,153.55224048099439,155.57766017017093,43.86634905976381,44.85345954784768,157.11113755476603,0.537733124182315,2.4963689616117644,0.5394583484767196
mountain_correct.mp4,correct,936,160.06483512020574,144.84872703990393,50.0369038712795,49.27349133882135,155.94257298275468,1.065367830230853,1.0875657067539042,0.482040594211633
mountain_correct.mp4,correct,944,154.69446308535262,155.6174928652677,50.62365322235313,49.8458979995058,160.97664549868858,0.5794707260253772,0.7577852258894039,0.37909103987835985
mountain_correct.mp4,correct,952,158.3353948549113,157.65952904645982,50.70271182270711,50.13487764319607,160.5751477831451,0.5117982440235915,1.373137268160558,0.4384093407606715
mountain_correct.mp4,correct,960,159.33265718155752,158.62202073464775,48.73136117335927,51.400161715201165,161.06952970878123,0.4378251075120579,2.5012848435633384,0.4099744502644925
mountain_correct.mp4,correct,968,153.6339689659698,155.01236235548677,38.90443621970082,43.42304479286173,158.21817315558252,0.385091576868272,1.3973906484186394,0.39447354089780995
mountain_correct.mp4,correct,976,153.76248010135438,153.5314854537004,40.077841357676775,44.782070642249096,158.21743278273502,0.4563305705303218,0.17896844157987102,0.3708873575653801
mountain_correct.mp4,correct,984,161.09763451964938,156.65156246322505,36.210063095756915,39.74741892025059,158.85865091613869,0.5845596295014703,0.2341207546171487,0.42981387702438467
mountain_correct.mp4,correct,992,161.54821628528217,154.483975282336,37.92723737445784,40.88356284335563,158.948589513233,0.6927087310211274,0.8421957201951343,0.4227656874147487
mountain_correct.mp4,correct,1000,158.17445124991642,157.35190462160404,45.46371473950573,45.486184618485936,160.0710350856979,0.3848955279770346,0.7433371334804185,0.39773977522156667
mountain_correct.mp4,correct,1008,156.00140597437624,155.610589347737,46.51434992630412,49.4596005088015,161.99872436984788,0.3468615346533192,1.2712339716831058,0.38020809501452973
mountain_correct.mp4,correct,1016,159.13728635606003,156.48349609279595,42.20884053566696,45.15793041843021,157.9913577721043,0.32686705159203944,0.7969292542329012,0.4448752961256555
mountain_correct.mp4,correct,1024,154.23721456936065,156.46189237716465,51.53425736011931,50.370833880568185,160.89355409298804,0.3736410177616278,2.5347378958634006,0.3700630271960885
mountain_correct.mp4,correct,1032,146.75827118803682,149.41711599788655,49.99723874125605,52.30441915823022,158.90544294730168,0.37766576115996364,2.61401989507585,0.43416021284981704
mountain_correct.mp4,correct,1040,147.08145262415093,151.45321914529617,50.26988588684083,52.060039705100095,159.37835283886534,0.36282907802543074,3.464384686301789,0.42961243746930744
mountain_correct.mp4,correct,1048,142.03429176096094,148.53315474441712,55.19842941413608,54.10915563781878,161.0620946796739,0.42702906811428426,0.18096598913473347,0.34460338282379216
mountain_correct.mp4,correct,1056,135.97771215372882,148.61668403979004,56.446612499402185,54.832098971416066,162.84447354841396,0.6971119445076457,1.8344063793829033,0.3935723721807779
mountain_correct.mp4,correct,1064,144.26446859437462,147.34683484248515,53.49730557218145,54.54931034657709,162.70559222459312,0.54209608587448,2.5389601919406526,0.3408668288782228
mountain_correct.mp4,correct,1072,150.35921174607373,151.65265342209906,54.64036140804863,53.42561003137135,161.56932924611363,0.42952580241071614,2.7584443374144727,0.4457898387121672
mountain_correct.mp4,correct,1080,153.28312695396056,153.15297834733016,53.91484646800348,54.84329624202663,160.36555042990778,0.42404034251679845,4.231602356575868,0.4273241889792661
mountain_correct.mp4,correct,1088,149.48827121194992,149.31425720393239,51.299746273174975,53.32637129465926,160.95106755510287,0.4910185872235372,4.23631870923246,0.36312542619783794
mountain_correct.mp4,correct,1096,144.85734646993436,146.82543265524222,50.035529190954435,49.466474969588035,162.36125972070954,0.44674410250660285,5.590975330513672,0.32429064186660234
mountain_correct.mp4,correct,1104,138.92344037678888,152.95430167365558,51.855240221593576,50.47852623388904,162.9959692574336,0.9538725228808459,1.642852259778195,0.3261185555170767
mountain_correct.mp4,correct,1112,153.89944005814823,152.2267327535572,47.710425911416785,48.95771383182377,163.31526145775388,0.5039365127790301,1.6445618183517772,0.2755977894742197
mountain_correct.mp4,correct,1120,150.89701666926578,144.2754368995235,48.432990706866214,47.52663508643783,162.6406184807148,0.5347504525395355,3.6347928355681205,0.3099674038201559
mountain_correct.mp4,correct,1128,149.83201379165826,147.1171102694329,52.0960609757696,51.16502751556362,163.25473999196757,0.4531094697649504,4.387110608276813,0.3115003253836967
mountain_correct.mp4,correct,1136,150.036115871018,148.77294816962615,47.28396045538008,49.1577938716592,161.85871930054634,0.466136753896334,6.150558760750225,0.32814817066630675
mountain_correct.mp4,correct,1144,149.93917391051377,149.03332078911353,42.654507771984775,44.95866562230767,160.95272936317164,0.47475041846660704,4.915118127069173,0.31638824766685925
mountain_correct.mp4,correct,1152,150.28277863767173,147.9393804033556,43.35914722813836,45.46403668452957,159.63310550526816,0.508773054194719,3.814017913876026,0.39480723487818997
mountain_correct.mp4,correct,1160,145.15896677094045,144.63043353639637,46.840592232724944,47.67284807195079,161.49656654380817,0.5578670768638617,2.9156618495549482,0.31809672374095144
mountain_correct.mp4,correct,1168,146.98589789406674,142.57903506281616,50.84153196899703,49.219599077193266,161.414023606775,0.6345759922455964,2.050372167999743,0.33682126013915165
mountain_correct.mp4,correct,1176,150.09574979082305,147.49668557891377,49.54022958110514,49.13855137742171,159.11051139947492,0.6115652979131657,1.6353138234684979,0.413375136672665
mountain_correct.mp4,correct,1184,148.10769977326916,144.37733618509992,49.325917320175556,51.14969162297938,160.1315393416453,0.5574686599818236,2.7740409518057976,0.3689283707643056
mountain_correct.mp4,correct,1192,151.02016357515726,139.04082729704132,49.5616660594922,49.63833867333352,161.24404545188617,0.693989772120159,3.3338995508138733,0.34185390304597824
mountain_correct.mp4,correct,1200,152.67984374440718,148.6331972575746,50.490841378622314,51.515713596906004,159.88153034940729,0.5450675448663816,4.904649438222917,0.334249092642335
mountain_correct.mp4,correct,1208,146.643155184438,146.23620268362288,49.40710633912361,52.35361701584681,160.52879132616235,0.5451450138200981,5.4171401178292795,0.32870705011014845
mountain_correct.mp4,correct,1216,145.85246122271303,144.4885347592136,48.0112630751269,51.68727524720819,160.890948724846,0.5357116211442285,4.505386111579074,0.3219212173752455
mountain_correct.mp4,correct,1224,144.50118238902908,144.13385839188842,47.72116301701601,49.65137325813205,160.1745301148919,0.5066319405841937,3.560796047031727,0.35265932874621136
mountain_correct.mp4,correct,1232,146.3928009980585,148.512855876915,44.238497551829894,46.80886844339513,162.07760435568127,0.4998642267530261,2.655518878383303,0.31874022921236933
mountain_correct.mp4,correct,1240,147.34439530375786,145.17965480286787,47.50659407401254,46.13684613489346,161.23028751467461,0.5535382362195729,2.5480186693343176,0.33311040518652074
mountain_correct.mp4,correct,1248,152.54689282292279,149.67692612276667,47.99477616083346,44.05725954508239,159.18405268589873,0.5839967442501038,3.1538638289329444,0.4097959660676697
mountain_correct.mp4,correct,1256,148.90790872487298,144.07602271272484,46.72512120119441,50.22488643065716,162.1229956608065,0.43598120699637555,5.829854339567113,0.3553391136327705
mountain_correct.mp4,correct,1264,149.91266834908208,146.08712566544892,46.43999469895436,50.036348527970404,162.43525437472732,0.5072042829463185,8.65619087049893,0.2864961300491466
mountain_correct.mp4,correct,1272,142.96725604103108,149.35766816961845,47.19573170554197,52.17793225337819,162.6389159503877,0.7373568957910708,7.147188646762526,0.306376867399607
mountain_correct.mp4,correct,1280,146.5462868463023,148.88659406786738,47.156654579282964,52.825403396238436,161.27722717720513,0.6252461290160762,6.264283980387795,0.29674140350040545
mountain_correct.mp4,correct,1288,146.41493713772618,144.9071675977735,49.357351326938314,51.496594222394904,158.8080692411058,0.5681919101511145,2.2504054828849522,0.3737125699990513
mountain_correct.mp4,correct,1296,141.5626410389207,141.2442952603071,49.49254073650456,51.03810943606364,159.58807199272883,0.5264336844646906,0.7485179267575728,0.36075233397837553
mountain_correct.mp4,correct,1304,152.43475113458837,150.14427151576646,51.22590989971948,49.622746138108546,159.43651475491853,0.5853746449814325,4.084183903036801,0.4104667499017491
mountain_correct.mp4,correct,1312,151.5867775408298,149.55331054776292,44.9889558558751,48.40764143553892,159.83590836249954,0.6388757884139987,5.217909386347252,0.3897423292277836
mountain_correct.mp4,correct,1320,148.7727657956813,145.58953418304077,48.58981352851088,51.03341638358768,161.28352263329927,0.5772772513969259,4.993653685908969,0.3360512465084288
mountain_correct.mp4,correct,1328,153.14325412390178,151.16193444604227,47.80358976434433,51.294884112410635,160.44337343515883,0.5837205085587531,5.801122765149403,0.3698575118435112
mountain_correct.mp4,correct,1336,153.90304743610758,151.63197810975464,48.14408878201916,49.94690577698386,159.50204535182172,0.5682769798073409,5.260539376181145,0.38632859774647466
mountain_correct.mp4,correct,1344,144.0018583398211,150.33811715436755,47.835523833286906,50.03201587951928,160.43339215812446,0.7074064929623505,4.0549110642905175,0.3179725884854956
mountain_correct.mp4,correct,1352,139.12515587781402,153.26228199316833,51.40454868654857,51.854578283824004,162.01941664525,0.9793491280254166,4.053117883792166,0.38557183185712673
mountain_correct.mp4,correct,1360,152.79751341422892,154.18722967960477,50.01858429170522,51.62096965962788,162.58245516529033,0.6184920142882226,2.8900837976486837,0.382399439810461
mountain_correct.mp4,correct,1368,159.4878976372244,155.498307409021,45.87505464051514,48.85209064847295,160.73600731773445,0.4270680672777913,2.6129457981907374,0.4572312727345129
mountain_correct.mp4,correct,1376,157.94391687483122,155.01502905792915,47.51138345460757,50.676255115018094,161.27966440191304,0.44709919334560805,4.959220780115375,0.3826233315034143
mountain_correct.mp4,correct,1384,153.78177367140975,152.4835529899311,46.98691792096646,49.74217575896946,160.18497382794794,0.42462182246635727,5.582065095442168,0.3696021056974334
mountain_correct.mp4,correct,1392,150.96236752830535,149.4852158336882,51.45367108605419,50.24187085113811,161.5983149561902,0.42169482518838775,3.0844073713482394,0.3547298632644118
mountain_correct.mp4,correct,1400,152.23338954603722,155.50546261475614,49.09132725429963,49.69180767817872,160.4056557232658,0.5598061246829198,1.8308815222594048,0.37015157726484366
mountain_correct.mp4,correct,1408,159.35827875498123,151.1243635110913,46.74308186963412,45.69076957836129,160.42529354383356,0.5214824957733675,1.7070394987288535,0.4011296754675696
mountain_correct.mp4,correct,1416,149.86699351702828,153.3477491971312,48.081549377005814,47.40860458752274,161.8197071465826,0.5880694845819545,4.504212485472934,0.29296651190821366
mountain_correct.mp4,correct,1424,154.41014857986903,161.2514773078372,48.966021265416664,50.313196668532136,160.52825464681558,0.8277571467667942,4.0675129589732,0.3378837080698249
mountain_correct.mp4,correct,1432,145.53937071659328,144.29702984027458,48.271963542477586,50.35086569860728,162.30227973258962,0.5627538873002548,4.0271744097079605,0.2859843734685481
mountain_correct.mp4,correct,1440,148.5010817769379,144.2662623115314,50.24156168801833,51.96706641304369,160.34985385644865,0.6096092558878898,4.477909924537555,0.330129402519698
mountain_correct.mp4,correct,1448,146.67955832728364,144.90157129630273,50.47686917293738,50.80249786983765,160.44154384445577,0.6837104369257687,4.537960021599322,0.352424365997628
mountain_correct.mp4,correct,1456,151.9058732512818,149.74250950662406,50.39506132124833,50.888555278797746,160.70476136192542,0.7218113928502397,5.9860064651020455,0.31701920133425293
mountain_correct.mp4,correct,1464,154.04788230767787,158.0138830806695,51.574056566711015,51.592393543928125,159.33906500088062,0.759474197874201,4.51048888962091,0.4168225260385743
mountain_correct.mp4,correct,1472,146.3437677040266,153.34148710558128,50.581718301209065,49.29405376701532,160.21060729259437,0.7542763295426144,3.9085922194978555,0.33904971882139345
mountain_correct.mp4,correct,1480,144.48310030800963,146.01741649097093,53.018106755762155,51.29458094538038,161.09148430795898,0.6169891993346044,4.048518106373671,0.35206862174936276
mountain_correct.mp4,correct,1488,147.30305485567894,146.7309438892452,50.85002602197951,49.41048738880187,161.1917768259235,0.6341713176074433,3.6235868906890825,0.3540527898439898
mountain_correct.mp4,correct,1496,145.55493783555872,144.3822573545465,51.15298916721312,48.89351146719844,162.37939364206048,0.5904955117083804,1.8534026715364413,0.33764706399779976
mountain_correct.mp4,correct,1504,142.0926443692322,149.69105260109532,52.98727602000768,51.60155884929315,163.42947315588896,0.8074138979086855,4.762268925543977,0.3301818589877935
mountain_correct.mp4,correct,1512,149.11854659148312,150.62226729679168,51.292568368463726,50.59498963872499,162.6386125349195,0.6439246610522124,5.848745667460103,0.31142597953193907
mountain_correct.mp4,correct,1520,150.85093349407896,151.16540862072105,52.43869329953143,52.17134226902005,162.5414426204356,0.6993551531658371,6.095840191881201,0.30586711149200685
mountain_correct.mp4,correct,1528,147.2687153381136,145.0000134168272,52.60984812569639,52.53077487172764,162.455491737277,0.6895689835267652,6.510632258958556,0.2987979210440216
mountain_correct.mp4,correct,1536,144.6839046823494,143.9238909921856,51.131931684396605,51.494160573724116,160.77961567433445,0.6685324540263604,6.394214384149029,0.32864469182307027
mountain_correct.mp4,correct,1544,145.0552300432778,150.5492512723565,52.14943193196076,52.08840518547106,159.78819001346002,0.7084008690423441,4.287116518631051,0.3549002364212593
mountain_correct.mp4,correct,1552,144.12293451088138,143.8893225282238,50.6027412492609,50.28239081522349,160.5033358160287,0.5602759990493625,4.2496970173834745,0.33540733111087845
mountain_correct.mp4,correct,1560,139.91198855804177,148.40861900831746,52.35572482294278,50.58823478397507,162.68058288480535,0.7326551937771275,5.179902531911948,0.3577313685605437
mountain_correct.mp4,correct,1568,145.07889836000518,144.88976851165222,52.68159820723784,52.20677950254075,159.51482054735885,0.5932984866771703,6.7192107064033015,0.3712235744305186
mountain_correct.mp4,correct,1576,150.54686240415742,149.0180608177522,52.93663392004723,52.44651278103201,158.7587808157104,0.6169124690570972,6.143505855743368,0.47812579790946436
mountain_correct.mp4,correct,1584,147.68283736138162,146.63233760802126,51.315794325886145,52.95868338602617,156.88025977052067,0.6932397860096762,6.491670863303444,0.47470798992848956
mountain_correct.mp4,correct,1592,147.30821306307521,145.5102914592243,51.1955141058086,49.621830488723134,158.837618901278,0.6562034615084167,5.158242457367356,0.41505132702585934
mountain_correct.mp4,correct,1600,140.44604537755023,142.3431267534315,50.38248022983235,51.81047839603716,162.30506342843015,0.6694731853347953,5.006801017885369,0.35306234205818765
mountain_correct.mp4,correct,1608,141.53203712053443,142.1973450070253,49.64573616168519,50.0632478700552,161.67493177904797,0.6668344799707318,4.536486838611912,0.3488006330183376
mountain_correct.mp4,correct,1616,145.5230000634669,144.09859994948675,48.506622971354915,48.46270786057192,162.82862244366618,0.5893553077871955,5.227312891808335,0.3238521907990565
mountain_correct.mp4,correct,1624,144.22328999644773,146.42017250237078,49.17714117398297,50.20991257641802,161.99577708556083,0.6521471222144564,6.1820945506875296,0.3434767113931315
mountain_correct.mp4,correct,1632,146.57754867055328,146.98665631959588,49.758252974940184,49.50124278758485,162.38838789711764,0.6337126472155674,5.6696170142964055,0.3082983068735033
mountain_correct.mp4,correct,1640,154.48780401830123,151.34263998349235,51.21644870006735,50.973700876530856,158.53548773709153,0.6801439295182931,4.516712025040049,0.4220539134867948
mountain_correct.mp4,correct,1648,150.68987988540866,149.67790271053275,51.22782060606077,50.037709274130485,156.9871390422269,0.6356497758899221,4.370870244225749,0.49462635954072187
mountain_correct.mp4,correct,1656,143.8216490258774,146.13832151996385,52.55800975675178,51.940137293424684,159.97015508891326,0.7183692167918156,4.728356702604935,0.3652032764796047
mountain_correct.mp4,correct,1664,142.67484229181466,141.17445265766963,48.48092868000327,49.32890934494381,161.22893040247553,0.6579458175520616,4.089248430416887,0.35541010492352976
mountain_correct.mp4,correct,1672,147.13924969677674,139.5312207822926,47.27770325790906,50.074435639732215,162.0553751144048,0.7388727223934229,5.509614677280966,0.30965096754031024
mountain_correct.mp4,correct,1680,145.47668500402472,142.16820188399137,46.204726452012785,49.15049092911255,162.49677814868534,0.6600082730311635,4.6658142352394245,0.28892977624509586
mountain_correct.mp4,correct,1688,147.15421578609244,148.68017039771226,51.06794200334654,51.503049148976594,161.70017063601918,0.6611023162555982,6.141795674624881,0.3257655208398369
mountain_correct.mp4,correct,1696,147.0646999033032,147.76951439122357,51.72265315164666,51.92817838120148,160.98326062727662,0.6618566354426209,6.429286235080225,0.375129910649503
mountain_correct.mp4,correct,1704,148.10556953844588,145.5116499104823,47.272784632319016,47.973924264819814,160.40888887711148,0.5939236321395152,4.116759938884432,0.32770223718602715
mountain_correct.mp4,correct,1712,144.592783049806,143.74820617904263,48.31423074499562,47.41186605000561,161.64343939616776,0.5705966561701323,3.7411044811169196,0.33723918085019405
mountain_correct.mp4,correct,1720,141.41580277027367,142.1286568855987,49.574936159645254,50.55445344821693,162.1782583895377,0.5635420244427283,3.2594335885693515,0.3593026306670739
mountain_correct.mp4,correct,1728,142.87455662625226,145.48830841083253,46.20967902604115,48.688815451748916,162.49890365897264,0.5687043750766592,3.3151968553828124,0.3216520463094393
mountain_correct.mp4,correct,1736,146.54643781720787,148.35096297608004,47.25270812111816,49.59700393672785,161.48213167701968,0.5584082765038375,3.0694506708764098,0.32669724917506476
mountain_correct.mp4,correct,1744,146.94537118752214,145.38789388533587,46.65592229761888,49.050085927516484,161.90295251908805,0.5998135386372141,4.075387874695492,0.3265913692214913
mountain_correct.mp4,correct,1752,144.4312246054218,145.8982117873527,48.02676285263082,50.561385405260836,161.72925786149654,0.5934336276439823,4.963497440493345,0.32316330403406246
mountain_correct.mp4,correct,1760,145.5458687887277,146.37130218558823,49.827033017227926,51.1223102453576,159.60001340505332,0.5605758968928666,4.084410708658659,0.3589341877829782
mountain_correct.mp4,correct,1768,145.07531981910225,143.066039268512,48.48482616274079,52.20677426032843,161.85341748805146,0.553741362717217,3.5631935971739876,0.31886833986596735
mountain_correct.mp4,correct,1776,146.7132434753688,145.13643373204388,47.362636128113266,50.42796877806448,161.62647320384642,0.5485639449119236,2.4524197492318143,0.3277621601937379
mountain_correct.mp4,correct,1784,145.31772298191547,143.92609227695024,46.714397215014145,48.92536130127072,162.04635398859872,0.5635992121423318,1.5363175801051063,0.330666246113844
mountain_correct.mp4,correct,1792,145.9557033332542,146.6148879392908,47.535824398437896,49.60121416933323,162.81644736921467,0.5546808364502194,2.3676929954849024,0.3224094337407409
mountain_correct.mp4,correct,1800,145.03192129216944,144.685700299637,48.86733890251779,49.98058151871483,162.2559782286394,0.5529131616165579,4.272051891939292,0.3332543037386628
mountain_correct_2.mp4,correct,8,153.5730166678232,153.47876148797747,51.84967208485538,48.95547996040547,153.66379783393037,0.5472511106780389,7.370674572556908,0.5699851312732538
mountain_correct_2.mp4,correct,16,155.69509993711694,156.5819017892767,43.5447946312072,45.58562995288919,151.46713491764285,0.5041299157860246,8.667386951216137,0.6866395444949963
mountain_correct_2.mp4,correct,24,161.01180359084637,162.1094551741212,39.605097089053,43.44561675719496,147.14945575217507,0.4953875854020025,8.790255668565752,0.7832570349644042
mountain_correct_2.mp4,correct,32,150.82496292270915,152.76880948799229,45.37760281522331,46.033176136531985,152.3483818894228,0.5143809603520039,8.175080242172813,0.5838613479308071
mountain_correct_2.mp4,correct,40,155.32083418487665,159.916017370191,41.90738292611259,41.98371357011278,151.57176773167458,0.5546953136718061,9.388132629192308,0.6803678843376899
mountain_correct_2.mp4,correct,48,156.3163191041932,157.6389354147096,36.70593849751804,41.099261928117116,147.47962465001982,0.5656930911754037,7.997689622115817,0.7207197447294698
mountain_correct_2.mp4,correct,56,156.58402036840488,157.98825170171028,42.10662461950845,39.824995735094575,151.56451363936986,0.6162512928835884,6.612919841507963,0.6253668117438833
mountain_correct_2.mp4,correct,64,156.87775810778157,158.82295334929614,41.737278868875734,44.33344700181884,150.67347870275802,0.5809573038209888,6.132742662026786,0.7027754305984859
mountain_correct_2.mp4,correct,72,157.75953880342766,159.4901809433011,42.60618055562653,47.47951003118593,150.41387236731538,0.5579099089097455,6.08296949564796,0.7388121587750855
mountain_correct_2.mp4,correct,80,158.92907299810128,159.76693391332563,40.20452600508252,47.18284443482793,148.05199955852225,0.5486816587819361,5.217621407225513,0.7848955385491814
mountain_correct_2.mp4,correct,88,158.01291638271093,159.37554377766466,42.93596078790953,48.708126787968716,150.50201940038855,0.5578379394597982,8.034252703330639,0.7165333203618809
mountain_correct_2.mp4,correct,96,156.41996377225178,161.54455599578233,41.49564542568686,45.93308605207461,145.8506806727876,0.5803072425809056,6.818984361493612,0.8299446785766853
mountain_correct_2.mp4,correct,104,156.71287956410285,160.8700949162956,45.07242548558641,48.00588203098334,146.76249146297653,0.6111893752597156,4.709377723345299,0.7786843824459727
mountain_correct_2.mp4,correct,112,159.0955520453699,161.7207764322406,38.74912866577156,46.42947757170763,143.01420993597364,0.5815465626729115,3.8195996800504863,0.8802215499244774
mountain_correct_2.mp4,correct,120,156.2945619354571,159.89332736799017,46.5221183259725,47.97616917352334,149.30433798361406,0.621189283501113,4.0719481780081335,0.7425002260648613
mountain_correct_2.mp4,correct,128,158.17586733641016,160.13000959917719,44.74219017867171,42.692463238325125,149.44654331540858,0.5202091465016793,6.1127635267748,0.7457288575082596
mountain_correct_2.mp4,correct,136,161.11938151794482,163.60318277777031,42.07419656644009,41.39408263532739,150.25869430137956,0.4664465726835306,5.870048053845216,0.7464748770558969
mountain_correct_2.mp4,correct,144,165.60391182342244,165.71037287461786,42.623424803772394,40.97899419592449,148.3750826425022,0.48186017421537763,6.651105665359532,0.8174128294565174
mountain_correct_2.mp4,correct,152,164.03566843908712,166.56248815419576,43.30597098709911,39.30140923625437,147.2423817842075,0.3978374626865962,7.135523484788308,0.7258273531875707
mountain_correct_2.mp4,correct,160,158.25875177149535,157.00135672542353,42.33729382335357,39.68028111574709,149.16302249938605,0.4582264543514949,7.080064644145593,0.6599174763961352
mountain_correct_2.mp4,correct,168,160.90929777832864,163.59047723651932,40.84053769645858,38.37468043333897,148.52437527827567,0.44264801149526706,4.411264834219969,0.7427559195801509
mountain_correct_2.mp4,correct,176,162.19238295873424,161.51583544877258,41.3179191546087,35.97696575784529,149.11134640927892,0.4631121481625324,6.221247826901384,0.6702375696849557
mountain_correct_2.mp4,correct,184,161.43488560618627,161.96953113563868,46.37882458495228,44.22103591567408,154.9872049128499,0.42595308156001205,6.891550620277932,0.6160278504393999
mountain_correct_2.mp4,correct,192,165.26890566782316,147.46911081950125,46.33699378255819,45.543430135175846,154.19188812700426,0.9037206897373866,7.426273206296112,0.6370013883251088
mountain_correct_2.mp4,correct,200,165.83969689581104,164.05230051527536,44.00974899422372,45.00344531373193,155.40253665830707,0.4425447839418569,8.764344227786635,0.6236918717431552
mountain_correct_2.mp4,correct,208,159.80645350038182,160.51474524648745,44.90385596655692,46.33025632772815,155.3692307313214,0.4468257472500545,8.84923631219423,0.630858338244427
mountain_correct_2.mp4,correct,216,160.2097112826626,157.6276159628238,39.70268733486861,45.00604656197322,149.58806116327284,0.6073911452687549,9.730722865664962,0.6254526267727096
mountain_correct_2.mp4,correct,224,160.66169704763306,161.18058464795382,41.410412680150294,41.6868518507391,149.35642229607734,0.6164726278275465,8.34927036115504,0.6425334966164148
mountain_correct_2.mp4,correct,232,155.4311238297085,158.31989813513155,44.085879285495146,44.42032551685958,151.97356877048773,0.5828815236678072,8.550611739479194,0.6006995635231536
mountain_correct_2.mp4,correct,240,159.85156266850063,147.0393138962226,45.48356758311996,43.43836160387482,150.7862817835359,0.8521005769941805,8.01059202120052,0.6546557215276777
mountain_correct_2.mp4,correct,248,154.62883038019592,155.46093226578017,42.028555857003056,37.4918215592052,149.29116369333477,0.6872723719586962,7.710236145654031,0.6757429228834844
mountain_correct_2.mp4,correct,256,149.60609060746407,147.0716592595756,44.592249473662996,45.22328015512259,151.00294957226862,0.7220171614786508,5.066065818040143,0.5887713997721025
mountain_correct_2.mp4,correct,264,149.00703187859813,148.29671311997683,45.02493135156668,43.870359961041025,151.93267114809382,0.7485694722649187,6.664564577788595,0.5660800094297973
mountain_correct_2.mp4,correct,272,155.88117507383984,155.24277008343262,38.98701616193902,39.06202210702775,148.4593250725404,0.7296377554539986,6.8967152517970245,0.6617643567003005
mountain_correct_2.mp4,correct,280,159.33440732313937,158.89769368879467,39.90001913278072,42.00159761572177,152.42079343919355,0.5963559157442003,9.414005183000322,0.7126125286105283
mountain_correct_2.mp4,correct,288,160.96426304280533,160.12697184975636,39.00337552443552,41.452919764031115,146.5553205783468,0.5660630089011867,6.193021443176233,0.7620102939190492
mountain_correct_2.mp4,correct,296,156.70470492351276,159.69965932583418,43.653034081540405,42.612952473840906,150.4669093364903,0.4446014662646281,7.9010651491824975,0.6355699096476756
mountain_correct_2.mp4,correct,304,164.02951369327937,165.98678442767795,39.06616642802084,35.75616182007673,146.5932733293381,0.4488876097526349,6.48968773020341,0.7451139565800295
mountain_correct_2.mp4,correct,312,160.1405163094263,162.77716997585523,40.71949173367692,36.68985884180651,151.73673734133297,0.44582908694558115,5.793203843716849,0.6702026030027949
mountain_correct_2.mp4,correct,320,162.94342872739196,163.62114083202778,41.999007306345185,37.44027433091375,151.259115788698,0.45157401320335927,6.053287170105148,0.6910750025226655
mountain_correct_2.mp4,correct,328,160.11623320367053,156.86403349928372,45.80692633915861,41.83588802848482,154.43013958300432,0.4485158720525446,5.910375590949066,0.5309665890163359
mountain_correct_2.mp4,correct,336,161.06203736196983,158.47540556391172,43.248782577569834,41.643631244533616,154.23324522107296,0.45857015876286583,5.157747432539363,0.5332939479678807
mountain_correct_2.mp4,correct,344,164.40410109140467,158.73507477353203,43.563590107538104,43.770515982335894,152.90699109584708,0.5658003567804576,6.451982083054772,0.6115304839238592
mountain_correct_2.mp4,correct,352,162.1321342260237,160.57060645400423,42.03577632212438,43.57055783444357,153.38226790369876,0.5078724196086153,7.32280111857376,0.5477485673000237
mountain_correct_2.mp4,correct,360,161.0910329398478,162.3908043692884,39.16320217584996,40.414164263157794,153.12945225952842,0.4551387066404777,7.31851075533445,0.549163445554847
mountain_correct_2.mp4,correct,368,154.97917529824076,148.16472709530706,44.303841457273094,43.629479389901036,154.82463897550377,0.5999685711646148,6.105557364309095,0.4972158293065536
mountain_correct_2.mp4,correct,376,161.17755595577432,156.3574446033641,37.86177533470343,38.74314447455696,150.6228485767979,0.5268718940325245,6.674510223151521,0.5838792798398066
mountain_correct_2.mp4,correct,384,159.9685841237869,160.94035192735143,42.90086265046306,46.27596284559817,148.67726166846546,0.4454300044048779,5.804515466579266,0.7032478319164568
mountain_correct_2.mp4,correct,392,157.7832278525525,158.1676131232943,42.811435110163984,48.002124697676045,148.0916911251429,0.46176712898466216,4.342372108702962,0.7178399311468251
mountain_correct_2.mp4,correct,400,154.81297099226802,154.30669524726537,45.06795497266199,47.039319317869854,149.22181446758697,0.47114399724772876,3.271518949553936,0.6375070952607877
mountain_correct_2.mp4,correct,408,159.18766960892188,156.1688146885828,42.195007938999055,42.595718691200425,146.74858458118308,0.4995274011042448,4.035068125611318,0.6708736451547602
mountain_correct_2.mp4,correct,416,162.4014733638658,161.79455099378288,38.34093400464963,41.860180568878306,146.57170006791154,0.4806809173142572,5.264481523629385,0.7882329419288855
mountain_correct_2.mp4,correct,424,158.77704882531333,156.24571555204818,42.31508374859804,42.95473863785885,149.95154946194899,0.46938454108142874,6.180690134932695,0.6402430841874927
mountain_correct_2.mp4,correct,432,160.1442890322961,156.91627868556793,42.51307811974919,40.52121019147012,149.1794041485411,0.4651896664041098,5.792965522457265,0.6575604595611251
mountain_correct_2.mp4,correct,440,160.30390220327607,161.10434131194933,42.588142591329955,37.60690433462087,149.03804322840597,0.49966838987684686,5.874008132817533,0.6470419608335525
mountain_correct_2.mp4,correct,448,163.6387567073199,161.01321388833978,38.26862786304505,37.72850324473063,146.61859914846318,0.5110329777006941,6.062912256325195,0.647483153884805
mountain_correct_2.mp4,correct,456,160.14669604639383,159.54427182833405,43.46366885081557,39.23444334325201,150.50720859318602,0.4646399111233613,6.517132075849089,0.5795844098352787
mountain_correct_2.mp4,correct,464,163.30451535170621,162.3201132344423,39.97774157412611,40.68475061367379,147.9364638986773,0.4950318045530684,6.676012194287082,0.7326502545949779
mountain_correct_2.mp4,correct,472,161.29371488498504,162.31836069242286,37.57743519652923,40.69922756495003,145.9237727496014,0.47418972727635555,5.469788118008723,0.7574161079957535
mountain_correct_2.mp4,correct,480,161.6963618362535,162.19795179878824,39.90744047236728,41.00762258819708,144.98016719891842,0.4905794530387116,4.487954757945012,0.762046251220822
mountain_correct_2.mp4,correct,488,164.06462441238932,166.51639466503707,36.11849999974149,38.565404230365225,143.01565325528674,0.47019074102153285,4.100293799925418,0.8433258344895253
mountain_correct_2.mp4,correct,496,161.90147663634406,163.91736435197186,40.10097813082836,45.09701379996207,147.94651373946357,0.4693715500454658,5.424890224253777,0.7829050949556036
mountain_correct_2.mp4,correct,504,160.18593969948267,157.97955646307568,39.860883756015525,44.16704869842356,147.05449169524323,0.4882994292736095,5.155217460727114,0.6938621002046567
mountain_correct_2.mp4,correct,512,156.48684062576515,154.71268621107376,40.05961484520302,41.75792464302976,150.3966608096746,0.47646657106895707,5.392546696486629,0.5656898870105067
mountain_correct_2.mp4,correct,520,162.15292775207016,160.49401109519476,41.136992344100115,44.17079190432234,145.77320797286208,0.47599882659734194,5.067303054425384,0.7520526688843912
mountain_correct_2.mp4,correct,528,162.1978057753269,162.24321104502152,44.723933669131014,43.21800145723441,149.4306655356059,0.47831258048822695,5.1871154825328665,0.703178444916601
mountain_correct_2.mp4,correct,536,158.358217930654,161.4253181000447,39.41775639612119,43.28654905187864,149.1903049803864,0.5460356299670581,5.868797263607876,0.7751632836874143
mountain_correct_2.mp4,correct,544,159.82383742414765,164.64313127444402,43.48210630313718,44.086267521169574,147.1469697293505,0.5196712814613379,5.535607550483377,0.7876387004829996
mountain_correct_2.mp4,correct,552,160.47944033717152,163.45417929479848,40.94593572923245,41.78428676834656,148.1091255097296,0.5386857579418044,6.203751779454687,0.6887356535790468
mountain_correct_2.mp4,correct,560,157.6436420539972,163.11020997798602,42.47484412588523,38.504021785112336,146.93799743732498,0.6086594293601391,4.249452973923156,0.6727622000976473
mountain_correct_2.mp4,correct,568,152.49192062626486,150.890759286614,45.79901915241255,41.242044995406246,151.2706638297026,0.7008150490120149,4.680694855049466,0.5244110528600294
mountain_correct_2.mp4,correct,576,153.92850297114288,154.07835282634693,41.371928058272886,39.29407752620139,149.18120330018624,0.7313301932465669,3.4211714645664117,0.6008855365479102
mountain_correct_2.mp4,correct,584,153.23392184450387,154.44145024644905,41.026549863660485,39.8327118285124,148.4660565857456,0.5253052807136922,5.796716579601067,0.6963683400203298
mountain_correct_2.mp4,correct,592,159.71134558274454,163.14398456789831,41.18909328061912,39.05786763476897,147.75642463751979,0.5369822859998266,5.400925932590706,0.6730151966131677
mountain_correct_2.mp4,correct,600,159.5849728861989,162.18493123520622,43.92038115937146,39.181120206536434,147.29047187889066,0.5429365599289131,6.334155366642161,0.6934817091360234
mountain_correct_2.mp4,correct,608,159.45317538935984,163.70674189571926,40.21918354621976,38.168358219631195,146.14469620935023,0.47677444557635085,3.7891372057267403,0.7302560644410302
mountain_correct_2.mp4,correct,616,161.33253793121827,165.12557992020876,37.75045636452937,33.57935087007273,146.81783635286934,0.49461003462688846,4.098248006407869,0.7206307621434885
mountain_correct_2.mp4,correct,624,161.50928379863313,161.6693995912313,39.8638855701418,36.22470171376971,148.20472002200813,0.45244836455673393,4.205069478406783,0.6904724409032423
mountain_correct_2.mp4,correct,632,162.10357251095044,161.92564499017786,43.38646257844403,37.52045717886387,149.46658509677343,0.44638899266793963,4.169511545528251,0.6814102869614556
mountain_correct_2.mp4,correct,640,157.01096101463497,151.82693952513617,46.54904021215759,43.518925172055916,151.58189536066615,0.4677359643379718,4.888688305650749,0.5233329785915348
mountain_correct_2.mp4,correct,648,159.82601382188957,157.34117317832784,45.37080971269059,46.54791438536278,153.180947969379,0.45347762751471016,5.747569729513323,0.5581995311743749
mountain_correct_2.mp4,correct,656,164.07399545849262,165.17682581717224,40.665807226271085,41.52872205435572,148.9628966470457,0.4431915201765175,7.911540027118426,0.7257257848832731
mountain_correct_2.mp4,correct,664,162.9676388012408,163.6520740710383,40.863558450702946,43.75100704037987,147.7463256186557,0.426617733288293,6.371981086023706,0.6989967403900289
mountain_correct_2.mp4,correct,672,161.74636198304208,162.2219756555415,37.792780957448215,37.52748286279054,146.6869419010429,0.4094151462244395,5.750326176650516,0.7138450736243432
mountain_correct_2.mp4,correct,680,167.05290393024416,163.1874733640792,38.65352340953019,37.100496116588005,146.07345741569588,0.43474956187151853,5.016472641303879,0.677654681649392
mountain_correct_2.mp4,correct,688,167.0339595136739,164.55989391647628,36.82524972810053,37.597809841566175,147.8737913735294,0.405828003642364,4.626822157989978,0.6913845921407216
mountain_correct_2.mp4,correct,696,162.57051337350362,165.42759792154123,40.13117490852255,40.65176247928651,151.89201051426457,0.4072427193020484,5.318527111411169,0.6541686318059221
mountain_correct_2.mp4,correct,704,159.84432395132106,156.95600488878998,44.012196431136886,44.24630446066338,151.01887545876482,0.5042263835367088,4.532076119325367,0.5683464689795087
mountain_correct_2.mp4,correct,712,160.39531746950317,159.78547201901793,43.39146586552764,42.9138386466349,149.8554940391708,0.46383319675132567,5.30457389667698,0.5664066724249498
mountain_correct_2.mp4,correct,720,152.1214095105558,151.6020180812004,43.22883453875747,43.604576481228335,150.93728557908236,0.4500750103307585,4.176650665844649,0.5421402710651616
mountain_correct_2.mp4,correct,728,153.42144297285736,154.3481042441274,46.531752533641516,43.36213938817157,152.9658567314593,0.5025026182525404,3.823357327629379,0.6165209082509971
mountain_correct_2.mp4,correct,736,154.13737326150473,154.42511181574417,48.63539208071192,45.97478613296836,154.89380213474945,0.5399636891485807,6.261464542647009,0.5970957130617492
mountain_correct_2.mp4,correct,744,157.04682415459388,156.1483044704584,50.37499297795516,46.44522676371993,156.7773687126892,0.5031354987990814,6.272518078391079,0.5791057388121301
mountain_correct_2.mp4,correct,752,158.92658496282073,158.3939965639955,48.88016873286302,46.79469861226552,152.58612558178834,0.49432000177585006,6.281058417117179,0.6106736975173271
mountain_correct_2.mp4,correct,760,158.0399542940992,162.3883788888078,47.05806643485364,47.65835266417697,149.9879650654751,0.5055432680881004,4.39172822686779,0.7519051258537713
mountain_correct_2.mp4,correct,768,160.87624717281068,160.7976986978663,39.569893567722005,44.50514331013676,145.85622289487304,0.5519818317111018,3.0605168877026254,0.7948467418307158
mountain_correct_2.mp4,correct,776,162.68198171984292,164.3600759743134,43.36699699148233,45.66571446381883,146.2256013454237,0.538133518699801,3.324325185205454,0.7862375176470753
mountain_correct_2.mp4,correct,784,157.85213299242002,160.05804953559618,46.77419991573966,46.90808472008952,148.07651683536406,0.48578887318642444,4.020135493766768,0.6904992504070332
mountain_correct_2.mp4,correct,792,155.1302881251477,155.92775401565788,46.26232352461545,49.34812173457313,149.25346879386788,0.48695365131937035,5.187929961115216,0.7034010705357397
mountain_correct_2.mp4,correct,800,155.54314597797557,158.1077126174137,42.37463314205658,43.53719532251816,150.741488650062,0.4791018015586025,5.818969154664561,0.7157966929084646
mountain_correct_2.mp4,correct,808,160.72123412848762,159.14177789473538,44.78952715322353,42.41821594563336,154.3777141893564,0.4317615948770572,4.732678689940822,0.6159404907480313
mountain_correct_2.mp4,correct,816,167.73347875853682,153.29027225568834,48.06799152076368,44.004939810000806,157.8250404241345,0.931384989501,6.089751608280177,0.6650427812585069
mountain_correct_2.mp4,correct,824,161.5203954950627,156.87576038779238,46.02654060391762,44.162898923001165,154.2984282033934,0.6140960856685747,5.447530189043795,0.6423630260799748
mountain_correct_2.mp4,correct,832,164.54534326100708,157.17938447350397,47.83917565963762,43.6381886628817,152.42781006771696,0.643331963738883,4.689858917614337,0.6265943857850926
mountain_correct_2.mp4,correct,840,164.0712327747313,164.75893200614536,42.070556713636435,41.33949757504308,150.84312768193223,0.3463953461879763,3.4565323982046476,0.674265493490992
mountain_correct_2.mp4,correct,848,163.70260114217723,159.70661478793096,41.56339618579542,37.28739321785917,149.77981840544584,0.4549354926089266,2.1343832145390973,0.5937290990626767
mountain_correct_2.mp4,correct,856,162.9935961476795,156.8240321016959,44.066393831639765,39.677027812357956,152.00597888075538,0.5517204635850188,4.404207936849506,0.5986425688399841
mountain_correct_2.mp4,correct,864,162.2110092301775,159.19174205846494,40.82231074841489,39.99910477547919,150.3291157392217,0.5249896220451826,4.7986833988962525,0.6793510045244641
mountain_correct_2.mp4,correct,872,155.73210041891411,157.4299256681441,40.34983627020529,43.36247729301862,149.19264394667854,0.5639835463659945,6.470319036106083,0.647434587054513
mountain_correct_2.mp4,correct,880,156.37853445883778,156.90195799909498,40.2977481080305,42.69382881674579,148.29843349393724,0.5046670281378839,6.893984293818427,0.6649150651505058
mountain_correct_2.mp4,correct,888,161.12684395048404,161.65018229994075,41.54081444815318,42.49392193601475,151.18105059183054,0.46782866855128646,6.794441184754974,0.6793620672755045
mountain_correct_2.mp4,correct,896,158.39886320397207,161.48350382441643,39.581415962814255,36.195373133778546,150.25103946765526,0.5014288740913704,6.463609859482157,0.6611687174786401
mountain_correct_2.mp4,correct,904,158.6882388214719,158.37360417278745,45.71680475012189,38.254301289373736,154.49038137932428,0.5174541140808786,6.551498969772821,0.5637220033797022
mountain_correct_2.mp4,correct,912,161.30105317315508,159.8636876642925,43.38359740211504,38.92969983067407,154.36519231237463,0.48956702690357706,6.615983042014277,0.5939367629566195
mountain_correct_2.mp4,correct,920,164.03841308960833,165.05294272479676,45.8192006823542,43.8173016702061,154.39240037506391,0.3813844655670548,7.285687659501268,0.6102162148474495
mountain_correct_2.mp4,correct,928,166.38739064660496,165.75375255160327,45.92746207738246,43.148715475097205,154.01399692488042,0.38977008568434296,7.99635282253153,0.5070121330099171
mountain_correct_2.mp4,correct,936,167.71897475043795,153.27474818520457,43.403627472976474,41.57342094130809,154.2341338887978,0.8348170186119517,7.799753658286617,0.6143519212020188
mountain_correct_2.mp4,correct,944,163.99946156215705,163.03812083996527,38.31354395817248,38.25825527069481,151.4143264287205,0.3368966994650957,6.889595872933288,0.6709763710015879
mountain_correct_2.mp4,correct,952,164.0261571410767,162.6070104933015,38.09240693956329,35.570218209048754,150.35191797405813,0.39575040111253956,6.09286465048201,0.6058898145402406
mountain_correct_2.mp4,correct,960,164.79138579876022,160.5840431185847,45.75461360016229,40.04705991702151,153.30258613850967,0.4169726376493084,6.080462851531048,0.5602038143839028
mountain_correct_2.mp4,correct,968,161.52136090191073,159.80944321337398,49.3952981912137,42.85712293934339,155.3472120578437,0.4073545058824248,7.7329548449101315,0.6144299583319002
mountain_correct_2.mp4,correct,976,164.14833698208867,163.13036801433103,49.3797208356632,43.09668905630946,155.6452847743049,0.4337860973380898,8.78982251087013,0.5257474802132059
mountain_correct_2.mp4,correct,984,158.72350553854258,161.2216038568981,45.55989638273847,40.89598313731144,152.13050810520056,0.4408346332129285,7.32515972380572,0.6084919463091141
mountain_correct_2.mp4,correct,992,159.7922037211939,160.2760992155598,48.73247204052727,40.807918340576485,148.04903661972799,0.43114270551873823,6.8950582262730356,0.6382728195516705
mountain_correct_2.mp4,correct,1000,163.81272043193357,166.81689399376566,43.69137987495004,42.14353060873494,147.62678694006473,0.42010372757084913,3.4321646742270824,0.7825395811825203
mountain_correct_2.mp4,correct,1008,160.80345007678778,162.96931931273016,47.3465563477912,43.01365888304117,148.06021550536886,0.436101612384958,3.106257372250867,0.7051797272216204
mountain_correct_2.mp4,correct,1016,161.74375540672668,163.83141138928818,48.61511502644605,47.485212536911455,146.9244341419775,0.46143978869621033,6.794144376192252,0.7218653036515973
mountain_correct_2.mp4,correct,1024,160.96502793065852,159.1868360353392,50.948675540550354,48.700086376632626,148.39496883047102,0.49317265278016525,4.0308006473901115,0.6733811364784474
mountain_correct_2.mp4,correct,1032,166.93732430690872,170.95329819840205,49.68646072937195,47.310206334315325,146.7001321574306,0.4756232015331711,6.052993923854352,0.7872160580018559
mountain_correct_2.mp4,correct,1040,164.38296906269255,167.53560209002387,47.30914571876644,40.98884601404329,148.1810291466727,0.4239326733459709,6.489831491280152,0.7634819341021998
mountain_correct_2.mp4,correct,1048,159.0405216631385,161.19851053252225,47.49741900139103,42.753768614964585,144.83137059604266,0.41411030630668744,4.299226751341521,0.752723429707304
mountain_correct_2.mp4,correct,1056,160.70312279205407,162.67495195733437,48.8714972949599,44.95467000647291,148.4618043372518,0.5415420411234628,3.4524405546017354,0.7020972639113647
mountain_correct_2.mp4,correct,1064,157.39288695257363,157.13154696632455,51.18664469199082,50.671067624681356,149.8168337284936,0.4410074320905385,3.2142154588406133,0.6394540055339191
mountain_correct_2.mp4,correct,1072,157.58464263205246,157.1113783035595,51.128698423504446,52.43505486426013,148.77941730452952,0.4368018848280417,1.9581934776903167,0.619894194968801
mountain_correct_2.mp4,correct,1080,158.27754346901435,160.2219461655745,58.323034122088664,53.91719970468346,148.98875364060305,0.45586776502847953,4.821556479417908,0.6408788804505886
mountain_correct_2.mp4,correct,1088,158.40533677111037,162.4633715001067,51.271874577472666,52.34031102827408,144.237079875472,0.4162067876113222,4.496284062625288,0.7808374555558834
mountain_correct_2.mp4,correct,1096,162.97958792393467,165.85553254898477,45.99542306313713,45.46785934518969,143.17928258420557,0.44055030223922814,4.8448225060885,0.7816921203835356
mountain_correct_2.mp4,correct,1104,164.60986449197517,166.64636127699808,45.69968884162081,44.73387155520259,144.89785495072604,0.42062612283077033,4.291581364627801,0.8483411923281845
mountain_correct_2.mp4,correct,1112,163.81652645559015,165.18036044588348,50.39703811945713,46.87828303599545,144.96850626995175,0.4243987329618493,4.609205182973957,0.7344819840616643
mountain_correct_2.mp4,correct,1120,163.02822229210804,163.4733339667393,51.567735366588536,47.34523261777685,145.46339686172217,0.3894289391041851,4.77432067742328,0.7089512396862065
mountain_correct_2.mp4,correct,1128,161.6866528994589,159.0714054524141,54.23881834228032,51.05831550331411,147.82651439335825,0.4510822642048854,4.695137517880426,0.7315465736319576
mountain_correct_2.mp4,correct,1136,162.34007455160062,165.2416356752273,48.02080344306253,44.64974489193676,145.48775389733902,0.4259577296785291,2.85331131881421,0.8261232644845524
mountain_correct_2.mp4,correct,1144,164.97521491062204,158.1776290477769,56.11587179071857,43.75870115901185,147.2129060937058,0.4867407910134482,2.421671821708636,0.7430534633852924
mountain_correct_2.mp4,correct,1152,166.100993659971,170.4027580219984,49.766168037544396,39.113739074947716,147.15201030901537,0.4443439837372826,3.1729859847884825,0.790146458675673
mountain_correct_2.mp4,correct,1160,166.59665386731717,168.87157973266756,46.196258985256684,39.500751070063714,148.42835371285614,0.4171227090817632,4.235720880241447,0.7744208378596616
mountain_correct_2.mp4,correct,1168,168.2267308304549,166.50017411732082,40.66309316596326,39.689672289340805,144.4014778445567,0.3713867137981888,4.230741258856588,0.7982332641814479
mountain_correct_2.mp4,correct,1176,172.28016243173397,163.75555576575331,47.49785066187965,41.612390296093956,148.82054539183832,0.7376841388857998,5.648234278369264,0.7003579443646655
mountain_correct_2.mp4,correct,1184,170.94108542041928,171.00752421702626,50.77517464773202,38.32210981810246,148.37587226032798,0.44767044677375756,7.035444865201425,0.718241419386808
mountain_correct_2.mp4,correct,1192,164.3749517832662,169.23162339433148,44.87758231983272,37.87641793803796,145.90526129564157,0.34730521559397826,8.874456985333214,0.7787265180977163
mountain_correct_2.mp4,correct,1200,163.1505201458912,165.15974881713032,50.4516406618121,41.27627799277792,147.34952014654215,0.38349109141286686,6.945945185211787,0.7222933348203022
mountain_correct_2.mp4,correct,1208,167.9207506616085,168.64947194635735,41.44443392666755,36.446400604617466,146.43874050049834,0.4339860594139797,5.264897813188296,0.8031217310788373
mountain_correct_2.mp4,correct,1216,168.96441749267785,168.6146995777967,41.47534951349514,39.74977775235961,147.90296395858707,0.40163988398073025,1.4760785654829516,0.8008327335633729
mountain_correct_2.mp4,correct,1224,167.31618285278665,165.1684484179084,42.6304036253108,40.822675743646194,148.18136941024952,0.41884183507584904,1.3025933219705215,0.7886811206805757
mountain_correct_2.mp4,correct,1232,162.73634744657713,162.67550492400292,49.32981523158641,45.17911477200781,156.344344482723,0.38951203366571513,5.226909154269112,0.5943911393346307
mountain_correct_2.mp4,correct,1240,164.45490198741348,165.34976754066795,45.68942961457069,40.77342654585966,153.9788818118027,0.37923943137157434,5.712952797723056,0.6156495012254124
mountain_correct_2.mp4,correct,1248,161.34331085207205,162.11207068143327,46.03471848794845,42.11992734038611,151.82952206978126,0.3767884208329673,4.884633957839743,0.6480068892796645
mountain_correct_2.mp4,correct,1256,164.71038806268714,162.6835403891493,39.037404234743214,38.39137945176579,146.9286855149984,0.3855159482753265,3.726468657378339,0.7788542633878696
mountain_correct_2.mp4,correct,1264,166.41514821724883,167.27181462396283,41.80776287179361,36.424165526687815,151.03820083284933,0.4198152741733843,2.914793585361413,0.6560520230850457
mountain_correct_2.mp4,correct,1272,166.69361126229813,168.75172452862157,42.30911035218739,43.4533674312778,145.41143721359015,0.4521271437447158,0.1079579743219167,0.7844027997672146
mountain_correct_2.mp4,correct,1280,163.19045052526127,165.12711318669895,42.34344671211571,45.84038813679412,145.91302098205483,0.4915915684433491,0.5062501956131714,0.8144755757772885
mountain_correct_2.mp4,correct,1288,164.09522859743026,154.22478770351438,46.34924723471715,53.0910217392735,146.97624421931732,0.8662455284590893,2.5684545246859147,0.8168448771947259
mountain_correct_2.mp4,correct,1296,159.19209251034576,161.35114932242467,46.25308837009947,47.975705213446794,149.25067887945536,0.4742760445896869,1.6847893783889898,0.7912518216390928
mountain_correct_2.mp4,correct,1304,167.0548914008491,162.9251261380709,44.56989398530844,46.30783792505284,147.10443400188817,0.579523540160385,2.7668141563199913,0.7556761760454981
mountain_correct_2.mp4,correct,1312,162.87545600432847,165.13139348057976,46.08407171029588,44.12115866991781,149.40485842139344,0.44124947178128693,3.0078699473903088,0.7226854559516023
mountain_correct_2.mp4,correct,1320,163.15944376983137,164.62287834867226,45.061059308544934,42.40047740632904,151.500207847366,0.4124508009292752,4.002738044929576,0.7095589425254386
mountain_correct_2.mp4,correct,1328,164.8899088522604,165.72845815060606,43.47274636592297,37.87915942416523,149.70250230534515,0.4672561920332612,5.628473418930575,0.6855983660733801
mountain_correct_2.mp4,correct,1336,162.4998584774397,163.7753433721243,40.89052114451113,38.3219526144451,149.3380930815199,0.43045077584100694,5.246448867572602,0.6666474465135716
mountain_correct_2.mp4,correct,1344,161.44340797458509,163.60594618971245,42.64864519146423,41.6796350539744,149.94055464778717,0.4408203048991032,6.73430077114517,0.6449694010086651
mountain_correct_2.mp4,correct,1352,158.72977410323867,158.75404495270547,48.88900824264835,49.95749575244366,153.04271602830244,0.38270580508318897,5.893151476927005,0.6401052417941818
mountain_correct_2.mp4,correct,1360,159.13358051899507,160.1220005810971,52.65910262480782,47.9028554290382,155.91027129431146,0.4256418383945494,4.625082572212943,0.5737324870527329
mountain_correct_2.mp4,correct,1368,170.1699211399828,166.99153538847426,48.631918977415964,41.1490292097206,154.94657192130856,0.4121108503244837,5.131696311776392,0.6005964695898753
mountain_correct_2.mp4,correct,1376,167.93651285373863,162.3534679583901,50.393342980690996,42.365437583534856,157.4468289705132,0.5256693289365347,6.527477541936772,0.5326747578633543
mountain_correct_2.mp4,correct,1384,165.43911056340653,157.60017670012996,46.82549092249563,41.49365446067327,155.15464996774818,0.5356928252619024,8.049930298801495,0.6098113670895758
mountain_correct_2.mp4,correct,1392,168.08102067969082,162.92024246894658,47.18788248760833,41.155540760929796,154.09189825641724,0.5952567897046239,5.820707940844146,0.727691806560453
mountain_correct_2.mp4,correct,1400,174.98055399753736,147.71062751371952,48.215516777373075,41.17929690231501,151.80389612844297,1.3568326745334724,6.665186528193943,0.6661488886244045
mountain_correct_2.mp4,correct,1408,164.7917708447627,159.86182720746885,48.07593182488124,42.1247916437264,152.5402102028339,0.4975683976333374,7.960131431487963,0.6291524738661605
mountain_correct_2.mp4,correct,1416,169.43301808460697,165.08412863257283,40.018181776088014,40.072955101199696,149.20907966267862,0.4258705299750829,6.3297228795549,0.715979193104303
mountain_correct_2.mp4,correct,1424,163.859868596271,165.49711274366595,51.920828319172465,44.9773497289559,154.38105720193926,0.3643412242237645,5.849137851412239,0.6205581136434775
mountain_correct_2.mp4,correct,1432,167.6673941422901,158.17738794207654,51.033596148345964,43.18523158203756,155.3984994716014,0.6524361559297619,6.233178731431693,0.6046212404231295
mountain_correct_2.mp4,correct,1440,168.3827159688453,151.08744539767926,50.31879502404652,42.44816921334249,153.2558964201097,0.8847087274022781,5.285724945415848,0.5991633637049069
mountain_correct_2.mp4,correct,1448,162.8946607365185,158.08294520325458,44.47599157646066,39.12591981670942,150.36019832814603,0.4129320266090211,7.466170352673352,0.5457771543131011
mountain_correct_2.mp4,correct,1456,167.26634006812714,161.11401830259175,50.43958838943806,41.53727583426509,153.5834324161215,0.6323158745275699,8.342165214813825,0.5591502250403368
mountain_correct_2.mp4,correct,1464,170.4491217266342,155.26182251943956,50.521825385334424,40.047827801800636,150.81671094081705,0.8844059181377822,6.926364980190874,0.5836800897439035
mountain_correct_2.mp4,correct,1472,169.64673722719814,163.42402517915474,49.152632007736514,40.47387248011996,151.80197157433807,0.5616253211804196,5.774406114746209,0.5960778625427491
mountain_correct_2.mp4,correct,1480,171.440453192323,167.73465222732392,43.84675064722497,39.21406376440828,150.93132939796536,0.3996780631385996,5.196938528981953,0.6647533640147343
mountain_correct_2.mp4,correct,1488,166.9510560115398,165.34184915656388,47.17454387649864,41.399938457423616,151.6116829353868,0.3773137933124033,3.943044636564112,0.6735938419093755
mountain_correct_2.mp4,correct,1496,170.80254032637313,170.70689731534642,42.36050774862786,35.384119655119,145.2683857762754,0.40133448119459947,4.605489208217372,0.7681568963647218
mountain_correct_2.mp4,correct,1504,166.57691234679834,163.87976747206548,46.03483846586764,39.45545073917495,149.0173430297471,0.4094938818423688,5.351708306609475,0.6251023962889315
mountain_correct_2.mp4,correct,1512,165.47189648310075,164.88184005118657,44.74831763809082,39.36403239509337,150.82993388225128,0.3814965605592085,3.0046316563965476,0.639227006005171
mountain_correct_2.mp4,correct,1520,166.4044013223327,162.52632966341884,49.973335859118684,41.32743518502624,154.60133603995882,0.3992879573534044,3.2799788414956508,0.5487678154321541
mountain_correct_2.mp4,correct,1528,166.41322863265546,162.14523418093557,40.69757826687041,37.41073942656247,146.0465826939762,0.4236065095422812,2.5151992847927382,0.6546441241627597
mountain_correct_2.mp4,correct,1536,165.71011185122055,164.98986659422755,43.38719675926783,38.403002112389366,147.6812080099345,0.3957247286067281,5.588978993349731,0.6819925941042274
mountain_correct_2.mp4,correct,1544,166.99221545898638,168.3246353992822,42.78931045568502,34.75143075320843,142.78905960456044,0.40247920305992047,4.6490380492416055,0.7246922673350034
mountain_correct_2.mp4,correct,1552,169.52728014401333,168.42572363121195,45.88834582952979,40.49880733244614,147.48434990834792,0.43192066545372504,4.608815053267741,0.7552506352843941
mountain_correct_2.mp4,correct,1560,167.4134394646323,168.2560027482315,45.19262413159226,40.94030510103934,146.96217511385117,0.3822884088989872,1.7557612195120618,0.7904279752651577
mountain_correct_2.mp4,correct,1568,165.89250603638448,168.2834901198253,41.350399158791674,39.796539425164056,146.45617036584673,0.39834564097819897,2.630965314794853,0.7523977176866495
mountain_correct_2.mp4,correct,1576,163.15489986321214,167.08245474326984,43.31719329813114,40.73755151353232,146.08559560221863,0.5397758740639415,2.0306485127138556,0.7802445586061858
mountain_correct_2.mp4,correct,1584,168.1252999769579,170.2205360912232,42.399298104323506,39.12669071259597,147.52432888317892,0.4535566267249139,1.8806722036076564,0.670039386307425
mountain_correct_2.mp4,correct,1592,169.36499828764133,169.86859379943513,41.68764463183282,40.66701762588185,145.93121886449356,0.43350779242178683,2.728671230256404,0.717917055145448
mountain_correct_2.mp4,correct,1600,170.26041184184746,170.15486868328497,40.83975789413073,43.41936239116883,146.06768287042112,0.49741727087082366,2.4958479788867063,0.7840396967397337
mountain_correct_2.mp4,correct,1608,173.60643203266525,164.04311023962563,49.336437589036585,43.88498419895866,150.90080891425757,0.9157813015324601,2.942804018910167,0.7200317298303773
mountain_correct_2.mp4,correct,1616,173.91295575715634,172.90803666146013,38.13753737638672,38.79951927570474,147.06035203300127,0.44409548394818116,3.4402319731425983,0.739642826565011
mountain_correct_2.mp4,correct,1624,162.91891670783278,162.86320066794912,45.922660349930965,45.59615367291011,151.9049737607262,0.39186485305005403,4.48268080672921,0.5948615589075787
mountain_correct_2.mp4,correct,1632,165.62288943649148,166.7338429178229,44.89334549219561,44.01376203266258,152.11362148004798,0.39789391400191165,6.205259434806355,0.6076956205824817
mountain_correct_2.mp4,correct,1640,164.75482584384915,165.24942301452214,44.47672100923066,38.98770228795156,149.53475435696265,0.37866909208974125,6.818179671476143,0.649537318707661
mountain_correct_2.mp4,correct,1648,163.3996764163783,163.10347092383864,43.242249181396105,41.69249851677497,152.26096347408264,0.37562114289782833,7.7756071691373005,0.6330249057518889
mountain_correct_2.mp4,correct,1656,166.80516194903896,167.18567892221174,44.2072119260211,40.009883445879424,149.69269297182876,0.36983829705398474,2.935884751126007,0.715289214390543
mountain_correct_2.mp4,correct,1664,168.20657118273198,168.85518624619218,45.41401425114183,34.38864891240894,150.60313633728035,0.40248176337627456,2.7551121585450193,0.6499584486980957
mountain_correct_2.mp4,correct,1672,169.2817699372341,170.54248090289093,39.899218299726236,35.28133132584606,148.7955176532423,0.3737230522675148,4.1572395698656255,0.7321683389494769
mountain_correct_2.mp4,correct,1680,164.19351134248413,166.0098080435939,42.498282751374305,41.454153883560146,151.76825413778843,0.3636357154054691,2.8089578584562385,0.6559826679723573
mountain_correct_2.mp4,correct,1688,165.92382627707102,162.37372297522577,41.651455066616286,43.8900155097985,150.96116102566518,0.39910291587117985,4.3144377987170985,0.632866080814192
mountain_correct_2.mp4,correct,1696,167.91655098698044,164.04518058339423,39.64264420052749,41.88622794407654,153.06314650927013,0.40470812926918454,8.522323613159422,0.6023234950725733
mountain_correct_2.mp4,correct,1704,167.19208611674168,166.52369622833214,42.68239429564923,41.07721082809893,151.85300575804467,0.39351841113551705,7.206173959014121,0.6012588422380497
mountain_correct_2.mp4,correct,1712,166.84253200481814,164.46769597739623,42.16820244251065,42.35779281662295,151.71154764264378,0.42470511931241833,7.083420844296615,0.6334704703389177
mountain_correct_2.mp4,correct,1720,171.53175649626075,166.50222810566066,35.79396343417968,40.020599332641105,147.77224082681084,0.4173319830367812,5.791472059244156,0.7186286124553216
mountain_correct_2.mp4,correct,1728,167.00188999412262,165.21516601426717,42.61545461558799,40.90320481554156,154.652704236369,0.4107713427210023,5.660171232051253,0.6178190139338431
mountain_correct_2.mp4,correct,1736,170.22447843478193,167.86425695254596,38.30936604555229,39.74578211714164,153.15419244315535,0.39347731548439874,5.674144768988865,0.6523056456894986
mountain_correct_2.mp4,correct,1744,171.83974396439436,166.98031602993152,38.58430689171175,39.44442567084268,152.12430587875326,0.39807526947164634,7.0327226662315985,0.6806050778763133
mountain_correct_2.mp4,correct,1752,166.69530427715335,166.10219284898704,40.345439904284916,37.12728555582851,150.74626734911737,0.3807573282780935,7.446995442127731,0.6379190060579241
mountain_correct_2.mp4,correct,1760,161.80865166048926,160.85728546938068,42.21589083344204,41.96507379992793,149.4975646810648,0.39147110384079375,3.3343453806602614,0.6514857330490358
mountain_correct_2.mp4,correct,1768,165.3958500057042,163.30258210843894,42.326241328645075,45.335664763601145,147.04962831073152,0.4203809801815411,5.129987953202479,0.7316251110145775
mountain_correct_2.mp4,correct,1776,165.6951042393645,163.14708186239682,41.676085728156345,43.70981039537849,146.9350222197544,0.4370005947089918,5.226107485851108,0.6824260440766786
mountain_correct_2.mp4,correct,1784,170.32118942762622,166.42321022942144,38.49437324432293,39.956607493308056,145.6331330786593,0.4224011432569987,5.562445537144628,0.735193294640644
mountain_correct_2.mp4,correct,1792,171.55462019058774,170.97583149289932,35.6370064321029,37.6878046656793,144.27138492538734,0.37741673853669555,5.688653496371429,0.799283573707022
mountain_correct_2.mp4,correct,1800,171.67189930644628,169.02433023787174,39.48870336025607,40.30056186053672,145.10229436718856,0.4389422826073499,5.5411600055394,0.728922659806643
sample1.mp4,correct,8,151.81159377966378,151.29604628482542,77.00336732809946,71.29297232377056,152.81661492166816,0.29922945557160086,1.601938062831864,0.2885111815411309
sample1.mp4,correct,16,161.0309517299904,154.390729069404,70.8962936200406,51.04631760021157,144.05765364701998,0.2683484869390313,0.4767802804602799,0.27978164853461535
sample1.mp4,correct,24,161.04871679713423,152.29636374929024,71.4300877640878,50.40411801085654,142.1660953983105,0.2813757005663407,0.8494862433201186,0.2548609163899483
sample1.mp4,correct,32,167.13937952595592,154.7056371067931,77.17568638455305,54.96558349780915,144.24428072258863,0.31025539565847415,0.7970138162091039,0.257683420159344
sample1.mp4,correct,40,165.83800048683028,151.89542677803146,79.56810203068261,54.538781227698585,145.3540935148727,0.3543072104090289,1.6292803159841416,0.27632330203459765
sample1.mp4,correct,48,158.29430581253007,148.55066644026775,77.27095462214736,48.41096955270357,147.73170798616906,0.3263170908052195,0.27435332676064084,0.2274703877834314
sample1.mp4,correct,56,161.78423772570616,152.8399841406246,78.42916821274156,52.08370520426398,145.06706688271586,0.31877195846233763,1.2396454701918511,0.3048730170334977
sample1.mp4,correct,64,163.82956810835486,153.37859772314246,78.09918378978574,52.509045053651285,144.29604481756712,0.286348459538066,1.2328267227507763,0.30453996934416566
sample1.mp4,correct,72,164.0281266419651,152.17276711120957,74.54864740663933,52.05271524081876,143.50894675921208,0.39127220217237063,1.1953592031671123,0.33565792142995293
sample1.mp4,correct,80,166.87925417152385,154.06787964811662,77.65579797337412,51.692820690964886,144.37458221535286,0.3044323778516453,1.703122887387631,0.3011162541177132
sample1.mp4,correct,88,165.63306552550333,156.52730982229556,79.89058431499373,58.47263308420637,142.27990264002435,0.2752191970258494,1.2979015832556045,0.35229791218119244
sample1.mp4,correct,96,163.09795908314987,153.63086505882842,83.63055292551195,56.428670563565355,147.3675385841767,0.24591274859158532,0.7746309293974305,0.20716668227421595
sample1.mp4,correct,104,163.981781803895,153.53573082334475,83.27197158205463,55.84847663584884,146.38355757503766,0.2670324765378474,1.884866903433722,0.2408997968161925
sample1.mp4,correct,112,167.0420942565698,154.42429557813117,83.01418117607383,56.8405308561144,145.57681512696294,0.29126990330830727,2.404365055981361,0.23843098813932154
sample1.mp4,correct,120,166.3929843707417,154.3696847085468,70.38438738688134,47.57579942917183,144.5329567331668,0.2617945761399858,1.9373346471018382,0.25225552786023187
sample1.mp4,correct,128,166.3342962142308,153.96081537373138,70.34534735388372,52.24982942740934,144.87553223975894,0.3022544992418623,1.3593686296156449,0.30873423786641946
sample1.mp4,correct,136,167.18094886386635,155.1478289132866,73.56263524561533,53.577356000120346,146.49785783201085,0.287992006030359,0.6957678473236975,0.25007067975551056
sample1.mp4,correct,144,163.02848201274543,149.28226057278334,76.66199648226109,47.03371334905505,144.3129441087968,0.3039368451028182,1.282417785393768,0.30175935764868
sample1.mp4,correct,152,162.33537365017992,149.86299217914095,75.5965754100738,47.69299960568399,144.8346141211991,0.2361435074920184,1.2563189734360303,0.23428532532914226
sample1.mp4,correct,160,168.37166251020594,156.01734995684268,74.1030216048413,56.4034543119407,144.72851308765894,0.25413331589416044,1.2468436477798661,0.2653651071965032
sample1.mp4,correct,168,168.19004102671852,156.9609752877321,71.78559867491037,48.024501674014374,144.67482828643608,0.368170795065376,1.3267799626330719,0.28249247266472716
sample1.mp4,correct,176,167.84025538749736,156.79993465977392,69.26169964649422,47.09127728586292,144.0007874911628,0.3436336466126027,1.9774235921893515,0.2821770323709795
sample10.mp4,correct,8,137.02149407745972,137.36729256323096,99.69831607250018,101.44671893406691,143.73278020205692,0.2699785780308108,1.7079702631289264,0.5434783701419287
sample10.mp4,correct,16,140.5053458465094,142.50258977693017,100.34619018897735,100.57718138631873,143.27198659636375,0.3313415911014489,1.1417799305822267,0.5340933247181289
sample10.mp4,correct,24,141.93115898902312,145.117906931639,93.54158402255555,98.39300656380422,140.64612888222342,0.2951144845088252,0.044683604893782654,0.7412729824963062
sample10.mp4,correct,32,149.07121035195289,154.79924563810138,100.97329191435914,98.3311342090853,143.94588371145034,0.2873145488711121,0.5750159221023402,0.5738882103666191
sample10.mp4,correct,40,138.97296873113464,149.16260517634376,100.99239230690796,98.55102463340312,144.65749632947228,0.30659611832486705,0.05471793227851127,0.5060709925160322
sample10.mp4,correct,48,135.11973972290033,141.0780467620163,103.47428326581331,100.25198057646048,145.042673954859,0.31330682314996283,0.08651322406984599,0.45806839223461043
sample10.mp4,correct,56,143.95687376056856,147.43751148270698,99.9301467459848,97.6564209875007,145.06001355287208,0.27121694004340824,0.9014169374737808,0.5054555073657484
sample10.mp4,correct,64,130.60809417001903,138.99460250003509,98.87044054705905,99.02208262182252,144.54487100371477,0.29364746675942716,0.12668671123224598,0.5047513952574734
sample10.mp4,correct,72,141.90537165352958,142.70339675464297,101.95684995052387,100.54862230854559,144.7393032944232,0.3019991074595437,0.8005143442624224,0.525931539491718
sample10.mp4,correct,80,135.1898967533162,140.1757682678514,100.87067418172694,101.2549688565541,146.52305884699985,0.282786668617567,1.636844781822211,0.4973813786977606
sample10.mp4,correct,88,137.58567183390295,143.18603112431532,102.69479511039641,99.53165278531252,147.37567456575385,0.2818987582458637,1.6467154385223732,0.4784199630547601
sample10.mp4,correct,96,148.5119246931314,151.28127130648073,91.92547510975379,93.18711998427173,139.46235983125302,0.3067730901331275,1.6477100309462909,0.813418843283608
sample10.mp4,correct,104,126.45670025374012,129.8590278982888,102.75291835896256,107.92712347563486,145.22689338167092,0.3281418337653954,1.0995080910335016,0.42615815869979606
sample10.mp4,correct,112,134.79353663132468,138.2260526914351,99.49332009040928,104.05478169477688,144.3371132967339,0.27306746287963823,1.6090134811350427,0.4753813981752043
sample10.mp4,correct,120,145.8404564663697,147.26253706840657,89.38877654725181,95.10023636933191,136.54694151950895,0.3018846235581947,0.7221438861795612,0.7435427773749463
sample11.mp4,correct,8,154.39253180180302,149.7084758217675,56.68047601664147,66.8323826369572,142.88537564775444,0.28524932958010407,0.10987289821886598,0.28271037125126997
sample11.mp4,correct,16,160.9504962317452,154.25071080626932,59.600707135135615,53.38097875548018,137.62140979221857,0.4338532894268034,0.7577193738808865,0.5203496909285816
sample11.mp4,correct,24,161.1551650055596,149.859511428617,56.50748722231854,54.537507536526846,139.16042565101952,0.24800278594623434,1.0452443411790004,0.4808373397434024
sample11.mp4,correct,32,165.4333054394478,154.62130419559526,57.10986665881831,56.82794282050137,137.6063587703136,0.1837014560221462,1.37712930272424,0.4032714226978663
sample11.mp4,correct,40,160.93550566094189,151.04321413328495,54.21471843025706,45.92889161361833,139.4069306201574,0.25898993175452617,1.8432058253537758,0.32619390466901826
sample11.mp4,correct,48,166.91687334685005,154.59490684288798,61.29827999449341,53.04825336085108,138.70725107169497,0.30705008159884783,1.510089460047875,0.4806354697239644
sample11.mp4,correct,56,161.45488426917834,153.2284029266553,58.14976752687218,57.86421730025993,139.18018929656301,0.3925398757115499,1.4508767902304278,0.4113138779966855
sample11.mp4,correct,64,164.71853439806148,153.03054903388482,57.52676504039193,64.26289300730154,138.54218546476895,0.3848259852481368,1.5015130121252018,0.49085169451882654
sample11.mp4,correct,72,161.94934289943177,154.7708169259297,63.336551294697045,61.037584924077784,140.22781790583335,0.348980602156571,1.497540304876625,0.3776041854644652
sample11.mp4,correct,80,165.59246473362302,157.64628927388355,60.7262606413433,67.37459726008422,138.1706754150198,0.3763410055611774,1.4210558152972925,0.5292285450788236
sample11.mp4,correct,88,162.77749288529108,154.00519740206167,60.31325265690965,56.702688634839795,138.39349790410034,0.27422236077691553,1.6437308186676156,0.39959534328897656
sample11.mp4,correct,96,164.16586140130053,153.7301409992527,63.304681848066004,53.74191443888877,139.9382781834231,0.3531236005497934,1.9516055165156339,0.3805350431644332
sample11.mp4,correct,104,167.52685561473191,156.39686067538432,61.20187888172175,66.23449837397227,138.3521987473914,0.37870287203924835,2.0129640014747516,0.5107981929895238
sample11.mp4,correct,112,165.787165596075,154.34784645035788,51.66646398021282,60.940397239840976,138.31716117631652,0.3468692491652011,1.9140488352330576,0.427526453027294
sample11.mp4,correct,120,163.7778880974201,154.7341958960717,56.93853898743962,58.54978462351843,139.4211397496496,0.3198910875262447,1.3345903419440552,0.3461863254897175
sample11.mp4,correct,128,164.69736371072733,152.38765997836097,54.322338868297166,57.969159070668915,137.06575253504968,0.3019909300928115,1.4867837183057933,0.4969725528313578
sample11.mp4,correct,136,156.23946148125555,147.16629126855702,56.69705102291991,52.45069187133185,140.12916445688026,0.38940839848584463,1.67315276987422,0.26099910955610195
sample11.mp4,correct,144,162.55188646326673,154.46954553506077,58.11634498815644,43.45887747559136,137.82063094335402,0.31964713226998287,0.819149831020766,0.4604400639198461
sample11.mp4,correct,152,159.86774628514394,152.25780228571932,64.23638883912948,67.9346180228654,137.8302877485401,0.28498384605817645,1.1098127201475538,0.39741220556237844
sample11.mp4,correct,160,162.45338395008184,153.06809527179735,53.64525444382658,61.82189070557986,137.6437209183214,0.29883567612601125,1.8006641974513482,0.41541040034977167
sample11.mp4,correct,168,161.42527678844962,154.28003198079776,56.149770585836784,59.19247662388089,137.30213130049097,0.34971913399933396,1.7415005143666016,0.4653083027743616
sample11.mp4,correct,176,165.98254075377668,153.02401789579756,53.772484197160914,62.18285030693786,138.53240881201273,0.3482734711676762,1.7526051038965216,0.47090535421619145
sample11.mp4,correct,184,155.53696863142372,147.96516439630793,48.49379503680567,49.70663634204921,139.06041560611376,0.4154723071918515,1.5179155041231402,0.34420658607421367
sample11.mp4,correct,192,159.01515955689857,148.13199812783222,53.49954618060485,39.87449158289609,139.5162893851414,0.3082416453306427,1.1266927899340153,0.39949384955270456
sample11.mp4,correct,200,158.0236834068198,145.34705382453305,45.78285934847942,41.23327457531023,139.97010703576717,0.3293624000009306,0.6630323301116164,0.425904547008851
sample11.mp4,correct,208,162.69811704217304,149.85103260309336,46.284312691459775,49.75781059761391,142.07525642314135,0.32543255802512183,1.0226924002429563,0.3712971477386566
sample11.mp4,correct,216,162.59277293301162,151.7785915390233,52.03634780261356,57.136187569128396,139.8443346635865,0.2484104789829579,1.300060528181234,0.3686205665637792
sample11.mp4,correct,224,163.09954147787965,149.62517013109502,50.799545951333904,50.49679442672753,141.13743712157995,0.2955665472811229,1.467206456085924,0.34906305168463264
sample11.mp4,correct,232,165.84961790446943,154.21810721581522,52.09072831947723,55.445150440552325,140.42336939735554,0.37062277043447006,1.88492406901024,0.3875953568793586
sample11.mp4,correct,240,162.62858546483406,152.5214354060933,49.25703350762273,47.823877196029855,138.6299249786303,0.3139884476465953,1.6992615600902854,0.4454949765141774
sample11.mp4,correct,248,159.11596249941388,147.92244931756437,51.82646546637862,48.079033260443545,140.40362153001362,0.2963757249209198,1.5992776156675454,0.3703435237471997
sample11.mp4,correct,256,161.86646614067956,148.53936296071967,49.55832888416337,50.42224928480161,140.22549186036707,0.32113383820071356,1.895711339425306,0.4065460270723999
sample11.mp4,correct,264,161.98858668628534,152.56246913276527,58.13127048443843,53.84771205990864,141.28418937616544,0.2779851483612075,2.2569013360832058,0.2701447291216578
sample11.mp4,correct,272,163.912589523984,152.1465172581599,48.690255806174314,47.66635300350948,139.13300097938293,0.3068409161425373,2.289518275831836,0.407573730483864
sample11.mp4,correct,280,164.53202758842613,153.39338577138065,51.57674055124938,56.07918964124062,138.08255489679868,0.2744484238761861,2.2550271866014047,0.4448783721672451
sample11.mp4,correct,288,165.06559886589554,156.53552159540308,50.859795710540034,56.91028475699641,138.66098936554107,0.242622856222275,2.4360556707695933,0.4043194320179969
sample11.mp4,correct,296,162.9643874489895,152.61355632666474,44.128436751267316,46.249585528008836,140.41787754720391,0.23845484622715737,2.31114985425261,0.3509962231279458
sample11.mp4,correct,304,163.27650047237594,148.89744393882785,45.48499796828751,45.08276580896465,139.74313204085558,0.26634091628048845,1.8436768524858205,0.3924540322687558
sample11.mp4,correct,312,165.52378022859423,157.42083400673624,48.286125625005674,48.28847862053878,138.70883920481504,0.18780691127284613,2.590153435697709,0.3060982351176909
sample12.mp4,correct,8,168.35043283607232,165.44699481514584,41.51146345748057,32.95916869607146,137.73677131218986,0.3416202436228375,2.137014864098611,0.2991907230364469
sample12.mp4,correct,16,162.65558537498447,156.14617771980102,39.13810310568077,34.02452214898755,140.35985424237867,0.3152965490997747,2.814841324719224,0.28929729550768757
sample12.mp4,correct,24,164.45898833474067,159.67309426181183,36.98305233347589,29.160932990788023,140.3774352288704,0.2970687013050193,1.5988038100708677,0.3545833677803945
sample12.mp4,correct,32,168.5942796589277,157.24653100589438,34.01721147701078,29.87836489867797,140.2683196422589,0.5076903966389593,0.9620996440668479,0.41627113557812534
sample12.mp4,correct,40,169.42752067998546,159.13485831961134,38.968528289509955,37.703595068782036,137.62557782580458,0.4903858779202132,1.070164736638394,0.49799293410668877
sample12.mp4,correct,48,171.7816500416941,158.55726487316232,38.337737739585556,40.164416203644755,141.7601067741986,0.5960355877556642,1.1672136795318955,0.3803134836105429
sample12.mp4,correct,56,171.67713539347068,159.61924642228823,41.27119921978759,34.09240326576709,141.38496269158387,0.6390064052753921,0.8125383403731002,0.3369730547263753
sample12.mp4,correct,64,168.72975562019099,167.13052877864294,34.51973633287901,36.12010556333853,140.35324672041094,0.3586456563281857,1.3313596317676455,0.42050540213251103
sample12.mp4,correct,72,171.4398856895822,168.86927877339784,30.925760424539135,40.72966387539415,140.54785132929854,0.36540358340418294,2.0891600585453696,0.5127531968842404
sample12.mp4,correct,80,170.38935220053122,166.00193213004295,33.09178684902686,31.637059894779643,143.92144098526347,0.38173697909837895,2.4900779417380914,0.4436947468775015
sample12.mp4,correct,88,170.58109684547676,166.2724661575142,33.95254018367128,37.029366223072934,145.0085248733073,0.41998895710254175,1.9228202439573867,0.41485455783140807
sample12.mp4,correct,96,170.53467023654437,165.68394197542608,33.942413320464084,36.45080956675024,143.79154170012922,0.4012351941394927,2.252187369634634,0.4393822623422601
sample12.mp4,correct,104,169.94710106239214,164.48825496953268,30.51830876429356,39.441620248060175,142.61107857760678,0.5436393426354077,2.027443142932109,0.47370462812477454
sample12.mp4,correct,112,168.30802495164858,169.16909866295626,39.12905265632226,35.33787486412707,144.61564896100344,0.3995322036939362,2.1473010044363985,0.33547177052743327
sample12.mp4,correct,120,162.54081780225698,165.85647779101305,38.00435321845024,35.349880152220116,144.09714466291643,0.4542489981805903,2.125491269969479,0.2653905097834233
sample12.mp4,correct,128,163.3429412564364,167.3906290815794,35.284219875140536,30.34806798968517,142.2158135977327,0.4533284072061276,1.6946248321585058,0.2848343748350564
sample12.mp4,correct,136,163.08334101185474,149.4024432033827,34.493472384845525,32.772549133468765,144.2644100470618,0.5256035728194429,1.39554323517838,0.3672414674863567
sample12.mp4,correct,144,161.0114980807675,164.34224364865312,34.8857409785057,34.86061879599789,133.64468724967773,0.5788806292822469,2.384488651879048,0.7626014097103023
sample12.mp4,correct,152,166.0506008644616,162.08818656688322,33.11202158385717,34.256991846850276,137.18117676506975,0.6097721665542538,1.6405378264405812,0.5913655640128895
sample12.mp4,correct,160,171.03459135643564,167.26921138080158,42.382558632172724,38.282424640205754,139.73408447232654,0.3933944053335223,2.2610176602781524,0.45669691449970423
sample12.mp4,correct,168,171.22339956450588,162.30106775752347,39.126308028619476,39.63897658890721,139.30402739503444,0.5003861927370404,1.9145430477967729,0.5137853207564922
sample12.mp4,correct,176,168.59184810473235,166.41712707550184,37.65136111040417,31.12584463043813,138.66965556217872,0.439791016944644,2.081720860765121,0.5005535222110016
sample12.mp4,correct,184,171.86504192123576,157.0405723252259,35.14580691944038,31.4364787353264,141.05166323416805,0.44344523002377145,1.973707010795623,0.4165974927415378
sample12.mp4,correct,192,167.3369554323601,164.78441552679718,34.00324151396494,34.51405796289811,139.33727478543867,0.5442403694355387,1.156419978881749,0.5740346464962265
sample12.mp4,correct,200,163.4545204866603,169.49698404381752,43.95937395889,41.03032522465956,138.86467270704946,0.4898274730419109,0.8201105518241022,0.44338276417131145
sample12.mp4,correct,208,165.78915184267862,161.10353466712053,31.175118877369624,30.68858229151219,135.0697710591652,0.6453072032354527,1.764704076214606,0.5647466860106067
sample12.mp4,correct,216,167.4330086511344,160.21079578585997,29.3639303310208,29.28741477444989,135.5318649330697,0.5702926171919737,1.6194283408325436,0.484733937865777
sample12.mp4,correct,224,171.71092474176132,161.32355477947513,33.41496048824931,31.1231544634894,140.9802708008562,0.41244622991290464,3.063294898757844,0.3639273611412805
sample12.mp4,correct,232,171.71331733866566,170.21506379202629,44.62677602117898,39.934878245585274,140.07600381580812,0.2802184395231479,2.2949839252067608,0.33381292502322724
sample12.mp4,correct,240,172.61983804454624,170.39626815568022,46.92191048172711,41.892968774772626,138.60266273973536,0.24081739060677126,2.002318890007424,0.38881247174667344
sample12.mp4,correct,248,173.36423553922424,161.66724061286934,31.918787206161245,33.24718261318014,138.82849713742047,0.39869465240565727,2.4799192013476437,0.4159019574855015
sample12.mp4,correct,256,173.2434262122424,164.56065891706112,32.632171684038504,36.19083795812361,138.72503977830797,0.3746976645900191,2.4005024481724218,0.44857975372263037
sample12.mp4,correct,264,172.03718199499306,163.78923029349951,35.64868710358301,36.23374459240209,137.81370201194403,0.5950338931884657,2.161215236869915,0.5818201044627244
sample12.mp4,correct,272,167.59399487165382,167.78155995229122,36.50262097715208,40.71835279891718,135.37131205492415,0.5077783948864264,1.197814516937114,0.6033644045674811
sample13.mp4,correct,8,170.61817568184247,160.18424642775113,70.8145695001618,78.87830629310497,136.79594057633633,0.2846665765614847,1.7408899488867573,0.22999796330030273
sample13.mp4,correct,16,176.09024781134096,161.38666101106713,48.35707094538694,47.63828668113073,138.0876443705646,0.3100335751479166,1.3609016444269848,0.3242316377248221
sample13.mp4,correct,24,171.53084267421468,160.26965043570812,46.7992939326546,53.93259222844939,136.9108958107664,0.22743025838816935,1.2241414083446096,0.37367748797006795
sample13.mp4,correct,32,149.90289608893121,167.3363796556256,49.469850207449134,59.976583973496474,135.09230471108123,0.21140217920522358,1.2791404558147625,0.39032517680391604
sample13.mp4,correct,40,153.47387050821942,159.09529953165668,44.87535953482252,53.55866315127406,136.11920357763202,0.1834154521530235,1.1969400269499733,0.4874847632333071
sample13.mp4,correct,48,155.21579975442643,159.56686828964357,45.633266159059644,54.9930956255659,136.3731338513814,0.14790638817778373,1.5613490071840797,0.4768490781245476
sample13.mp4,correct,56,162.25004011277997,158.73627871150364,46.51098669598123,60.950679250679606,136.9830508647953,0.3403981713489484,1.5511926563531935,0.5198686541425517
sample13.mp4,correct,64,167.33734236637187,161.46814056077775,48.7908078567564,62.39940736631692,136.03907151479137,0.4231388550398855,1.6422186148960682,0.562695315820731
sample13.mp4,correct,72,151.08203311919084,156.00701452962002,43.70848597693847,54.921633812384975,134.60051568223443,0.30277851243753795,1.22182494053634,0.5933762656709575
sample13.mp4,correct,80,154.90447781537742,161.6859540883837,45.92579575681448,55.764405915253064,135.9535033481422,0.14739293282299243,1.3064891122456728,0.43832780711139835
sample13.mp4,correct,88,147.32008585735164,165.62445197554717,45.11880021570532,52.79570518554373,136.43762377018606,0.08036566751070993,1.1491716217153733,0.45852388820149403
sample13.mp4,correct,96,146.88880272330152,164.7752823580393,45.025011737998774,48.543056152096895,136.0645936284395,0.14129961676956837,1.0755600208438134,0.429165256137629
sample13.mp4,correct,104,158.1040339175288,161.03275974417903,38.78274460267177,49.45067318139971,133.95272457437954,0.2516719637605078,0.893894222929249,0.5604958800133684
sample13.mp4,correct,112,156.69923674209272,168.06498008773508,41.351820403864735,49.17897364525168,133.3559990886943,0.0922623935518944,0.8567253590798393,0.4657623275113005
sample13.mp4,correct,120,155.42932444239815,163.93659584378534,44.322485350912864,53.28163079685817,135.43060900017923,0.07507131226683551,0.9963413842795008,0.45969311438059757
sample13.mp4,correct,128,157.42992200694744,165.20126131632318,47.27961301671392,55.070243015337475,135.34664550677076,0.07583365295794443,1.0396837945469903,0.4628440983009542
sample13.mp4,correct,136,138.20328542099384,172.82265814708197,48.38715387998435,58.67474363402887,134.63221867747922,0.46435869113774986,0.896323365140588,0.4368787858810788
sample13.mp4,correct,144,137.16441080201338,170.6734558070431,54.052606123333035,59.31383317427183,135.56225850288152,0.46436576679339275,0.7890392729790628,0.3861264049666757
sample13.mp4,correct,152,159.68784770262312,167.8425346644175,48.66965596179381,62.354296196401265,135.33711385720858,0.11751688885335138,0.683476510588501,0.47110739424649417
sample13.mp4,correct,160,154.52992286292488,160.48729673217446,46.32140041050563,61.58414318188573,136.77527063405668,0.11556844658097291,1.0482544109132406,0.4156152193526428
sample13.mp4,correct,168,158.9512214177976,157.75700961545633,45.11162242804492,58.48540275197017,136.79899533078222,0.2655327002811915,1.184316132969063,0.4349355870753082
sample14.mp4,correct,8,172.19211471565393,151.84663495794592,30.475299034629803,36.849410828467185,144.49348927331286,0.4034038060723834,1.4276102698722302,0.40891058346579934
sample14.mp4,correct,16,174.0923774518438,151.21271990001202,30.094368945229498,26.736483926746896,142.46274106665524,0.36653566010366023,1.8625126909548388,0.41977123860818244
sample14.mp4,correct,24,174.89465127747835,154.24455543686938,41.36857271590988,30.109062700643438,144.5253419859723,0.42281548775406835,1.6739266543924085,0.33970397589974166
sample14.mp4,correct,32,173.88226280986592,149.73612855983606,32.54289296890978,27.842092562191162,144.1316899570972,0.47419889857716857,1.6127106459880902,0.35075036070044985
sample14.mp4,correct,40,172.95496481748665,143.4406570579226,29.147175049127128,25.451715716296047,144.6350911336065,0.41900414313099,2.0246472948637844,0.35450553461208784
sample14.mp4,correct,48,172.1078181481207,147.5554261112587,26.96013177750476,21.260539068978062,142.26483066655106,0.3812213387891333,1.7600056246347946,0.39092548115178477
sample14.mp4,correct,56,169.2758493364244,145.4315475690138,27.389657040782588,22.370706421848492,143.87020742944108,0.3966579312074217,2.5337174680047396,0.3556621533932691
sample14.mp4,correct,64,157.00855778648008,133.42527455431068,24.723391140932485,21.605303162473874,143.84985852604663,0.4208711969052047,2.5231948905988255,0.41559570077770946
sample14.mp4,correct,72,166.0496394176594,137.32516453593686,33.175799638175896,21.597016908753034,145.0736297254305,0.48630738461034545,2.9885083133035373,0.3140076671825318
sample14.mp4,correct,80,158.26629907711796,135.12296888177926,38.2846415124017,27.650255754586723,144.8006694766163,0.42586291747940264,2.7156856413915174,0.36783201083949546
sample14.mp4,correct,88,156.21972792672966,133.08357686396755,41.93783763945186,32.06587747419156,145.22250822019197,0.4114704210073276,1.5951307026346115,0.2699156536201057
sample14.mp4,correct,96,167.18623162522437,145.34311771744308,30.014255846439685,32.88990705395535,142.6821340713984,0.3788959771046405,1.8330240859350113,0.4051811828350492
sample14.mp4,correct,104,162.65666368732658,138.2497290902713,31.922217416370085,35.89130744352934,146.53641126963723,0.41759025696542135,2.0162051985959546,0.3203101397459744
sample14.mp4,correct,112,163.51793029640785,138.31809741479404,39.837029245426216,26.795202652753215,145.31244564561246,0.47096294299338326,2.520376424730668,0.19561472515722897
sample14.mp4,correct,120,159.75705301973088,131.00187626162295,41.40268440151191,32.28640793733439,147.11643290418533,0.4249833614900546,1.6133298174272948,0.2260010401603078
sample14.mp4,correct,128,162.35224219007097,133.7419434111021,47.345768259226354,32.6248426847085,146.0963517701775,0.47108261954732306,1.7207470131685365,0.2676430365293472
sample14.mp4,correct,136,163.66531529326804,142.06828552220534,37.83526746878956,28.834246361188594,146.3546348595657,0.6314731192126282,1.3328545148047908,0.2980469520839025
sample14.mp4,correct,144,167.3059194641707,145.4794211098245,36.47996718594766,29.63741278174873,146.1657329961177,0.43176790276044397,1.6817957928018235,0.29263421752755814
sample14.mp4,correct,152,163.67158685195136,142.13161604677617,31.93510753518447,24.76874447226806,145.68582540611706,0.46008545653385335,1.5132383583503857,0.26728306196744916
sample14.mp4,correct,160,162.86924079636952,142.71396875283256,37.37346248067552,30.170908614741563,145.92725261333868,0.4466004988844518,1.9258159807941087,0.3385875075531784
sample14.mp4,correct,168,164.91339849082257,140.00424584026695,38.82432635624982,30.399136144904155,147.7615590518727,0.4975224137129673,2.3028085435059755,0.27338753751251066
sample15.mp4,correct,8,165.44973256974038,154.2398031080647,58.694669954952325,46.262578534651304,141.47512741028518,0.49770131802749756,1.1730621159006076,0.5853840138898418
sample15.mp4,correct,16,153.1247612914241,142.20302488356364,49.68166730703265,43.48195699536758,140.45325986374004,0.5913633595153991,0.8558633143188003,0.7617056293814986
sample15.mp4,correct,24,131.27882456952804,121.26192153853192,51.31537287043653,45.460957613470605,138.94556178464336,0.4921580754818396,0.9137761545451254,0.8052806306520356
sample15.mp4,correct,32,137.88077786616063,120.88697732113006,49.37894828838493,47.03592022121084,139.6710219097087,0.4318896957378878,1.058255282680887,0.7671264499533961
sample15.mp4,correct,40,161.46877440089457,147.932027241181,57.253070335648154,54.90578056264196,140.40615014437918,0.3153159687487231,0.6865721242005486,0.5906914984818168
sample15.mp4,correct,48,169.3517936900181,156.38794974199752,58.09177451114453,55.65217340729659,141.05053881577024,0.28144213949747815,0.8769194518762649,0.5623340714826527
sample15.mp4,correct,56,166.98001095434483,156.9044735019548,48.35936484686284,47.5545946279828,138.21714846053018,0.23309759083764245,0.4946397201957869,0.5317720643783822
sample15.mp4,correct,64,163.42643079741626,151.88942568080208,48.795105560876,51.08414032085151,137.08438739826423,0.17509654349297862,0.29947903832454664,0.43810133653537514
sample15.mp4,correct,72,166.86314864899447,161.88931631606243,48.32590872773464,49.86417918560258,139.02029316324388,0.295361018055054,0.08023389559763529,0.39994093317241725
sample15.mp4,correct,80,156.60434812776367,144.35055825122942,46.539111716443585,50.62812047744586,137.5570539837271,0.4842009242999906,0.05334718409228591,0.46223999585471576
sample15.mp4,correct,88,162.0547949417433,151.3865444442478,58.070961330726846,66.14803043895944,140.31749121849342,0.44252481909500985,0.040832133115938106,0.4171839259594695
sample15.mp4,correct,96,154.31644162039245,143.58349518323118,57.59740344528393,58.1876018290732,137.74730842354165,0.37165024951531717,0.18059628061192193,0.7356336119908398
sample15.mp4,correct,104,151.4601952804537,135.67057109663875,49.9839240389681,54.77212218240385,138.00721867907703,0.40331485030656145,0.30548967050551173,0.8817187189920206
sample15.mp4,correct,112,164.35743092511544,149.2123996372733,60.227650395430544,57.95684966585671,142.19324430155203,0.39102178039740215,0.15740596792778294,0.6294430476874558
sample15.mp4,correct,120,161.649549294368,149.60611229436682,52.926861015544915,55.74957758117209,142.12949215198606,0.46379217821634494,0.33693935724306956,0.6506101567195478
sample15.mp4,correct,128,152.49404039448703,142.25152168402815,51.22259633746375,48.12834936599984,139.2600618612306,0.4608250295062619,0.20227817153503652,0.7359765251190228
sample15.mp4,correct,136,164.31670704615686,154.4411057269549,56.67805121081074,51.94997515980802,143.670131099964,0.3926675390083857,0.032460715500487014,0.4445851618247171
sample15.mp4,correct,144,163.8464111976397,157.0235508189899,57.002448470588696,55.33598356925329,142.44562235865428,0.31278034837396584,0.4612304834820715,0.5012161487599274
sample15.mp4,correct,152,168.09087348899035,162.44695093575444,56.73081765611404,49.47967354630291,144.88235679082817,0.5406975204379021,1.333515512626867,0.5054895438403018
sample15.mp4,correct,160,170.21386203457044,167.84004386429444,61.857998870388094,52.601359165950754,143.4887058761541,0.4932310170503592,1.2538377283886035,0.41522816286865427
sample15.mp4,correct,168,166.16125653261201,158.5807507935313,61.959898151342664,52.490856653363515,142.63217307161995,0.41257555321326495,1.048317173803749,0.41726413381077976
sample16.mp4,correct,8,132.50769306773134,141.07748454221496,84.79231905213825,83.45879560001153,144.14559224412375,0.4762273865366686,0.6100922697793758,0.6900177832319507
sample16.mp4,correct,16,135.78650709273901,144.184222762787,81.08241868201888,82.34056835960654,135.8480315805599,0.35216833847805673,0.6814165584467369,0.9752547069172927
sample16.mp4,correct,24,143.61167596428,146.78311704028314,84.21582740718443,76.31886139271442,140.22619481890794,0.378385429315031,1.6773183904022,0.841925584900944
sample16.mp4,correct,32,139.94893951358458,146.75452243587878,85.27696964736528,77.17745072182235,142.3303413449079,0.4592803539273444,1.6850497655698549,0.8172227894498713
sample16.mp4,correct,40,142.74911101719178,144.97774922638388,77.08013225751995,72.77704518709244,139.27766267161408,0.4599323274715268,2.0725195128708895,0.8626577131866562
sample16.mp4,correct,48,138.4168562669051,142.87325347750541,80.92903920257442,76.0628622382308,141.08698817163562,0.5021412185407993,1.7220405017970741,0.8458274074140115
sample16.mp4,correct,56,138.88900195630774,144.60823204768622,82.74638124402831,78.28474504341497,141.1202532860491,0.4396574656511635,1.7900539429635967,0.795391350496372
sample16.mp4,correct,64,144.91378131373193,147.92916575050108,81.8147503438343,76.40408917561963,140.74895689571647,0.45504719522871306,1.7660674423905385,0.7549643901104178
sample16.mp4,correct,72,143.80382331766805,143.7257346926009,86.62319511088484,82.23125537290545,143.32994782793185,0.465744585890127,1.9303554610774156,0.7356377478583421
sample16.mp4,correct,80,137.500218165274,141.0942455913621,80.85697255160109,72.92193390789839,143.203456598211,0.41947139567186414,0.9985526348201537,0.780542571574832
sample16.mp4,correct,88,136.70045570160235,142.79894742026679,85.31721949640811,76.92941659137162,144.08947977767198,0.4189669132848273,1.214175138330639,0.7324170687415327
sample16.mp4,correct,96,136.986432149229,144.09880054405733,80.04530345075882,74.36525094491017,141.0023992443238,0.42304710551785446,1.357359737058619,0.8754460655263453
sample16.mp4,correct,104,132.8373117376377,141.21931341196512,85.27462238348872,73.6832618513738,143.77206551779278,0.3971251282896437,1.4478654487962312,0.8076924643176585
sample16.mp4,correct,112,133.91760288168686,141.91442857443494,88.91939674523397,77.00880625682743,145.44460955421445,0.37639799717041017,1.4981552983641102,0.7601698888664266
sample16.mp4,correct,120,135.57270437125405,140.97529726775403,86.28635870476226,72.85499203479294,144.2877679657734,0.41228295591170394,1.221938554792071,0.7494918593565043
sample16.mp4,correct,128,133.78622466615172,139.9376133626235,87.35884597449373,74.08182742026061,145.25093524615977,0.428700906057668,1.1125207020851793,0.7942874828410089
sample16.mp4,correct,136,135.9985669192103,139.6865029621468,86.46909213294467,73.5027444209707,147.2953242828965,0.4494297249117606,1.1912736878582024,0.6747609858887033
sample16.mp4,correct,144,136.47845536824323,143.25158811187777,86.61999012934082,74.56261132830738,145.5720788731491,0.43054825512177664,1.4408132090754113,0.7499523532630077
sample16.mp4,correct,152,138.75731427588877,145.2608534476433,86.02809592549407,72.21356157155606,145.51952461301573,0.41547888455448934,1.4405265311204503,0.7275080543206457
sample16.mp4,correct,160,137.88969570486705,145.27297139014965,85.88122312629277,74.23431068771484,146.18843037416,0.42324162142245514,1.4866321870819053,0.7209966764060407
sample16.mp4,correct,168,139.55079304318483,146.78458488271212,86.07014703263513,75.33631156446893,145.32384708762186,0.4090279098701837,1.4726734681201137,0.7117421718599596
sample16.mp4,correct,176,135.78580835050437,145.52739474915714,88.61202018831578,78.29152937116297,146.87637754688166,0.3888001536229168,1.4636370972167227,0.6688372074707835
sample16.mp4,correct,184,139.50283685351167,144.2518835864851,89.61035121544676,77.0621218961744,147.22232700531933,0.39248370777718555,1.3307973421220283,0.6260736447177144
sample16.mp4,correct,192,139.98035882532,142.39581881769658,89.09905904005052,77.42658981636346,145.6808947693732,0.38045445149377544,1.292029792271366,0.6962130076146084
sample16.mp4,correct,200,137.2754967950863,144.45208005734924,87.06903415814901,74.6297408321929,144.36623221894706,0.4053321440416905,1.2065940405385296,0.7708615469420087
sample17.mp4,correct,8,145.6713720258799,142.46502312632515,73.13568751761613,70.35532465932984,145.92678200496695,0.5989331157950791,0.9880446318916283,0.7158181329414127
sample17.mp4,correct,16,144.30927236390002,139.21267925961442,72.26350422021511,70.82004387610039,154.2578007084216,0.5676727352635265,1.1206970050177594,0.4301922502777444
sample17.mp4,correct,24,131.15246724950137,133.12735939581998,54.3235740090805,59.584413244633204,155.92387598721453,0.5669562536177628,1.437071484469578,0.30130911877457434
sample17.mp4,correct,32,149.44502561781349,140.2957415648073,34.08235864422517,37.118819299736735,155.07669419897985,0.4815291567315891,3.1750432564993414,0.186575892583506
sample17.mp4,correct,40,149.68323383320006,141.13799578214093,28.869908252129697,32.01751979555734,154.98144640619543,0.316268140246369,3.819498000104746,0.20954170823196003
sample17.mp4,correct,48,152.12724425884468,142.61117524649075,38.99736758573117,41.18307253143306,152.6448186558968,0.36673839548178033,0.8159885575344052,0.2834451997257172
sample17.mp4,correct,56,165.95787868023788,151.91495047478423,57.521028088726055,54.20036979218146,144.01113493810738,0.4687736093359096,3.2567252236937567,0.7344986000405135
sample17.mp4,correct,64,165.21208714768102,141.44266320881852,60.3268356957827,46.372011811929475,143.86371331437013,0.3793178467906992,2.008921398995303,0.7080292793369883
sample17.mp4,correct,72,159.1301760748272,143.6111471118923,61.5497507991656,51.927542635057996,145.15079492200243,0.4344729548350959,2.291466357829048,0.738774032898584
sample17.mp4,correct,80,166.12925242885714,148.15973116693,62.45067499702587,51.03201389766249,145.69157406684639,0.30689749475923606,0.3250959967682797,0.589844861344803
sample17.mp4,correct,88,173.21268444022684,153.88203074035522,57.472142686266196,46.495298105010086,144.46188681194178,0.46937169617889063,0.7799898020739942,0.6147527883450666
sample17.mp4,correct,96,171.0409331991051,152.2074180337928,70.285998480983,58.23426249529042,145.30734350228758,0.4119371431893522,0.9546784402515808,0.6622733120432295
sample17.mp4,correct,104,166.32806371312356,149.47141454017512,57.75861575853926,55.09341845753388,144.36189440727668,0.41502348182918875,1.115052100199186,0.7515909369622309
sample17.mp4,correct,112,159.97957232619063,141.89069011896314,58.94246554525403,47.33559910914125,144.7359244148207,0.3571861775895053,0.9826698009995513,0.7085898384523562
sample17.mp4,correct,120,163.8478274530952,144.85552370669032,60.84646265644051,46.112366148731056,147.09119472648388,0.4161362087718488,2.4533966353819974,0.6259398301565641
sample17.mp4,correct,128,154.6337663711987,141.55621360390785,59.21165455206662,46.80551813256434,146.51069681115547,0.3837665848937862,3.0609220462738085,0.7512367221920758
sample17.mp4,correct,136,150.32398809498764,139.63263142850386,70.69459207922054,57.103618821246535,148.7324326052558,0.42385245084966977,2.723309022915224,0.6439313716057213
sample17.mp4,correct,144,156.683210679167,140.17335550510364,61.49617626165067,47.25692922880007,148.6500479904594,0.4200364757041596,2.214830694312267,0.5724630352425267
sample17.mp4,correct,152,163.65072599919642,143.58110247918285,53.93793514712837,47.595530072813425,147.16634812275026,0.46980408909812077,3.5917532489349067,0.6122836337883163
sample18.mp4,correct,8,112.6133695925005,123.8973511776889,110.17945596100505,113.56910801650973,152.3823176054394,0.3082854459426891,1.462030658743099,0.650240267485143
sample18.mp4,correct,16,133.71127903083618,131.60788401974116,101.48013278518512,79.23730168932121,149.3613230852596,0.29077732763970954,1.0421198974096286,0.6736467522291564
sample18.mp4,correct,24,136.79239581111077,136.25586037120223,106.04450788859205,85.99350297554238,149.05010809526377,0.27637646629970763,1.4956783299270973,0.6493629364539939
sample18.mp4,correct,32,130.3311870744727,131.29461979557763,100.07237669579654,76.39130940090057,155.27589788603896,0.32145104276511016,0.7236603870160765,0.42694743024103105
sample18.mp4,correct,40,127.24963394810042,129.94967526969845,108.60760582299558,78.89424481358539,155.09371680024188,0.32409259726293727,1.4395157250670843,0.4323704911639659
sample18.mp4,correct,48,128.2990651907128,133.1488085310751,108.74553280468807,84.6820715439719,155.92666940911383,0.25834491455680164,2.0855296384989757,0.4264496328606268
sample18.mp4,correct,56,128.52812770544932,130.04336625495503,101.25547944782879,83.99473252826473,154.81126989258001,0.320798496557297,0.15483189991195204,0.5323643066343635
sample18.mp4,correct,64,134.7383985284449,138.50002255767689,109.16555115210662,88.05459571355742,153.4845504417988,0.325139321414534,0.529791292945071,0.5795421903405573
sample18.mp4,correct,72,136.85214610859626,139.2259215331811,107.61282840101171,85.75179833706889,152.80312655238347,0.34065330264294286,0.6694274544234375,0.6191086318128156
sample18.mp4,correct,80,129.78473950823405,137.5652007800384,108.74187608061864,86.17150629171836,151.92954453963569,0.3413227943539692,1.8865907968204834,0.6581305335960683
sample18.mp4,correct,88,134.91350909424696,137.43687400559708,106.75771732526687,82.99494703619285,151.8342551196227,0.32289743188631764,1.8648542819089922,0.641904248276036
sample18.mp4,correct,96,131.226755064209,136.69895741076246,109.06665903366127,83.7745426875232,151.8511501334706,0.28981549284289804,1.3270385997827034,0.6122148403990396
sample18.mp4,correct,104,127.66829362433224,133.5767707501392,107.47563594057858,87.42352675279011,154.462670751118,0.2922192173612422,1.8185023932562172,0.47689908289685623
sample18.mp4,correct,112,128.34842446297228,133.68194319344295,105.6152094818424,75.90649470507311,154.72516522174183,0.2923635075057905,2.365652255195508,0.448608552634293
sample18.mp4,correct,120,134.92744590993868,139.53540066970208,110.36206898794356,81.73719084141808,154.12620240691894,0.26377706912521354,2.1577720527947775,0.4708929470831086
sample18.mp4,correct,128,132.301722155449,138.22116023973555,99.46920137610867,71.52006156603504,149.32161284826054,0.25898425705211814,2.500589832782505,0.6637001094034838
sample18.mp4,correct,136,134.98667214196126,135.07217213974184,103.40382830920443,86.93706639335369,150.7680587209786,0.2639572578964227,1.8962300799146552,0.6764008124248134
sample18.mp4,correct,144,123.33514899928711,130.15629224645676,112.18455903103798,89.75130413330015,154.4526657338705,0.3173463127990126,1.1735050794482664,0.544966059545396
sample18.mp4,correct,152,129.78519994878582,133.0909005343095,105.88878716281233,77.01955049385872,155.48302645579864,0.35906580673867206,0.651865267905251,0.3955350915313831
sample19.mp4,correct,8,140.75982208265594,132.30940476588125,38.607697159329206,39.16998532360834,132.2664548923012,0.23205469862254854,0.8690136272981408,0.5399663261072238
sample19.mp4,correct,16,147.35474162386086,141.298680196205,37.82998851735641,29.94876138279192,133.84873658147313,0.2546435961568076,1.018297553578694,0.6405682906289673
sample19.mp4,correct,24,147.64919779969162,143.37468798952884,37.3301638168772,27.454009303037555,134.3961153320016,0.25403874830271694,0.8489010909068974,0.6033956710629395
sample19.mp4,correct,32,147.84208498050077,138.66377725089978,40.09769700539023,25.196651111080197,135.9075184142527,0.2971858878309327,1.125636349732879,0.5825043868589538
sample19.mp4,correct,40,143.90939017057516,141.035379421394,37.01756246347716,25.214006198260776,133.8496800200843,0.2790779556808137,1.5757759877502016,0.6386542547508686
sample19.mp4,correct,48,150.20311540520953,139.49307410573292,42.99533950742085,30.11839663434604,135.29212279107352,0.29172797415581697,1.3378438796714407,0.6079031589447521
sample19.mp4,correct,56,142.96316101635352,136.73490077081624,40.030438263722765,25.177399498351306,133.82564700502576,0.27251751810580166,1.5798969010669925,0.6289096922815628
sample19.mp4,correct,64,147.77502580434134,138.32499058148252,41.29512591103903,26.914359198599033,134.7005942648625,0.29226758077155657,1.9669583609439876,0.62076684676991
sample19.mp4,correct,72,149.17902657664027,143.64034642593714,34.50411182730826,24.52044963733215,133.85091847104036,0.29743578474747584,1.7897312982897666,0.623291978154922
sample19.mp4,correct,80,147.1696358389558,139.82317398110635,35.54099631756968,24.75392163165584,133.7262806925492,0.27340658294676956,1.5034757162613555,0.6710434122370451
sample19.mp4,correct,88,148.36775429524448,140.36097443653745,38.45975912833181,26.35725917878799,134.05677333627395,0.31872459317159074,1.6999839498287437,0.6482035576024155
sample19.mp4,correct,96,152.88399584666166,143.92463888537276,29.952776717815173,22.054724449904494,132.7268965902419,0.2690914482088842,1.7213971269984514,0.6785425614591613
sample19.mp4,correct,104,150.89537096734676,141.36834303551643,31.107074096560876,23.55958205061342,135.06171054391774,0.3464494547411883,1.5166636442922574,0.625203442349426
sample19.mp4,correct,112,150.50784166782768,140.62732752714174,30.942040674614518,22.748975993244233,133.0059662881509,0.30896015074836375,1.4549211532169413,0.7763060504974715
sample19.mp4,correct,120,149.91302112878768,139.74217481882718,33.17408347601437,24.134278688414174,133.75099287360004,0.30863864919485656,1.3895377037183498,0.6987581812004574
sample19.mp4,correct,128,152.56323022609848,144.26370160287348,34.135856766184034,23.687554465835927,135.42911923417344,0.31723601209437774,1.260722660932217,0.5333994524811965
sample19.mp4,correct,136,155.9506112685763,147.16507758028945,36.31938392275313,24.514260628947486,134.06512433337,0.2800575457160031,1.1038063536975973,0.6700854021658279
sample19.mp4,correct,144,152.37935201655083,145.03256823240977,35.093375011155835,24.131066272405228,133.17227664323897,0.27600081154514816,0.9678468676844231,0.6699795657732827
sample19.mp4,correct,152,152.29205369476824,141.90208838379178,35.04613611127326,24.458617049460884,135.24496809604858,0.26824421107455204,0.9000666445063807,0.64423482781087
sample19.mp4,correct,160,151.5870428826557,140.855835725832,36.18852048054947,27.89630042756421,135.64949102782458,0.30358061906894984,1.3499640664466752,0.667001636158703
sample19.mp4,correct,168,150.94078738054753,144.6403480880778,41.908037424429835,26.406274189984764,136.7654960475338,0.3240216987643503,1.3235623784467285,0.572882175396139
sample19.mp4,correct,176,148.33767246679236,138.39562846458819,38.934682697338815,26.090359438520338,136.6980899027209,0.32100456468034955,1.3088587771243225,0.5631886727297131
sample19.mp4,correct,184,149.9366315508416,147.2408326422347,36.72800026620225,22.607196243959656,133.56285272318755,0.3191875649410349,1.2061188383656853,0.5885455622805508
sample19.mp4,correct,192,155.96737968185786,145.85854578465867,35.16900977726853,24.33413585811546,135.190417100617,0.31252741957099367,1.1517133989881523,0.6414466109142797
sample2.mp4,correct,8,138.94808591393107,132.36542793032544,94.89738282708602,76.66884146468325,150.913582153066,0.37034383225889117,0.8153090225632118,0.5065548540149396
sample2.mp4,correct,16,160.2194524983475,128.53675471650092,85.2648000597105,77.24663976442842,151.49790965423185,0.9989020263454793,1.4538591124236295,0.6523971381494561
sample2.mp4,correct,24,139.7536163074079,125.28258078930392,81.99238540282957,72.74290295040036,154.24167961826913,0.852769149203029,1.0513195760937524,0.5714663408817054
sample2.mp4,correct,32,143.86971896019486,115.1900982362545,84.89410414593324,71.67195721052305,155.3351972294635,1.010894151765546,1.358425583102258,0.5144525431073966
sample2.mp4,correct,40,149.27896867660195,126.99061313146176,86.56699124473454,73.60748747579362,155.0373397614498,0.858949082297404,0.8229545812677678,0.5150214487668623
sample2.mp4,correct,48,151.68402101769303,118.87515067689179,101.26375020180043,79.77414782011935,154.39100169938172,0.9838209671192869,1.5528373768119177,0.5339074131981615
sample2.mp4,correct,56,159.49896113160366,121.44495901943067,97.9552909182792,77.95396217407534,155.31427886244958,1.058239301217231,0.932714270625802,0.4805578458466431
sample2.mp4,correct,64,160.10479030049058,100.47259700458736,78.60372027603125,68.79210937853148,155.81077666926467,1.5220404632989393,1.1094205454371429,0.48174333043820633
sample2.mp4,correct,72,147.17094791226137,104.01933931332398,76.58032491822563,64.02710605930224,155.148579948744,1.1159265610704125,1.0706653946097329,0.48934006762654336
sample2.mp4,correct,80,155.602379711853,123.03418502999173,86.84369503890451,72.3002907202994,155.68595017997248,1.0566906850133426,0.48315136021192623,0.4179728421823887
sample2.mp4,correct,88,155.92157428947942,130.44936952141836,83.59281223839378,68.56076924429645,153.11113044459003,0.871019394976262,0.5509436756903998,0.5498785832880124
sample2.mp4,correct,96,149.87384037428262,102.5289035412821,78.5036046296095,64.93145536746792,156.01340981679863,1.211848390906515,0.04910431253192966,0.449464558918114
sample2.mp4,correct,104,151.38846659146566,110.135649012822,84.70254955361622,70.25211272921192,154.64452896375818,1.1382670417696412,0.08248854434713576,0.5056675108078789
sample2.mp4,correct,112,155.68982444988083,119.1511760251381,90.6454405859852,76.02905847672652,154.446008029307,1.0932667976548291,0.3993278966611982,0.515997581062661
sample2.mp4,correct,120,155.25759264536964,93.7711433936328,79.37856560527287,66.72972805903265,156.2501996971225,1.4788615566182806,0.8751496428138157,0.42094533552301805
sample2.mp4,correct,128,152.46998127267472,113.13807769348472,80.67871443548631,73.24114291757581,154.5893963880692,1.0861416278671578,1.845973072728006,0.4674936540913479
sample2.mp4,correct,136,150.63458121753743,129.82067742752855,86.11147106821531,73.7886809944291,155.70937557593265,0.7528077949407223,1.061793191113425,0.3926658955120089
sample2.mp4,correct,144,160.43082950987642,128.57627251774855,100.73512552455236,79.806655199007,151.99329282603466,1.075620991301473,0.7220289501998046,0.6409730038133639
sample2.mp4,correct,152,154.82538826775502,124.05410021838098,88.03519049895193,70.19862058451228,155.8390194651,0.9896718700038781,1.131122673581117,0.47669906870735823
sample2.mp4,correct,160,153.67470767941828,126.2349467518626,91.17634445227543,76.09408638016744,153.2465563700245,0.9448629261820285,0.4600053159895491,0.6099785441972142
sample2.mp4,correct,168,155.16739647933863,131.93729948323417,93.0731854610621,77.78121738525681,150.22006856579347,0.6819654722947541,0.4271757394490141,0.5028418831455419
sample2.mp4,correct,176,157.99247493903158,126.1184702487908,88.81884594370511,71.05932006682673,155.44994577288986,0.9000356102315891,0.3314025881956271,0.36627716816703343
sample20.mp4,correct,8,169.12415506440394,160.84744821838214,68.32161495777312,57.24236588783431,144.45016541887279,0.4378049362257008,1.0663395574909444,0.5925899813007259
sample20.mp4,correct,16,172.6973327202138,165.48338910179933,64.01269670405291,47.91640804995858,142.94433642284676,0.41818013719519626,1.6681201038279805,0.621502621454821
sample20.mp4,correct,24,173.38125274264758,165.38307763171903,67.34485903876288,47.98849410882147,144.8482429022335,0.45392689552659493,1.5820585287181321,0.5141630194084506
sample20.mp4,correct,32,175.27915557144698,166.06682875426966,62.47637137154857,47.019071861040004,142.3438530023732,0.5474870203698928,1.1624191221672953,0.6267847370595245
sample20.mp4,correct,40,172.51097469969002,167.29662788659354,80.25726789941083,61.055133915500235,145.52693530088592,0.45635888178471107,2.337013320366818,0.5336879656221668
sample20.mp4,correct,48,175.78653358543357,169.41569945762745,78.07237677563835,58.87807518232626,146.16002936977242,0.47005212083761194,1.4912674753799833,0.5173927510378884
sample20.mp4,correct,56,176.24942155860273,170.75835071739118,55.29455580965755,45.703055055921745,141.95829661997914,0.4721162677029051,1.475316610561477,0.5890903113465799
sample20.mp4,correct,64,174.14809457172666,164.5166210046932,56.013644220923055,43.796829465436964,143.6411473352435,0.5425721661724493,0.5827082289079146,0.46722136534427905
sample20.mp4,correct,72,168.67304346071134,160.84360265686078,77.70118264754761,65.60930226047131,147.6461978488172,0.28929552818964543,1.197109129474397,0.4262810894573392
sample20.mp4,correct,80,174.8125684574866,168.22839571506785,70.29047201318875,69.0779672787911,146.6748056091295,0.1574332225126465,1.5419897818088975,0.5925226860609407
sample20.mp4,correct,88,175.46623206059812,168.13147257489243,62.89297355390811,50.651435117788196,144.51447111892,0.41538428289555235,1.9076415916430352,0.4882865021735023
sample20.mp4,correct,96,174.2598361029766,164.81757496277717,62.89639963237982,46.47483786208304,142.95605621748072,0.37714883965466894,1.648291558829905,0.47608263889547836
sample20.mp4,correct,104,174.37476802583575,164.36754316958096,66.02314505799013,58.05787010349057,141.5482734019105,0.3464070179159643,2.279651826251777,0.6661329380555608
sample20.mp4,correct,112,176.50105777446632,166.38160635275773,60.317887995972775,56.47255108591808,140.601135600505,0.41084556456475385,2.037320483891257,0.6413722648278942
sample20.mp4,correct,120,171.53548531680107,161.54084794498294,63.82162669979216,54.09509565664057,142.97335700575042,0.4769202202391181,1.7033957125912518,0.5987895411658306
sample20.mp4,correct,128,176.68229928425012,166.0574853794163,67.40841430015004,50.50086329859173,144.8105756301602,0.4772998364426572,1.1397991941668832,0.39097332485402336
sample20.mp4,correct,136,175.31763093194374,169.18184724730153,59.11766378637448,48.40036613933913,139.88075101235924,0.5127799218905374,2.0341883796600095,0.6373517708941878
sample20.mp4,correct,144,176.11282206344472,168.06450845450098,65.74924735406778,46.05822488413202,141.5447318052387,0.5167225303138798,2.3926664976970753,0.5428574651979665
sample20.mp4,correct,152,175.8349624436717,166.85668790437404,64.25850718105893,60.36671753478638,144.22155993096274,0.5300179207783343,2.727840608854541,0.48914923824324
sample21.mp4,correct,8,171.54414611516205,153.96975661658294,50.43226201258766,42.360001787468036,147.653686945301,0.4566087113342332,1.8190263086987901,0.47413418747293473
sample21.mp4,correct,16,168.66447478751002,153.0373797033492,44.540135945332324,42.58832879142736,144.04993690815766,0.28779610539660333,1.7245327331370406,0.6379858034423581
sample21.mp4,correct,24,168.37593471612306,153.0075892411951,46.85255640595345,41.095231059180236,143.8105560700929,0.45040253690362037,1.915455232102327,0.652855246166673
sample21.mp4,correct,32,172.71389814914414,152.4774101407564,47.41314414256559,42.476115148092845,142.5074308764132,0.4314692620408741,1.833791739512439,0.7050515616536511
sample21.mp4,correct,40,163.88175256392634,148.3483677921107,54.345831555316245,46.5304465325744,142.64102718515946,0.31806096240038234,1.6299863985856329,0.673703377334156
sample21.mp4,correct,48,163.40677346497034,142.98535317207202,52.09078032085732,43.69919910578546,143.5473834319239,0.3105840173638853,1.3236167652732795,0.6253449613771949
sample21.mp4,correct,56,170.32194573382176,151.7376075673504,55.08215435557746,52.09312228015084,142.8279272666564,0.41219817678604564,1.5934032604513972,0.7698058652102255
sample21.mp4,correct,64,173.38498412318611,153.51969322501049,54.954150457912434,50.19788542341804,142.23504838626368,0.34199213299460746,1.724631864159059,0.6776877716494717
sample21.mp4,correct,72,173.59459645380423,156.18550359991238,54.193174294976416,49.929451445008816,144.41127928911234,0.34065597420427907,1.9718432051496084,0.581158776837133
sample21.mp4,correct,80,172.63750169029734,156.13442283658563,52.28533806462819,54.53304222668401,142.43353046940152,0.352312176330865,2.809360155295332,0.7073365224397756
sample21.mp4,correct,88,174.91439936625656,155.97337545785234,52.29038538010597,54.33906192280267,141.87631352230997,0.3246050176579241,3.1630211534133865,0.6606775134931169
sample21.mp4,correct,96,173.05871582524006,157.5299333603737,55.70494758318485,55.15049757928763,141.78460753173994,0.33830330151974813,3.0520815546244875,0.6535635949737956
sample21.mp4,correct,104,176.45458850253902,158.82948032691678,54.22092701883907,53.767712727266705,140.97207871784727,0.3366483566323024,1.9352572616769357,0.6864909734128635
sample21.mp4,correct,112,175.606015498307,157.42489034651302,52.99958102243691,51.767459060943054,142.30324313985102,0.3446765881874802,2.1913114641618394,0.6718775089659832
sample21.mp4,correct,120,175.14453103182078,154.98996100936975,57.50067543634849,55.468937914725394,141.5799777960767,0.2641757456578244,2.1439632477476938,0.6466644730434036
sample21.mp4,correct,128,175.55848340929433,153.17414929961214,53.30279458259838,53.85958842247867,141.32947578429062,0.3216950978163816,2.2597279174731097,0.7391568747733432
sample21.mp4,correct,136,169.78561601960993,146.15073965021733,52.77673475752303,55.11243167969656,140.13778593600787,0.36970582164105237,2.45166708829281,0.7288128454658834
sample21.mp4,correct,144,174.21452759372116,153.60919096079195,49.45681743198061,50.38654131911392,141.65915876392398,0.4868190538473024,1.6607253402232118,0.7548592309707154
sample21.mp4,correct,152,170.3219342721241,151.3869914062204,52.570166641105814,46.52434691046316,143.10489603148298,0.40158951422781164,1.4928062846756842,0.6424922560148723
sample21.mp4,correct,160,172.32510675465497,156.06159051636666,53.17787498955735,46.34901830416741,141.91707519143887,0.33551450517361414,1.9267894903524077,0.6529453148311067
sample22.mp4,correct,8,169.17233637089817,156.5879867122396,35.088166026665476,34.18339501608694,144.5957395982949,0.2889632829269522,3.8398379380571313,0.6238885253251967
sample22.mp4,correct,16,174.5107439321648,161.09997863558064,29.466578709973508,29.936721402146212,142.28238790551396,0.3899071851885545,3.6117017385298986,0.740174973938809
sample22.mp4,correct,24,175.46109263912234,163.94133461334673,31.04656397418551,28.017121921990157,142.4262750447893,0.41628357228174173,3.7207733914938657,0.7220362181491593
sample22.mp4,correct,32,173.2860013265486,166.6239518646185,32.38936815354259,32.094384440490124,140.7217740933568,0.4401122252538747,3.7032447464296476,0.8317554503014045
sample22.mp4,correct,40,176.16815701321863,168.24590490952903,43.384390527983555,35.94504191155925,143.69815388112465,0.45588556074022507,3.9740864273843957,0.6637484445659271
sample22.mp4,correct,48,175.24617666335075,167.02748257585412,37.41803613995573,37.994485839534484,141.9592522058847,0.4474726248716153,3.7756548770135114,0.7234053575119554
sample22.mp4,correct,56,175.72993564733272,163.3837365306913,36.118894857064035,35.60591206349585,144.2369604763468,0.46110825529800087,3.4703114933430843,0.6131976207244555
sample22.mp4,correct,64,175.37168478695133,166.7782823536814,32.53963068972087,33.54644838632695,142.22742605320738,0.4043329745590225,3.554059119381715,0.6732877113442993
sample22.mp4,correct,72,174.00082565815336,165.3628478395542,29.630616640784584,34.329422354091044,140.96204323882992,0.43985291869102566,3.388029184559762,0.8094675570026011
sample22.mp4,correct,80,175.21701681333812,167.14612092384647,31.903024542271627,31.457796663577845,141.5908122811415,0.39656226349666557,3.676189630973648,0.7127374856461929
sample22.mp4,correct,88,175.15105358862894,166.40706868119932,33.109220944062784,33.2841340712602,142.91881065096635,0.45669803011046567,3.308868660036086,0.7072134980807826
sample22.mp4,correct,96,173.56863959444587,167.53473257504382,26.730917526553636,33.029010590937474,141.42341618710276,0.43696829727174946,3.4194952806031433,0.7820897158157445
sample22.mp4,correct,104,173.24304721824626,169.27655304924056,33.42339117410183,34.71125655179435,141.35314368234108,0.4320022224232497,3.6141958277929436,0.8117768832812661
sample22.mp4,correct,112,173.72691773732876,168.51278799759382,33.801253169087865,34.056095109292194,141.87267450781383,0.5174709143660194,3.8942669178136167,0.7833161188831486
sample22.mp4,correct,120,174.89162703712435,166.53137201161786,35.076113516178275,36.11147449921732,141.41349536304443,0.40238279025351487,3.736490256121148,0.720265217422737
sample22.mp4,correct,128,173.7533608814546,168.61038738885836,31.057522301219258,35.639419609568996,139.98688492444714,0.3812148373066324,3.611584480453708,0.7658894006500054
sample22.mp4,correct,136,175.1844475232972,163.1806731015613,33.388513048509786,37.637206123966436,142.54911600912132,0.4502272698267795,3.781106936678662,0.667421282753229
sample22.mp4,correct,144,173.7543494916691,163.1884989471039,32.45280949021101,31.09572217463383,142.32337839737988,0.4040251086949687,3.6025646405849243,0.6454618377626304
sample22.mp4,correct,152,173.85386873710323,167.7376277639316,32.143174884429854,31.754714787399877,139.61385852134302,0.3799282275714745,3.1523544825923837,0.8112131090948483
sample22.mp4,correct,160,172.67582420774184,168.7167776239914,32.92412693312321,34.62147923770249,140.29354023667588,0.48253249076369714,3.103120959767266,0.8686232516860669
sample23.mp4,correct,8,164.7071581849625,156.5397284643653,36.58269554593842,25.191807418853802,114.8383411262473,0.31982483884053964,0.7313284503884145,0.7616029636178968
sample23.mp4,correct,16,155.62228251797484,153.218016937331,52.705455607775846,21.69517815698707,130.74721747818137,0.2826520422254347,1.1280099575539964,0.43332049672424877
sample23.mp4,correct,24,160.92213499812746,151.0661715924478,40.01893018092198,21.572988645087058,122.88312961766027,0.30732350062291397,1.0885699243848344,0.7709348272307848
sample23.mp4,correct,32,159.92251979640156,148.45098316592353,38.16714908742854,22.426307395152886,124.28340389799924,0.2954269291287229,1.0544802838144463,0.6425341216622871
sample23.mp4,correct,40,166.9085429347244,154.7469330391473,34.435199718772054,24.345539639226487,119.22592663960836,0.2982486860588285,0.4208927072955054,0.6578526507214599
sample23.mp4,correct,48,164.18162884539282,156.84671716801662,44.0767642241909,22.512780779883155,129.7089795373485,0.34189823257956664,0.9221713820851513,0.44963144812336603
sample23.mp4,correct,56,161.8068986975059,151.415577098591,45.98839252501141,21.376427565949676,129.58563461583867,0.2948302943775805,0.6637841539549125,0.5236276126139845
sample23.mp4,correct,64,163.10818775559395,155.16015761726703,48.48084471188306,21.6571630738981,128.42267490512077,0.29533547949220085,0.8014378940745908,0.5750630431175637
sample23.mp4,correct,72,156.27884290270413,146.02836395110205,48.198293132330406,21.346186204629024,129.83708589004266,0.34534426361061915,0.7230290590625935,0.5858332805564768
sample23.mp4,correct,80,152.53652283474963,143.42639593138188,47.29889961807836,20.39765101142246,129.71040525883873,0.32398513392084943,0.7642122953656881,0.4712164224861189
sample23.mp4,correct,88,150.01892268956553,143.33054757555496,41.59571342115949,20.460713456254012,127.88084934033049,0.3156281321765279,0.8640341174164041,0.5786585082517218
sample23.mp4,correct,96,154.41560845969818,142.9128848173108,41.053606708335195,21.259978388410552,126.49793565114432,0.3175278265460097,1.2290297783943247,0.5846554521960702
sample23.mp4,correct,104,156.54257744029098,150.83276661063888,45.575318984202795,22.63224732153007,125.86875880522933,0.2747944997782927,1.1565369426575258,0.46972789826604994
sample23.mp4,correct,112,150.52762848100215,145.00616066173188,42.89479122839122,22.191653217018274,126.10561086232556,0.3247951891466741,1.615439312984704,0.5332162465223778
sample23.mp4,correct,120,163.8173992561259,156.27995663928112,39.356604210798885,21.227043796641897,121.85486424290671,0.3398348613249303,0.9695773612615961,0.6477148047305314
sample23.mp4,correct,128,155.04666005687105,150.24945686786296,50.4311628296252,20.42150210885456,129.41570796532153,0.31142846175355,0.669768300530009,0.5875643307814075
sample23.mp4,correct,136,157.60367895635335,148.5789555914176,43.46907942071361,22.728483004545126,123.83659648690889,0.3158219756890063,0.5429164649977514,0.6402506291321622
sample23.mp4,correct,144,160.78540089405394,152.59502613559408,56.74075694114633,22.81833023739059,129.81848938842788,0.2936460143092636,1.3079473125852898,0.4776805121507968
sample24.mp4,correct,8,163.185967487595,152.88175466478341,87.0940802362281,55.21821654278911,139.02412658839813,0.27598801203689555,0.028633644795339027,0.3297627468778364
sample24.mp4,correct,16,170.64803150625855,158.11840829621693,77.00605021116503,49.737836166487014,140.98110320893602,0.33493714008408293,0.2647261246925464,0.28508620410013946
sample24.mp4,correct,24,172.43188161083032,169.17042273889544,89.37859667718251,64.63465794568026,138.01577981697173,0.40707809827628433,0.141747313867419,0.4204709539221874
sample24.mp4,correct,32,154.77300711180433,172.0666529248467,69.9147240588108,75.52881755700582,136.05022327980586,1.1608408058450503,0.4984394871427675,0.4196835959663667
sample24.mp4,correct,40,168.61244920161892,171.53754148531823,88.34031329928752,53.04179852332495,133.81846615692095,0.7073129195465687,0.1403590434316814,0.31108723515365394
sample24.mp4,correct,48,170.51480015332365,168.00891747131257,76.97150620652725,50.11433275363129,135.5966881659648,0.31841777663369414,0.3250190485657509,0.3058712606010595
sample24.mp4,correct,56,170.6744948877267,172.19165431847077,77.35414471090051,53.9672340490417,135.3084353263307,0.8023902311388751,0.2253921070827971,0.2617399881563771
sample24.mp4,correct,64,167.85419672793006,165.04962368844969,54.63218462927336,35.67096224816219,132.70287550430888,0.3529139335312628,0.5170110321066116,0.3397318212470623
sample24.mp4,correct,72,169.71761306869598,158.95762943171528,75.09437116255693,56.49541782998006,137.08730585977577,0.34368543583622424,0.7017011427406382,0.4547636833284366
sample24.mp4,correct,80,166.94919655163793,171.0280941817048,76.52846434677942,42.63112488844605,130.2005594303037,0.5629332728058255,0.5140894361524448,0.5301687209374029
sample24.mp4,correct,88,165.04705964586984,165.94540985885436,71.49076813908565,39.16804325282023,131.26936628475707,0.2433710716630479,1.0629812178177593,0.4730576907886386
sample24.mp4,correct,96,164.1821680582944,162.3429868703209,77.53946460573775,46.761792934864175,134.41089808201934,0.2899235772081909,0.5742913458307031,0.43915808191315003
sample24.mp4,correct,104,169.70253087671227,169.70099633139407,76.29044948176485,55.15666328159675,138.2393417040871,0.35138418975372665,0.04327256304556405,0.26769544791624134
sample24.mp4,correct,112,166.34911416368266,162.47995247973606,82.34131199001634,37.09405872473537,128.47918483148544,0.8375065075742639,0.2137951408704619,0.43352596771531904
sample24.mp4,correct,120,167.61736151804774,160.7843451953194,91.80466749974029,63.38738767776386,137.03895788956294,0.3132526859180027,0.8159512149751869,0.3589859718809746
sample24.mp4,correct,128,168.23415150311646,163.12552142822918,72.62556738514824,54.423399342262805,138.76329345622565,0.32225416394332895,0.024673922033263643,0.27890861494086133
sample24.mp4,correct,136,162.62705626309275,173.82079515342122,75.06789612169729,44.82648500067925,134.0172326924656,0.28604638616832867,0.06929774922091553,0.4660169035172652
sample24.mp4,correct,144,164.38917361793096,167.2241812157464,85.86533535160186,40.56918819425283,132.37053867973023,0.25927178414589347,0.06528472711731717,0.44307494097744027
sample24.mp4,correct,152,169.7700353880967,161.2840115336281,75.67456053340935,47.71588809173083,137.97969739232377,0.2692210130822012,0.8367031321540979,0.4225490481460572
sample25.mp4,correct,8,158.4211871711308,143.5510370638173,32.27796985967457,34.61127016571478,133.0227618732653,0.5153844071024056,1.492520095096294,0.8799947846919864
sample25.mp4,correct,16,164.18700170646537,143.7086176815901,46.17217460103632,48.751281246144394,139.85366347439097,0.5513496562348922,2.8394825642228834,0.6533628215477245
sample25.mp4,correct,24,165.12654776695155,149.6668973475934,49.64076596540834,47.20865514763585,142.0154865487785,0.45637907945492906,2.699127111908319,0.6815099361577361
sample25.mp4,correct,32,160.02270216695703,141.65160800420188,48.250475731939645,51.89069549255896,141.69252069388136,0.6009139563959784,1.5637097196314513,0.6503789536834638
sample25.mp4,correct,40,166.68819765743262,147.16099764251103,40.533688781641764,48.3480062776735,137.5649492171577,0.608189541975896,0.836839992505669,0.8064250817771085
sample25.mp4,correct,48,155.85445386465523,140.22695263745382,54.69815076255419,47.84627204882323,143.58795201720062,0.5349118080031577,1.8539666394475107,0.6007152197193282
sample25.mp4,correct,56,161.91512131371118,149.13753069580662,52.77504805301323,47.98331446016183,141.9587613264738,0.46256778014167804,2.438841251496253,0.7053312753698207
sample25.mp4,correct,64,163.82753613463203,144.87225753689214,47.388608847907975,42.73799299975973,140.2575158320596,0.5911375038933182,2.0754773486464515,0.7685061452500839
sample25.mp4,correct,72,155.9287629418192,138.23187842290181,49.17003869821013,41.97082605049361,142.2132612586909,0.34503941826682005,2.681719860772535,0.6522488927009238
sample25.mp4,correct,80,153.5990287574173,138.60447286042412,49.2157917414078,47.91202159450097,141.91990866120517,0.3917677131417726,1.7145096835835776,0.6997942082636807
sample25.mp4,correct,88,165.89357590732757,149.95941959400432,51.4915115142146,49.18233008978379,140.90605700528155,0.5635323333712102,2.172795653771667,0.7751183789419959
sample25.mp4,correct,96,164.18496377375482,149.43976869321162,52.46214260079016,46.17539226162103,142.7241114659426,0.6452573421092817,2.4701460680145244,0.7797398474220388
sample25.mp4,correct,104,165.56535556784982,148.3152699172427,48.19435768231965,45.74600778626215,141.30713899249434,0.6092083714416404,3.025739289238509,0.8372783187738525
sample25.mp4,correct,112,161.89102373589864,144.8419660307515,53.55955556448399,52.60735551004067,142.77695963145396,0.48504765951420176,2.9611375802393907,0.6899104194265582
sample25.mp4,correct,120,157.63872175529727,144.01138489510683,53.85098641830042,46.696629834016065,140.9940371584108,0.4775684521682384,2.6916373006569385,0.6908876712862977
sample25.mp4,correct,128,162.07734674818695,145.87516186712014,46.393709916917075,41.15338210805183,138.7840338850572,0.4029801435280981,2.743541995522586,0.7566630477216706
sample26.mp4,correct,8,163.36103029238924,154.327414668655,56.35510656883076,41.094780910953595,141.62591339643618,0.2982606051785033,0.640533519170344,0.41316476161688637
sample26.mp4,correct,16,165.81973545069386,152.60623015737062,58.17575444072469,42.31235310736782,144.37395232219455,0.3017425015674638,0.13891367959084241,0.3771400108731085
sample26.mp4,correct,24,169.66171529762738,158.73076156122139,56.176790196793426,45.4565736905346,143.39350587178777,0.4033396908071535,0.4113791347193218,0.3970876246138125
sample26.mp4,correct,32,166.92827747006172,154.22981284559233,58.8678259290187,47.85265942397336,144.3323623291087,0.3314977102603254,0.2716893327841285,0.3998072745927474
sample26.mp4,correct,40,166.63675993112383,154.09201217037295,49.82710987378016,39.047837255666316,143.72336894010112,0.26932526954203556,0.26052803075355707,0.3877805652718944
sample26.mp4,correct,48,165.27656534806192,153.40498948766682,48.884239058526376,39.214772341516515,142.43329943564308,0.29561952045089457,0.321535181279957,0.38753802554694233
sample26.mp4,correct,56,168.5674969379415,154.64208786585505,53.77786106325586,40.285111279379706,143.63302832339573,0.3293194428529781,0.31166076771893547,0.35573016044091643
sample26.mp4,correct,64,168.7586870672022,155.40441115275547,49.8159740061652,38.07506016195249,143.21334781186232,0.2575156517908499,0.07410633725118154,0.3047125716288261
sample26.mp4,correct,72,168.15696462511835,155.186200575401,53.4463205706273,38.727877379905436,142.77690932235873,0.2408576389384309,0.1837136255003909,0.30583205363346644
sample26.mp4,correct,80,167.88395474133117,154.33302707920623,49.68585471989101,37.02296941563752,142.78314943694468,0.28742110326016057,0.08264620422679986,0.3650239614201298
sample26.mp4,correct,88,167.1068696187204,154.63017776293745,50.6951788682795,40.50654984278158,142.04283713724277,0.35074986352296794,0.08204264973483276,0.3917693563986682
sample26.mp4,correct,96,166.55264730139825,155.7480528152777,53.29632490601329,41.288675926038756,141.4010910882478,0.28887132704722523,0.09569304889811378,0.39539081777465124
sample26.mp4,correct,104,172.70086060776345,163.79689378782197,58.394827835001436,41.543659199160665,143.13050205241268,0.2984748667391386,0.06827107205480848,0.33517918732289087
sample26.mp4,correct,112,170.25999608639665,161.16707367526686,55.05653523109836,39.080484442107725,142.31054578373997,0.22224943379957904,0.5957551420881984,0.2996320176453039
sample26.mp4,correct,120,169.99984207726462,156.6966696844571,49.65849595053142,38.87686824990714,144.33566345246345,0.29261280632530745,0.12031403671071278,0.38104697675032795
sample26.mp4,correct,128,166.68423662716796,156.80551192469798,51.39219817504945,36.48348622848772,141.5862428306141,0.2655833435504566,0.3196623891063039,0.3683805518855835
sample26.mp4,correct,136,166.11810577410353,157.94188067000852,57.24982354690745,43.9356106022205,142.09654180703902,0.31203169662356245,0.46954282969264083,0.3847642258229705
sample26.mp4,correct,144,165.84534061301557,155.87526556047,53.879571497420514,40.15109569194672,142.0003399287095,0.267801022642155,0.30473903518583256,0.3503231087045055
sample26.mp4,correct,152,165.66440617931357,154.89467685390983,54.14609578044743,40.329852839409114,142.18210129172138,0.30142562958508884,0.707944260283867,0.38153511888181657
sample26.mp4,correct,160,167.24703619203999,158.12622566090369,52.94049856960029,39.53692050991861,141.3789879715291,0.29373958450109106,0.2656894441234555,0.3689753058439313
sample26.mp4,correct,168,161.61561913125664,149.1436605340638,46.89200754271337,35.73316234728049,141.88577843388302,0.3824505246200818,1.0100521137930614,0.3887956119306248
sample3.mp4,correct,8,124.34119408225321,144.42384948451374,102.85360169387374,96.93636309924852,155.08906898361457,0.6346843136643854,1.7764367819046574,0.5368949362303405
sample3.mp4,correct,16,146.55709093070297,147.77580236451195,98.33831432920468,89.68000860956242,156.0300857598491,0.47628688466144703,0.9585827548818885,0.4360763068224623
sample3.mp4,correct,24,127.31125391827236,155.43808246266138,98.6596698671684,90.73975093988109,152.55286629240632,0.7668520001493901,0.07006509895896235,0.5114937932347239
sample3.mp4,correct,32,134.31941225726072,152.79203397883063,95.59095456884233,84.37017110571519,150.93535884620704,0.655569817543272,0.43983255599156335,0.5126061032491089
sample3.mp4,correct,40,132.20315338479188,150.59159089576173,96.50046117917647,81.82294116775192,152.4801823359361,0.6699856412637016,0.3044423681991656,0.4667869894533658
sample3.mp4,correct,48,134.90810345718086,146.45445016405208,97.78495517626557,87.10226388713588,154.97183187528157,0.5635779637289556,0.11639076547169598,0.44346332633218305
sample3.mp4,correct,56,121.90489864453887,158.9017194235991,98.22673020733033,88.87946023664425,153.63514236795498,0.9379416351204425,0.5075928515296136,0.4805664058012466
sample3.mp4,correct,64,146.79507506346692,149.88470600390946,85.07829629258565,74.54746142959836,152.01191154898754,0.5092010032791111,0.3252352703380318,0.4735745608340889
sample3.mp4,correct,72,134.94382096822946,153.67130206166686,96.8870588826371,84.81968471227948,153.43630486076017,0.6854119010293099,0.30264829971284696,0.47214947918055566
sample3.mp4,correct,80,133.5490416721933,148.51327523908154,95.91819222038379,85.4531474036084,153.04436504037318,0.5945808144381309,0.38721869833125555,0.5051421683464176
sample3.mp4,correct,88,131.24733300287932,153.69997548620972,91.31250909819236,79.68290372535901,151.45110175362848,0.7810233413547208,0.9314584863640174,0.49130420879770675
sample3.mp4,correct,96,125.93977260086038,152.9538980181901,95.42153076281022,85.19944022043398,153.68551322867663,0.8211444164355597,0.7251421451833977,0.4418080693283128
sample3.mp4,correct,104,129.82853956486338,158.50674001731934,94.86274554067175,85.2705028644356,153.35077061955207,0.8221685859175342,0.40398949035232123,0.4400876392916017
sample3.mp4,correct,112,147.78581345482058,151.03306867277175,88.48340655312919,77.79016427506309,152.06621983445686,0.5283849630097541,0.42330683111915873,0.4290162407041591
sample3.mp4,correct,120,142.56222581017184,152.9670356856711,85.46262911202332,71.23373914709617,153.92118562822384,0.6256288068289182,0.6812034479594045,0.4166556133455111
sample3.mp4,correct,128,137.82272704075416,150.30772577187238,90.78306261939515,80.83480000561907,153.720494496374,0.565737758571016,0.6392916202212988,0.49082685698015255
sample3.mp4,correct,136,137.19405877191036,150.2949727992508,94.68156182442014,81.50119164802261,152.5157043088149,0.5502604243135286,0.30500158587049786,0.47459984168069574
sample3.mp4,correct,144,129.13487904814133,152.9876271436926,93.24528801876248,81.46014034147467,152.4601197591822,0.7583922923245916,0.21731557170794102,0.4418614396584612
sample3.mp4,correct,152,151.68904504564665,140.09755226589638,93.61433132756066,83.33120625480889,155.32420909734262,0.4481638208295932,1.0850732838295878,0.39755357553731213
sample3.mp4,correct,160,140.6927988941078,144.46342532849252,96.12796217779142,86.03441466695638,153.90165374934222,0.48817141739426606,0.5466938917900722,0.46341324309871895
sample5.mp4,correct,8,108.96288880397198,109.5090927554458,80.86195182583305,78.38403674969878,153.7909441038868,0.2802642796783381,1.289861681359829,0.4335491927277843
sample5.mp4,correct,16,128.24563090739585,119.54950618690819,89.30178226123667,83.84003534340425,152.78600779827545,0.35925769150760023,1.8377471270564776,0.35750985123841217
sample5.mp4,correct,24,123.68134504276215,124.23942722439038,88.52479490768056,79.89565568550347,155.34871007347016,0.24519896666970237,0.7301967635424467,0.3044187645049684
sample5.mp4,correct,32,131.63676407289108,121.68770928848863,95.53544375941787,82.69858868698154,148.6100096142178,0.36680672262834324,1.169775275180476,0.4716864384878369
sample5.mp4,correct,40,116.03269657282934,113.1184092687276,90.45339716138099,80.18401751560724,158.0083459835464,0.3913082226167612,0.7456032678206141,0.2822971451625845
sample5.mp4,correct,48,116.04536838247354,115.92486536332903,88.75350957897668,74.78131004742829,157.07893670827596,0.3465971432600284,2.2270836210865115,0.29877677714096906
sample5.mp4,correct,56,125.22906609197535,115.76959409229796,82.9013066586675,78.51570970088417,155.77287639637007,0.3143700292609589,0.2346607798637026,0.31872518060834104
sample5.mp4,correct,64,133.91517753399933,125.87352592975867,89.42727539359154,76.44849879589617,152.66383330784168,0.3191014138733607,0.48141512974430895,0.33963115543175976
sample5.mp4,correct,72,132.0412389232127,131.13412136083105,96.12244576094966,84.57486159614773,155.71580352956894,0.2895556612658991,0.9163682248149212,0.29183463477394567
sample5.mp4,correct,80,125.35017999285535,118.76821420354403,88.72966047495068,80.81979581052052,153.28517601465452,0.40565863102803085,0.8853211962709536,0.35793974126806594
sample5.mp4,correct,88,115.13676545524574,116.12199581309069,86.04055812357255,80.87608279467848,157.2426909051324,0.2892411888729856,0.5191811838861978,0.32109215831139565
sample5.mp4,correct,96,124.37137951837549,117.00123347697352,85.7165925580678,76.61455362387946,152.18537427924377,0.3332082094067272,0.4946507467609681,0.3898239777236523
sample5.mp4,correct,104,124.4019591930613,123.38239002507498,88.43684431298534,81.48934066227521,157.7135205268045,0.3685213898402457,0.6710277093780656,0.30202206566490003
sample5.mp4,correct,112,127.31419322568,122.5124658129017,90.46373540029536,82.6811110505555,155.52264342065132,0.46432803762727837,0.43473049485036536,0.3487354800533528
sample5.mp4,correct,120,142.81294094067357,128.30090535942384,87.84731586000851,86.479053114972,144.22879134209754,0.6119469682456725,0.11624845413180197,0.6381987331405327
sample5.mp4,correct,128,128.5474612428418,123.32031360810923,93.5644288547169,83.43748128033228,155.43803428796977,0.356591750787731,0.12456817522542282,0.30522231919595216
sample5.mp4,correct,136,120.77307172584392,120.85635789597909,89.3974203849608,82.21671012948572,156.01281676902335,0.3648501205039763,0.2937632132475416,0.32206500425693074
sample5.mp4,correct,144,120.26295861042179,122.84888507993995,91.45433205130767,85.85851146750039,155.43929000687768,0.4035558867567659,0.8552367462293112,0.3265453095812527
sample6.mp4,correct,8,145.31423691803147,144.8698355277555,87.44821017831771,87.9494470030974,146.08261422956744,0.40477167359000654,1.05276113640039,0.7067790831949669
sample6.mp4,correct,16,138.7577928423434,138.9810357808256,84.18040740218092,76.75804224290125,146.27130727333204,0.3580887782851605,2.2676695616878706,0.6773114330012998
sample6.mp4,correct,24,142.90631624282483,143.17946935188758,78.36385196145932,65.76234845968236,145.0152985743167,0.3806369490312783,1.8590096374323284,0.6215540388871583
sample6.mp4,correct,32,146.27022257566875,144.10282495571167,75.7633640255255,69.98230635082881,144.87521446213006,0.3707456324445044,2.197314739008934,0.6498037986526104
sample6.mp4,correct,40,139.2021706035175,137.4789470368477,80.12628587823485,77.08416209392286,147.2257788375647,0.3467683012085402,1.8776682068473232,0.48760567328552107
sample6.mp4,correct,48,149.96964993119022,146.97627802220177,76.56059453239418,74.49395128964781,142.128355329947,0.3615393264835166,1.547684699060915,0.6508062741854607
sample6.mp4,correct,56,151.20763146865085,145.92212443350653,69.70005791007111,64.88808175097276,143.63483707797636,0.3550748461622794,1.0861417045571005,0.5882988547485798
sample6.mp4,correct,64,141.70379618961056,137.16525530419122,70.35307074845701,65.08606162607936,143.33982095038024,0.3414525569553885,1.9702537051060602,0.7712012839338206
sample6.mp4,correct,72,152.65768662647034,148.0687119849212,68.05440504559976,64.24620185815506,142.2640289906381,0.383799129249477,1.6942949910064677,0.6523833530261627
sample6.mp4,correct,80,153.37582497638067,146.67997087189792,64.47505276322019,64.9052310829747,142.2709790544872,0.3614465460054286,1.941560295110735,0.6193527541829679
sample6.mp4,correct,88,157.3680147095864,148.23932724730363,69.44858308740457,61.42117285277917,142.80753569110075,0.41288500191067007,1.5012240526137417,0.6425524812518986
sample6.mp4,correct,96,148.13849757585962,145.9969975540339,75.34164771446137,69.90683183425409,146.0142663165125,0.3739948482795795,2.417851841189009,0.6225862893409521
sample6.mp4,correct,104,144.9005744223391,141.20798770902087,78.3043083592007,74.33551252390946,146.81676371196997,0.3850814600060847,2.641123551869214,0.6248432567690673
sample6.mp4,correct,112,142.1718694041489,140.52810018066242,64.48812860440323,69.64709551783587,140.0548676270926,0.3690326477294423,2.709134196010328,0.7967059861135738
sample6.mp4,correct,120,138.79666193901522,136.31871592961872,74.57558820488457,69.18042401291035,143.33000995742503,0.41259661221168353,1.493674165562687,0.7468025411730298
sample6.mp4,correct,128,145.09881195603222,141.18175128959896,75.11736153145355,77.64700150244049,141.93861063659867,0.4059532239389707,1.6798094307142062,0.7964020730978375
sample7.mp4,correct,8,145.56804292163181,143.01924537094712,52.58218921577591,47.36738125492111,141.56301234098183,0.48553234456198846,2.476294499551354,1.0815778287699283
sample7.mp4,correct,16,126.16485125881981,127.58506085698052,42.29313725192268,39.966246458385086,145.13285499620088,0.45434216630720287,2.582939726686808,0.7450980805330315
sample7.mp4,correct,24,137.3310708922028,133.7187977148096,36.347739837376146,34.534250133578894,141.56675200891988,0.4151412952612369,2.1369275979313094,0.9890760705715497
sample7.mp4,correct,32,145.7286931565297,138.70983126008744,36.84780769430755,34.4942673004949,144.4617153574313,0.45713023480014325,2.5342548498426556,0.8587740489018091
sample7.mp4,correct,40,145.8242019906279,139.12629281871233,41.080916594490255,36.18701299856386,143.56415652218269,0.42062970090682156,2.8934136786453926,0.7992340033632316
sample7.mp4,correct,48,142.9950335918298,134.72783059425828,36.423548039428695,34.982292597026984,140.87289089015974,0.44406613704005576,2.7036941737508893,0.983301087426092
sample7.mp4,correct,56,139.06290790781105,131.26931522968434,35.539445981030134,39.03893391147693,143.1129160429936,0.4627585068499527,2.838690719780274,0.9859312874505547
sample7.mp4,correct,64,140.01662895007198,134.25998385835848,35.097336103428816,34.400950374875755,143.50233997599346,0.4491917217548957,3.8316114023727357,0.8781606104712197
sample7.mp4,correct,72,140.6214787813725,135.03080645684955,38.72297224932982,39.06773834278673,143.98989089650917,0.46782624473894807,3.940781975185513,0.9400642658612941
sample7.mp4,correct,80,139.03769947309652,137.44245410846386,39.88293959277902,38.28939872952437,142.19717308129097,0.48579045822752565,3.239401318240907,0.9389608044238963
sample7.mp4,correct,88,142.51107609126402,138.4604238361381,34.60976009409281,32.00950905370884,141.6863658713867,0.4532355506841219,4.109647975131249,0.9616068531808237
sample7.mp4,correct,96,134.95157274137586,132.60198836838933,41.002681944056334,41.007107966673104,144.7062826990027,0.503182009662484,3.5910248910889404,0.8102765212446942
sample7.mp4,correct,104,134.47771495698174,129.76601533658746,39.52053630963991,39.3481390078883,144.83475291311242,0.4605533614779121,3.8416550891933583,0.7536686666535798
sample7.mp4,correct,112,135.8976562156025,127.78951407313447,40.66362295264486,41.22676544058723,145.4513722876196,0.4432885074881523,3.8110893470625573,0.730419728134162
sample7.mp4,correct,120,138.87105550316144,130.31241211662234,46.20229911321883,39.133100783607425,144.9685114085805,0.4726086628364478,2.3429916910138258,0.7711402703940488
sample7.mp4,correct,128,142.85569746083445,137.17630865861213,42.6860498237199,40.23092527529103,144.10664583741882,0.4622656776238016,2.9836936681476103,0.8320045137931135
sample7.mp4,correct,136,149.99377191193224,138.5952287266398,32.25441553227778,36.61138706478338,143.4438778826676,0.5365392626187708,4.222282083687373,1.0929252017299258
sample8.mp4,correct,8,144.61346996192532,133.68398481781654,76.33192261479442,88.72816922641779,135.16300843703527,0.21636805643421242,2.759354473505126,0.8142601540594238
sample8.mp4,correct,16,111.97608540055133,153.52938768290036,95.04089047259966,101.24345192697328,141.11544787843445,1.2569930918569234,2.072869800107429,0.6054695180446197
sample8.mp4,correct,24,150.1022303227122,143.21231552292807,86.94383195301408,101.99920761471556,141.67373622658093,0.23155663003941818,1.6285806941964485,0.6502637853677107
sample8.mp4,correct,32,143.36933457389193,138.00989370930947,97.16833955208476,92.42345257591985,147.6911749844538,0.2637890690162552,1.7127460064708142,0.3761990625824801
sample8.mp4,correct,40,162.75703820712303,150.02091773304818,89.72486706516067,100.82291986811846,143.63875119868095,0.2801673179332218,1.0116033144397278,0.5952306196133516
sample8.mp4,correct,48,143.3698131313218,146.98189991872562,101.17221049379097,110.22635688640305,146.07882354842346,0.5078720073288417,1.4108885850249318,0.4294906249063006
sample8.mp4,correct,56,152.39964578550433,151.17158537477388,93.05162974621568,98.3757473738644,142.9087586913428,0.37988922605301784,1.7505534655415458,0.5440262168661446
sample8.mp4,correct,64,136.3936391915843,130.17164059713818,93.25633045281907,101.61538449975272,143.1725350026838,0.20726649050587528,2.095979495791047,0.5642688883550816
sample8.mp4,correct,72,161.9732765493421,140.32675304066842,83.48009723815578,99.54092084468114,138.35920937217293,0.2208509304600147,1.9245787013660896,0.6623204357870888
sample8.mp4,correct,80,143.62922261328188,153.00883718963732,92.8200900956598,101.99361385161069,141.06374860114497,0.6069256538578877,1.7706084870870176,0.6116082705813685
sample8.mp4,correct,88,156.1158029186041,142.84831759657487,84.93413852269485,95.71046677630936,141.18942386558425,0.196067918170329,1.5085086212582663,0.5538437531067036
sample8.mp4,correct,96,153.3609466874672,145.721965304696,98.8304770653005,103.52929515287231,145.87680149570264,0.28435853392811183,3.2035165839201856,0.4626303123583698
sample8.mp4,correct,104,137.0803702161993,164.14619609792518,86.2389107106872,97.25154973478652,138.6089187276558,1.1862282180944195,2.784163958051468,0.7597563369063933
sample8.mp4,correct,112,151.15351182663557,147.737923702137,85.89833697393037,97.07627803030569,141.4217938826942,0.3811418450391637,2.7460948715636158,0.6964849489428747
sample8.mp4,correct,120,157.50606908798324,150.44944450413726,82.15776447128579,99.47048742571265,138.08538072352397,0.22107458952192022,1.3509783022629118,0.75289392062777
sample8.mp4,correct,128,159.01487446477026,156.44216387953938,81.64400194896761,94.64204576336537,137.41704448528705,0.21488020777523487,1.7654972747751905,0.7803302088568548
sample9.mp4,correct,8,168.59698139463467,112.38826465065226,82.99633446905051,81.73462442424622,144.7296289698093,1.5849527035610662,3.016475558448352,0.9202340867469393
sample9.mp4,correct,16,123.51982746845283,163.93337508312862,90.68816022086388,89.91083827362152,148.93415139868603,0.6721931380168537,3.582281963406875,0.8056896832603512
sample9.mp4,correct,24,146.5405403463368,154.20944260272123,93.3207912583691,87.59405824099916,146.70433082833745,0.48143401050260265,3.513181582975794,0.7546956990213436
sample9.mp4,correct,32,163.93544525031214,142.38474067675855,88.49014220314436,85.30924897212401,142.98926189068953,0.906513125982002,3.1314362239028437,0.8105344129368643
sample9.mp4,correct,40,162.79573896035217,142.0274721488683,93.24812583101068,88.02406867314092,145.21917620789202,0.8913003551381103,3.0974703422139758,0.741763151823283
sample9.mp4,correct,48,169.27967668708092,141.92932384347895,94.29142786927486,85.28414856144865,145.87646627848235,0.9731539355736256,3.20905614939181,0.6503403511236645
sample9.mp4,correct,56,168.32828776715988,141.1647351347606,90.94516418149307,86.64394910397853,144.53198808310552,0.9759636012058658,2.8628994394356253,0.7665449613629385
sample9.mp4,correct,64,165.3120819140019,140.2360940098098,92.74975488627601,81.80895524417939,148.52540689896057,0.9248142343537821,2.211467153986417,0.6292873945968493
sample9.mp4,correct,72,163.98807178152174,139.16966092304554,86.44330874180878,77.74074896698092,148.05392786358496,0.8776653768977515,2.251631279170947,0.6353088825210658
sample9.mp4,correct,80,148.05581651232615,94.07568198196313,99.25473917210775,88.46057050789075,148.65076386994735,1.205047699980481,2.2824215374655403,0.5995556652412724
sample9.mp4,correct,88,150.30946433869954,150.5763424695102,94.6874154051817,85.9925781732103,147.66549789118523,0.4626713921312007,2.2984894461731105,0.6166815010527407
sample9.mp4,correct,96,159.45083068900973,159.2296933111281,96.78327410767254,92.2876337535548,148.3845704955456,0.4540618998694988,2.57523427097321,0.6591795588959136
sample9.mp4,correct,104,165.3483907840391,144.82581770495312,84.96796704993194,87.35423353587218,143.44230947662308,1.0352429703593267,2.8171150108379,0.8449197337098183
tilted_head_1.mp4,tilted_head,8,143.52326252445621,143.71130738073822,51.76835680355841,45.79595467216726,148.89371421517393,0.6229947167224965,18.8709717281071,0.4154481084137863
tilted_head_1.mp4,tilted_head,16,157.348471186132,136.83537203770007,53.40963159674599,42.73583964581593,150.3189985839125,1.034590360857263,18.462817966067597,0.48315721444809584
tilted_head_1.mp4,tilted_head,24,159.5833493341858,128.6672135633436,54.12634069546139,42.918957851397224,150.51750613104383,1.6404595014418342,17.8605828679337,0.5305408836890166
tilted_head_1.mp4,tilted_head,32,147.89445888990969,146.43810182504083,54.366940766762255,44.028353381990875,149.43317898174064,0.5984416628130631,17.85819163204006,0.4492307084258231
tilted_head_1.mp4,tilted_head,40,155.96618677451866,143.48373882786683,54.62942684266327,43.99820162076105,149.55227520533197,0.9591305586317321,17.889363098898084,0.5358030101202577
tilted_head_1.mp4,tilted_head,48,148.55629965517736,155.74663330881012,54.7692102952555,41.305491988986155,149.1890645147767,0.643524910894759,18.463641818739013,0.525891905987478
tilted_head_1.mp4,tilted_head,56,153.40397688027846,142.02063880013068,56.177696414336694,42.2345137943332,149.89654069121767,0.8048377402981851,18.21793875360363,0.48874201062721995
tilted_head_1.mp4,tilted_head,64,145.87583747337032,157.96624950832322,54.44215894493241,41.945363183120435,149.62457650075703,0.6905907781492359,18.877185031234507,0.4861976536943219
tilted_head_1.mp4,tilted_head,72,156.53407641390427,134.7968909963956,54.81074682285649,41.75645771646337,150.59154681449328,1.0166688839817108,18.345023747100505,0.49085086099396463
tilted_head_1.mp4,tilted_head,80,151.22266136181005,161.15976115213806,52.490671271383555,43.161977714703276,148.52968958363184,0.6784392210654665,18.073964161722447,0.49348894884941397
tilted_head_1.mp4,tilted_head,88,161.10221353505156,117.48074607958668,54.70422427938824,44.07300996469557,149.69345583392968,2.025752184986887,17.714449985000968,0.5471479449784039
tilted_head_1.mp4,tilted_head,96,160.22807944537237,134.4666997242743,56.11498792313536,43.33256270961165,149.70109079422082,1.3675900222037285,17.1336596373702,0.5166582611199643
tilted_head_1.mp4,tilted_head,104,154.36361563418885,144.08974935634603,53.66234500782819,42.819417225799846,149.28847699648068,0.6834674456594596,17.187344125904325,0.5192000927742058
tilted_head_1.mp4,tilted_head,112,147.61888959080207,153.21781841148075,54.51372121549558,43.42837951775801,150.61726195421687,0.7347587596422791,17.018965785433057,0.44935981663807584
tilted_head_1.mp4,tilted_head,120,154.96332029594083,151.11196034116324,54.31909173737114,43.46584491107952,148.81059482084444,0.5937945954437692,16.950894518059343,0.5186490944804685
tilted_head_1.mp4,tilted_head,128,168.34004301889337,112.96203056041348,52.690172664601505,43.29337856428214,149.7147344921367,2.5766343743396067,17.280965975365024,0.5871322720640111
tilted_head_1.mp4,tilted_head,136,164.57986267401665,120.76726000664324,54.66081030450105,42.41528333591046,149.519565440239,1.9478299563235433,17.357347881153192,0.5765566023349576
tilted_head_1.mp4,tilted_head,144,152.3416809555084,151.22753370368966,53.90132572681522,43.34066140266496,149.32835028692725,0.6012732758767206,17.18718680972583,0.45854003751591565
tilted_head_1.mp4,tilted_head,152,161.61663991056415,138.25566725562203,54.09095678584149,42.15392317695575,149.2728376783213,1.0454841808686217,17.349847189452433,0.5330177392824974
tilted_head_1.mp4,tilted_head,160,159.99013539842366,143.6605214809807,51.81254074181849,42.71033057897819,149.30826592314597,0.951482724124699,17.883549271747732,0.5360628287580007
tilted_head_1.mp4,tilted_head,168,154.44601890748555,146.25728046498054,56.053580767874976,44.39824849525321,149.7613426326516,0.6580887128973336,15.939196607343458,0.4516041868199339
tilted_head_1.mp4,tilted_head,176,158.39733383787424,145.86092223801526,56.464797825811715,46.515663579372074,149.1240763066026,0.7339132383237605,15.587980197358863,0.539114636901419
tilted_head_1.mp4,tilted_head,184,160.5941265799224,145.72388333961035,53.20016990945458,44.53163435221741,147.85788142218104,0.8298674211124123,15.249928790032417,0.5750431359438022
tilted_head_1.mp4,tilted_head,192,162.5222459378968,137.37252248904483,59.113204949416094,54.242357880309584,149.26701295361346,1.1655189874644811,14.891805308195599,0.5907267189283398
tilted_head_1.mp4,tilted_head,200,163.05078970304595,129.94593382584262,60.11988541550451,54.25935599873037,150.2220664792831,1.238988358939343,14.325208170340797,0.6030472442421987
tilted_head_1.mp4,tilted_head,208,162.3163605703835,122.25006008556502,58.739954792788474,50.81268087091004,150.41484577680924,1.7679624467723183,14.798695195787772,0.6365411784289716
tilted_head_1.mp4,tilted_head,216,166.06082316468198,131.18005715161237,55.80059870162317,45.02654828862049,149.4275694461185,1.61368219807894,14.994705406251168,0.654908570498417
tilted_head_1.mp4,tilted_head,224,164.3079752987135,140.14413456551864,54.881984307557005,43.69831760594872,149.83894264959144,1.158634526263651,15.415892677384763,0.6126753178742698
tilted_head_1.mp4,tilted_head,232,171.0686671311894,116.12077624515142,53.89614238043072,44.97124101697766,148.85417885303545,2.3633079373176735,15.216442469266745,0.6562304522838348
tilted_head_1.mp4,tilted_head,240,164.97051002445116,126.01243417610439,55.4742638006525,46.400131172287864,149.47500948924267,1.7992702216674425,15.18649810948275,0.6656993677176943
tilted_head_1.mp4,tilted_head,248,163.80543511068302,128.88430970624287,56.86223092831393,51.360739093206995,151.81420292231792,1.540883539210745,15.446551883433726,0.6261543953252038
tilted_head_1.mp4,tilted_head,256,163.61742312823768,152.42244073165656,58.3585486233415,48.43959802199584,149.9653288108595,0.6574406078307385,15.60201473234958,0.5370350840025909
tilted_head_1.mp4,tilted_head,264,156.99253443317542,151.21440755226564,56.741456593219596,46.07251429796525,149.24488708536282,0.5926509679057507,17.083436693406597,0.5662436298406313
tilted_head_1.mp4,tilted_head,272,151.46370479307294,146.75694896896684,56.099111073275274,47.63362684551213,151.03049093655744,0.6535595204502491,16.950539308111892,0.4688083396078093
tilted_head_1.mp4,tilted_head,280,151.65423644364466,155.8388185034808,55.53306478878025,46.156458477784334,150.32608817948667,0.6532070931389453,16.22967547553109,0.5004383520951724
tilted_head_1.mp4,tilted_head,288,156.7946802444652,148.46667571129979,56.72323865635685,46.2412878782795,149.45497652574846,0.6325705412900274,16.336441972126792,0.5369888732318847
tilted_head_1.mp4,tilted_head,296,160.53885078231232,148.18725938972233,57.50467941721196,46.31652885712003,148.07204851558984,0.7776441613633528,17.467068032200768,0.55013424124396
tilted_head_1.mp4,tilted_head,304,159.79543298716285,130.01087798759286,57.103195904075555,44.54893790018631,146.6453045862674,1.1247771753933524,19.23506728912238,0.5186626643665482
tilted_head_1.mp4,tilted_head,312,161.8429828652211,139.74469703954577,55.70202438950942,46.31330486714918,147.7383617936373,0.9194486676464431,18.087380137529617,0.5614444613936428
tilted_head_1.mp4,tilted_head,320,161.21912825268646,136.19026205904632,56.65688719521564,47.91733803678571,150.0058057390984,1.1806274489671236,14.802907577936443,0.579114556120578
tilted_head_1.mp4,tilted_head,328,159.5541802282821,139.51758728827193,56.98328885626976,46.411720139428894,151.1424808356311,1.0429879812438714,11.842863589896357,0.5057337305751062
tilted_head_1.mp4,tilted_head,336,160.13674369120562,156.45097992343645,56.40186212925582,48.898988899194805,151.55547465311741,0.5832667135842898,11.236219913394594,0.5548269030800499
tilted_head_1.mp4,tilted_head,344,159.31573430728338,136.10885823649903,55.740964589098766,49.730176522631204,151.5492575593567,1.1929082840079255,11.469968085540712,0.6691135050498358
tilted_head_1.mp4,tilted_head,352,161.15978920636596,140.5193174808565,55.43851422525766,42.78530404886344,150.36489729345956,0.9848796499249173,15.625346047837109,0.5620112616854223
tilted_head_1.mp4,tilted_head,360,160.3259736876402,136.05547145178792,55.18276058662716,43.47088961217205,149.57737327999828,1.0074329954510257,17.680537397688166,0.5250425418192345
tilted_head_1.mp4,tilted_head,368,157.7291115358823,127.00108247027241,56.08078222606437,45.01820864492272,149.47528191735884,1.1653010681103406,19.872792741251125,0.534802479631783
tilted_head_1.mp4,tilted_head,376,149.63679484211448,155.48109017045897,54.93695856904717,45.65060225595186,147.86947994316193,0.6203624952579507,18.690496071895787,0.5798170223828215
tilted_head_1.mp4,tilted_head,384,151.54877369143688,148.6639476558717,58.173400687300884,48.28778517681263,151.46056765575642,0.5886337413121603,16.19906811086466,0.4959408811366732
tilted_head_1.mp4,tilted_head,392,149.54332810145246,150.88106294925225,58.47218070709847,48.98530099111679,152.23805673169232,0.6239700596111614,13.689728620845859,0.4467542424483715
tilted_head_1.mp4,tilted_head,400,148.71579080638193,152.37163496676047,55.399053675484545,47.728344793874605,150.7821330980618,0.6927297344639182,10.668783044586155,0.495723001910142
tilted_head_1.mp4,tilted_head,408,146.0774676686925,166.0445756914508,54.91797009401708,46.13554856536386,149.70856379405748,1.0045627831709727,10.868051576186705,0.5425043845647296
tilted_head_1.mp4,tilted_head,416,162.58975798177178,136.64643046226115,55.35602022030141,45.68103621373868,149.28063663326242,1.1597882073333585,11.714523706296191,0.5924689263175418
tilted_head_1.mp4,tilted_head,424,157.7173100229167,153.7011767527058,54.79107722687924,43.79176421180138,146.79548720310027,0.6750718697527042,14.709332940325094,0.5742399777683603
tilted_head_1.mp4,tilted_head,432,157.8391167120778,149.286912311635,55.15268514999277,43.82074403827348,148.04900801759158,0.5409663625675907,14.447270665705652,0.5458347337238283
tilted_head_1.mp4,tilted_head,440,163.49003667790456,141.11649099649193,56.37231372663688,45.811477260717524,147.79739303682115,1.107940740137549,15.397693778189312,0.5571024823354012
tilted_head_1.mp4,tilted_head,448,160.78746539355384,150.13525113862335,53.475406977909486,45.09047692025118,146.60373755069938,0.701306746344695,14.293303304382603,0.5239961023004549
tilted_head_1.mp4,tilted_head,456,160.73540316805793,140.11549953812465,58.433600820613364,45.86920479197136,149.66816048766418,1.0005744652982271,12.244041374220274,0.507300259859176
tilted_head_1.mp4,tilted_head,464,160.8006442363764,141.98629277241997,57.01749779669697,48.239556953499125,150.87914544166804,0.8504877244104077,8.517469271871292,0.546694849588465
tilted_head_1.mp4,tilted_head,472,162.6159275355923,133.65227846259558,56.46016757254403,47.98395527728977,152.07489180370754,1.3951585278515015,7.906348421174729,0.5825727984446624
tilted_head_1.mp4,tilted_head,480,144.70969649160446,162.63934814077226,55.77316230375832,48.63594111314788,151.38895463753133,1.0709991076303167,7.60232206892372,0.5206744822734519
tilted_head_1.mp4,tilted_head,488,164.42179680137434,122.95221897978998,55.6638453177645,47.298136003611525,152.07308052374933,1.6858281412168346,7.855110491061304,0.6135770792877897
tilted_head_1.mp4,tilted_head,496,152.5927978264739,153.9721111722565,52.91268348372743,45.623909821574955,150.183215295719,0.5597738295746272,10.653708342166366,0.5535212041956629
tilted_head_1.mp4,tilted_head,504,154.36525040803107,151.4624412816457,52.89859818923866,44.195698962161075,149.79574334562693,0.5822454052068181,12.691160891348344,0.5257578091220892
tilted_head_1.mp4,tilted_head,512,143.39940801347353,162.3178780364228,52.22489158612745,44.15176992018696,148.84775145264047,1.1626712173280656,13.961396174296656,0.508315841591557
tilted_head_1.mp4,tilted_head,520,156.15740162206143,141.4200271064595,52.625829924304185,42.72676324275635,148.4721467533491,0.701553820010685,15.08479761970023,0.532197240468281
tilted_head_1.mp4,tilted_head,528,151.21029929432785,154.607807863596,55.120319872575365,46.65562844404649,150.0275091552754,0.5448501348389932,14.973421381307745,0.5042367493213763
tilted_head_1.mp4,tilted_head,536,144.1008629230208,161.79784193067258,56.351659457181306,47.108454272902726,150.82176607425458,0.8500048109489151,12.799676674177833,0.5358896537369415
tilted_head_1.mp4,tilted_head,544,163.52996656516066,141.46957136445923,58.20162256102194,47.48474446975558,152.19323473595898,1.0896617938189648,11.783828668082561,0.608218624082797
tilted_head_1.mp4,tilted_head,552,155.70259783889287,143.95789651040403,57.034453732037456,47.55767608256299,151.9069160140015,0.5948163952187198,15.155942291219102,0.5236852738338617
tilted_head_1.mp4,tilted_head,560,158.94592036315555,135.26867133983862,56.22401303018936,46.90137540415579,150.7210196777684,1.0322789956224532,18.405848973155177,0.4850070516838617
tilted_head_1.mp4,tilted_head,568,151.7267988571256,151.11110225352047,56.619799565134194,49.1905990798954,150.0147862105124,0.5304788992017109,17.612370953025152,0.4662761383615057
tilted_head_1.mp4,tilted_head,576,146.17472843898187,153.5969023471628,54.249997221042875,47.749067687476284,150.55510202372957,0.7055857957183124,11.746756874271307,0.4794541848961752
tilted_head_1.mp4,tilted_head,584,164.36083753205475,136.33160444406806,55.901367368144825,46.882481102811056,155.03800494936579,1.3161524090054337,0.0472501268240463,0.6060314909310308
tilted_head_1.mp4,tilted_head,592,160.92996794566997,153.4479733000939,44.01290377052088,43.154594940322234,147.44236119335088,0.49481130522194927,19.781201868389573,0.617557106220615
tilted_head_1.mp4,tilted_head,600,153.074538471393,155.12470934389899,45.786445159136534,43.041773446804335,150.85024475881175,0.6714704584663064,25.237444574046258,0.6133895459571327
tilted_head_1.mp4,tilted_head,608,159.16596330863717,149.6315777937433,43.55521057460715,44.25960898879521,149.34690649385644,0.5189440560968646,25.946748473113722,0.5700137652693721
tilted_head_1.mp4,tilted_head,616,156.76971019113972,145.57639564686653,44.38110950323061,44.168894450443915,149.63060365667278,0.4883518187264541,24.114985210597546,0.577820599615258
tilted_head_1.mp4,tilted_head,624,146.20877946104414,143.26729955564176,55.650468444727416,50.374213303927185,161.04727943406525,0.5556767517637997,20.25478506537508,0.4174469606913596
tilted_head_1.mp4,tilted_head,632,143.56776801440992,143.4082236783245,54.635713585496724,47.85565935553333,159.85058173478004,0.5774238830312811,14.82925493323092,0.46387581015570567
tilted_head_1.mp4,tilted_head,640,146.9744210526906,143.1005761958159,53.14369632257818,48.303682324462414,157.82580665066524,0.5784192755422427,16.4267855580169,0.45269864358168715
tilted_head_1.mp4,tilted_head,648,150.09285132422764,146.28986692827831,49.57860163717016,46.22101208914892,155.41865684944707,0.5768809219298191,21.921667736158884,0.4554927120425999
tilted_head_1.mp4,tilted_head,656,153.22629733151572,148.54000696816234,49.3103209201858,46.9331049914402,153.83613084340377,0.5524971222666524,23.200280564022336,0.6129170675139369
tilted_head_1.mp4,tilted_head,664,163.97948651254922,135.77896174088445,44.21871161709751,42.949862963415406,152.3546419187005,0.8753732005998313,23.710777031216146,0.6470773252697903
tilted_head_1.mp4,tilted_head,672,161.53385233072254,142.76149488246324,45.4581091202685,43.24207953075707,153.02828682639353,0.7178116926577104,23.066895931163923,0.6150915915860142
tilted_head_1.mp4,tilted_head,680,148.62162542730803,142.15920572052508,51.14641969403563,47.41662585960601,157.45392170592115,0.5586901068009713,20.588475841225765,0.41381183245517805
tilted_head_1.mp4,tilted_head,688,148.48103363962738,140.0913131904627,52.41610548268215,48.48176517906536,157.96193292629957,0.5212089964429111,22.301882787304226,0.4133201043269159
tilted_head_1.mp4,tilted_head,696,160.64792109247495,129.66359759407453,53.095475127498354,46.937571454766,158.0199551903132,1.045746101499352,22.433547687074093,0.4216928150775615
tilted_head_1.mp4,tilted_head,704,151.46865963043285,142.1059844436024,51.24748689446764,47.475085062144146,156.15142778985074,0.5613245656645581,24.020132298806693,0.40304701612561145
tilted_head_1.mp4,tilted_head,712,157.43087604523203,155.09509844706875,44.79572948836143,46.11272743036928,150.1101196241431,0.6239067281208382,25.607215110590523,0.6071779549072427
tilted_head_1.mp4,tilted_head,720,172.69204063208397,131.0845551759084,45.40041963949752,45.76829397928529,156.16521486670948,1.511841278226192,24.4254114863947,0.6157798239648633
tilted_head_1.mp4,tilted_head,728,157.52725487552254,150.1526577702942,45.08706281079528,44.741710881169304,149.93211698296267,0.5095221268038389,24.354611424486293,0.6123483586026364
tilted_head_1.mp4,tilted_head,736,159.8271505889744,115.05618182208512,48.31952168042723,46.03338885273286,156.35443369808368,1.5190812664678828,25.102680854603165,0.5354244524512558
tilted_head_1.mp4,tilted_head,744,159.80981072524258,139.65805548800964,48.7284019417786,47.011380835766616,154.54804985236112,1.0075137362871227,24.910754501733884,0.5463567527305883
tilted_head_1.mp4,tilted_head,752,157.4983059362991,148.90912757787564,44.201653985709314,43.736217886369026,151.61921970706013,0.5798374115615204,24.22285254904068,0.4604223071395567
tilted_head_1.mp4,tilted_head,760,153.6479263586003,153.37692108107723,41.57369015632177,45.30558336110765,150.46771491476994,0.5406087344414707,27.176402057277677,0.4992696274777083
tilted_head_1.mp4,tilted_head,768,152.8375473827897,145.7350082201265,44.642638171006865,45.99765969535419,150.5643214277725,0.514539799088637,26.666147608146535,0.5522281678789169
tilted_head_1.mp4,tilted_head,776,157.81599258664045,148.38021974126758,44.866774733448985,41.97771320796202,152.2742620169185,0.5523297363614201,24.72159673680103,0.4829486316436408
tilted_head_1.mp4,tilted_head,784,155.74728496271655,149.55896209860342,45.100130104186576,44.85504061024482,154.1557112726302,0.5390056230186784,23.12607193486774,0.5514727366905148
tilted_head_1.mp4,tilted_head,792,154.8729928073094,153.48620883128015,49.71593929593526,45.85165969939762,154.90518357824803,0.7312196531856764,20.997516204033058,0.49833029775066556
tilted_head_1.mp4,tilted_head,800,148.27355078711005,150.480421411524,54.94923922646628,46.35832995586021,159.69463261517691,0.7231712107880907,16.122143009788847,0.5404381312052923
tilted_head_1.mp4,tilted_head,808,148.91101944546918,153.9746832794748,54.48216832685991,47.167674975829165,156.82851969172344,0.8448952075135524,16.29467584511067,0.5684597105280937
tilted_head_1.mp4,tilted_head,816,153.10682720480216,146.75956607148626,50.2784986785791,46.59164031170791,157.26796440514894,0.5942105991302195,15.952162208181399,0.5157140011534508
tilted_head_1.mp4,tilted_head,824,154.80004155484633,138.28905393873154,51.875468589513076,48.76400509313283,160.0535329889887,0.6727215765514808,17.588692443393718,0.5770537635482413
tilted_head_1.mp4,tilted_head,832,155.22262431456207,140.3975371399563,51.3744203212819,48.893029880327475,158.53470398233657,0.6134146063086812,20.203247281057862,0.5779149588228258
tilted_head_1.mp4,tilted_head,840,150.32493512593254,141.27949314024897,50.987747072155784,49.6718533646924,159.27082305622054,0.5316248399800093,18.22697491728335,0.5025518931096917
tilted_head_1.mp4,tilted_head,848,165.69993259967734,136.1119952269063,55.97686567048266,51.85842574528061,163.4482388112758,1.2203511576038775,18.902273616301372,0.5393480614659714
tilted_head_1.mp4,tilted_head,856,157.8224426186518,130.77096327923226,54.012838969765816,45.18765189329762,158.20803845980552,0.9865449038991689,16.871940257815947,0.49998069197896566
tilted_head_1.mp4,tilted_head,864,149.58149195493988,148.67767357316873,55.02968556093665,47.10232259869495,158.52741890985382,0.5436163181674339,17.123188755812272,0.4561542825466926
tilted_head_1.mp4,tilted_head,872,140.54359492343607,146.92444644359304,56.10361594376963,49.386797921891755,158.02524686172532,0.7237175549934325,17.02868044967441,0.5495430886159888
tilted_head_1.mp4,tilted_head,880,148.48010581859643,146.662013524848,51.02758731003944,47.82914723094304,158.79924673834844,0.5614565223385235,18.62248154795568,0.4833511226561307
tilted_head_1.mp4,tilted_head,888,146.7285204898517,149.09617316391845,47.69139158331971,45.77569084533692,153.31928270263884,0.8152479869917852,19.450256014875816,0.5156765970588518
tilted_head_1.mp4,tilted_head,896,154.37024484579572,146.28470961643012,49.02222346690914,45.33484817124085,157.14417696058572,0.5312528025639123,19.160495542465153,0.48174868049620834
tilted_head_1.mp4,tilted_head,904,145.78922659482717,148.53336624587587,53.697696054117635,48.45658373559553,159.06208853856296,0.8244012618304578,19.188076142670194,0.5654602436908751
tilted_head_1.mp4,tilted_head,912,159.19143864482368,144.01684008674965,53.48316001129779,46.192184663104165,158.49615555319585,0.7575014714605012,17.181181965005138,0.5377897905108039
tilted_head_1.mp4,tilted_head,920,150.1272933890963,151.52976087551866,51.97733115184938,44.16083558404163,155.6052610899415,0.7930804107735486,17.490058331415025,0.5113045060553573
tilted_head_1.mp4,tilted_head,928,160.8470207665327,132.70944544132593,55.07126369558058,50.57358040262068,159.87880730671972,1.1440271209659474,17.39075237139997,0.6009375573696564
tilted_head_1.mp4,tilted_head,936,145.2695628431642,144.38752641469105,47.81190318960224,46.74953434620007,154.14430629115313,0.616739558460939,19.306656303594863,0.5073052947323566
tilted_head_1.mp4,tilted_head,944,151.0589296614262,151.60238743493937,48.86654947010923,46.45999211576124,154.28037407904128,0.6743802661709285,20.685946380826778,0.6262880925780014
tilted_head_1.mp4,tilted_head,952,145.79045508755033,151.14757798353378,51.52950944692029,47.38267452366861,156.68418579809838,0.8323859218618017,18.474582889089707,0.5573150969955446
tilted_head_1.mp4,tilted_head,960,147.1315930970163,147.23995735228618,56.26819206489622,46.931504790537744,158.71003730430505,0.6026817528926132,16.537272678056286,0.4392288958850378
tilted_head_1.mp4,tilted_head,968,153.769435439112,149.5559340875553,52.79689399040236,45.70705316773835,156.28603274900559,0.5394539537843197,15.214807768305903,0.4758630774021024
tilted_head_1.mp4,tilted_head,976,159.84855571486352,151.11414695051047,52.01862606501605,44.781699827482434,156.0873315327887,0.6195131271904063,16.26481738184393,0.5770971702687844
tilted_head_1.mp4,tilted_head,984,154.4919686408457,145.1506565684336,51.59234245596359,50.19822877220689,159.3744677846364,0.5829825888967796,17.31496530066784,0.6245748676141176
tilted_head_1.mp4,tilted_head,992,154.14677632485171,143.16248147951967,48.25318198149132,47.91370548501291,158.45769663728737,0.5413816563600716,18.079795237193274,0.6060168343670052
tilted_head_1.mp4,tilted_head,1000,150.62658810646576,146.25627413599935,52.62541989874195,48.63878657696671,160.59325594907588,0.5494363840729091,18.728030150353067,0.5007696871140013
tilted_head_1.mp4,tilted_head,1008,143.08495556410676,146.88508290360252,52.871676701150896,49.201354960490725,155.4369003279025,0.7985798988879196,19.34528614568946,0.5353735010597821
tilted_head_1.mp4,tilted_head,1016,156.4059377112067,149.48432848142315,52.36603544733047,46.938862394693004,155.65165217913744,0.5894694688729173,17.83052721697264,0.4600831596503753
tilted_head_1.mp4,tilted_head,1024,148.5855247295201,150.04613171034322,53.45122670748133,47.102371846172,157.0495506661175,0.7607487518000683,16.947545074112675,0.48625219722105933
tilted_head_1.mp4,tilted_head,1032,148.62358741329345,142.75594043865595,53.95818860123743,49.37996689786284,158.41831027963764,0.5864417990149956,17.45072786108842,0.5191109212170986
tilted_head_1.mp4,tilted_head,1040,151.68665440607032,150.66578192884907,52.35654425555495,47.99591506015381,158.32819871059155,0.5795607897576036,17.175006535545077,0.55527439576528
tilted_head_1.mp4,tilted_head,1048,154.29641874173805,128.85224626730408,52.44930460005038,48.86804130008279,161.24803939647538,0.8821320523331916,18.556583988609944,0.5851496734771883
tilted_head_1.mp4,tilted_head,1056,155.95182965489911,150.83846917430606,51.85773238283199,47.142427479523604,156.4161259201035,0.5607970865982337,18.61634030999993,0.6064637401726828
tilted_head_1.mp4,tilted_head,1064,158.52374453753285,141.6103650527228,52.15940500393111,45.16815108604753,156.97977083618161,0.8953008723387513,18.59749343581904,0.5124786825207781
tilted_head_1.mp4,tilted_head,1072,158.5506088294303,152.42917674518182,51.173649244218815,46.24688289906158,156.74608574157224,0.5682639691543641,17.603972018270078,0.5948816065398237
tilted_head_1.mp4,tilted_head,1080,151.73966891658347,146.74772096706604,53.46585868886709,49.3111057680975,159.33773223492145,0.513685609337614,17.657531114719482,0.5139986278451539
tilted_head_1.mp4,tilted_head,1088,154.98071067365865,148.12570732313196,49.30442010366569,48.319637355046105,155.8571978516616,0.5191940755061221,19.326518864376155,0.5243177123077141
tilted_head_1.mp4,tilted_head,1096,156.75576328423597,148.72161969688648,49.266862879739364,45.50099777368641,155.32730979474343,0.5016711519749832,19.84378591698803,0.45767712320641973
tilted_head_1.mp4,tilted_head,1104,147.14716245754283,147.95292753146936,53.53205403408383,47.79919592337904,158.00917744595688,0.6074150678925071,19.885710254013212,0.5475984388665978
tilted_head_1.mp4,tilted_head,1112,147.2104130111817,149.56478755267287,53.38162370550408,47.9777797808875,156.10452817156394,0.6993270927680951,20.869005583960053,0.616538884338933
tilted_head_1.mp4,tilted_head,1120,150.8332489539309,147.15504023807927,50.77148354187802,45.99228178793685,156.600952589809,0.5694234858328558,19.84408791635352,0.5789203882025418
tilted_head_1.mp4,tilted_head,1128,165.338242875382,147.97613170969655,50.14854883112468,45.76636485669457,157.0699244418666,0.7675762031332032,18.984194438977394,0.5212502857807314
tilted_head_1.mp4,tilted_head,1136,156.2204468619562,131.45999195200133,52.910455845859644,50.38386512527484,161.56250105316298,0.8237815770375738,21.004261420257755,0.4420529359935757
tilted_head_1.mp4,tilted_head,1144,149.20459887680352,140.25156454171744,50.41490369430157,48.093411800100625,158.74589142844275,0.5112488139250078,20.797104248777927,0.47484157075049394
tilted_head_1.mp4,tilted_head,1152,150.8855238481298,140.85387648827114,50.039740062630344,44.983352567171885,157.8010335106088,0.5961815538819408,21.490999431534597,0.41658077968916596
tilted_head_1.mp4,tilted_head,1160,155.82043873943672,143.69514267755198,53.0452968036205,46.37662824912659,159.99016526232415,0.6043859326092387,20.568720365960342,0.438859703681595
tilted_head_1.mp4,tilted_head,1168,142.99613483591585,152.99592930358656,53.36274629717516,47.599721117486126,156.8321283982525,0.8709801346645519,17.949153915536037,0.5383022572029459
tilted_head_1.mp4,tilted_head,1176,149.44381020064327,147.57466436687005,53.88087386667085,48.114672916566484,157.7414205365106,0.6644238306963381,16.653562943357347,0.44631099158567705
tilted_head_1.mp4,tilted_head,1184,146.33000775732276,151.7484383422346,53.37201506835929,49.008711011663245,157.31921619932166,0.7142076068420228,17.359777369124284,0.5139132024716531
tilted_head_1.mp4,tilted_head,1192,147.8944897215628,144.32698235069498,53.585078295961395,48.501714978986925,159.30109958798715,0.5503320306440036,18.20250176859636,0.5255026183255547
tilted_head_1.mp4,tilted_head,1200,152.69570238275097,140.7011492997269,53.88823207812038,48.74486202717131,160.07603750972302,0.5951788120822259,19.003822504493158,0.5785733049648693
tilted_head_1.mp4,tilted_head,1208,161.18923243848894,119.70069481495229,53.20309874222638,49.282455463722485,158.8569850145834,1.5930214424305844,18.10578377029214,0.646705596516792
tilted_head_1.mp4,tilted_head,1216,149.1741913126141,151.2327909650003,51.88994021678702,47.949919396379705,157.90394330043986,0.7241322082597548,18.209067462331728,0.619151660255615
tilted_head_1.mp4,tilted_head,1224,158.9979279545776,141.50638191397493,55.02776694264822,49.459982212381895,161.66859798242862,0.8008227043998422,17.592745134588366,0.422633306996567
tilted_head_1.mp4,tilted_head,1232,149.49804654651535,143.21745478239552,53.95169956237693,49.368429804852944,157.5314078434903,0.5582967985654008,19.298264540502064,0.46413515555731516
tilted_head_1.mp4,tilted_head,1240,150.68203109365342,145.20603212404725,54.43781010536002,46.782630343423236,160.44662460635618,0.5399234441031794,19.64920500835202,0.4369170490522732
tilted_head_1.mp4,tilted_head,1248,152.98733090405062,150.94770619875743,53.31722368395029,47.41670973480544,156.88948000675305,0.5939828844179118,17.003976908869816,0.5202588228711158
tilted_head_1.mp4,tilted_head,1256,156.8890767556992,138.04250855100588,55.159853779722496,48.21543371067834,158.62772410356757,0.8710496699452831,15.029504318813437,0.5774564943999173
tilted_head_1.mp4,tilted_head,1264,159.28499889327202,138.380816106575,53.3186395412772,47.49928257461144,160.1542717420707,0.9548450531240185,15.421536322336825,0.5752788347237835
tilted_head_1.mp4,tilted_head,1272,158.33559544702612,133.2617050043886,55.9103673575068,47.33460500921358,162.0860763625334,1.2526666008848415,16.048354155170635,0.4960539742590118
tilted_head_1.mp4,tilted_head,1280,147.07107112066072,147.13894962623195,56.39125462182202,46.30971545898054,158.35429639868218,0.5301696999601507,8.242891928339896,0.5085079767844279
tilted_head_1.mp4,tilted_head,1288,155.83059943887483,141.54527901759843,55.7516791368653,42.26236543608648,152.7150671426346,1.0030567502867547,10.727301176693434,0.5261051184784814
tilted_head_1.mp4,tilted_head,1296,160.99351918856,142.77409318421599,55.81147160342047,39.37128852257553,149.99050133865373,0.9756035297052358,16.801914508748585,0.5215966663848879
tilted_head_1.mp4,tilted_head,1304,150.26324289161272,155.97232838734647,54.06137285514138,40.90845477319665,149.02575277755562,0.5384499590247394,17.440248433835723,0.4399971847282767
tilted_head_1.mp4,tilted_head,1312,149.38065978726362,156.57344160844315,53.56248646987812,41.56072556686095,151.30246316624496,0.6446532358552728,15.24220152921091,0.4888216031850706
tilted_head_1.mp4,tilted_head,1320,145.55833933512244,160.0316174919082,55.344296159206806,41.56273761675109,153.71407800731254,0.7895348485621182,13.576665903497867,0.5214622431640918
tilted_head_1.mp4,tilted_head,1328,148.60639489207838,163.75299798211896,57.21531844009986,42.90867874881599,154.0487632718272,0.8296141690015912,10.67234031404399,0.5549738863933631
tilted_head_1.mp4,tilted_head,1336,143.47561702434137,153.96895385185613,60.295572630998834,48.568083799810275,156.50130287451972,0.8526215712307541,9.2706289821376,0.5260014659724227
tilted_head_1.mp4,tilted_head,1344,155.30327032670996,157.08219547230382,53.95945317635627,45.15766412632825,155.48740320626464,0.5471095234210136,6.000814990845727,0.6111427772825081
tilted_head_1.mp4,tilted_head,1352,167.41934553712298,133.54320999114057,53.49747923918171,39.718841645163316,154.54263445103192,1.6189691961880228,6.230670419836905,0.605786917330562
tilted_head_1.mp4,tilted_head,1360,154.56437227475527,152.47167752203822,53.20592931543592,40.8711214838794,153.27435042254314,0.5614312137841262,10.778758119266287,0.4940670790011527
tilted_head_1.mp4,tilted_head,1368,161.90936381381292,135.3535972803205,57.47473271135521,41.3254344166177,153.11834469367935,1.0202370100940725,9.89787380708082,0.4231446729865455
tilted_head_1.mp4,tilted_head,1376,154.6010631085134,135.51740008855197,53.86644016528291,44.10428148270412,154.7371877798556,0.7595479678533085,9.763229685746493,0.4453947649322042
tilted_head_1.mp4,tilted_head,1384,154.7006819483275,155.90752924361328,55.01102238713613,46.12657732350565,157.85830665530568,0.5203996750818687,5.336473546969858,0.5615436318584398
tilted_head_1.mp4,tilted_head,1392,161.02716747787255,131.92513335577166,53.045356384790374,43.448272060763934,156.52507074439887,1.2402974880180688,4.107382911902179,0.6075932641857982
tilted_head_1.mp4,tilted_head,1400,157.26285158101555,138.14430722584464,56.707820331980216,43.81234796808813,157.211726741491,0.7717224950969483,4.116315378910937,0.5455045355445944
tilted_head_1.mp4,tilted_head,1408,162.25605337688475,129.81800296188842,56.97754021733054,43.00084577592627,154.99420992599622,1.47472512689651,7.1814335489179415,0.5304505432671133
tilted_head_1.mp4,tilted_head,1416,153.29584269171937,153.3792413663424,55.795666962565804,41.518104234052274,153.29386477839702,0.5336462179848781,12.458847665050303,0.43717182272626115
tilted_head_1.mp4,tilted_head,1424,141.6826648970533,155.57188732198327,56.29271468458733,43.291562217781575,153.50585120231656,0.9697426270988176,13.82692231063808,0.40818201500032
tilted_head_1.mp4,tilted_head,1432,154.56070995817765,152.55017783423563,54.24405240295964,41.84266852773631,151.16584432468102,0.608704223042016,16.511839720726933,0.4116731890455146
tilted_head_1.mp4,tilted_head,1440,156.07319103641782,140.9310658769778,54.80980585796024,44.35469121894364,151.9275959526073,0.8639466026149789,15.291876802297518,0.45245102391538555
tilted_head_1.mp4,tilted_head,1448,157.18430414681558,150.40858924299707,52.72536545095744,40.638137499503,151.3183185881497,0.566932780538557,13.146868950998575,0.4428761755130139
tilted_head_1.mp4,tilted_head,1456,163.67378725163366,127.13815079373354,57.86903501806394,44.94253243913611,154.43389922679526,1.5524665148107413,8.432515611483526,0.5285990077844004
tilted_head_1.mp4,tilted_head,1464,152.51279592887073,156.79387042886583,56.54970713543744,45.65400535547875,155.18878621918046,0.5612984518548688,9.156592028364848,0.5118223304255052
tilted_head_1.mp4,tilted_head,1472,149.27080222378277,156.6856269766372,57.47488898482984,46.56929598870539,156.34128869318323,0.5430598289090024,8.918082673158397,0.4873818950931579
tilted_head_1.mp4,tilted_head,1480,153.4468519416916,159.88619148385274,51.19803959907461,40.86802835911503,151.72376858453674,0.5443995721001361,9.322647165891157,0.5361853420271014
tilted_head_1.mp4,tilted_head,1488,155.0527180851296,159.5821436347687,53.201848278933404,39.3857374556586,151.30959949339132,0.4982234359652598,10.832635641196159,0.5680614641685288
tilted_head_1.mp4,tilted_head,1496,153.09090450797783,157.9601320437281,55.45624481389681,40.946892232225224,151.83104156645717,0.5806343756064657,11.48395928311349,0.47034674098436946
tilted_head_1.mp4,tilted_head,1504,148.62915209424725,150.44032173879123,55.99104253276814,42.44064120477259,154.11346293200992,0.5300474284563117,12.518967975754657,0.3998561072810586
tilted_head_1.mp4,tilted_head,1512,152.2928398166144,153.7337541028676,54.37556065313116,42.53863506669239,152.91296430373185,0.5272763755715575,12.295295389696083,0.41758362465395393
tilted_head_1.mp4,tilted_head,1520,157.66579852175025,144.9495118662277,53.55325638015794,38.66289533582727,152.01825633418062,0.7869330596105436,13.4925435911709,0.5316925979323355
tilted_head_1.mp4,tilted_head,1528,149.22406285654216,143.292467361533,50.70075688199378,44.57524410865138,153.6780694551932,0.5143164064478222,8.711673390768818,0.46545701319293253
tilted_head_1.mp4,tilted_head,1536,163.89686391420898,126.2893841669096,55.8251083629376,49.34857126075272,158.34495575022274,1.2780583863405133,5.928158234668608,0.5682419083316155
tilted_head_1.mp4,tilted_head,1544,165.256958715697,150.84992317191026,43.19668610719343,45.82280650997617,148.98416399439486,0.47394910202161017,12.277803502898914,0.5907586009186824
tilted_head_1.mp4,tilted_head,1552,162.25805163836546,152.15276048394563,41.09751225378758,43.73741995890167,148.20262609459087,0.40000198627875977,13.194584142304048,0.5321795347349775
tilted_head_1.mp4,tilted_head,1560,152.31328255264367,148.8097193367195,42.95870525448386,43.73829792626446,154.01365175826376,0.5471414498217751,21.98102981680052,0.3219298107858978
tilted_head_1.mp4,tilted_head,1568,150.93497954705893,144.52452111314236,45.3062045632928,46.780649311651906,155.3760242424625,0.5059296919662178,20.090140823459897,0.3190936494743853
tilted_head_1.mp4,tilted_head,1576,142.00936317045293,145.37779369844654,46.39760665274218,47.19471808563346,155.36943209775765,0.6427404162721865,23.752086124795554,0.4124737666464894
tilted_head_1.mp4,tilted_head,1584,152.96308520495288,149.8348367603021,40.44900210241389,43.48729015096465,148.11527984961162,0.6116693630174301,22.3982126755913,0.472802096024115
tilted_head_1.mp4,tilted_head,1592,149.74977067977866,147.7047547658328,48.6333521059908,48.64926044810274,157.35693382796686,0.5315779335050073,22.033934254300117,0.4074177451797161
tilted_head_1.mp4,tilted_head,1600,147.38020273093395,144.96801327396474,43.91050169912007,44.33401682331396,151.89284124897918,0.48649799147815004,20.390440104375003,0.6189352830726261
tilted_head_1.mp4,tilted_head,1608,169.40787747838655,127.0140222422958,48.182998295158704,44.711532465968766,158.0754368462019,1.4741792240058194,18.44122736305074,0.6225955938018941
tilted_head_1.mp4,tilted_head,1616,152.17742280680437,148.37822569170723,45.32558249173297,42.21463228661612,153.460940476976,0.54647270068191,17.39459933713422,0.6044276627357833
tilted_head_1.mp4,tilted_head,1624,154.0580178539415,141.36566901468174,54.25168361339304,47.18685639594469,163.10295513769807,0.6541680418519373,16.772533751216372,0.5544033957560377
tilted_head_1.mp4,tilted_head,1632,151.54963320041716,149.39322103236626,53.526538155785445,44.45752052135602,160.7283353012342,0.5325368255087923,12.407972375445436,0.4408912282630381
tilted_head_1.mp4,tilted_head,1640,154.9438380964296,128.63204572913116,56.860349411476946,45.135654345642955,162.298046943239,1.1653147763477314,11.097723506959909,0.4076590249898004
tilted_head_1.mp4,tilted_head,1648,154.51603783336338,147.34103594564888,54.18005800581799,44.84494523814259,161.42815852789943,0.5931405078385212,6.540660375260354,0.42945689426732303
tilted_head_1.mp4,tilted_head,1656,152.51442864350716,144.97134214838488,53.72299473586455,45.64963546365362,161.48983846919808,0.5903047105907823,7.0697732889699685,0.3962260206745164
tilted_head_1.mp4,tilted_head,1664,151.67150035730555,142.52914126712645,53.89176080049901,47.83011870549696,161.99033057454164,0.6086648791735555,7.326765320379446,0.4308490511023793
tilted_head_1.mp4,tilted_head,1672,156.25238384153886,134.04505645350147,55.48832279110095,44.27713296340159,161.93172536392126,1.0036711332714108,9.383613204865036,0.3986763495508216
tilted_head_1.mp4,tilted_head,1680,142.16097921183984,147.0075289926489,50.685039401620145,44.189500853574145,160.51325167699724,0.7340266058524546,13.165393769905545,0.4127706500071366
tilted_head_1.mp4,tilted_head,1688,152.98430503322712,151.58299073146327,50.081529730460545,44.4107375688741,159.4027985768052,0.5543419999638317,15.181738172802028,0.4351653009449097
tilted_head_1.mp4,tilted_head,1696,161.665293770081,136.93905103086215,53.27122867597074,44.73175885678753,159.6142536861656,1.046361796934695,12.007534595263413,0.6016609321047829
tilted_head_1.mp4,tilted_head,1704,162.67861746744447,134.76685592152137,51.699760235331354,41.07396515982325,158.2388781388028,1.3343747944135527,4.32003108136577,0.5905373803316771
tilted_head_1.mp4,tilted_head,1712,162.4799953408885,134.14129981282983,53.93475214195273,40.67563082797697,155.44504859350081,1.396356159095111,4.8174670972055775,0.5769496550044942
tilted_head_1.mp4,tilted_head,1720,160.78314912746893,144.85598288260113,53.49831768032264,37.277980884996445,152.2152933583207,0.8180353345497988,12.722892849854956,0.4950669134437378
tilted_head_1.mp4,tilted_head,1728,155.73850597439306,155.6362440900845,53.52893605975279,40.53433131016321,151.3367614884881,0.5208612462886382,14.49424203905288,0.44440664118774503
tilted_head_1.mp4,tilted_head,1736,162.09521849546098,152.10962417214407,52.8634284450031,36.71165208620403,150.77178337555995,0.6831119973246897,14.193017651501492,0.4635136590388351
tilted_head_1.mp4,tilted_head,1744,160.53650705848878,151.8630847058979,55.225493663979684,39.011786649994555,152.89423794806396,0.714336908796536,14.067292824235066,0.5070033270808785
tilted_head_1.mp4,tilted_head,1752,159.95451556467117,145.5113189075188,57.60920217871359,42.38696026316239,155.41100755022902,0.8992122982307338,10.852365051516895,0.5937446027751134
tilted_head_1.mp4,tilted_head,1760,149.88644999538963,148.08477447622766,56.19801377497335,46.37981571244515,156.82412160349497,0.49732588632024316,11.579958944560191,0.490105504481963
tilted_head_1.mp4,tilted_head,1768,141.02247263738207,149.87504489629544,55.70800928507753,45.34018442867229,157.59939912188588,0.691144756961792,11.73064772003511,0.420168153547855
tilted_head_1.mp4,tilted_head,1776,151.15777150502686,159.04263461303566,53.185906478780566,40.275128775647566,152.08621562082064,0.6077159344831476,10.35790535055621,0.5873144932836529
tilted_head_1.mp4,tilted_head,1784,168.47159801642297,139.89010766196273,52.105142698036445,38.72189489350756,151.87585533015832,1.3352414344358816,9.630971910876596,0.5997803299833864
tilted_head_1.mp4,tilted_head,1792,164.97117737288443,133.78699862731148,53.5458720932779,46.167692977882865,152.00941563805762,1.2765702956489577,7.676693215537217,0.6195372452489982
tilted_head_1.mp4,tilted_head,1800,154.46319615737102,154.0454680121993,52.206591748122726,45.54367150271278,151.3904096813565,0.5943009855884972,7.923395492843008,0.5413221618145213
tilted_head_2.mp4,tilted_head,8,158.01148816004243,153.6646084691315,34.75879615555137,40.50995098993539,148.76459614251365,0.5193745762112252,12.173420480511934,0.6682246385841372
tilted_head_2.mp4,tilted_head,16,155.61784823225517,152.85778881839877,34.750022882909846,36.82454130240344,151.16824024478152,0.664085940588638,13.865823255467902,0.624847935124642
tilted_head_2.mp4,tilted_head,24,155.75953845944204,151.98495571646933,36.117941648480304,36.9218089840558,152.82825082373068,0.6441141918345674,13.846135087022075,0.5929959521949751
tilted_head_2.mp4,tilted_head,32,154.8192795263579,150.93799439957428,38.47571559068556,38.43306040918851,153.50782051898014,0.5994202387178786,14.059253601690632,0.5491841642528529
tilted_head_2.mp4,tilted_head,40,153.2153753214241,148.90204024459734,38.704553970075196,37.90324452253918,155.34147071847937,0.7372293055204293,13.381704378870246,0.5770442091686938
tilted_head_2.mp4,tilted_head,48,156.90011116102684,151.72967485893594,34.00411722699087,36.07977853362098,152.02911721762547,0.6954688095155234,14.048761047380548,0.5778234564262031
tilted_head_2.mp4,tilted_head,56,155.3029698217765,154.87161217169955,34.19553370218036,35.76679266799708,153.28778667543656,0.6796692841960574,14.084036893767589,0.5940607576738011
tilted_head_2.mp4,tilted_head,64,156.0986550764611,151.22499365011743,35.68822957756079,38.08325878056889,154.48653852032783,0.6997624314562488,13.120895524926226,0.5736144902507847
tilted_head_2.mp4,tilted_head,72,155.56061415786743,151.84893514271397,36.460934169965206,37.985507360087446,154.65205575390428,0.6909517183048284,13.084081739324903,0.5678271676366669
tilted_head_2.mp4,tilted_head,80,154.79618513953207,151.34979192110418,36.38962031422351,38.48936542937803,155.57228932898468,0.6372834721655458,13.954240142284908,0.5375914675827659
tilted_head_2.mp4,tilted_head,88,157.47853344347797,153.09173152117495,34.27794857211535,36.099396260135386,152.76661189334314,0.6175775654378439,14.296616348955045,0.5675912678093473
tilted_head_2.mp4,tilted_head,96,157.20838359781814,152.30949462076282,35.470824010536916,36.360193070770066,152.4958879366945,0.6342080728115054,14.609545922700631,0.5565571718369207
tilted_head_2.mp4,tilted_head,104,154.29961182732174,151.60612207835322,36.924649810607484,37.70524280724701,152.91062906845912,0.6614833795828835,14.665854974176058,0.579366679334567
tilted_head_2.mp4,tilted_head,112,157.6080303358809,155.02903491321786,34.73135941795488,36.45166125192249,152.5690619467757,0.6610635939715734,13.83653229241084,0.6284850994642631
tilted_head_2.mp4,tilted_head,120,156.33219276365708,153.79825580610554,37.02984290802398,37.92060374702265,154.28084347127168,0.6873726085064056,16.445494141815733,0.6360590532499254
tilted_head_2.mp4,tilted_head,128,156.25632262175728,153.9337778847498,38.81026681852547,38.80240565885783,155.44595980411117,0.6110128469950796,16.453113588640992,0.5844285368103356
tilted_head_2.mp4,tilted_head,136,157.04664494170646,148.30487976399942,40.0583594971446,38.780311038612524,155.50497030256184,0.7891091506385935,16.79654546332667,0.5468393931167973
tilted_head_2.mp4,tilted_head,144,154.23091474806705,147.1439188395971,39.52645494478126,39.147496142519856,157.50554343445566,0.774406579096568,16.904305773958153,0.5285884895278488
tilted_head_2.mp4,tilted_head,152,159.37951687188686,153.65589531430703,35.044891883301304,35.7356503288414,153.57244246631518,0.579391604584377,17.297797363759386,0.5057351271254762
tilted_head_2.mp4,tilted_head,160,159.43333019391858,155.98702282158297,36.17861038856849,36.35505824812747,154.32788724858372,0.5536121821272407,16.926267461091005,0.5640932239619512
tilted_head_2.mp4,tilted_head,168,159.8728774270012,155.63188552216573,32.182733975212585,35.10675302329278,151.48542412000145,0.6981147032888569,16.65381231635562,0.6347543812627442
tilted_head_2.mp4,tilted_head,176,153.64091489871117,152.74987110538171,39.531840994480824,38.472059031712035,158.38154241066707,0.5986764898183996,16.186325868082182,0.5069931152749017
tilted_head_2.mp4,tilted_head,184,159.8597314459937,153.78022867766785,33.714981719943985,33.946524316675756,151.69964678816433,0.7177681231082491,16.690894464976896,0.6140379172264121
tilted_head_2.mp4,tilted_head,192,154.02253282731405,147.4393486249862,39.68424850717565,38.307962481882676,157.54617742587857,0.7989826561685713,17.88438533747659,0.48886532378653413
tilted_head_2.mp4,tilted_head,200,152.9772851373849,150.5035564862668,37.726659527495826,35.95218441317907,155.61996955402472,0.7144394495930422,17.434987079122386,0.522535245504841
tilted_head_2.mp4,tilted_head,208,156.00678421509392,152.0363296803022,35.70133854103082,34.60492301206519,154.3767391703259,0.5851023416638375,16.151271595603063,0.45144832618972075
tilted_head_2.mp4,tilted_head,216,157.50031984573636,153.13329932279683,37.427161952110445,37.66500378575681,154.33057463613275,0.6651808372430779,14.908898094255237,0.5434601811740847
tilted_head_2.mp4,tilted_head,224,155.83004139033986,151.17979287239905,40.49862855820386,41.6780730046218,157.46797367721746,0.5797525633063706,15.569919639647747,0.5245245387284481
tilted_head_2.mp4,tilted_head,232,151.32316646315041,150.62439365579536,40.222030893840774,40.302645542777185,155.04115054441084,0.6336898530958693,15.826898770596703,0.5556957276900519
tilted_head_2.mp4,tilted_head,240,157.8082263581948,154.88433583922378,37.30531012070671,38.686474892168754,152.99052870021896,0.6501387111857144,16.470999000567716,0.6429378726622671
tilted_head_2.mp4,tilted_head,248,155.18692033025542,153.1830756538859,38.3022367306798,38.93284991923904,159.45513075351,0.6015444400958305,16.26477563696463,0.4987978367987058
tilted_head_2.mp4,tilted_head,256,153.16241871824525,149.14104874937826,42.54808112650913,43.713889566728994,158.66813769852635,0.6594754774888505,18.43926050839426,0.5160633741561788
tilted_head_2.mp4,tilted_head,264,158.41965304906154,151.43097475759322,36.7180819643597,36.18407257080854,156.43267788550907,0.6442510184369176,20.900481700807635,0.5046322110095174
tilted_head_2.mp4,tilted_head,272,162.55172079328014,152.6032156685016,33.994520907290365,34.981638524309055,154.10893289962974,0.7037691543576543,22.947581850713494,0.5429423840197638
tilted_head_2.mp4,tilted_head,280,165.20623195148622,161.5951485114587,32.55156700775279,32.60973217975685,156.56325494768063,0.5411472133787304,23.28696970722379,0.5679395529103535
tilted_head_2.mp4,tilted_head,288,165.96870628945118,160.8615266205621,33.18634034726234,31.936618167533272,153.71525220192166,0.5320106626171311,22.94443525954161,0.5798368845871967
tilted_head_2.mp4,tilted_head,296,161.8079213250408,157.19778296759645,39.13783487207412,34.949094617747825,161.58665744570578,0.4987226602083002,24.11175070638425,0.5223724006482027
tilted_head_2.mp4,tilted_head,304,164.6781056822642,158.09397665531205,30.3072772363403,33.443561180117385,148.9613971097906,0.6469666953819218,19.06875478179738,0.6340367284517101
tilted_head_2.mp4,tilted_head,312,164.2305717924152,158.5988834699161,31.48955433476238,33.46307928434929,152.13663459489896,0.6255860131951884,19.69162840188023,0.6147046409126373
tilted_head_2.mp4,tilted_head,320,162.20082044332509,159.59061998083027,33.27972456432402,34.39703979998431,151.38535468619682,0.6303901902223864,18.358001597497488,0.6761447176932553
tilted_head_2.mp4,tilted_head,328,157.51944605570094,153.00532122213025,37.68515078946735,37.44398453402602,154.0166915052333,0.6394467739653851,17.594489654265608,0.5756049515380589
tilted_head_2.mp4,tilted_head,336,157.73488377305188,154.0785146893507,37.44105683891919,36.72633330426086,155.7484740849127,0.621523015136161,17.937529018447425,0.5834023177335149
tilted_head_2.mp4,tilted_head,344,156.87018966268178,153.84225690998207,37.57729867036541,36.40629494167242,154.78191576669025,0.6761800996475547,18.320119413797254,0.6082181015140946
tilted_head_2.mp4,tilted_head,352,154.78464802315222,152.67807981882262,36.606827723498725,35.528649681590096,154.5185856579449,0.627865710292493,16.159615682345734,0.5676950518441213
tilted_head_2.mp4,tilted_head,360,151.02236210644818,150.84331328963682,40.326158916011,37.98180575500806,157.99033146584324,0.6429912103045962,15.382156621750946,0.5319678023516128
tilted_head_2.mp4,tilted_head,368,152.0921368887923,150.96598267825064,40.56436362804287,39.038576688818935,157.17640415365366,0.6345317966521419,14.90247808979201,0.5176455989221966
tilted_head_2.mp4,tilted_head,376,153.95718866275016,152.82251480987108,39.901183457052284,38.115021221057034,156.8551360183995,0.6188446031585533,14.812318070261481,0.5373048989566185
tilted_head_2.mp4,tilted_head,384,157.1497422003739,153.59646269667263,38.83901881415046,38.85653836021273,155.2165051902641,0.6464748648482879,15.374945790136113,0.5700635508380344
tilted_head_2.mp4,tilted_head,392,155.97619183032276,150.24857128846634,37.30699558112547,37.829305565667454,155.49437338622548,0.5875437686053325,16.9190674922091,0.4804636652297309
tilted_head_2.mp4,tilted_head,400,157.69875435908597,153.53563461767885,35.64086699575654,36.917132650829004,154.73603632215293,0.633289160528373,16.772859197574842,0.579822762647369
tilted_head_2.mp4,tilted_head,408,155.69478237391158,155.28191294451275,36.84617582801132,36.026356883292785,155.66617295648376,0.6423762369295912,13.493287941095618,0.536828595342285
tilted_head_2.mp4,tilted_head,416,148.29844427164537,151.60228500417816,41.08685419705709,35.54476674988226,156.75125938923705,0.6552346031873288,4.292704578724715,0.49058422079000064
tilted_head_2.mp4,tilted_head,424,152.0358716875035,158.21485951563065,39.424582684730375,31.008273951836923,151.82691973967923,0.6424718314314708,4.963997677220089,0.5656439935799277
tilted_head_2.mp4,tilted_head,432,150.8128848411472,158.7070022190742,39.31174163364238,30.7573289117802,151.4378316123789,0.6175724847301991,9.065130788966691,0.5277518313493209
tilted_head_2.mp4,tilted_head,440,151.10307091408004,157.5545923239645,41.223874979777015,32.29684540478936,150.87018437697142,0.5243404983482505,10.82746392003163,0.42247981490851355
tilted_head_2.mp4,tilted_head,448,152.35172123228364,156.60413187931889,39.97019946437708,31.016589121614103,150.56938944256314,0.5338614046282353,11.555015133668741,0.42906731524301134
tilted_head_2.mp4,tilted_head,456,146.89328702160753,150.23914475841394,42.656188078976,33.164089198610945,151.10941536849379,0.5774423847714005,12.510482807534292,0.4371856240096287
tilted_head_2.mp4,tilted_head,464,151.3644801255097,154.48679430390965,38.401923789942636,32.90008862653209,150.3038970287312,0.5374677176844956,11.809737526695256,0.5022802719504051
tilted_head_2.mp4,tilted_head,472,151.79338132144312,155.91122385834743,40.04054316622095,32.803911366450514,151.89765420234738,0.5745575663505029,8.923015208999482,0.5149776066917288
tilted_head_2.mp4,tilted_head,480,151.78101365315055,154.11803530587542,39.23298762244183,34.83866590139725,152.63078746840327,0.6045643418475728,9.242495570866058,0.5307307756791123
tilted_head_2.mp4,tilted_head,488,151.88733623593177,154.23287520024795,37.50386420748438,32.26082318696385,154.13062478143286,0.5905295608973853,6.938158064518309,0.47304747077969017
tilted_head_2.mp4,tilted_head,496,155.26706321268185,156.14894117771766,36.15661968769701,31.959306475659194,154.13204562751304,0.523436495191192,6.265604505560809,0.48027551709153704
tilted_head_2.mp4,tilted_head,504,158.26899155496824,160.1630646041188,33.18820326632533,31.721649290233596,150.56855609029395,0.5656762769791648,5.569079062542484,0.6456555742269258
tilted_head_2.mp4,tilted_head,512,157.60309710092244,158.14167796007135,36.23083680894738,32.06855879405978,151.87327572908634,0.5857759106286821,6.768305641193744,0.5873967309094019
tilted_head_2.mp4,tilted_head,520,153.1550448224135,155.3441431113857,40.18639242575926,35.02872523146706,151.89929866241374,0.6155173722555245,7.79697245835636,0.564010664101651
tilted_head_2.mp4,tilted_head,528,150.5525889870542,152.48135353892863,43.80737474351115,37.179732300198125,152.52498118332207,0.6265840465395568,8.991751704063898,0.5125592430045105
tilted_head_2.mp4,tilted_head,536,150.1722245698874,155.1783940482445,46.66203224289248,36.49545771411449,153.2316241633949,0.5756632181980791,11.91598769307035,0.408329681776587
tilted_head_2.mp4,tilted_head,544,148.29862558963217,154.0743914229254,41.03243541095602,29.897157553157488,149.65703706287354,0.5719646668917822,19.203875478040427,0.40967311321578553
tilted_head_2.mp4,tilted_head,552,151.145325389243,155.69823905039024,38.53872310062925,28.89880348093214,148.28795503837287,0.5431120006831861,19.6107992216595,0.4126652179926561
tilted_head_2.mp4,tilted_head,560,150.96349337283252,154.97372842311475,40.03058178939929,29.75514539857489,146.66053216083046,0.5845621572771795,20.978636994919455,0.47254602083038066
tilted_head_2.mp4,tilted_head,568,150.48394073327242,153.57616007558917,39.81586789499536,28.482246561731735,148.0864007889632,0.540107397265908,20.347803187488836,0.3795174188292111
tilted_head_2.mp4,tilted_head,576,150.7682283332119,151.1111306590043,41.03038482826068,30.21704636663261,148.2552535152374,0.6543456867836515,19.896895345027968,0.429620774267827
tilted_head_2.mp4,tilted_head,584,152.98092428948996,156.63520033755992,38.9238972408125,28.630040825292305,147.52588517062009,0.5984099588534694,19.5720659581336,0.4532764188801774
tilted_head_2.mp4,tilted_head,592,154.09143659617519,158.0495033934959,36.66458812039848,26.631415005918367,147.2627132216774,0.5558092751864978,20.267044263899784,0.43088263931434684
tilted_head_2.mp4,tilted_head,600,149.03977915250738,155.2928240984778,38.41915801335968,27.8639497589607,148.5894395023179,0.4774428159307713,18.139956188179422,0.378041425378341
tilted_head_2.mp4,tilted_head,608,150.1830996406451,153.55793882047377,39.361169817719265,29.96773644420544,149.63505463859573,0.5408332345744762,15.996610754273075,0.41493192406477947
tilted_head_2.mp4,tilted_head,616,152.45062856931773,153.78193410335092,39.281761175815056,31.073670051351694,150.26204253522727,0.571268688976503,12.426600933781701,0.42718273167689297
tilted_head_2.mp4,tilted_head,624,154.09091092237213,154.6260949273937,38.309537088463955,32.085607905026706,150.4834943491947,0.5967889760188231,10.75587709933203,0.46901244937001957
tilted_head_2.mp4,tilted_head,632,152.41097430139556,154.70787185043102,39.881861001744824,31.60348898896295,151.4538504193803,0.595887684050399,10.720937500739975,0.4514039419966135
tilted_head_2.mp4,tilted_head,640,153.63582291487944,153.98042049112976,38.17678756502722,30.95034624084388,151.72420156306546,0.5266840729529846,9.668069187820997,0.3682534399827002
tilted_head_2.mp4,tilted_head,648,160.46223149465874,146.66752310377302,39.449106039768736,32.001220297077914,150.8471651673636,0.997682165406733,9.531032854209943,0.5098595695306749
tilted_head_2.mp4,tilted_head,656,153.51845821980973,156.0310915841167,39.247446343672934,31.245647786012675,151.57079011920453,0.5483753926835111,9.859779532933706,0.469116200427286
tilted_head_2.mp4,tilted_head,664,149.74896405012493,154.41631311755708,39.22527702260937,30.084703129190597,150.88200404219523,0.5533035054786437,13.865400590971824,0.42643787412215045
tilted_head_2.mp4,tilted_head,672,152.44909906805677,157.95652697227308,35.72641833209421,26.556459202359896,149.423023251316,0.5146165218191253,14.026723359790235,0.438924162949629
tilted_head_2.mp4,tilted_head,680,148.9741352870384,155.10337942836495,43.153187880768414,31.344154424821408,150.11014362552106,0.5107946532011864,14.242672768668221,0.4150628458639501
tilted_head_2.mp4,tilted_head,688,151.46943959732968,154.41693801773707,40.59166504400104,30.829719251742976,149.9433857075551,0.5146016219614625,13.595104622961097,0.4003554995034168
tilted_head_2.mp4,tilted_head,696,151.07881954617162,151.71385190684595,41.532427932435766,34.22807199853643,151.41588785060415,0.5473535624278405,12.328569363750129,0.3940766535852301
tilted_head_2.mp4,tilted_head,704,153.79414508759595,152.80411852945699,38.39414997922891,33.72786543579804,150.938474291433,0.5708425350669013,10.064212279049805,0.4816931297000407
tilted_head_2.mp4,tilted_head,712,154.0177151668012,154.639084472213,38.29287745757211,31.90541853553144,151.9158076330354,0.5564479428275692,10.454704929146468,0.4574319628076916
tilted_head_2.mp4,tilted_head,720,152.89522312341322,155.27958726641506,37.0803050022939,28.813553309074663,151.72747698268884,0.5456515763208327,8.650967187543928,0.43646410550688375
tilted_head_2.mp4,tilted_head,728,154.8298919065082,156.16881701912882,36.74831976472225,29.718657928726156,149.6352378630733,0.5374352933827973,10.711930392155923,0.4802160916798861
tilted_head_2.mp4,tilted_head,736,154.26796873758303,156.48824686573562,36.8265514251647,31.046071930849276,151.10749663349517,0.5649205795503541,9.880141976979907,0.47608857231066243
tilted_head_2.mp4,tilted_head,744,157.34966288223336,159.7072274427965,34.94719457793794,29.09510974922933,150.37302398275352,0.5269252201788702,9.952224631710862,0.4734121562154088
tilted_head_2.mp4,tilted_head,752,154.30742681559954,157.86416332162358,36.83163891970776,29.680456105217612,151.2062925359507,0.5491994385102577,9.928061628957167,0.4513030014983802
tilted_head_2.mp4,tilted_head,760,147.74174968702977,153.82653140591145,39.44438341891538,29.875028451403477,151.93060469753692,0.5407904693685027,14.385012918955367,0.42070574060678406
tilted_head_2.mp4,tilted_head,768,149.13875428282964,156.81220615861926,37.53332517955809,26.30039069964837,149.22818408085917,0.5231543512890967,19.24006720804126,0.4261379369407964
tilted_head_2.mp4,tilted_head,776,152.23898244929157,159.36734125593864,39.65142601551757,26.94480519488597,148.33108246478153,0.5586524024903304,19.190723811495943,0.42090255027276974
tilted_head_2.mp4,tilted_head,784,151.05832973086808,152.7737052293921,43.196359614673,27.753903182280656,146.9141569506888,0.5745305926938642,21.909134595187346,0.36766713377327315
tilted_head_2.mp4,tilted_head,792,151.44128827193265,158.10629340096284,39.45334568332193,26.938368594352823,144.01419524758794,0.5162920745933273,25.140226134181056,0.3941620584053381
tilted_head_2.mp4,tilted_head,800,153.1207528036774,162.0334035872019,44.021955401422744,28.560939283389253,144.78977011925969,0.5451107430137689,24.872401501324738,0.366284432324322
tilted_head_2.mp4,tilted_head,808,148.58132149091438,155.13047791471757,45.39131669676496,32.420695005035334,145.24371167119247,0.5493265524349743,20.71620618370392,0.37890242043776784
tilted_head_2.mp4,tilted_head,816,151.83363852518525,150.81055916843405,44.26831832263815,31.201373825585087,145.90961137965402,0.6621585611032251,23.150077662006286,0.40894195028860325
tilted_head_2.mp4,tilted_head,824,151.5554430568327,157.60546108925766,35.96371849077348,24.58064127997259,143.31378868799092,0.5303449277231855,24.20456854676902,0.3830725834648861
tilted_head_2.mp4,tilted_head,832,149.23628589939398,157.74257616877642,42.4023389687463,28.177093918838782,144.73892800627698,0.5362976878700131,23.911870496156915,0.43066753193624235
tilted_head_2.mp4,tilted_head,840,153.37565878471264,154.11364221543707,39.57142811748392,26.850678483236177,143.82071613343714,0.6180625172537328,23.225682129407257,0.4190543845126692
tilted_head_2.mp4,tilted_head,848,150.0743896531341,152.8869358045701,45.536207984363166,31.307172702354684,145.42201111962356,0.5641508339541746,23.22357400177049,0.3986105349710584
tilted_head_2.mp4,tilted_head,856,158.3059372049744,151.02887471755923,40.73872788637235,34.19684483904975,149.82624008337046,0.8278405659122867,9.23227849050205,0.5965554174661669
tilted_head_2.mp4,tilted_head,864,155.83163355186338,148.43984001876015,42.3840239032769,39.93776404657952,156.5091287688621,0.6474980727380234,5.282393149254677,0.5099989562783085
tilted_head_2.mp4,tilted_head,872,160.3030098600725,152.17028377357,38.20663747556187,37.177697153599404,155.05608473413508,0.6631480282780068,15.929248633811554,0.5630266126607498
tilted_head_2.mp4,tilted_head,880,162.8248279694832,153.38496660870211,33.70017824944059,36.90001470086954,149.53537506484054,0.6652343871302631,20.67853334045875,0.6284278274337276
tilted_head_2.mp4,tilted_head,888,161.27680082816013,153.3443221019788,34.582140503976866,35.99923388999868,153.745990926672,0.6326271718807932,21.257275950372197,0.5555862151182692
tilted_head_2.mp4,tilted_head,896,162.66837737133133,153.12349273364413,33.88386810307537,36.38974586134789,149.4055915016142,0.6320281153338576,19.976000621252215,0.5829983521014652
tilted_head_2.mp4,tilted_head,904,165.11511564149407,156.96120557293403,35.561827141696256,34.806161977592694,155.0682965727223,0.5276233324713648,21.861422832225045,0.521563275511104
tilted_head_2.mp4,tilted_head,912,165.17415975249605,161.9386447642083,36.4260042105749,32.405052752813084,156.48784714533997,0.4656728620582402,24.62877482994481,0.5500928430237937
tilted_head_2.mp4,tilted_head,920,158.7122485414649,153.6391545356903,36.01747611619937,32.40977850465158,158.14378364138605,0.5037623315824507,20.803122019076593,0.4599690034684613
tilted_head_2.mp4,tilted_head,928,162.72470915976584,154.1112637801719,34.659819471438624,33.88508992751952,152.63500095550003,0.5890294364178768,19.43770192422108,0.48941546087170795
tilted_head_2.mp4,tilted_head,936,163.60402972894443,158.63290822606623,36.931817219497475,35.03588966505114,157.47626933128922,0.5766399519851038,20.141591850032448,0.5230981444189519
tilted_head_2.mp4,tilted_head,944,163.37286510436547,158.21074214206567,35.653192094944394,33.926356003575705,156.1513311239323,0.5271564089306829,17.02249824853777,0.4950110941945325
tilted_head_2.mp4,tilted_head,952,164.2269741653855,158.86636377641477,40.594592609266805,37.565297384048115,159.7176179935088,0.4331550009754548,17.771143660062148,0.3985380050891562
tilted_head_2.mp4,tilted_head,960,166.4934730265308,159.67474873427128,38.1119587825228,37.56479767186664,157.65685028884715,0.46926373498657037,17.481632033277325,0.505841082113171
tilted_head_2.mp4,tilted_head,968,156.7266164098623,150.97068038541218,41.290540184544845,37.22849806310564,159.36065696988587,0.5199744510459322,16.047374796010846,0.41686233305077836
tilted_head_2.mp4,tilted_head,976,162.89275849232945,162.97045261560837,44.966224630632496,35.91949097318462,160.0927095450279,0.3769838349257133,18.540982812984286,0.4234074344788066
tilted_head_2.mp4,tilted_head,984,162.6738650578033,155.71162848525617,35.34866688872654,34.92288743438513,158.83461241396924,0.5421846922323654,21.732127999479573,0.5266248600330335
tilted_head_2.mp4,tilted_head,992,159.53605386709768,149.20639284498975,36.619204647053415,36.666380291168224,154.52446197538535,0.6385789354534571,18.401098029144023,0.46330289749612097
tilted_head_2.mp4,tilted_head,1000,161.37329978146875,152.575185216425,33.589019140622,32.09579315656619,153.6063289125476,0.6170285706523784,19.07931424473696,0.48084696535211696
tilted_head_2.mp4,tilted_head,1008,161.18919728780284,158.0009271024916,40.266997897256935,34.20217017826473,160.70379275167028,0.38220071828156144,21.031173393496594,0.41850314913735787
tilted_head_2.mp4,tilted_head,1016,160.4269797904135,150.98003273426136,37.64663675084459,35.661431525951826,157.33109013613958,0.5787758845940247,19.180265577885063,0.4011035637098387
tilted_head_2.mp4,tilted_head,1024,159.61406066998387,154.29472645205877,42.57712285717262,37.08642205879247,160.93022857834225,0.5551244587109053,18.64376049846011,0.38897228072598533
tilted_head_2.mp4,tilted_head,1032,161.77682812880857,150.86563381814182,34.78433784564467,35.106892122799984,155.07228215817432,0.5860330171822107,20.578698233482797,0.445004440499
tilted_head_2.mp4,tilted_head,1040,160.91496557706202,154.2774009913657,33.53995971945683,32.96344643832394,152.49639348098916,0.5903525324731469,21.71173699259775,0.5536034187091713
tilted_head_2.mp4,tilted_head,1048,161.13401388584023,152.8233970711877,32.706032895183995,32.263446664940346,155.29425362547266,0.5789742566044865,22.718027253501553,0.5154379345806712
tilted_head_2.mp4,tilted_head,1056,158.66461755228434,151.77725517014943,36.66620090387462,35.05868127561989,155.16167246435936,0.6285769385506721,20.041508867775956,0.48260589621733063
tilted_head_2.mp4,tilted_head,1064,156.3582341207135,149.6183488164914,36.346866984908374,34.555077098270935,157.30640755984837,0.7089266107008492,15.062582218929192,0.49221101268320444
tilted_head_2.mp4,tilted_head,1072,157.67445457331596,158.48038438594384,33.20585389595622,29.741415247061013,152.86663659568532,0.6175011602586808,1.4182813070914193,0.5376189222122899
tilted_head_2.mp4,tilted_head,1080,147.36991073126543,153.4078287447144,39.9270687527905,29.013427569545524,151.46266642301205,0.4939237548493121,10.26194747089243,0.3845780017530894
tilted_head_2.mp4,tilted_head,1088,150.36799951174189,160.35141536787913,35.33559888043152,27.232564620337545,145.63528452193526,0.45036544385438465,16.562742279734,0.3784278310247222
tilted_head_2.mp4,tilted_head,1096,155.2313665803957,162.39590492305226,49.44431496766003,34.58060097064829,140.8019664869464,0.3522913590669023,20.477169874186448,0.38719040437913776
tilted_head_2.mp4,tilted_head,1104,158.58839105518027,163.63849321397157,45.033657232415145,33.3055319016921,143.4540249772394,0.40091892794303924,19.788772047932074,0.41799194932350414
tilted_head_2.mp4,tilted_head,1112,156.22997850107876,163.25583122912633,49.66474475362636,35.58805223634245,141.76257268155135,0.4005727188559668,20.552974443254463,0.41137038884278737
tilted_head_2.mp4,tilted_head,1120,153.92522659884597,162.18291413512577,49.582868974580634,35.99156031784768,140.53489461574273,0.4276894833968842,23.520035300176247,0.3704273627292297
tilted_head_2.mp4,tilted_head,1128,155.2035231227551,161.27543135030766,44.95402892088414,34.60204005591988,143.11723387776576,0.46236746241340415,19.327452561428455,0.35767937457891147
tilted_head_2.mp4,tilted_head,1136,150.07458483785152,152.81220464752093,40.27011079748941,31.101572493932267,146.3148561373726,0.5127158597399759,17.453308215859625,0.4187616102253831
tilted_head_2.mp4,tilted_head,1144,150.48005539197743,151.67382120651936,44.2150406679354,34.093705175625644,147.09238561876805,0.6155442010128619,19.988231370742252,0.4481846475744516
tilted_head_2.mp4,tilted_head,1152,148.24703449465406,152.96134832602132,43.90537974303409,35.50585258722923,147.10580680574193,0.5387144866561909,19.974035164698083,0.47053607046419754
tilted_head_2.mp4,tilted_head,1160,146.56856840885283,152.91430321288698,44.61200537638652,36.55689795517463,147.09677033443273,0.5187152556065697,19.093245712244627,0.4365212786188071
tilted_head_2.mp4,tilted_head,1168,151.50733885692026,140.10976315788082,46.0047402651833,38.131510573565706,149.51879789510986,0.9385961873220048,19.035964002042025,0.45781737543086193
tilted_head_2.mp4,tilted_head,1176,151.90985519462885,140.05082529177076,45.75352350285881,38.25318237553079,149.82303721982757,0.9847824571952328,20.550109963096375,0.44033579998091116
tilted_head_2.mp4,tilted_head,1184,147.7587525036848,151.3188092676158,46.88910411303569,38.74426338653212,149.60848194744574,0.5754307616347814,20.361828530558586,0.4483797974843967
tilted_head_2.mp4,tilted_head,1192,150.6030341608804,148.78738207326873,43.11981060236229,37.68977827319679,148.72162977518352,0.6727173052463878,20.021857002876892,0.49732096717497465
tilted_head_2.mp4,tilted_head,1200,150.19627799320492,146.67571820742236,45.35376105513758,37.11324300870728,149.22944448113793,0.7716332797038429,19.64423309021836,0.47191360248629377
tilted_head_2.mp4,tilted_head,1208,151.71147748570516,142.7678058876269,45.3024466230556,38.11299413045405,149.62202035773956,0.988461152911204,19.79779909551337,0.5008648287377462
tilted_head_2.mp4,tilted_head,1216,149.1189184177866,155.7237761191685,49.170404728983854,38.3774897268466,148.32958697723075,0.5501765848300042,20.145338054892818,0.37818534764469713
tilted_head_2.mp4,tilted_head,1224,151.08735315145844,159.3885982690572,45.71004485283483,37.73114562613723,146.64524250532997,0.530575716802377,21.40883734152333,0.4483725441985994
tilted_head_2.mp4,tilted_head,1232,148.06885434644715,155.51676549410317,45.53706177233531,36.8270628719709,147.4342158245881,0.5443553470535809,20.371818505664066,0.4373562828336545
tilted_head_2.mp4,tilted_head,1240,153.25923188939038,153.86755559835365,44.43644358178809,40.12086917269069,149.80704818120432,0.6533450369317567,14.900130922117349,0.5828368776205469
tilted_head_2.mp4,tilted_head,1248,150.11265001110266,147.23157367294627,44.22387219281474,40.57196326865355,155.64337067707157,0.6559416006095464,3.2246570880146197,0.44758293140075955
tilted_head_2.mp4,tilted_head,1256,152.0030721988016,148.00096139490574,45.345357766741984,40.270097973096576,158.5648021670044,0.6126906527569028,5.745533809471313,0.43710654634380613
tilted_head_2.mp4,tilted_head,1264,159.68436011403207,150.96600650118492,39.350261430371354,39.41744237002774,156.88629223648059,0.5828388313385963,12.644559480613708,0.49362720076446365
tilted_head_2.mp4,tilted_head,1272,152.74566572469448,148.22550049447736,43.77994399878303,38.690526741817784,160.67667570395784,0.6112159991532141,15.808699866781712,0.4244699918769802
tilted_head_2.mp4,tilted_head,1280,154.06448229215744,147.61555404919085,42.875851398263826,40.094991681831516,160.9641754976536,0.6186297744500939,16.702043068940576,0.4408085774011177
tilted_head_2.mp4,tilted_head,1288,159.36934206117456,155.19095562382316,38.81853021743499,35.86346348242016,158.69236642016736,0.5644990945345368,20.350871007364958,0.5458946602829762
tilted_head_2.mp4,tilted_head,1296,160.60321621733596,155.4359833620392,37.770827546248384,34.82743258344967,157.48972745286065,0.508851233284645,22.529824527183212,0.5080874819117137
tilted_head_2.mp4,tilted_head,1304,157.05218786101102,150.84842923765657,40.04460483140541,36.53541513305945,157.9927819526253,0.5606352127157066,18.83909505290113,0.47754324500538176
tilted_head_2.mp4,tilted_head,1312,170.04926412912326,170.0258074773221,42.762565783603854,23.403365642708355,127.45602910857468,0.25473052758963416,127.71714408684461,0.20010190428010122
tilted_head_2.mp4,tilted_head,1320,158.2139286345092,154.20723539479746,38.84440681746435,33.70147812807953,160.75620230162465,0.5064832189375086,19.426294189632497,0.4117088460041172
tilted_head_2.mp4,tilted_head,1328,159.88018210320257,156.7345240427246,39.29221499173942,34.48775977530219,159.16809322217233,0.48918839807927833,16.691355324224414,0.42446086395243604
tilted_head_2.mp4,tilted_head,1336,155.59178148925116,149.28877128026483,43.63471299911303,38.51043390825773,159.25692011941354,0.5131118378205556,17.56307261380717,0.413574847567775
tilted_head_2.mp4,tilted_head,1344,152.67259265282553,152.25528879433966,49.06707095304835,40.78332456162147,162.447633842442,0.4900686376454212,16.718492027995694,0.3931915494960256
tilted_head_2.mp4,tilted_head,1352,155.78994786273668,148.7641068372443,40.01375821134017,38.20964818516103,157.6493656006609,0.5791820144856075,14.21438936128522,0.4840788133588347
tilted_head_2.mp4,tilted_head,1360,151.42230508157357,150.8235460105065,39.741369066779825,35.22933065913731,154.1993173603461,0.5706704211305195,0.3907607576570586,0.4830496903823783
tilted_head_2.mp4,tilted_head,1368,151.39363679354472,157.9844093879996,39.32396123678158,30.517762380529554,148.9957485710486,0.5047937727963101,8.907619608156537,0.5022862490657493
tilted_head_2.mp4,tilted_head,1376,148.58554266356833,159.10142882411265,41.88418041966303,31.961194497514153,148.1337249661733,0.49155244841455564,16.389564141539523,0.5233824390607827
tilted_head_2.mp4,tilted_head,1384,145.3861768468139,151.5657003755379,43.01845263805771,34.023542422108434,147.84253199635222,0.5157571473511464,17.782870099352067,0.4954654644797324
tilted_head_2.mp4,tilted_head,1392,153.90529502965018,161.31438624334754,43.1515251176625,33.582233520952066,146.011701422211,0.4975966168742163,19.079930280957136,0.47922836929938983
tilted_head_2.mp4,tilted_head,1400,152.18885850892443,161.57117780912978,44.22036171958993,34.58384475628456,144.91765178144456,0.5336704871191258,20.968100914430323,0.42396960061244854
tilted_head_2.mp4,tilted_head,1408,149.57035427484251,150.90676761402736,45.00949177296839,34.270382999410785,147.1103938408874,0.56719443867524,18.7625276001654,0.43042555596095217
tilted_head_2.mp4,tilted_head,1416,150.5586703170371,157.31141470697779,44.08265370985945,35.02176996108649,146.02623952538744,0.4643629214668376,20.09393208075034,0.41783277398009483
tilted_head_2.mp4,tilted_head,1424,151.01055393054372,151.68343478362422,44.23655482995038,34.34448456076495,146.73994369895496,0.6099817333933498,19.32999295483861,0.45584386785827713
tilted_head_2.mp4,tilted_head,1432,148.06111941814083,151.68983026150394,43.562433847628725,34.48448033655213,147.49240700429277,0.546306542592385,19.076966903332284,0.42463294251755035
tilted_head_2.mp4,tilted_head,1440,148.76694269348408,152.86501311733014,41.45002926284927,31.708191784655032,146.68437507116283,0.549466771309007,19.25323504510949,0.432490446597268
tilted_head_2.mp4,tilted_head,1448,146.31139793278248,156.25048531583627,44.503528044136424,32.43980965961478,146.2466985033849,0.5122924220289488,20.436044067544504,0.40549184157113033
tilted_head_2.mp4,tilted_head,1456,148.40782399760403,154.857422374174,44.562268819462645,34.89784688676413,147.00262394226337,0.5262702272845287,19.70257092361405,0.39937363025508754
tilted_head_2.mp4,tilted_head,1464,147.0561537752152,157.66516644014098,48.08230562239099,35.96464588673497,144.39205680891146,0.4702373829262412,22.474588086719734,0.41411263532830955
tilted_head_2.mp4,tilted_head,1472,150.23176774803758,156.2981146462048,39.856263004060494,32.90829875888426,145.1779540997743,0.5762844377416644,21.85588492276906,0.5471589834844013
tilted_head_2.mp4,tilted_head,1480,148.4025518791011,153.5614796144196,41.20311126084193,32.97157121084692,146.10715308196006,0.5918815787930355,21.252095992199976,0.4754231261220492
tilted_head_2.mp4,tilted_head,1488,150.4519078018987,154.75497886146857,41.92657650760729,32.13082609480989,146.49268930623322,0.601091560850039,19.98395519226483,0.44589970858592287
tilted_head_2.mp4,tilted_head,1496,151.91751300919032,160.1837671291281,39.17445142832643,31.011179214410603,145.00364778110293,0.46319704659147426,21.3308534129385,0.42729414378908626
tilted_head_2.mp4,tilted_head,1504,148.82154479686605,158.3966774988388,40.07686918765393,29.78191053615856,145.7022307443181,0.46593271067060127,19.617423154705122,0.48375385359166684
tilted_head_2.mp4,tilted_head,1512,149.09078892135443,157.57511447825806,39.83486324088709,28.58638531147983,145.1104984713437,0.5151585425988017,18.743646651626364,0.43266491732490864
tilted_head_2.mp4,tilted_head,1520,149.64439908839037,155.44978747140843,44.888406060796,32.43939664965542,145.9265105844749,0.5443377732234329,19.97334833444124,0.42612870310346557
tilted_head_2.mp4,tilted_head,1528,154.40033405258114,157.15590129702684,35.1737147092813,27.584945223883008,144.40650057234575,0.5246079600137695,20.389195712916855,0.4030446291417925
tilted_head_2.mp4,tilted_head,1536,151.06427920403013,156.68956317563635,41.127730085350485,30.924950994010903,145.3043213185556,0.5351681167346786,20.799039757016818,0.4401404076174213
tilted_head_2.mp4,tilted_head,1544,155.82437800440601,149.29083341359998,41.431620157651714,33.63987319567673,147.4860033133403,0.7910275717230187,17.70379124699869,0.5115340877671487
tilted_head_2.mp4,tilted_head,1552,154.1199527539989,150.17665772936374,43.6681236283622,40.153063987422314,153.10216745300005,0.5970354901838206,3.582114173738455,0.5016619192317374
tilted_head_2.mp4,tilted_head,1560,153.67438880233277,148.54496190110285,41.01210853492239,39.538980760446385,157.23330155283995,0.6097226513247701,12.245402016566581,0.46307745467234745
tilted_head_2.mp4,tilted_head,1568,160.2277428609236,152.9343084343111,35.80415281223952,37.093882265216365,153.79089898612216,0.6104091338663359,17.341775914665174,0.569143146243273
tilted_head_2.mp4,tilted_head,1576,156.91912043547399,149.114208878925,37.92745812687135,39.080455891194724,155.54917015190702,0.6167129423896759,22.25924824278667,0.5148073896937602
tilted_head_2.mp4,tilted_head,1584,157.0473723066701,150.8529142081926,41.18441537756141,37.924905867545746,158.5314657585995,0.5959104586533394,20.035084131869286,0.4377906065190394
tilted_head_2.mp4,tilted_head,1592,155.16203625981643,149.85248207466634,38.269866379362,36.715606268866864,156.32949573439592,0.6237295302785855,21.581160940522448,0.5069793894974739
tilted_head_2.mp4,tilted_head,1600,156.93951354261347,149.8992311407471,38.06537109476794,37.12511593225424,155.96618168172435,0.663394449175314,22.533144855775703,0.5150088342349041
tilted_head_2.mp4,tilted_head,1608,151.26026707458226,146.61030792847072,43.89885905670092,39.25390363768792,160.71818194343376,0.6776584027436956,22.681426758238462,0.44895256614069007
tilted_head_2.mp4,tilted_head,1616,158.7998113711693,154.02970822943408,41.63453855306915,37.40889007189601,159.70481828078263,0.6176294391812478,23.559121484376767,0.5034214759149116
tilted_head_2.mp4,tilted_head,1624,153.53239319165482,152.01523006042925,45.042029418038354,37.88939605512838,162.9449135706462,0.5853465705141375,24.11380904639437,0.4384960080129474
tilted_head_2.mp4,tilted_head,1632,156.74276579072875,154.53091981124166,43.29025117986447,36.3166866207113,160.18744800973718,0.5751494071128159,22.916464351134927,0.46217688392814676
tilted_head_2.mp4,tilted_head,1640,157.73659286396543,153.02468994465602,36.82683534839149,37.114912042698634,155.6418932651071,0.6607379061936058,23.091593541927285,0.5604772420483495
tilted_head_2.mp4,tilted_head,1648,152.64013980774345,150.99362985946817,42.73766711147718,40.329462264782855,158.82659756307987,0.6498259515664101,20.25185335127253,0.4975292987710434
tilted_head_2.mp4,tilted_head,1656,150.68425356611561,149.06199817111818,39.01442203117048,37.21668073140079,155.7120362098106,0.569937376950551,20.21598033212802,0.47320525362945487
tilted_head_2.mp4,tilted_head,1664,154.87944197509208,152.38078424929114,37.53842890799032,37.31210840985578,153.61989993036062,0.5910916240523227,18.861985332388226,0.5659425275915368
tilted_head_2.mp4,tilted_head,1672,155.03837940362257,152.57671847748767,36.57553788225376,34.56643505505409,154.56769624376417,0.5527124531894011,15.934190346251498,0.5138762131484614
tilted_head_2.mp4,tilted_head,1680,155.3843521345029,152.48124767386818,35.66087529363931,35.64981924491038,155.0471675963918,0.5819190275546084,15.450602434752025,0.5146557986965152
tilted_head_2.mp4,tilted_head,1688,155.23384016449126,152.6984984193594,36.21323831804383,34.77757827567914,154.9385066245183,0.5870050291297706,15.273792401813491,0.5117045566651371
tilted_head_2.mp4,tilted_head,1696,150.49110129845766,149.61450114339158,40.46347116536555,36.6871472792656,158.22381289945997,0.5502551390734807,13.762471755339101,0.4047913023249415
tilted_head_2.mp4,tilted_head,1704,153.4337527209908,154.09412120665473,35.96838190995919,32.413773089530885,153.46188491168922,0.5517565555141122,2.880944625043971,0.5003682149452316
tilted_head_2.mp4,tilted_head,1712,154.89650658904677,158.8935198391839,35.584292622451194,30.32518636870236,151.2607010727911,0.5491363785313723,2.843824280764286,0.5103700197890181
tilted_head_2.mp4,tilted_head,1720,154.43600827761296,162.36877722030187,35.82146362552737,26.908440016819448,147.7315377265042,0.5337034333215224,10.535301020935048,0.5185421478120344
tilted_head_2.mp4,tilted_head,1728,153.00813587088606,157.8808996147898,36.25731617969894,28.147629110319027,148.7829061789851,0.562079695906601,15.175195317918709,0.4798123765729076
tilted_head_2.mp4,tilted_head,1736,153.09920260760921,159.15535221412483,36.73564176520639,28.574493498003097,148.1214125223797,0.5748308822945005,15.813165795945823,0.4855429776409341
tilted_head_2.mp4,tilted_head,1744,154.62036576877156,158.48753849040543,36.78181985674219,28.57169834143726,148.1347300918928,0.5425255147224131,16.18101085190148,0.46414255326603626
tilted_head_2.mp4,tilted_head,1752,152.2182621295628,156.73633158815483,38.239499896221595,29.0459521538579,148.86969873996537,0.5349350360869078,17.592276032629684,0.4122308234288282
tilted_head_2.mp4,tilted_head,1760,154.0444439224162,155.86615201844313,38.568308570817415,30.603902819456405,148.85144857712532,0.5722171212015662,17.822204628388803,0.4360272972732621
tilted_head_2.mp4,tilted_head,1768,153.05676610824435,157.1313447500658,37.65466184603391,28.71596332945401,148.21140217099972,0.5528279627848716,17.80547740483183,0.41725859192545356
tilted_head_2.mp4,tilted_head,1776,148.80402119594547,153.80577878396625,43.21256634555745,33.9219002596914,150.30404740603797,0.5300590478302474,17.676069806441976,0.3684658419183507
tilted_head_2.mp4,tilted_head,1784,152.6556515670131,153.68725542965288,39.79568239354996,31.652386695993037,148.8449071992653,0.5669441186737307,17.488721144420783,0.44327820645470356
tilted_head_2.mp4,tilted_head,1792,151.650221365413,155.98857573733514,40.157338596417695,31.661630308330448,147.7339524372532,0.5752828360409366,17.599690703183487,0.5231350042809922
tilted_head_2.mp4,tilted_head,1800,150.25041212228726,154.81694275567904,42.71731067435296,31.961446566810004,149.2177566800956,0.5609061702857909,16.905739812465455,0.453535564535043
tilted_head_3.mp4,tilted_head,8,134.8035266407599,140.34273848315192,42.77498779836759,41.628775815085476,152.23355212624236,0.6225425913988734,22.276197469991164,0.4078032129522576
tilted_head_3.mp4,tilted_head,16,140.9416061186507,141.31409277700521,46.65711101339753,44.14357431248028,152.5156801241908,0.6196884837941701,21.569766587523077,0.3178448501523641
tilted_head_3.mp4,tilted_head,24,143.82550631881335,143.95199301500864,45.94796436508527,43.264403016181355,152.99652597566458,0.6205264799264788,22.39920583905253,0.30813516387157885
tilted_head_3.mp4,tilted_head,32,140.85356265709484,142.81600213050436,46.240573450758575,43.2972254122577,152.63724278620214,0.5978942508310473,21.94802732693025,0.318178995735717
tilted_head_3.mp4,tilted_head,40,143.89889760316345,142.2257392226216,46.73619280670107,42.60192141661651,151.16837435592208,0.6217102991467752,21.881359735941185,0.3143988637992237
tilted_head_3.mp4,tilted_head,48,142.38759432586164,144.22515082789803,46.70337034309891,44.38078951192639,152.8419136186579,0.5919714061177617,21.821228823854486,0.3029874719606709
tilted_head_3.mp4,tilted_head,56,143.05081877779597,144.33952633178717,46.56886674752321,44.327054593421536,152.76031218429156,0.5915783835652535,21.973986984987956,0.2922073251248946
tilted_head_3.mp4,tilted_head,64,141.05842495254328,142.871139520466,46.86143155876603,44.1683930872056,153.24392441266383,0.5920117744795107,21.62029351912692,0.3041868050749785
tilted_head_3.mp4,tilted_head,72,148.6986560778475,141.9579510673256,48.431188922105825,44.23197837644154,151.72441002093876,0.7473000181284095,21.734281262455127,0.32642475186962344
tilted_head_3.mp4,tilted_head,80,147.03471227815453,144.27142118115628,45.44528066987441,43.03525365419432,151.40460426073705,0.6843307787831495,21.585341743998384,0.339177496621171
tilted_head_3.mp4,tilted_head,88,145.97820111955886,142.23529242436305,46.79487322745379,44.395409529935144,151.91912607272695,0.7139766656456022,21.725208110227012,0.34207209162724916
tilted_head_3.mp4,tilted_head,96,142.16719185470214,138.85755558954642,47.355204216631094,44.63945392946028,152.6743776402361,0.686274704077186,20.257432623446437,0.33349467708542896
tilted_head_3.mp4,tilted_head,104,148.01594107732853,149.5934596579092,41.77171407934365,39.845721504838586,148.11780836004746,0.6099436429419889,19.928116206113543,0.4296891885450982
tilted_head_3.mp4,tilted_head,112,144.82654088429544,140.70455011023424,48.17959534958097,43.72027952199312,152.20580685098625,0.7153826376725371,19.815905674156483,0.3272190074076965
tilted_head_3.mp4,tilted_head,120,144.90493789863697,140.9947879459158,48.130629382859354,42.59377097645872,151.98174613538455,0.7567138346081475,20.81542491441064,0.33908826670880676
tilted_head_3.mp4,tilted_head,128,145.24813467651379,145.8004666504251,48.001603408730304,43.795715048177165,152.4755061154457,0.5935804904459174,21.37604630822858,0.30481677433718185
tilted_head_3.mp4,tilted_head,136,145.05365633523041,143.39613837432515,46.7140122158322,44.58273126590914,153.22690831607838,0.5870337650806989,21.579375744789985,0.2907566412995534
tilted_head_3.mp4,tilted_head,144,144.1807034039794,145.59760154886084,43.89273737941796,42.24548950210374,151.6791692309148,0.5802863801401185,22.32585869389184,0.3231118455881715
tilted_head_3.mp4,tilted_head,152,148.92885537522773,147.35749805747852,47.12426100136345,42.55773719597012,150.87238719653814,0.5827517417349164,22.402146105724736,0.33111084013051695
tilted_head_3.mp4,tilted_head,160,144.5993740374851,145.48890603559389,42.79990166816378,38.63564098999213,149.79084365415946,0.6255354051691066,21.460029561922642,0.37663851752875344
tilted_head_3.mp4,tilted_head,168,147.5731788847947,145.3236313741235,45.19493834832601,41.90870486702708,151.76740687781324,0.5753376855117162,21.078734881043996,0.31856954284196703
tilted_head_3.mp4,tilted_head,176,151.56880017375735,150.14913690499196,46.28557172057349,42.52487613555026,151.12779424103493,0.530541128045484,19.135759143382156,0.3355341817276112
tilted_head_3.mp4,tilted_head,184,149.5434302379877,150.34164725382223,48.12886577324666,44.642866858094976,151.21367055238034,0.5034623027214427,20.98482752462992,0.30973971509841663
tilted_head_3.mp4,tilted_head,192,149.2379763863227,149.53361991760596,47.46321429923373,44.080661179502016,151.25081124814767,0.5235057092008637,20.957851945542007,0.31816172728551906
tilted_head_3.mp4,tilted_head,200,150.81179961049196,142.96317319811712,46.36405401329793,41.30104505812825,151.09543376682979,0.6615151534247806,22.282849452128932,0.32566613785961096
tilted_head_3.mp4,tilted_head,208,151.54528884157753,149.2910906435294,47.07350992382533,41.77824118568981,150.5817278592653,0.520880538438187,22.043469012323968,0.3023087492347455
tilted_head_3.mp4,tilted_head,216,142.42494473503496,144.26768239909222,46.52650457800792,41.47915642287245,149.83691101320687,0.5161721421006125,23.410622681992127,0.3376592212113739
tilted_head_3.mp4,tilted_head,224,145.78222978777,147.78757463923606,44.32595721753676,41.63523780179482,147.42263231700258,0.5071241340679377,24.14889189001237,0.33790941476434
tilted_head_3.mp4,tilted_head,232,147.87113382926304,150.13655640088163,40.94613863571868,39.581858554668536,146.22278689939745,0.49950370571692465,25.985785110714254,0.3392929712588571
tilted_head_3.mp4,tilted_head,240,147.00734403051368,146.91867643150104,42.66507455628148,39.005825156914405,146.46193643357032,0.5546266766561898,26.896276272423123,0.3205376205776035
tilted_head_3.mp4,tilted_head,248,147.71160982122345,146.48667601332366,42.751888186968316,38.85716804478318,147.42138936714224,0.5348065662486334,25.03116809572061,0.30647564145246603
tilted_head_3.mp4,tilted_head,256,148.72713450460185,143.6287009291419,47.010033798561,41.33859444252933,149.51365903220264,0.6390575508367601,22.663245919133786,0.30260879626782644
tilted_head_3.mp4,tilted_head,264,150.58781023584373,149.39472817910493,47.324603478912714,42.19392726606013,150.03843114499958,0.5082302346756087,16.951649138177387,0.3414189528032386
tilted_head_3.mp4,tilted_head,272,154.13818165886792,154.01109640275877,47.90166070317454,42.536154191301236,151.32511314202537,0.5318188105078044,14.291994404916949,0.374887143603196
tilted_head_3.mp4,tilted_head,280,154.5556538523308,152.78469585934556,46.70461576341954,42.166361265348186,151.9834804992657,0.5342415877376567,16.058753322802815,0.38970609344671103
tilted_head_3.mp4,tilted_head,288,156.08412335295472,148.69217004728822,46.112383844404064,44.49787479690404,152.03520944683194,0.6490258702814313,14.032943026356419,0.47681936502800454
tilted_head_3.mp4,tilted_head,296,158.08106948597612,149.42777538124116,46.8378577470177,43.60883248622303,152.4385158185002,0.6972120770165477,13.481756522253132,0.4534143738305798
tilted_head_3.mp4,tilted_head,304,158.19862491853684,151.71225075540667,45.70589001552247,43.727876784167854,152.34810620223098,0.5349636288602537,10.820033521409135,0.40460546834114364
tilted_head_3.mp4,tilted_head,312,158.3228804273555,147.0240810137287,44.64139205996443,42.52199103573351,153.06474370174837,0.6823279912386079,11.222446817803396,0.3952000444827263
tilted_head_3.mp4,tilted_head,320,154.49605353489466,151.62865743357457,50.398928563492966,46.76369459079125,153.42064338765007,0.5016373149767815,13.233066617712474,0.3560504892647687
tilted_head_3.mp4,tilted_head,328,147.26472523761618,144.7637150448107,47.38190487125545,43.545069720863474,154.66926685354488,0.5918054705550613,14.373659742543706,0.3021666803231221
tilted_head_3.mp4,tilted_head,336,142.50531397437896,144.46612575200865,48.52092215991087,45.64641068756407,155.61161835723718,0.4941629851963392,14.474898620021063,0.32559524610360285
tilted_head_3.mp4,tilted_head,344,140.8008964103252,142.55049561631853,44.84819557583817,40.93645411746186,152.20731028403077,0.5618196039882124,14.888589868181821,0.3600735115759095
tilted_head_3.mp4,tilted_head,352,144.27387292132977,146.4413585926691,47.70240119509555,42.77207326457525,152.57376933769498,0.48833028463689976,14.644807110790937,0.3637458048086093
tilted_head_3.mp4,tilted_head,360,153.7626869559875,151.1526718489129,47.80404117683955,43.043817565403124,151.21010069720373,0.5036136335670969,16.76472575942614,0.32886244747234955
tilted_head_3.mp4,tilted_head,368,142.72806769637776,146.24516947487953,48.401025348385105,43.55570610636714,151.81656645126893,0.5068517466997661,16.866527538738893,0.3327750588777736
tilted_head_3.mp4,tilted_head,376,144.87526954670042,146.56926611298306,45.91057113314813,43.42108974762322,151.15731036459132,0.5137990274039109,17.004897752660288,0.3617951307067669
tilted_head_3.mp4,tilted_head,384,147.7257738766714,147.54138851914388,44.02627351184282,42.87756735711955,149.53455932641387,0.5120264783065775,19.220612764677483,0.42872472388803773
tilted_head_3.mp4,tilted_head,392,146.91526922712555,146.62919524168294,44.31971821584677,42.293964411876246,151.06897520541534,0.5133826229034082,17.76622318538399,0.4228502952568225
tilted_head_3.mp4,tilted_head,400,148.33762701779582,150.4600512364413,44.22622345665674,42.52327494853649,151.07089047916716,0.5274779875906818,17.645914671899984,0.44856453270232366
tilted_head_3.mp4,tilted_head,408,143.23744709726108,145.7092610019437,46.14865380767565,43.026547389603394,152.86122363757912,0.5055613263288775,17.475733605145265,0.34811846291873394
tilted_head_3.mp4,tilted_head,416,147.66639252914993,147.64888971429764,45.349961133394324,43.15645347605946,151.35442587802453,0.5321131710354366,18.258642152701825,0.4050865466642786
tilted_head_3.mp4,tilted_head,424,147.44557488560767,148.05043824195442,44.888339508874935,40.68517266355508,151.97651092813553,0.5448429588242836,17.91910291594511,0.38411489274479976
tilted_head_3.mp4,tilted_head,432,148.42040888027617,149.43338821693672,45.702254806259425,42.20032438117495,152.08433625204287,0.5308287212931437,16.97965152407766,0.41702088064864246
tilted_head_3.mp4,tilted_head,440,151.49633746976684,152.09323736807718,45.913276490295964,43.9082461653021,153.25565247156837,0.5312745108983339,12.305796368713349,0.44798009490690316
tilted_head_3.mp4,tilted_head,448,149.15393206085835,145.5187016999728,45.23138204468036,45.419609124078804,155.8283669757802,0.5321690696165318,0.5925383844507673,0.4559515102890244
tilted_head_3.mp4,tilted_head,456,151.7116817115465,142.74577295985807,46.2113298631482,45.70375387511031,159.74937157532264,0.5661559776863264,11.802926429320935,0.3391612741552766
tilted_head_3.mp4,tilted_head,464,152.58006288617753,143.75382163978355,40.23440241747632,45.53245720695942,158.18251908023964,0.5274140258444843,18.26624582468714,0.35253239947465514
tilted_head_3.mp4,tilted_head,472,150.76002728563248,143.41228625943666,38.697498039557665,42.81876509184322,162.17894101958217,0.5093726470257447,21.33217128725722,0.2805198657949205
tilted_head_3.mp4,tilted_head,480,153.87945715447634,144.87331660485316,37.448483947603606,41.757857878701785,157.44069597353226,0.5506461473848595,21.963072259691366,0.2641212210475413
tilted_head_3.mp4,tilted_head,488,137.80626181642066,133.8030994872143,46.01756481943507,45.74566184134478,164.39501021285307,0.49264524027339457,22.677911923017703,0.3571102625042261
tilted_head_3.mp4,tilted_head,496,155.1068772767136,141.6890899504082,38.91107871418663,41.64926983113344,159.16544018732947,0.5027847669895575,23.927114279300003,0.37412913539980286
tilted_head_3.mp4,tilted_head,504,156.4961251386483,144.4293612672872,38.837681642811276,41.65635517544792,161.65127286469973,0.5763625577515874,22.79654016228947,0.38913439440543973
tilted_head_3.mp4,tilted_head,512,158.05497900391165,146.12189733027637,39.822633139257036,41.173737240763806,159.24336869273617,0.604200303550564,21.324655341439218,0.380591406594826
tilted_head_3.mp4,tilted_head,520,150.32623454850741,142.61001142336792,41.897503634613315,43.27143768066222,163.06721384245836,0.556737699775308,21.101966618944996,0.3077631693336994
tilted_head_3.mp4,tilted_head,528,152.74210066869756,142.580787071548,42.80216198970605,44.22612598221212,160.8691925141664,0.597693060924228,22.29793254966827,0.31038929949391275
tilted_head_3.mp4,tilted_head,536,157.03589993179924,147.70094887052318,39.81963753946883,42.835439484702945,161.14068278676828,0.580002347426278,21.788549266716004,0.40656290338867435
tilted_head_3.mp4,tilted_head,544,157.5086174509057,147.57480069658166,39.30500657584207,43.7027914360049,161.06751570753696,0.5709817527237846,20.282919555251315,0.41537446301275976
tilted_head_3.mp4,tilted_head,552,157.69224723309154,146.4395074950395,41.51589996606785,43.66728710951625,160.88093768501835,0.6098851978352996,21.660613813477248,0.42434701474001785
tilted_head_3.mp4,tilted_head,560,163.58983517550507,142.91542333893696,37.33138737308573,40.55154485419216,154.39154657705075,0.8444105074738559,21.362618919152077,0.4857353396565479
tilted_head_3.mp4,tilted_head,568,153.91190601255417,144.85383580240637,43.789406220794255,45.88735475429267,161.60325731692615,0.6245029958735732,20.098747355545203,0.3421774090646572
tilted_head_3.mp4,tilted_head,576,151.4141580652606,144.42736830453958,44.28574212322846,47.38873897999789,162.48411427373185,0.5646082067663931,21.598270081949035,0.32894917368515936
tilted_head_3.mp4,tilted_head,584,151.73657858401714,144.11411655576651,43.65303956509086,45.883377427184,161.3327992855438,0.5478610195811023,21.8586108193209,0.32673322033616464
tilted_head_3.mp4,tilted_head,592,151.1401452170134,142.00320000965687,44.375968804423245,45.88828528526719,162.0929750858471,0.5850169395264061,22.16575785469154,0.3083117515968167
tilted_head_3.mp4,tilted_head,600,152.20297454744338,145.4919206539336,44.25230192610053,45.81292124062079,164.2279988744929,0.5481571213700073,22.405702605502075,0.2899020161734165
tilted_head_3.mp4,tilted_head,608,152.0576269821958,145.30779865943336,45.72436867470562,46.82058746165911,165.82943591691702,0.5385801086219765,22.689566171036315,0.28231100066703846
tilted_head_3.mp4,tilted_head,616,154.88946689178522,144.90219343996617,41.29573076073368,43.26405864806119,160.17659182968202,0.6086354813642733,21.45268698249367,0.34752507948541383
tilted_head_3.mp4,tilted_head,624,153.27627006030795,140.1334557503462,42.954464735205924,46.33514411033551,160.84488141823286,0.7184418457603706,21.67676824534376,0.32034979484736276
tilted_head_3.mp4,tilted_head,632,152.44923021118544,140.8145025699694,45.887746883377254,46.420726209411704,163.02779871267722,0.6813185932291849,21.919651403839637,0.3209708573745914
tilted_head_3.mp4,tilted_head,640,151.1385987095026,144.76564878587368,45.954801043069935,46.82668358921192,165.49076163555492,0.5965698879980297,21.960850920445104,0.2977894767588577
tilted_head_3.mp4,tilted_head,648,147.02721499994908,139.11550462130938,46.48732857999263,46.25445932169868,166.0797635876672,0.6952402754627331,22.71259713641852,0.29932521712489757
tilted_head_3.mp4,tilted_head,656,146.80076818400076,138.27618457743893,46.76143864225429,47.92322149260676,166.11537412692155,0.607281195969607,23.04799393041923,0.30258747944824776
tilted_head_3.mp4,tilted_head,664,145.51796861586513,138.51713336429196,40.58435916000407,45.420757107488434,163.6473399791478,0.6173969791069644,23.25457145455868,0.2989666478766301
tilted_head_3.mp4,tilted_head,672,155.4501551543915,145.02298954209454,35.43943742290957,40.99002578827022,159.22740470685508,0.5906857714882753,20.9224508257802,0.3211267793564324
tilted_head_3.mp4,tilted_head,680,151.16513839784085,144.53527482055688,44.903916004513135,47.473868640569016,164.8296805320525,0.5848745904154428,19.860965704167437,0.2856846664311412
tilted_head_3.mp4,tilted_head,688,151.76492701638222,140.36988332278239,46.85072459121464,46.81504017737611,165.15085561452645,0.714663520312313,17.00561125517301,0.3045113710599906
tilted_head_3.mp4,tilted_head,696,144.9480770278133,140.6067059488106,49.28777916418415,47.352705965625915,164.93246339544203,0.5931456775621383,16.053321788680055,0.33047278114045864
tilted_head_3.mp4,tilted_head,704,145.9894359842538,126.44620678225583,46.9074451358976,45.442163875786015,164.1761128101353,0.9845401210642039,15.694247106351709,0.3261698781130228
tilted_head_3.mp4,tilted_head,712,152.04518566438318,137.92810078216291,45.29338858462567,44.359045876989,164.88953208559894,0.738664310746698,16.099126566171883,0.27502255004943504
tilted_head_3.mp4,tilted_head,720,152.34677948938946,146.71799307832234,46.10691667978676,46.389329253855855,163.98859809416263,0.5645441802564495,16.50097094308185,0.34252726205707174
tilted_head_3.mp4,tilted_head,728,151.4848370343958,143.58194225324962,43.00577780220788,44.80137904392325,164.25228558496906,0.5712800274500123,18.490681681267272,0.31007011961877856
tilted_head_3.mp4,tilted_head,736,150.3795609700055,144.68187283635794,46.871202885588886,45.594764457212854,164.12737987936524,0.5567519314211182,19.4757365113666,0.33377011030345605
tilted_head_3.mp4,tilted_head,744,144.62194968880686,140.85094781237828,47.58281492267452,46.34539470739168,165.89295384775482,0.5575771670033081,19.08710122806943,0.3057778967631023
tilted_head_3.mp4,tilted_head,752,149.92333092246216,139.48327724057356,47.680314799056276,48.580964576900975,165.56605174328777,0.6976995102957981,17.871547175546052,0.28073651263429805
tilted_head_3.mp4,tilted_head,760,146.75898948100803,147.11543638385533,47.4601844228673,43.399238322009225,160.89903301239903,0.5260644508014872,1.4797093175528937,0.36647510009824497
tilted_head_3.mp4,tilted_head,768,147.630386403818,150.4171386036358,47.0824199523612,41.67491026246443,157.33551764457314,0.5022296165347432,11.229143545486053,0.4068003023650809
tilted_head_3.mp4,tilted_head,776,146.30813597583708,149.8499022654572,45.04731114472029,41.42223350814509,155.48818930273256,0.4901502439299414,13.343115753132968,0.37459036280122465
tilted_head_3.mp4,tilted_head,784,149.17621242733105,151.7800089602334,48.44866921512138,42.05900453641639,155.144090081553,0.47736129935358684,14.278715802238416,0.38040555767522305
tilted_head_3.mp4,tilted_head,792,151.51676940132066,152.8628430934436,47.24012945591274,41.74601522298075,153.97988437755347,0.530900938403358,15.27954204837714,0.44655609827703296
tilted_head_3.mp4,tilted_head,800,149.32761161081453,150.46385585132862,46.53577002304408,42.07592851224762,154.9026570979635,0.501470300376461,15.703867722515858,0.3974749408003605
tilted_head_3.mp4,tilted_head,808,150.1179407123486,150.95863150327074,45.85094780920253,40.42375293009437,154.1323040276071,0.5118658056443092,15.437393035320623,0.43101154532587527
tilted_head_3.mp4,tilted_head,816,149.2584217266586,150.341300659527,45.414402200138156,41.383626227321734,154.69545008664468,0.5011594777973976,14.652979523062372,0.3875742953024669
tilted_head_3.mp4,tilted_head,824,150.64044155386006,149.75980775478652,46.648355949073796,41.58741820867335,155.00754589586379,0.5541374206596542,14.64337067533104,0.36344322470497525
tilted_head_3.mp4,tilted_head,832,142.15494350546774,145.45787507788683,47.32387751389784,43.68191040716223,156.6083171832469,0.524001502557338,15.053745482459362,0.3416766730320176
tilted_head_3.mp4,tilted_head,840,147.5001384273533,150.00143024651152,48.993666746444276,45.26203962512484,155.50258649092743,0.48462443169643116,14.857254321046792,0.35087291230049167
tilted_head_3.mp4,tilted_head,848,150.9923601039571,152.43451341688885,47.49483597611609,40.38511947005469,153.81423446331598,0.49023093187365,16.261229891743266,0.352678719530039
tilted_head_3.mp4,tilted_head,856,147.55365241145103,149.32460720206836,50.5674562866417,45.56236985561689,152.11584629825592,0.523122813928948,20.17993112365027,0.3045972257264227
tilted_head_3.mp4,tilted_head,864,148.82504765355634,150.08276877252868,47.6548438525005,43.716929608948,150.4758200833917,0.5028680986890576,20.997497446021313,0.37067885796684247
tilted_head_3.mp4,tilted_head,872,142.90690577546027,144.784060282825,46.45668000085257,42.75583166890747,151.55635280518416,0.5313089596655508,23.647042184588518,0.3442747295828342
tilted_head_3.mp4,tilted_head,880,149.7726634530252,150.32499006638386,47.7263376426485,42.46079811935711,149.70588654068726,0.5186041652163643,23.53489094635418,0.37725840307283687
tilted_head_3.mp4,tilted_head,888,142.03430181865068,146.1409413750883,49.02182477777322,43.44461429054918,152.4346956613012,0.488164656075731,24.119681422648632,0.32174523068150074
tilted_head_3.mp4,tilted_head,896,147.33012918051978,149.03489774426455,48.66811171234568,43.50379288743401,150.32331139854634,0.5152683930814611,22.847605702816047,0.36867732672287956
tilted_head_3.mp4,tilted_head,904,148.37821753650064,150.3602473135465,45.961565300545026,40.257286000720875,149.63646965018904,0.5529021325067518,22.367006971404273,0.3881112265421402
tilted_head_3.mp4,tilted_head,912,143.95804715399606,145.72132429964506,41.80513559357685,40.64128581366185,150.56589797947433,0.5371702423538403,26.187622138716954,0.35191243065612826
tilted_head_3.mp4,tilted_head,920,148.82495574224052,149.5682409161008,39.91024573506223,39.002637810304584,147.74783803538656,0.5255809122641856,25.96824497417931,0.40641994711629303
tilted_head_3.mp4,tilted_head,928,148.08457780599795,147.45911616712993,36.84811821088716,37.7449111468345,145.92989629004734,0.581940411089304,25.80357680112136,0.41027904798599685
tilted_head_3.mp4,tilted_head,936,140.51106563154613,142.95866585634928,46.86092413358503,42.174553394631864,151.73151684202873,0.5287761864757218,27.626415263198137,0.33715301216778004
tilted_head_3.mp4,tilted_head,944,146.86975788795797,147.69233598529974,38.76928860868652,40.4153927040551,147.8598282580298,0.5350267925965092,26.830857173602297,0.4104801430214528
tilted_head_3.mp4,tilted_head,952,141.52959183043896,145.94157772174682,45.590840565318906,41.07083047040031,152.59563077891633,0.5330761979942917,27.072867482136527,0.35865842285604205
tilted_head_3.mp4,tilted_head,960,147.4887955254321,150.08465632651675,47.785797700738215,48.380713515599865,156.80268363351442,0.5047657706791394,11.521077036833297,0.3719828392287531
tilted_head_3.mp4,tilted_head,968,153.38651319489225,148.3023890428497,38.784938512950724,42.594008233876195,155.65112952989028,0.5604827562697919,7.5653172682651,0.44582721147419047
tilted_head_3.mp4,tilted_head,976,154.68454390947244,146.4514171488925,43.06188137824876,45.11660551902996,159.7111911693583,0.5341492016143148,20.32875679210307,0.374113481431285
tilted_head_3.mp4,tilted_head,984,152.13864251244513,139.35968448246877,38.9590781639569,42.821007178932135,157.92255884690144,0.5649805456419184,24.489457258915262,0.3592989970607105
tilted_head_3.mp4,tilted_head,992,148.4857591084516,140.27852910886995,36.777838536460834,41.123251054818766,161.0248719631232,0.5460257477919339,20.406756314467877,0.30483155685009106
tilted_head_3.mp4,tilted_head,1000,151.0073677389973,140.6981836612761,37.561356931028115,41.865416924767196,162.9744690402503,0.5440258231360285,24.17117513228857,0.2997658303007047
tilted_head_3.mp4,tilted_head,1008,144.27259886709535,133.13877120530015,35.74224693962745,40.684836182534085,160.23521090057383,0.6302439046312864,22.255811721186593,0.33451123223713647
tilted_head_3.mp4,tilted_head,1016,154.36281029572368,141.28075436164366,30.842385080846004,39.362265221967874,158.54438989408365,0.5657454041179253,22.254018232422926,0.3407825769002003
tilted_head_3.mp4,tilted_head,1024,156.87587209901662,136.8276613266468,32.09626510632966,39.032663715261265,154.38591286118248,0.7674780781690524,20.40727242106901,0.3895277812308222
tilted_head_3.mp4,tilted_head,1032,159.41466647901467,144.31694919465747,29.012178915241435,39.321132887068025,151.71553427912144,0.5986370457186146,20.92032561183825,0.4268715775654888
tilted_head_3.mp4,tilted_head,1040,157.52206630699158,144.38942833041642,29.802374501003417,37.22314471370285,151.6170233824873,0.6146939218709611,21.815133404176425,0.44709601450975933
tilted_head_3.mp4,tilted_head,1048,157.3553072528602,143.3579540510397,27.78947253293039,36.93974418935578,149.7871125470466,0.5921574703899789,22.425152349802666,0.4614441848913365
tilted_head_3.mp4,tilted_head,1056,158.05471623922801,144.06302382854335,27.059964488551316,37.32718500652523,149.92530336114518,0.5303990218948683,23.659890351204762,0.41287088571148123
tilted_head_3.mp4,tilted_head,1064,153.09874469739682,140.57813476998098,31.004736288879965,36.89384145514378,151.40708469449268,0.6087616089273196,24.093889590171905,0.3451717603001571
tilted_head_3.mp4,tilted_head,1072,148.96657207105977,141.08184589095453,36.48213983844489,40.88286320768495,159.50295388542463,0.5497194707066427,20.560123019014522,0.32060845942388744
tilted_head_3.mp4,tilted_head,1080,155.92180142874656,146.12001753397337,34.91775630519312,39.47787484505521,157.4226416174595,0.5441901531431397,19.531543473228652,0.42487523402662863
tilted_head_3.mp4,tilted_head,1088,148.68733486243417,140.79300820136754,40.89563982648511,43.317017526687714,163.7725502558565,0.5796325151039662,20.014194796607956,0.2909658625819966
tilted_head_3.mp4,tilted_head,1096,152.20844593656952,141.5290666793719,39.73559894376099,41.84230032098917,158.9209601952096,0.6139708591363573,17.758968468653133,0.3610324984656546
tilted_head_3.mp4,tilted_head,1104,151.0232957162668,139.8893830150228,42.515739112187866,43.0040799647354,159.1886838874187,0.6492909527713356,17.901934650942952,0.3154207090069274
tilted_head_3.mp4,tilted_head,1112,152.17931855944997,138.34979369921183,43.82267396569233,44.69398148005559,162.44847687911516,0.7821845171297456,18.483723612537005,0.3077498448797283
tilted_head_3.mp4,tilted_head,1120,153.39086710191086,145.93772169580552,43.81644157724555,45.241854896460495,162.88543394260316,0.5836785275344136,18.439168399196166,0.3619225127553809
tilted_head_3.mp4,tilted_head,1128,151.53004332640887,140.82639726836447,46.540964161901286,46.73505492098405,163.46925370316015,0.788851916173795,14.969576482265815,0.3595134492406237
tilted_head_3.mp4,tilted_head,1136,149.6141814446903,143.6980133058881,46.55064156521362,45.97418876251037,166.21803854881148,0.5628225274563843,14.447873077091,0.29744817594834333
tilted_head_3.mp4,tilted_head,1144,147.95759344860858,140.56414503286177,45.12457091895504,44.95940681070152,161.82487086531054,0.590277677954659,14.751238851169136,0.37914363535811324
tilted_head_3.mp4,tilted_head,1152,152.65735818831124,139.05285370156244,46.034229839029045,46.63660611980975,163.35645821789632,0.7676950528805455,15.533933531855311,0.31386601908026984
tilted_head_3.mp4,tilted_head,1160,144.1090462766408,138.2723766895555,47.853616697962984,47.747967945350396,164.17413366473303,0.5646888119768727,16.283099557968136,0.3223835421532528
tilted_head_3.mp4,tilted_head,1168,153.41776920244854,143.7945877830743,45.92186139712381,46.1909091638215,162.73050030873506,0.5645907318211167,16.694433781927998,0.27939521851822224
tilted_head_3.mp4,tilted_head,1176,152.2717866113358,144.5162916374894,45.938488141101075,46.289028423514644,163.93325314169184,0.5772157890697128,17.32264758877217,0.29712843239086195
tilted_head_3.mp4,tilted_head,1184,150.44685315373403,144.15274017956688,44.446211199968296,46.32644653703968,162.10637732395264,0.5791332360128012,17.99081783593936,0.3418425969761398
tilted_head_3.mp4,tilted_head,1192,147.82358138014106,140.74903277933495,46.83971691635886,46.07016724718648,162.62924141624944,0.586522761713328,18.388745116928817,0.31929435554705926
tilted_head_3.mp4,tilted_head,1200,150.52792373156265,137.04534592871204,46.30762657782195,45.16556006504463,162.42386299998572,0.7667528899885898,19.024432072854733,0.3239197114006103
tilted_head_3.mp4,tilted_head,1208,154.81225085776734,139.4956512159916,46.53880989071614,45.83395849655414,163.02244001670718,0.7748859378794026,19.205661840114608,0.2984917020792266
tilted_head_3.mp4,tilted_head,1216,155.3074582919933,140.85834049882953,47.48350514382698,47.333998144756734,163.72304108592317,0.8113367809743632,18.277930513480978,0.3220116673161453
tilted_head_3.mp4,tilted_head,1224,143.87941035263273,142.4336752843758,45.99752357507061,44.230282523112045,160.49700080582483,0.5583016922672462,3.84746489848521,0.37499362537942554
tilted_head_3.mp4,tilted_head,1232,147.8542361425979,148.69119977573266,48.93539741163555,45.90934557868297,158.3374498557481,0.4755098655195443,5.781986139935157,0.3778798983696998
tilted_head_3.mp4,tilted_head,1240,151.47623101029944,147.15622037071233,45.546867564139156,41.10651855953098,154.6182694624418,0.6826399497299247,12.888217199850699,0.4151327320571164
tilted_head_3.mp4,tilted_head,1248,149.55106355207235,150.24792543907586,45.45361551668856,42.622828900590775,154.3943073171772,0.5854602803360073,15.116110273581658,0.4201090165486952
tilted_head_3.mp4,tilted_head,1256,148.61725205773553,147.71650919599801,47.263191333755536,43.4997816845106,154.75297571336765,0.5512352773251972,15.822854090035111,0.36744908905101575
tilted_head_3.mp4,tilted_head,1264,149.56939623909955,150.12762260312383,47.34920050012225,42.75397470953848,155.02855326285854,0.5265486455575432,17.066235983444,0.32273528641307564
tilted_head_3.mp4,tilted_head,1272,144.45209284551635,146.49262956391502,46.57049468493922,43.63236625069731,155.88597175862054,0.5446942646854385,18.603161879016074,0.32905183414368083
tilted_head_3.mp4,tilted_head,1280,147.933930937344,148.4847832858438,48.290514182546445,44.61921402733762,154.13619969911045,0.5296358127749501,18.801215307902318,0.3894916000264895
tilted_head_3.mp4,tilted_head,1288,146.30736085669574,149.12722557844333,47.85676314358282,42.77625010906188,153.60428842620837,0.5115236809153715,18.677875802193142,0.374129770215104
tilted_head_3.mp4,tilted_head,1296,149.18006033358367,150.19594140114205,47.06120369660023,41.92280966902844,153.07808863872475,0.5270087335085398,19.363887129547393,0.39410913639002854
tilted_head_3.mp4,tilted_head,1304,148.74112665224374,148.99054002460164,46.03729170971989,41.73409970829433,152.9394301436089,0.5287641566903911,19.5629530932144,0.38496009550596927
tilted_head_3.mp4,tilted_head,1312,157.97256695582874,150.30641843338697,45.153886885915504,39.64606840029705,151.60739284129355,0.7244704387084936,19.88039535964264,0.3864762975319892
tilted_head_3.mp4,tilted_head,1320,152.78105117777307,152.87331175027612,38.00078288590668,36.88381233937868,149.5493649324689,0.5296512036723109,17.526145636193277,0.3648595739672541
tilted_head_3.mp4,tilted_head,1328,148.7769259553229,146.59264368387045,43.96804989789725,40.63677487478804,151.61971392878218,0.5733069088594487,16.93624971575479,0.3521598263275794
tilted_head_3.mp4,tilted_head,1336,144.52213682571175,146.4294642798141,45.281080187442605,40.77536259741674,152.4813673969123,0.48537488944914453,18.441865633447712,0.30777247125170576
tilted_head_3.mp4,tilted_head,1344,144.00760060042631,145.1691986822989,45.63899048532408,41.527252992199294,152.48310071679845,0.5338883260118201,18.352131778700528,0.30812838247139573
tilted_head_3.mp4,tilted_head,1352,141.9573570890943,144.22382511552541,45.4787445579638,41.829805120555264,152.9786958727676,0.508350335950667,18.656728001588977,0.31468202658637917
tilted_head_3.mp4,tilted_head,1360,150.31597682912053,148.09493314414476,45.458980139474264,41.49470176759283,151.88272881224472,0.5529454026536775,17.359131041480858,0.3202548248058128
tilted_head_3.mp4,tilted_head,1368,149.7127120175883,146.45067659778408,46.147726244656525,42.03802680775734,151.34001322093482,0.5298282903293421,17.57183761118405,0.34207970500381474
tilted_head_3.mp4,tilted_head,1376,145.17747230564026,144.6434796451,45.78664836095315,42.56730480161825,152.4126510356771,0.5896172622249977,19.158659700414645,0.3524388252259073
tilted_head_3.mp4,tilted_head,1384,146.53694723100116,143.47743166636485,45.374998639831084,41.21859746673933,152.35213012979114,0.6494651777823427,20.332476965514065,0.34273001384919694
tilted_head_3.mp4,tilted_head,1392,150.06656428030547,151.0971094698918,43.67394747262225,39.68956618833293,150.2955978321395,0.5176796140173269,20.08161184721517,0.38227647213411814
tilted_head_3.mp4,tilted_head,1400,148.35523756139418,149.81474219278894,43.36028782756079,40.57567751045653,149.58769129349,0.5679898427894325,23.112864842456077,0.3912425627682527
tilted_head_3.mp4,tilted_head,1408,149.92657653801206,150.67132465082017,43.79327242451627,40.581421319636064,148.9416023388839,0.5135002026260636,24.765583489707105,0.392549703501732
tilted_head_3.mp4,tilted_head,1416,145.40092570874342,146.90506977021184,44.0733887335986,41.77972310021757,151.8272647654326,0.5285400756175069,22.869238457932312,0.3353303182306729
tilted_head_3.mp4,tilted_head,1424,146.72476088081163,146.07425061316638,46.006911755611824,42.68111623282539,152.70645040675154,0.5387182943597686,17.653841438797308,0.34105921095110814
tilted_head_3.mp4,tilted_head,1432,153.45043200072854,151.0273145753949,43.91836011546515,40.27908424478699,151.59763477927905,0.5546503911105246,16.746449612238944,0.4122998412482939
tilted_head_3.mp4,tilted_head,1440,153.6572483879412,152.0818174494616,46.16826562828778,39.70659323683118,152.58817039345638,0.4978937512904848,14.746967662367856,0.43333157873996975
tilted_head_3.mp4,tilted_head,1448,152.56826313798115,151.9279424474643,47.115966655088314,43.6882068519402,152.92085216008954,0.5123526155812866,13.987136975843812,0.4413142963922299
tilted_head_3.mp4,tilted_head,1456,150.5936623559221,148.8798904602147,46.31320014551383,42.63348350963103,154.81215138500608,0.557121790441436,14.109288235253693,0.34766830276991995
tilted_head_3.mp4,tilted_head,1464,153.00230376364337,151.57609901125005,46.546154162959006,43.66489067163845,154.39201974546899,0.5099052043687003,13.914973253622106,0.4179151935114046
tilted_head_3.mp4,tilted_head,1472,149.74519191704476,150.6202360525046,44.14036325605635,40.32080282624891,153.4401350153667,0.5225963324536942,15.451233711873755,0.4078187672151531
tilted_head_3.mp4,tilted_head,1480,150.129372348881,148.16435782713108,45.60783220634801,43.189197699674295,154.3634142848036,0.5696356207918803,14.934636634099755,0.4190755108626234
tilted_head_3.mp4,tilted_head,1488,149.91798769588095,148.62189489396144,47.971954328244706,41.987556547761194,154.31845298128235,0.546019845981213,15.022537611522361,0.4091857853303702
tilted_head_3.mp4,tilted_head,1496,150.34608894434018,146.01530768214627,46.78134872606229,41.347495157895594,153.58202287931135,0.610864066117818,14.229847124039507,0.44072372766246243
tilted_head_3.mp4,tilted_head,1504,152.2226459731796,151.2996464435393,47.20399700796526,43.645505154336895,153.60471348055245,0.527464996445999,13.598872484378846,0.4171217815567289
tilted_head_3.mp4,tilted_head,1512,149.71004867760013,149.13072531454156,45.577223882187184,42.763361144343335,155.9091649358274,0.5156295750576059,11.762452869177386,0.33536796831858573
tilted_head_3.mp4,tilted_head,1520,152.50658830529431,150.409325720409,45.383084842136476,42.43583447355419,154.40452136150824,0.5480690861374085,11.208284551296838,0.4553045498784408
tilted_head_3.mp4,tilted_head,1528,152.72943734621614,144.71596756746226,46.75212342703791,42.22734664017284,153.98017204526067,0.7183810037897469,11.866693052647953,0.4564757298644734
tilted_head_3.mp4,tilted_head,1536,154.23447078271175,154.1084737160996,46.538841557894315,43.466827077568276,154.46263742285078,0.4700796673462646,11.915233259423625,0.4351710782121661
tilted_head_3.mp4,tilted_head,1544,152.1184169090031,153.07085625426026,46.93379420497874,43.324018356344524,153.9054442601918,0.48575744787616126,11.933098144348971,0.42116431034866747
tilted_head_3.mp4,tilted_head,1552,152.93891557153663,151.87790842739034,48.15007483104464,46.01456308108685,154.18162233669813,0.4787812175348809,12.212105986869307,0.41888163873239537
tilted_head_3.mp4,tilted_head,1560,153.42911215699013,133.2194772587421,46.72680301156579,43.93299795155167,157.79207997776658,1.097808998358853,5.940708104623112,0.4090070793614346
tilted_head_3.mp4,tilted_head,1568,156.38287887355534,151.1295965355604,46.08170718452976,44.21995173364873,159.85912690004605,0.5341478251746284,4.686399389606115,0.3966012664235638
tilted_head_3.mp4,tilted_head,1576,149.53366295010963,139.16251348707266,47.35034519306852,47.13202696903801,162.2370301580872,0.6554264505787466,16.927200897694192,0.3116686736097875
tilted_head_3.mp4,tilted_head,1584,154.80536086810358,146.353856167867,44.043666110584994,46.53602411122773,164.10775541751246,0.5628888003514277,22.276347536218058,0.2990620633682007
tilted_head_3.mp4,tilted_head,1592,156.75845207229597,140.65599257775133,43.1088024373926,44.867463550089596,162.03075366368418,0.6944231119030086,23.209115168193424,0.33006083916152174
tilted_head_3.mp4,tilted_head,1600,154.78863990657766,144.28763814641098,41.917193074346244,44.421100740455486,160.90238757166034,0.5777002251550987,22.789530515748094,0.3398048780036619
tilted_head_3.mp4,tilted_head,1608,156.07380643316228,141.21587030704092,41.13988148845379,44.342699916196196,159.74638644695864,0.7110251612201579,23.506144635201508,0.3851470458893022
tilted_head_3.mp4,tilted_head,1616,147.2326070241291,140.75616254981895,46.11863691687746,46.47593768048052,165.93657917297588,0.5922404555746604,22.176876261288683,0.31102205293241175
tilted_head_3.mp4,tilted_head,1624,152.31489304104298,141.20980021266342,47.39864371586921,45.86856228117486,163.03384662684263,0.6747775628648864,23.18919808236888,0.3083067330301548
tilted_head_3.mp4,tilted_head,1632,150.24121197735494,141.7709243184864,44.491927016828825,43.8183239848401,164.12829932990059,0.6656005699474004,23.06731606901258,0.313264036416982
tilted_head_3.mp4,tilted_head,1640,156.35195560807426,148.16581716170413,41.638208355703114,45.19780135011279,162.4064141551222,0.560748092486635,22.05923680076704,0.37970352201153423
tilted_head_3.mp4,tilted_head,1648,145.38803131932295,140.72449304661026,47.25480708412495,44.85516143319785,166.39742129002022,0.5504943867929929,21.899500050464404,0.3124402791253341
tilted_head_3.mp4,tilted_head,1656,152.53126081783245,143.62454826707423,45.426023168676466,46.370120689974385,163.1010771330194,0.49918612043442345,22.386915194509463,0.3165360112629803
tilted_head_3.mp4,tilted_head,1664,150.71773127736492,142.4571571581466,46.97253456629009,48.03991767791424,164.1210718152321,0.5575921272510592,22.2275531999381,0.3091947980216459
tilted_head_3.mp4,tilted_head,1672,152.14752951295176,146.52912590966557,43.572572463599435,43.484739323481215,163.46439810906304,0.5321722361195881,21.992482502914545,0.3605566061874278
tilted_head_3.mp4,tilted_head,1680,157.2434625475727,146.5011109516758,42.92357608657203,46.639386344818085,163.33118910734498,0.5703406645577019,22.786020460593598,0.3768175924073337
tilted_head_3.mp4,tilted_head,1688,147.82109477297132,139.75535628461103,44.05801982236699,46.70133823999854,162.1613574527353,0.5897579427165954,22.25510619402282,0.3615624234582074
tilted_head_3.mp4,tilted_head,1696,150.78576649216234,140.92383657968762,44.128388266860135,46.20462451869412,164.3568040193713,0.5707814283721113,21.528282024466463,0.28602109239797235
tilted_head_3.mp4,tilted_head,1704,155.42646732143064,143.9217018387816,43.32853312122761,46.14055064630897,160.89666097396704,0.5848505013013878,21.26902326465803,0.3666823395444987
tilted_head_3.mp4,tilted_head,1712,155.26180620255218,143.41481172362865,43.48283962327861,45.493676320214355,163.91443067414266,0.675808404751811,21.399663930819564,0.3388287816709646
tilted_head_3.mp4,tilted_head,1720,153.76731200730714,141.81309258226725,45.04742397272598,45.929946607462334,163.8507328992604,0.7063420517879581,21.05871265547126,0.36884597373348527
tilted_head_3.mp4,tilted_head,1728,154.781020719972,144.3947572917097,45.435966499974626,44.79969763340731,160.92401475933127,0.7085634469589961,21.084857824894954,0.44506707841857246
tilted_head_3.mp4,tilted_head,1736,149.16621656085758,143.77016490867973,47.344547109102706,47.644935122216445,164.89529766931196,0.557166487646817,21.08173285184543,0.34509108333803906
tilted_head_3.mp4,tilted_head,1744,150.56430076312728,143.38743897137604,44.717418860751835,45.845235027286094,162.7000931840303,0.5230580113835495,21.455754263583856,0.3499871928536588
tilted_head_3.mp4,tilted_head,1752,151.56849572188816,143.02834377130537,44.35516602180088,44.656830662902834,163.91541832717888,0.5501772939514221,21.651626073288522,0.3104860241268185
tilted_head_3.mp4,tilted_head,1760,147.42642317196635,139.8867505540434,44.56885445433308,43.81742795993838,162.95659187354156,0.5670686827009064,21.711181748644112,0.3426786208371001
tilted_head_3.mp4,tilted_head,1768,145.98094890631384,139.70844389333897,43.86724777338313,45.30383684961882,164.69575728830716,0.5155084033157591,22.20528761686775,0.32599493659898954
tilted_head_3.mp4,tilted_head,1776,149.60047001998038,133.79635857196627,46.156824523492006,46.727068295061144,164.02519792701844,0.8645185856452557,21.785267712477257,0.32919829340386586
tilted_head_3.mp4,tilted_head,1784,149.33351293046013,136.19381427109036,47.830877201494694,47.966809465613544,165.32235932439696,0.818704196910705,20.334706061483494,0.33708852972875275
tilted_head_3.mp4,tilted_head,1792,146.52943985531374,140.85593040069253,49.055446922211615,45.15190252147104,162.95843322227213,0.5691403451295262,22.11386963321712,0.3494020231509738
tilted_head_3.mp4,tilted_head,1800,145.91923117966695,141.16831049700616,48.02619389583137,47.43006546262175,162.36041438207025,0.5556565000760053,22.192319390075976,0.3273496985652447
tilted_head_4.mp4,tilted_head,8,152.6900702387562,148.37139006686985,49.82260054951943,45.33409500401563,150.41691779788835,0.7055650231280668,24.303651736576107,0.39732277556024764
tilted_head_4.mp4,tilted_head,16,149.29704641513473,149.24792667796598,53.46564746960624,46.22237310053609,149.6992850278487,0.7039604245361707,18.961047255718945,0.4116828493019378
tilted_head_4.mp4,tilted_head,24,150.93197864817407,154.50467306521392,52.881499076423545,45.67250986234974,149.54937120789774,0.6252933577453026,17.26378628728638,0.47933421116115604
tilted_head_4.mp4,tilted_head,32,161.19247476276973,148.16311774643904,54.28651993352022,46.13388818938441,149.6490578335397,1.0307682189253826,16.947538132602386,0.5544439151697588
tilted_head_4.mp4,tilted_head,40,161.4844303910475,140.48652082863774,53.21221855350571,44.23022759623282,150.32095463963347,1.1943066330932932,17.236551004616025,0.5049756636885775
tilted_head_4.mp4,tilted_head,48,166.0611970171542,135.7868245941815,53.443818947246825,48.202341488648464,151.26441788725367,1.7070612018998446,16.886925287512902,0.5971267929213645
tilted_head_4.mp4,tilted_head,56,162.84878230420102,138.70248192751404,53.21807736288572,45.968810982386685,150.68667202379842,1.3791594120358357,17.113327902869887,0.544097443455484
tilted_head_4.mp4,tilted_head,64,160.65092320952095,151.6465585506624,55.92371431246078,48.23488544278676,150.93317668999256,0.8616310637069057,17.68276153604124,0.5050063881006396
tilted_head_4.mp4,tilted_head,72,160.9259239759505,151.9154200914686,52.576482812552264,43.802545324082864,150.94119699917144,0.8807685044380987,17.384582559204933,0.4611161494457384
tilted_head_4.mp4,tilted_head,80,152.83229713458982,151.772939242975,51.92729036996718,44.69189173363027,149.53494568238827,0.6388366106200368,17.14948068841476,0.45902894991803156
tilted_head_4.mp4,tilted_head,88,154.73621459659051,152.10898256483534,52.92619969081692,46.172540598010826,150.0088943625598,0.6497867554240184,16.92659355980862,0.4764451792311633
tilted_head_4.mp4,tilted_head,96,153.74429476730012,154.13548613934122,51.907560891413574,45.571059201073886,149.50867303133282,0.6241035047216108,15.73894626481631,0.46974876665452014
tilted_head_4.mp4,tilted_head,104,158.55398090637604,145.87351309512522,52.38389006925787,45.37511703616734,149.6092532855803,0.9983720451225545,16.415769858563724,0.5390542179889413
tilted_head_4.mp4,tilted_head,112,153.13783241165697,156.4296100070379,55.70222107145199,45.7731360390144,149.9122906481461,0.6019566913918596,15.605922797703778,0.42370655184345324
tilted_head_4.mp4,tilted_head,120,155.71182836930458,149.16508105740502,52.29983844687178,46.80345990082343,151.76521987398655,0.727502650416656,16.43754528055867,0.4478821750871456
tilted_head_4.mp4,tilted_head,128,155.8730012797682,155.99756829791815,55.16031873647198,47.160788276650834,152.39730256843322,0.5832172347333265,13.382707409544224,0.4589048437997181
tilted_head_4.mp4,tilted_head,136,159.86755234584717,151.60799507485532,55.06233192669246,47.37862602392934,152.80411474415334,0.7928792684835925,12.155380761147837,0.5199134867728237
tilted_head_4.mp4,tilted_head,144,159.3735876006246,151.29208129225898,55.28949617382264,47.56829500726323,153.90060905418403,0.8235121474405838,10.190114637707493,0.5126808940585872
tilted_head_4.mp4,tilted_head,152,159.01234300109192,155.48152083121218,54.05176856258719,48.560496278352744,153.66051140878358,0.6263996561005303,9.198101490536068,0.49583754906455557
tilted_head_4.mp4,tilted_head,160,159.20084644820986,160.81449350211048,52.58099030397467,47.11604795411361,153.48174473418388,0.6398759592241172,8.49187021454075,0.5616823203614686
tilted_head_4.mp4,tilted_head,168,158.48477952155835,161.86939209230698,51.868887815425744,45.55499417746871,151.90311476351405,0.6190883690388941,8.923317181463815,0.6358060737923734
tilted_head_4.mp4,tilted_head,176,158.7408386362368,161.2178001348236,52.544272900072365,45.579574421738386,153.67301448870418,0.5925026861314712,9.112847334384924,0.5552043922072836
tilted_head_4.mp4,tilted_head,184,156.84240474432565,159.7797641071294,52.70789992138607,46.03367895947075,152.69118535485944,0.579356341854278,9.419776683797632,0.5804978443662171
tilted_head_4.mp4,tilted_head,192,154.47457511075316,159.28771752765763,55.666490023776504,46.20144714748392,153.93631586764818,0.5902415665404047,9.66011669957637,0.4962278898130785
tilted_head_4.mp4,tilted_head,200,155.90574555872715,159.77098821564982,56.7442275187092,45.0057054328101,153.60963209548885,0.5630690202361965,8.66189365388034,0.4392033123820906
tilted_head_4.mp4,tilted_head,208,160.35406345779836,150.98721071608824,54.890355714847665,46.295450663885454,152.35248592632936,0.9532442715867546,11.485873830203767,0.538326200218129
tilted_head_4.mp4,tilted_head,216,158.3521158094963,151.96809780542176,54.71405436470832,45.68018995814112,152.12571141159887,0.8371951262073949,11.308662425928164,0.5435882151676488
tilted_head_4.mp4,tilted_head,224,164.64027689683797,145.97508940154893,55.71599631820249,45.7982325495926,154.10477899310587,1.1553573577029084,9.948914192003137,0.5270849004071233
tilted_head_4.mp4,tilted_head,232,164.5766923095697,151.19918158839718,53.78114539394847,45.839021885018,152.29255722490248,0.9452651222669146,7.921392527265357,0.5733438885892963
tilted_head_4.mp4,tilted_head,240,156.02259886435428,158.87563317956005,55.38386136050666,45.797258677400364,151.91070321522076,0.6036023954744824,7.678491809215722,0.5220746557249764
tilted_head_4.mp4,tilted_head,248,156.33090563873262,158.71943916757436,53.833991227353124,45.57839873495897,150.95161497329883,0.5923965931060193,7.805765216330256,0.5241879187437194
tilted_head_4.mp4,tilted_head,256,155.4108901543865,156.00215467275183,53.65023404394761,45.40970296666551,151.44952093376514,0.592912330485814,9.08690227170393,0.47226724710546253
tilted_head_4.mp4,tilted_head,264,162.18497099865166,155.11578339727018,53.84694879805786,47.160584299881386,151.73747200089952,0.744013056331508,10.306904512020163,0.5225211679192984
tilted_head_4.mp4,tilted_head,272,158.95501591639373,154.3897236569963,54.61155236525817,43.898453817897895,151.01732294853846,0.7287237959561816,10.518217155443637,0.5044636500230542
tilted_head_4.mp4,tilted_head,280,160.90145917219036,153.3027157555883,53.55632718393989,42.407020401697466,150.53212934058504,0.7873700136245131,10.463790144704943,0.49583716589412413
tilted_head_4.mp4,tilted_head,288,161.47545414940555,150.3497683926842,52.27307346979538,43.0244417908044,151.24692048213768,0.8700454932416093,10.793481674941656,0.5252318438545
tilted_head_4.mp4,tilted_head,296,161.1181877009155,152.2922533750481,52.766241741747706,45.72913721179968,150.37069806597745,0.8316705810972435,11.630521711566505,0.5546870771663365
tilted_head_4.mp4,tilted_head,304,156.72540197386868,158.62663092219262,55.51670965800599,43.71713147707314,150.18561948854116,0.5863651136573085,12.497999474735584,0.44107737970512
tilted_head_4.mp4,tilted_head,312,155.8426471299716,159.58063808923643,52.415129299592955,43.1286255950538,147.8877025200852,0.5987937513226976,20.199276590748113,0.5051676784532014
tilted_head_4.mp4,tilted_head,320,147.55211225673364,148.7908631320423,56.39002565131185,48.184523708639894,149.76907291615456,0.5943411423689946,22.987434200644174,0.39786996211269804
tilted_head_4.mp4,tilted_head,328,148.54649427523333,149.89930052832037,56.09190121298994,45.252394121699815,148.0770933798327,0.6029349873129276,24.088632121218662,0.35890446318243774
tilted_head_4.mp4,tilted_head,336,153.1172989091718,146.03635318470396,51.934947330280075,42.05966186635307,147.52807259647938,0.7824945465686156,22.370732939668752,0.41336752719977155
tilted_head_4.mp4,tilted_head,344,155.19832639930277,161.909524528788,53.90906584179343,39.18561330692044,145.32074240988098,0.5041140077246784,21.914714845804983,0.3722789607360838
tilted_head_4.mp4,tilted_head,352,161.4112671090177,140.68860041407726,54.42121688277269,44.39148791954622,149.06460128192873,1.1015685460736333,19.27085211579319,0.5114030425353918
tilted_head_4.mp4,tilted_head,360,161.0860685953048,142.2872381025147,53.954325555155094,44.111039920471576,151.25712497183247,1.139724589757801,18.031886267957788,0.5130879299166737
tilted_head_4.mp4,tilted_head,368,161.93733022978998,147.7475137835532,50.523749266646114,43.19887247012674,150.49352201221242,0.9519993543485346,15.278862409297307,0.49946241837501737
tilted_head_4.mp4,tilted_head,376,162.71432556086836,151.46424104557585,51.82461526082504,43.61975580265232,151.65683545384016,0.9322195478329959,12.356300974359156,0.5477029361238133
tilted_head_4.mp4,tilted_head,384,164.71438261027987,147.9044817466514,51.714144030147835,42.62235602053052,152.741790380308,0.9576061160598864,8.587310735345387,0.5480851490625768
tilted_head_4.mp4,tilted_head,392,159.1391528251028,155.33028164526547,51.66939732589774,43.650221701152304,152.12077772957954,0.7168502438064301,9.661977380574909,0.5379841271562821
tilted_head_4.mp4,tilted_head,400,162.95840953404,157.57109389780436,53.8834692947209,45.731295927812276,155.0998124968255,0.6700679474160278,8.96861985542172,0.5251999490045897
tilted_head_4.mp4,tilted_head,408,160.09381928773763,158.88086483334197,51.25906916421393,43.65750366268116,154.62732961893127,0.6260518182151811,8.165479018052713,0.511664119531763
tilted_head_4.mp4,tilted_head,416,167.14518282021703,142.93275299664427,52.2552691606906,43.49461758782517,154.40935514464636,1.2574143246226286,8.245680004289742,0.6272276638647525
tilted_head_4.mp4,tilted_head,424,168.08440321735546,145.07491828982512,49.67085718814034,42.24867310417332,153.9845376880551,1.2164521836174185,9.610350842032918,0.6138134927670406
tilted_head_4.mp4,tilted_head,432,166.94917142990064,143.59296867802388,52.89277203314113,42.82832144825678,154.7687131586765,1.1221387273039831,9.018165875267092,0.5633600760010979
tilted_head_4.mp4,tilted_head,440,164.3121136048355,154.1107809988673,51.69744858231768,43.877320964157754,154.3760184878495,0.7706630828469166,5.995009224839002,0.56812094606507
tilted_head_4.mp4,tilted_head,448,161.62024722072232,152.83898638185573,50.932013985015274,45.65322453951408,157.4503457059767,0.7849868137038216,7.686621921416948,0.5261502997739166
tilted_head_4.mp4,tilted_head,456,158.80901691543323,145.8050229902774,53.69881324910904,48.72908011922425,161.8327397755304,0.9076279648297279,20.900563178658814,0.44157372271078615
tilted_head_4.mp4,tilted_head,464,160.95308893249828,151.52985308407986,48.365026784835116,45.18210075526232,158.65774258934732,0.6027368483034338,22.25388468317717,0.4018357746148713
tilted_head_4.mp4,tilted_head,472,164.39591552279276,159.03409893951323,42.18465375817103,37.689596713647056,159.22970725287183,0.5771448016562736,25.542154608473272,0.5060384805988408
tilted_head_4.mp4,tilted_head,480,164.08723990885994,155.63991671790703,41.404436659835895,40.942573871055195,153.86878221469635,0.6214680457015629,25.070802393604872,0.5114842352496343
tilted_head_4.mp4,tilted_head,488,166.86485690449294,164.35675981304226,47.91055489914085,40.94201344272376,163.0451428170062,0.4289943463300135,25.65843771543439,0.44152682581435887
tilted_head_4.mp4,tilted_head,496,165.66430924065253,156.9449417222815,41.338729578611165,38.60761046214986,154.13450480722628,0.5932462836754404,23.90667218731664,0.510886288928
tilted_head_4.mp4,tilted_head,504,165.26450730438447,161.33820613121577,45.726161202277524,38.21431873752543,163.34820038324415,0.4127977262568251,28.81939157552137,0.493815027567744
tilted_head_4.mp4,tilted_head,512,153.92390822676433,166.05754868758999,23.12826869048087,17.996974612173336,129.11946263583587,0.49408267460205785,11.908779975183284,0.3578804997136179
tilted_head_4.mp4,tilted_head,520,170.61424107861276,166.5154905342687,42.8045818549131,37.0605150403888,157.16831277243577,0.36370106273745495,30.275581437331695,0.4851138342994923
tilted_head_4.mp4,tilted_head,528,163.58640646517935,159.3349688197211,43.28247503177056,38.17526066374183,155.41654678696187,0.5746581767446994,23.71539091709978,0.5113432002778382
tilted_head_4.mp4,tilted_head,536,164.77011842097178,158.25341221081243,42.13332947510213,39.30434476469993,155.4139299921146,0.5864961669847429,23.755916477012295,0.5027476342469003
tilted_head_4.mp4,tilted_head,544,161.80620307827644,150.723576530681,46.454692774165984,39.56675744827732,159.7973307628436,0.8139896333506351,20.54374472171281,0.5020734267322503
tilted_head_4.mp4,tilted_head,552,163.95422488056892,157.56427059908876,46.778267441787,41.60914758878587,158.76903138542994,0.6077642796345301,16.516770401996734,0.49520590117958957
tilted_head_4.mp4,tilted_head,560,165.50536855179374,158.71352414923183,46.71531842404129,44.59946293128297,157.63215578603007,0.5774649295199996,20.9894925847794,0.5994454529866718
tilted_head_4.mp4,tilted_head,568,160.63780153480658,153.13263566522437,46.23192782319252,43.4974589676288,156.45965086090075,0.6661373935666535,19.142185822488255,0.5478819775644749
tilted_head_4.mp4,tilted_head,576,167.31737371804238,160.34376027281533,44.76507901593345,42.36563120220044,154.99773693631636,0.6321488089193213,19.584511187195698,0.5768140428179472
tilted_head_4.mp4,tilted_head,584,165.6076787015053,159.34119158590875,45.80813750732601,42.41868226783384,155.33524397039898,0.5922951086734141,18.863938399366067,0.5557030937549974
tilted_head_4.mp4,tilted_head,592,164.49940000583263,153.35948730557817,48.429522074665215,42.767803010322545,156.97805727932007,0.7761021999763386,19.401695471968946,0.5339215872116069
tilted_head_4.mp4,tilted_head,600,160.94777227232277,153.49467464706981,49.48819490077826,43.4492774478418,158.47659091394948,0.7095882970722883,17.55236335192948,0.5142918197863459
tilted_head_4.mp4,tilted_head,608,167.04456184941503,150.40436169634432,47.12433893625277,41.26024561499649,159.52207734165233,1.0062981470362362,17.371403933475612,0.5725107918337153
tilted_head_4.mp4,tilted_head,616,164.21060298294188,156.2524440056734,48.053452420968824,43.43448532515033,158.3848881443092,0.5988104015256899,16.552207541661552,0.5467626782468743
tilted_head_4.mp4,tilted_head,624,164.2555946186197,150.99228506552708,50.56081508942012,43.62235235320406,157.9149580677596,0.7720057020232997,16.74652893027073,0.5605317905988578
tilted_head_4.mp4,tilted_head,632,165.34271579577023,145.10418612013936,49.66904053314348,43.447300971475336,158.78344621723562,1.0064956673006193,16.928667393855427,0.5594675496766751
tilted_head_4.mp4,tilted_head,640,164.1664488900337,155.62408472126862,49.77704840557798,43.020059450557376,158.2659380047303,0.6598734971654973,18.006224954787406,0.48204039007572613
tilted_head_4.mp4,tilted_head,648,160.16720355179297,154.9782118818366,47.28711972671427,43.05166544577957,155.9722732531546,0.6107884418497633,19.12486707878584,0.5219631618318343
tilted_head_4.mp4,tilted_head,656,161.26709004546242,158.16253729903931,50.45671315982435,43.97922275833141,161.04206943553118,0.567137748182567,19.93912054901698,0.464726331865254
tilted_head_4.mp4,tilted_head,664,161.89334174920506,152.78567525614196,50.61299700435422,42.894711489355714,160.99923414363656,0.6250052830614289,20.291653339799247,0.4713070186275969
tilted_head_4.mp4,tilted_head,672,165.75411566315344,149.4465725834917,48.65422983923663,44.42216109254712,160.01067953546567,0.9183723878389521,19.926427267417935,0.5276201554803788
tilted_head_4.mp4,tilted_head,680,162.98110033588281,155.21744336465568,47.248879386803196,45.408891705334966,158.6825194290049,0.5906927108297746,20.674890238211265,0.4974624240786456
tilted_head_4.mp4,tilted_head,688,160.5746345050396,157.67342896421124,47.79201789331983,42.52504841537697,157.83597662841788,0.6111406746534851,20.27992247222597,0.4731562446145425
tilted_head_4.mp4,tilted_head,696,162.3814536351626,158.23250239041957,46.399634421511166,43.09032405674724,159.25390957102167,0.599376159478998,21.89329152781391,0.5292883481242087
tilted_head_4.mp4,tilted_head,704,166.04302223603312,157.29327418743904,41.91788450385557,40.11826853928162,153.31852115260597,0.586804527668777,20.82583401813437,0.5622762509486723
tilted_head_4.mp4,tilted_head,712,163.9644433962567,155.3940553416809,46.18056143587281,44.037096659069576,154.66000052794672,0.591073376146898,20.949900936009897,0.5644116159467207
tilted_head_4.mp4,tilted_head,720,157.4169563727354,152.0490912303603,49.68375669877852,45.39165622350678,158.95523322186634,0.6709788164292378,20.187437944318194,0.5028339595783912
tilted_head_4.mp4,tilted_head,728,161.29635747235153,155.12194126332506,45.48259066158015,42.70318121429081,157.54558193765217,0.6567062073221989,21.851269660665196,0.5581947069886478
tilted_head_4.mp4,tilted_head,736,168.6853163039064,157.98252033668183,43.2741029703032,40.4902409209095,156.23576931597452,0.680020168949152,20.68461970852235,0.5422137495613493
tilted_head_4.mp4,tilted_head,744,164.9892816110088,155.56414119349066,43.504791274086394,39.38903595837268,155.7956993582476,0.7990317861868608,20.18957525348193,0.5551330120589479
tilted_head_4.mp4,tilted_head,752,165.40621261295126,158.79673040280076,44.15616076547147,42.296248729824356,155.39670332039077,0.6197508018794792,20.500080690198136,0.5791043188657912
tilted_head_4.mp4,tilted_head,760,167.28753821815238,151.00845816659702,41.13329952328787,37.64735579917166,155.57656627719487,0.8604039765096229,21.286861104866862,0.5699728143094224
tilted_head_4.mp4,tilted_head,768,165.2316163496671,157.99763328239166,44.87569414508125,43.898641179975904,156.69269480607005,0.665217606923272,22.405458226151545,0.5757610363425323
tilted_head_4.mp4,tilted_head,776,165.31690979453376,157.8401500169088,43.875739608344915,41.077212254555306,156.7610858544707,0.6172264075396975,20.835202895546146,0.5212958047282996
tilted_head_4.mp4,tilted_head,784,167.01134150356276,159.12978321342788,41.05924301549504,39.7051548471871,155.05841202618672,0.6107340220300251,20.371513645897892,0.5468654205459373
tilted_head_4.mp4,tilted_head,792,160.49523130211,156.49737001766684,51.36050423569131,43.99811117319524,160.43360732082806,0.70855627441144,12.733300855179621,0.5043403796407837
tilted_head_4.mp4,tilted_head,800,164.26882042671645,156.3283598937736,53.29602144294774,44.917761182144574,157.76838477187871,0.7606216719800051,3.5145828092851783,0.5643469982918148
tilted_head_4.mp4,tilted_head,808,155.36399319147654,149.66391289989014,57.57843426572483,41.1744674012562,151.37881793913436,0.5946620386715368,9.745463026414331,0.40584626294402776
tilted_head_4.mp4,tilted_head,816,162.17253728920497,147.0299763718385,51.06744763021922,40.529832380960386,149.50192220214643,0.8565321679454314,14.506545728466042,0.5485423426525724
tilted_head_4.mp4,tilted_head,824,152.9845559354992,154.5609645345632,51.42233084618239,39.96163818037435,149.36552150391782,0.5856106548410345,15.870281262046532,0.44771499349599575
tilted_head_4.mp4,tilted_head,832,166.28590390217377,154.06376855290506,53.72791617750805,39.83454938035592,148.94106726784975,0.8181155142809564,15.936505713345998,0.49999606433571975
tilted_head_4.mp4,tilted_head,840,162.1249095152773,145.1556362667313,52.170087680300746,40.865521663287836,149.22640499695083,1.0925264048238597,16.760812809486897,0.5092129947672616
tilted_head_4.mp4,tilted_head,848,158.7339648385144,153.77006080822693,51.96764981001068,39.02845418072116,148.4573524506142,0.7367591368048487,16.736139997275824,0.5261661936329913
tilted_head_4.mp4,tilted_head,856,157.7961925931948,150.01468233631547,51.045376066213905,39.28099281960717,149.02460085700332,0.7681887082690243,17.603223058973,0.5103538566667699
tilted_head_4.mp4,tilted_head,864,161.06869254680478,154.10811414836178,51.27670699414936,40.54502965260409,149.44874798992186,0.7109243528687245,17.732554430562033,0.4920741295607321
tilted_head_4.mp4,tilted_head,872,158.71831708157026,154.16913993826995,52.301297723758346,39.85965821880255,150.30951942271878,0.660522450144363,17.489572324291817,0.4916659511792997
tilted_head_4.mp4,tilted_head,880,163.76816349454447,136.19188527350798,54.33710917661467,40.391977027966625,150.5861592464875,1.5075627032164123,16.906332119608745,0.5375676927234022
tilted_head_4.mp4,tilted_head,888,160.05660739098101,137.3484196560515,52.185507420484186,39.790717663941166,151.29327776218463,1.3502026399441172,16.161037403458696,0.5427981043352791
tilted_head_4.mp4,tilted_head,896,154.12830717300147,152.60068704002757,51.45033230367458,40.14079277192137,150.78047912397463,0.6289090562258743,16.118999849117163,0.4148331293642266
tilted_head_4.mp4,tilted_head,904,160.56633333117782,146.09134122341405,51.72225423255845,39.15487694797941,150.439263312467,0.9822971852116016,16.495172012594242,0.48828965222660003
tilted_head_4.mp4,tilted_head,912,163.33248831856585,149.98676537978753,49.36369110782972,38.15812104737933,149.33041104037324,0.9306680410706417,16.468149494880773,0.5481778906398772
tilted_head_4.mp4,tilted_head,920,162.05729525651248,149.62155591535924,50.49326749724594,38.40111007287859,149.3466718795449,0.8508249771982603,15.793978650903355,0.504017945955058
tilted_head_4.mp4,tilted_head,928,165.91916896372817,143.86520173113482,50.18260583384053,37.84484885001042,149.63081612738287,1.253194961879276,15.651982081667834,0.521466153531392
tilted_head_4.mp4,tilted_head,936,159.50215175526304,152.34968925552258,49.95955924974532,38.306986393588716,149.41118101563887,0.7588322485285082,15.060533038778392,0.49022953265355257
tilted_head_4.mp4,tilted_head,944,165.1472658361831,138.2300897430688,49.41666132088392,37.244400589206315,149.14091994676738,1.4323003514109138,14.645487315356599,0.5903372890909164
tilted_head_4.mp4,tilted_head,952,159.73568140167365,150.28121324067644,50.874927427840326,39.69745903973171,149.91142210573827,0.8361148350233635,14.928172626747903,0.5305673599744635
tilted_head_4.mp4,tilted_head,960,165.59476989800478,151.73220430662198,50.920419606131766,38.42916628049122,149.00490129477288,0.9673266480631255,15.08415786191653,0.5401942985240616
tilted_head_4.mp4,tilted_head,968,169.65898146049304,137.27904685500897,51.48124067741657,38.669914620722814,149.16007123733309,1.729549333328462,14.327764256129292,0.6429155555545815
tilted_head_4.mp4,tilted_head,976,157.41428780841767,155.2083139484995,49.70847746305749,38.08713021650873,149.07296843882332,0.6163061918936342,13.584415062056333,0.4980795481536316
tilted_head_4.mp4,tilted_head,984,160.85441188102985,148.20863131802392,50.55423803554063,39.957640560771644,149.83617369351794,0.9437364224884215,13.58492859673716,0.5576055753710053
tilted_head_4.mp4,tilted_head,992,161.20008904953878,141.15196647578836,52.93980829687621,40.31975794757869,150.44825936151886,1.192662796371129,15.104063149852049,0.5066169200336692
tilted_head_4.mp4,tilted_head,1000,160.6147443141308,150.82754084448894,52.16651005559064,39.64073643692828,148.50427019229804,0.8130419851108771,15.875197875865164,0.48939374930909463
tilted_head_4.mp4,tilted_head,1008,165.90129101244668,133.59131903685855,54.056966395110095,39.47525496647964,148.9640426691224,1.6145230544229447,16.532612039645066,0.5125165727024945
tilted_head_4.mp4,tilted_head,1016,159.51469488898502,156.09398554925463,52.239741247122595,37.27299055774374,146.9956242616514,0.6041863315165978,17.440296618593546,0.4241085585043487
tilted_head_4.mp4,tilted_head,1024,170.7139517338191,134.2657252502756,49.60272209322233,32.77869043639925,145.53278854872556,1.666875696096625,15.293237522595405,0.5231760858997779
tilted_head_4.mp4,tilted_head,1032,168.67317275507293,128.2011013724363,54.214236767772995,35.97541754209862,145.96531641435948,1.7643915360588198,20.594567298702618,0.4618599168322423
tilted_head_4.mp4,tilted_head,1040,168.9697311921298,136.1765820943463,53.71979799039561,36.136757152688375,145.13457282942565,1.5261521005558083,22.442518153243487,0.4824568098360096
tilted_head_4.mp4,tilted_head,1048,163.41582321745764,133.64008125493262,53.050549144429326,36.22856908745085,144.47124824446973,1.1624681507983023,23.083856123807667,0.34325368066161355
tilted_head_4.mp4,tilted_head,1056,162.82052487138452,141.02735678870104,54.34807504304077,38.418143209867175,144.40750511346306,0.9684963831185368,22.110423705276137,0.4222739214741554
tilted_head_4.mp4,tilted_head,1064,165.5157250802843,142.73586090343676,52.97182273267398,34.19355674285189,143.767853024425,0.9417218732101112,22.36172359804774,0.44605243667386885
tilted_head_4.mp4,tilted_head,1072,164.47186458283934,150.82417658114588,52.57570809927889,38.31775762718831,143.91172031414854,0.7064182011307156,21.9796394504941,0.4040688671451388
tilted_head_4.mp4,tilted_head,1080,159.982818354661,150.85607944945073,51.22926306712637,36.87123131385799,143.77593258071252,0.6221631331983944,19.52799200335007,0.4033898402438089
tilted_head_4.mp4,tilted_head,1088,168.46916248699537,136.96472409581966,49.65398499287397,36.4373314640543,144.01396390898694,1.396500660015182,19.586505800363508,0.5490007382311469
tilted_head_4.mp4,tilted_head,1096,165.94419101184195,135.13262836977898,53.350731880255346,39.2199475024047,145.5423858877304,1.3845081630637206,18.95320020181347,0.5204988968990579
tilted_head_4.mp4,tilted_head,1104,160.66905557816872,149.1328237321348,52.5017617699798,37.81812170829987,144.34788411583833,0.6522573969157592,19.681707038343678,0.38529726806048287
tilted_head_4.mp4,tilted_head,1112,158.8152812455059,149.21636211210213,52.81621347848783,38.052042001365294,144.68435862546232,0.6005543990550912,19.13417865205171,0.3878353263549132
tilted_head_4.mp4,tilted_head,1120,167.6031805741686,129.33279434980466,52.73236069384093,37.876448266125365,144.14037327037536,1.500955235344185,19.579150686010813,0.48021738286439863
tilted_head_4.mp4,tilted_head,1128,166.38150030212412,150.39308391120736,52.319402811232834,39.39080634498624,142.97642078415925,0.7445607650728415,14.549050065481076,0.38676983093134343
tilted_head_4.mp4,tilted_head,1136,169.31382829681377,139.26275427239057,51.803726654949315,38.72275995451077,146.2127819655527,1.2791198831314172,13.748288873337424,0.5358565187061451
tilted_head_4.mp4,tilted_head,1144,165.2365364979675,133.79683713832998,50.89409766038678,39.49891993342547,149.60954508626904,1.5290398949755535,11.049965941791339,0.5422618712526793
tilted_head_4.mp4,tilted_head,1152,168.7973562997225,133.7069489742147,51.886355063015316,40.92180608047848,150.13334126952873,1.7229232443365057,11.10614984123082,0.5638452198222934
tilted_head_4.mp4,tilted_head,1160,168.52207853396771,138.0486473550937,49.29222416142289,40.0710182571057,150.15613691847219,1.4640978088578867,10.183736646599838,0.570838637661135
tilted_head_4.mp4,tilted_head,1168,168.2628187862485,140.9081402304726,52.05879352132176,40.21599301770495,150.371210880222,1.4827418018302376,9.976006221998007,0.5875388390275191
tilted_head_4.mp4,tilted_head,1176,165.62174162824124,146.71078649369414,50.83340913529814,39.57292708125648,149.49868526432147,1.2298881176937093,10.130183534924456,0.6016331288507429
tilted_head_4.mp4,tilted_head,1184,164.2410417081285,146.519352860207,50.079016450776585,39.299923356316704,149.6617695039048,1.089588851123612,10.410052547520394,0.5613671365728969
tilted_head_4.mp4,tilted_head,1192,170.28491957950067,128.05361408981426,50.526635659972804,42.181417195655705,152.35889015395026,1.9240602644486144,5.7826314513263,0.6029237816770869
tilted_head_4.mp4,tilted_head,1200,164.98515121192253,128.28398396971642,50.843725866243894,48.01203059099129,157.79779332449405,1.399829095643119,12.263555618261904,0.5222435751422692
tilted_head_4.mp4,tilted_head,1208,168.36143413548703,139.51545697858086,45.162146308936734,41.770771473704464,155.58742152236144,1.1617803366017572,18.48932244382451,0.4995702641172536
tilted_head_4.mp4,tilted_head,1216,166.87708729492843,154.81536183901065,42.97563644442084,41.36672217917062,154.88497862121608,0.5938524741312124,17.432954202060802,0.48095846687502414
tilted_head_4.mp4,tilted_head,1224,169.78345937599588,151.5862052209654,37.58288902129101,40.71656614315776,149.4627774326384,0.6625203523881603,14.38688941239526,0.5820467290749358
tilted_head_4.mp4,tilted_head,1232,172.3143040029805,137.85518854359802,38.983594911707684,39.68213651128902,153.67764007029314,1.3302579341066614,15.431839622673857,0.627700562494263
tilted_head_4.mp4,tilted_head,1240,173.20544363901482,142.7936346244453,35.296317890087934,38.63582372431912,148.7966613025245,1.0800276440917904,15.258214792853128,0.6290100402947154
tilted_head_4.mp4,tilted_head,1248,171.0433872044244,145.3855379874837,34.354921229870534,38.52760042593061,147.41220848528332,1.0380319094766361,24.55403915080678,0.6197135068591942
tilted_head_4.mp4,tilted_head,1256,172.82125173403287,158.2465313406267,33.76111602034283,38.32748283228918,147.74319127344978,0.7611919702700722,24.023420537774616,0.6420797881947364
tilted_head_4.mp4,tilted_head,1264,169.93724866780315,152.35657635855588,36.36062850338655,37.900793633503106,149.23197476578133,0.7533040840493106,24.937331774960118,0.5421918824642182
tilted_head_4.mp4,tilted_head,1272,171.6464444123973,153.10794265835833,36.42671830501884,38.302091596146475,148.4970225160984,0.7073405178876283,25.730971363264203,0.5582978651042678
tilted_head_4.mp4,tilted_head,1280,164.62680149060742,153.8339479035234,39.72389233851576,38.48521128415452,150.90671251757766,0.6467262108968705,24.457483023507887,0.511696761351848
tilted_head_4.mp4,tilted_head,1288,169.77495248083056,151.05464041498828,36.825346232267755,36.32104163893748,152.30852550144928,0.842233784493415,23.133399464870525,0.5780974428029516
tilted_head_4.mp4,tilted_head,1296,173.20373885645546,161.74003513928625,31.686845292986458,35.46764398703903,145.6348475069113,0.680926067691975,24.070540465006996,0.6654609510362536
tilted_head_4.mp4,tilted_head,1304,172.5952146086789,160.68937982713385,34.162359091056054,36.82653288305409,144.79699403662167,0.6466617597139287,24.449005121014906,0.6130794112481773
tilted_head_4.mp4,tilted_head,1312,168.7924184815942,158.20083650951955,39.300194698655375,37.939868829529125,149.55715288640894,0.6079171614626311,24.628277306433876,0.5030395446863364
tilted_head_4.mp4,tilted_head,1320,170.70154234486904,158.69191307935648,38.605641167870466,38.65530574237998,149.26869696064412,0.554408203001363,23.641967793509817,0.5185379014555186
tilted_head_4.mp4,tilted_head,1328,171.14575125145214,159.87433602576817,36.00354187738134,38.356116594718436,149.3065934544969,0.5486404906273209,24.94221725886256,0.5521975489032772
tilted_head_4.mp4,tilted_head,1336,169.90432750811703,159.89436334220414,37.077341262260035,37.86210177479063,149.07547074165905,0.6234971299137807,26.27176100943501,0.5581655507987527
tilted_head_4.mp4,tilted_head,1344,168.53926673651307,151.1918364867232,43.24700419581986,39.76039083132474,153.0329764383154,0.8966235131005441,25.24113809859285,0.4744116375714434
tilted_head_4.mp4,tilted_head,1352,169.7531929635139,158.53999780089612,37.96375821248009,39.50512612658768,147.8536053735827,0.6551250410554094,25.609786273690297,0.5804626536273577
tilted_head_4.mp4,tilted_head,1360,168.49670383906994,156.92517202871613,39.61307498825953,37.4507623696596,152.63348141107048,0.6914658949428026,25.061056559780926,0.514409358701551
tilted_head_4.mp4,tilted_head,1368,169.5185825911506,158.8876566229112,36.61830943609008,39.008805438094655,147.69312416555283,0.5761233592667148,25.85236937130902,0.6233197764660385
tilted_head_4.mp4,tilted_head,1376,166.64890938422892,158.36169456239955,41.54392190771912,39.53027231769473,152.69537645172142,0.621264204420789,24.546117147628003,0.536701077865888
tilted_head_4.mp4,tilted_head,1384,169.1222628905977,158.33240640145354,38.16788696849732,38.48480711351446,149.08403814728604,0.6305287447718978,26.73653047092459,0.5501234222142762
tilted_head_4.mp4,tilted_head,1392,169.58640915409103,159.68754646326812,37.84098940345427,37.715025727683624,149.83834186755294,0.6324396963827892,26.86859303983341,0.536505346082322
tilted_head_4.mp4,tilted_head,1400,169.40404981379967,160.88493260341565,38.20750670892782,36.608413774016114,150.89637455210143,0.5733415569712021,23.180954222532613,0.534842937800784
tilted_head_4.mp4,tilted_head,1408,160.4087237461826,152.36589145181082,46.60750665684028,41.66821564530716,159.4092634210641,0.7721841578759877,17.46852079397709,0.4819908782036728
tilted_head_4.mp4,tilted_head,1416,168.79554534118014,147.3404425099275,55.20086251916956,44.147544154218814,159.96205474392832,1.0602506674217012,5.980538054534884,0.4851902611912775
tilted_head_4.mp4,tilted_head,1424,165.03322411138123,150.0924498545439,54.86386337333983,41.674867302592254,154.53809740239882,0.8552432679009315,2.0958477551579913,0.4302580787449576
tilted_head_4.mp4,tilted_head,1432,166.46081721661187,149.6976621389957,53.65615522218298,39.92737275837681,149.86929537983946,0.8962105207821182,14.441842860611583,0.459524524142452
tilted_head_4.mp4,tilted_head,1440,169.34511782872423,130.8320983954434,55.1673926976646,37.828291681852626,147.69652787486652,1.9537139420195968,17.725058576498938,0.48780529290834324
tilted_head_4.mp4,tilted_head,1448,162.90776150665073,145.61947250519802,52.092208147795404,36.688637757834265,146.20543318565925,0.9154990715081236,18.827538006246442,0.4463304496191028
tilted_head_4.mp4,tilted_head,1456,161.7570932486118,142.19129776856138,51.14332013175479,37.22417744161956,145.75169758674568,0.9076601184940772,19.380425884874807,0.3936958577819672
tilted_head_4.mp4,tilted_head,1464,157.78295291192688,151.57326595480092,50.41717086330458,36.911051743822455,144.19709683753928,0.5971580059902524,20.356315317830553,0.39892707978328096
tilted_head_4.mp4,tilted_head,1472,161.66045231321874,142.72909288186008,50.91727296423247,37.429949807599236,145.43212866792328,1.046317971200944,19.462977228469345,0.43520637897479786
tilted_head_4.mp4,tilted_head,1480,164.67620892446274,144.0751218406809,50.10495219613149,36.89481983721744,145.1266289843723,1.1480260754380656,19.483408358750435,0.44135074931282126
tilted_head_4.mp4,tilted_head,1488,159.25057903508795,153.8095915076986,51.534385408343795,39.27392373947335,146.42217930965663,0.6958511452137791,17.082013265929994,0.4116557455319173
tilted_head_4.mp4,tilted_head,1496,158.0206305879982,155.9325757908305,50.52822889360353,36.646357693233696,146.1763250911086,0.6031342937168656,17.09795784257758,0.37359829102249964
tilted_head_4.mp4,tilted_head,1504,163.736962865814,136.31598018209917,51.38755541650225,36.54170309093703,146.19634554262515,1.3444875907491742,15.928722890466648,0.5002191289283703
tilted_head_4.mp4,tilted_head,1512,167.75259221255342,126.48721211905001,50.53295916385367,37.425439460671015,147.20798379030037,1.9471949537353894,14.263387629638393,0.533674221089648
tilted_head_4.mp4,tilted_head,1520,164.74383830787798,138.67188929322603,54.06604733489267,38.33778726618951,148.58835527112151,1.4564507789244934,17.195169357315834,0.5326181298572717
tilted_head_4.mp4,tilted_head,1528,168.23817443928885,140.2097648430954,50.59869891181782,35.40757259920976,148.0431682826539,1.4042188692422541,16.483931888735082,0.5361515379810972
tilted_head_4.mp4,tilted_head,1536,161.37731655751887,150.9101539912597,48.44730612884519,37.595394892739805,147.5211783443142,0.8929121486251895,17.57871052360361,0.5034634506191639
tilted_head_4.mp4,tilted_head,1544,160.2854896472335,140.57049677079445,51.43974371390043,38.718250941671144,148.50605141193378,1.1026197196295768,16.186930386618517,0.4669951871731188
tilted_head_4.mp4,tilted_head,1552,160.26376504898278,136.19509483342475,51.48385356186807,37.38644278030126,148.50551628490524,1.2650834740508154,17.331090763978473,0.4812268676489946
tilted_head_4.mp4,tilted_head,1560,164.04127377571834,137.42668663334806,52.30569881912274,38.20564375457569,149.48590648422046,1.3698406463915782,16.048721457270993,0.48011755561795394
tilted_head_4.mp4,tilted_head,1568,162.70682884421674,158.02350721450583,52.198734862252955,40.86562359400208,150.03130714851497,0.6256480095462521,14.017372308378906,0.4501887910380505
tilted_head_4.mp4,tilted_head,1576,172.48605717397552,154.50118432066654,51.18182394750652,41.556225119919105,150.85238444333578,1.2090873581695831,12.661250622983319,0.6137005869722351
tilted_head_4.mp4,tilted_head,1584,171.5121216631199,142.27286510580876,52.146941670726314,42.201936876493605,151.48678343275924,1.4202081262232669,11.503749422119133,0.5965845137529852
tilted_head_4.mp4,tilted_head,1592,172.0925470907681,131.79594146070278,48.5584241484976,39.87679028810018,150.94290903711988,2.0969834396167117,13.853120301117793,0.6508422523094719
tilted_head_4.mp4,tilted_head,1600,161.4530203828311,139.944097599232,51.53615407307861,40.60855370479696,151.19473503240422,1.247236257497707,13.332089015526476,0.5510453558359137
tilted_head_4.mp4,tilted_head,1608,171.5641769914614,139.06613872654802,49.143171002209584,41.09695155443071,150.88070901441043,1.725609800913001,13.367278250802952,0.5819213493191776
tilted_head_4.mp4,tilted_head,1616,172.0707906594253,143.00920587382262,49.69160890594501,39.42311550263966,150.4455743734107,1.486370985498531,13.780634013787802,0.6008731843497733
tilted_head_4.mp4,tilted_head,1624,165.0062261777212,139.34649082197132,52.404802100639806,45.04724462764381,154.8926378787618,1.2681434035985795,6.818781882538758,0.5947304193978324
tilted_head_4.mp4,tilted_head,1632,166.22942773686245,141.8110818429456,49.48862668030397,43.588958249222394,156.5097128434068,1.1786037409373422,6.6257112156491464,0.6124583427924983
tilted_head_4.mp4,tilted_head,1640,167.20035002311562,143.46334072331263,48.19240880561397,43.3952173993883,157.69694460411554,1.0796838194990963,12.360820897504727,0.5497234714183029
tilted_head_4.mp4,tilted_head,1648,170.07617568322948,134.134586382341,48.023766001626974,43.62344956504691,160.13230550570427,1.5318359917942503,20.64106299290863,0.552037591951411
tilted_head_4.mp4,tilted_head,1656,162.69285829882438,136.32404474573738,47.08050531214118,43.59907637619807,158.5123813283844,1.149420623941421,22.058167130333487,0.47494725488269035
tilted_head_4.mp4,tilted_head,1664,164.36872319441932,144.27989455165837,46.91979507381627,43.132583670756695,157.9688884945218,0.9415505635149245,23.560172894845067,0.4939119620311748
tilted_head_4.mp4,tilted_head,1672,163.77919820923162,138.2565097296912,47.17370595021256,44.10266790625614,159.1171349786798,1.2080090988425471,22.248212492103505,0.5135990514687815
tilted_head_4.mp4,tilted_head,1680,164.6064748782691,149.22409065076732,46.123802919589544,42.29436075464503,156.87143953036974,0.8538636983804978,23.17254082506708,0.5114599833535257
tilted_head_4.mp4,tilted_head,1688,165.8232960727465,148.4676475111923,46.66081239294728,42.32616406699485,156.81128952729182,1.0105584770291318,23.26289329540533,0.5617284295888915
tilted_head_4.mp4,tilted_head,1696,161.70473576991608,143.84301813392935,49.92601939871117,43.32718451798983,160.77716206173469,0.8967587730714777,22.97050116577353,0.49871492726408234
tilted_head_4.mp4,tilted_head,1704,171.9357591879398,148.49580561596974,45.992022775961004,41.9502816920336,160.08788247676858,1.0287291446093716,23.815750826767157,0.47746358098816505
tilted_head_4.mp4,tilted_head,1712,169.32313358068419,143.52016915717164,43.09108564041433,41.240542902276914,155.63021980398457,1.1240644144971499,22.75061480584375,0.5472152623526467
tilted_head_4.mp4,tilted_head,1720,163.97922351886007,141.91284742531596,46.01884262938818,41.23118891923558,159.19063290718915,0.9391751938132816,22.640049474958726,0.47314908500242925
tilted_head_4.mp4,tilted_head,1728,167.01128614141678,155.60606258227148,42.37772647818726,42.21700364557908,154.8052527244035,0.6952757151439307,22.15088593871299,0.5429617894342598
tilted_head_4.mp4,tilted_head,1736,166.3929216184925,153.37720406227552,44.43469373302155,43.07555436075647,154.64518810754748,0.7213166371561753,22.673108408915457,0.5543743536971155
tilted_head_4.mp4,tilted_head,1744,171.10185191071054,141.10820935644495,46.97229290710856,43.41451093660124,158.68020063809476,1.3636804575709764,22.897318989871444,0.5472901957131391
tilted_head_4.mp4,tilted_head,1752,166.26373662175249,148.55002558055423,46.094990886209104,43.15817458697968,158.81504470081163,0.987477400545533,22.897976733960764,0.602913416071001
tilted_head_4.mp4,tilted_head,1760,165.9586093745095,150.45503784791904,45.864718919472665,42.638027793954876,158.246748789785,0.8517460331179317,23.214487467685466,0.5692392563267284
tilted_head_4.mp4,tilted_head,1768,168.31241378565218,127.05182602648888,49.54438694471526,46.63097455123486,160.78186360963198,1.8478470068878616,22.46594522590943,0.5794470370939713
tilted_head_4.mp4,tilted_head,1776,174.23703235419615,134.3518723333092,44.62938867888565,42.38933289839279,157.1194581796896,1.7205073428223636,21.52577523709732,0.6212815313997967
tilted_head_4.mp4,tilted_head,1784,166.74190045447503,143.89248768688296,46.56096075475881,43.9711936964471,158.7917580372358,1.0595587293074822,20.34323550856306,0.5752509832618481
tilted_head_4.mp4,tilted_head,1792,175.58731588162803,135.2739273939912,44.31317445024235,43.64858057310438,157.9538591759135,1.9116314800200978,19.71800392896304,0.6599890327333353
tilted_head_4.mp4,tilted_head,1800,168.82012023823495,136.96673260963198,48.73915345079106,44.17934390848189,161.08504554311446,1.4915430295608205,19.67973293487113,0.4701501450553916
wide_stance_1.mp4,wide_stance,8,149.41033228286963,163.22608005136647,54.0188542779534,49.097049934729306,154.90620903485828,1.5429593915185775,0.4441251107294067,0.5630982225963282
wide_stance_1.mp4,wide_stance,16,151.56304204054902,150.92740330314723,50.119441272541124,49.80799315699617,155.92184841847282,1.4562011473573817,0.48244780410017796,0.5919877530252468
wide_stance_1.mp4,wide_stance,24,154.740973175748,156.2117593848141,45.739320884322034,44.56552161626781,153.15746975508645,1.5187093277289827,1.4204207087261496,0.6218433381762134
wide_stance_1.mp4,wide_stance,32,157.3813515285868,158.44459589821463,49.04362860013561,48.16603832225466,154.06792211708046,1.4896279539622987,1.6721339963202138,0.5921082042742734
wide_stance_1.mp4,wide_stance,40,156.8432125721253,154.4975244161986,49.545400427019636,47.5627707688622,154.3527509660802,1.510436636415416,2.3155855570521493,0.5675484728268692
wide_stance_1.mp4,wide_stance,48,145.2277829635051,162.98451246447155,52.50492232706776,49.75776670385901,155.34350290619508,1.9655545984911238,2.7387837925857075,0.5627251689729489
wide_stance_1.mp4,wide_stance,56,144.00703322620552,156.6228237161864,49.6224997595182,49.677965636635314,155.38027697412562,1.8257684542239783,2.748494517312467,0.5742425829899069
wide_stance_1.mp4,wide_stance,64,151.338592713881,154.04863876402672,49.22837912132215,47.785891533981086,154.6010878240816,1.5467101030924928,2.7688787406783857,0.589121834758068
wide_stance_1.mp4,wide_stance,72,153.01107253102404,154.68799964066727,48.599897754742386,47.55087552399369,154.26319360636953,1.5806773420129834,3.7910444589163057,0.5851988037705804
wide_stance_1.mp4,wide_stance,80,156.62764817589783,153.7067008569853,47.443909261629386,45.2755683315232,154.65043397449202,1.5057078065420906,3.931995107302333,0.5821718836879158
wide_stance_1.mp4,wide_stance,88,152.86731866748377,149.51700616136148,55.38277736389868,48.724245144161806,155.14800172338386,1.4476674784743573,2.165912321219266,0.5553520960689837
wide_stance_1.mp4,wide_stance,96,150.69830053751764,150.6718802847826,57.5077484919337,46.17873772777821,156.97596677935653,1.525332532118216,2.8519107714076064,0.5072718772879767
wide_stance_1.mp4,wide_stance,104,150.1991258266333,154.2767458676158,53.48175218595365,46.10095355177542,154.04326278673312,1.5697791599773265,5.555270865968692,0.5487502626646092
wide_stance_1.mp4,wide_stance,112,147.18700540512268,161.3506311388517,53.3616904413751,47.43388781367256,154.71578026467094,1.6111703187931334,6.368603460355834,0.4748882216225955
wide_stance_1.mp4,wide_stance,120,155.4258184741472,156.4999190471461,53.763279297090925,52.13488578875622,154.72002617112102,1.430951804575107,6.025757171707026,0.525275924247247
wide_stance_1.mp4,wide_stance,128,154.6852106552679,152.19519956804163,53.43450351535342,51.1112610871534,155.018974132207,1.4419842924376856,5.982659927265415,0.5070995162522163
wide_stance_1.mp4,wide_stance,136,147.5905319145348,152.46033048222412,59.70956024846276,50.7133863118728,159.46139770460502,1.5395589747027685,5.3075985649467565,0.4809776180088117
wide_stance_1.mp4,wide_stance,144,142.11684495689335,160.89294044473033,55.80674793907004,48.489652707333796,161.5055893528044,1.2395987338653625,4.068757293236859,0.4459540114080765
wide_stance_1.mp4,wide_stance,152,136.72898937751393,159.24284006965087,55.724395030826955,46.76940351112976,159.356441239308,1.4265636641306236,4.407246977374206,0.46837999476511494
wide_stance_1.mp4,wide_stance,160,155.3693713993785,114.53575176212415,50.916900591029844,41.93024567325583,155.92522851445867,1.6024215543000329,4.797842578330103,0.4409980511499856
wide_stance_1.mp4,wide_stance,168,166.99846238386678,114.73408582784053,50.27689645477458,42.00238429207952,153.19781541173612,2.025798438079203,1.1167774936836472,0.5142714160460058
wide_stance_1.mp4,wide_stance,176,153.46550039042634,154.86474991204227,52.60467744440998,47.8008354289296,152.88455713194477,0.9370150099572511,0.7974626125878502,0.43963921011306273
wide_stance_1.mp4,wide_stance,184,155.06107712169833,147.3013110150612,51.01656896818314,44.85778353896427,153.01342459110305,1.063508714393376,1.1114771331299482,0.45949791970786025
wide_stance_1.mp4,wide_stance,192,152.88164175931604,120.01418188621177,52.340997620961765,46.03057322222946,152.83563930899695,1.6961312560185977,2.0903343559668097,0.626998481119465
wide_stance_1.mp4,wide_stance,200,161.77139918996684,120.51739026972642,58.48616512358072,50.1147558239437,155.69988115433833,1.9502691108246213,0.7274276341060515,0.6530546934428618
wide_stance_1.mp4,wide_stance,208,152.70304632572442,145.4512982489916,60.99148018303827,55.52119535325738,154.51204162238642,1.0412802281907567,0.05516223717930695,0.43904438804636065
wide_stance_1.mp4,wide_stance,216,138.90121831897994,155.46878533408255,56.81037728219516,52.08315080132664,154.36371941893566,1.3210314684550712,2.222983207550763,0.45128618683372834
wide_stance_1.mp4,wide_stance,224,152.1389117706069,156.78315486441647,59.44562600976075,51.938875490636555,160.6362854193606,1.388894577982037,0.9046627145408006,0.47237019448584394
wide_stance_1.mp4,wide_stance,232,152.44613247346604,151.88366690576575,53.77592047817197,43.41161461396028,158.23961638221675,1.5858272407427556,1.014215406992518,0.404235413168486
wide_stance_1.mp4,wide_stance,240,151.99242317704721,156.93543197609716,49.80938801356075,45.47458611108952,155.8453147353934,1.652638459816673,1.4058739737842751,0.444836241990899
wide_stance_1.mp4,wide_stance,248,153.62742182771316,160.08330807869265,50.06953997485126,54.185978691565005,155.17754970607382,1.7776985955592863,4.093633076064099,0.5702238311977679
wide_stance_1.mp4,wide_stance,256,153.51136622669708,157.91954148552705,54.14006848434844,55.03753073039215,155.48775520044958,1.719317053650927,3.7578322502320964,0.5345855908256245
wide_stance_1.mp4,wide_stance,264,138.22342059547012,156.27160058714105,56.4243760569203,55.8040710104484,156.8565115661811,1.9539901627990217,4.950693260422102,0.5843301431331696
wide_stance_1.mp4,wide_stance,272,147.18130109637278,159.85478099832125,52.28146872552048,54.37776931270675,154.40852221725578,1.9835566829899758,3.680802158881419,0.5668111843611988
wide_stance_1.mp4,wide_stance,280,159.18183263598021,157.77450508237905,45.604591352542265,53.515330461095886,154.15825860927217,1.7746472544946585,3.474455022904976,0.6157753868060818
wide_stance_1.mp4,wide_stance,288,155.67724021963048,160.63573390084017,50.48178729766851,54.37858962178767,151.67941542146193,1.6679634321307966,1.5035488489625022,0.5908509360405587
wide_stance_1.mp4,wide_stance,296,155.20446695181118,159.84466810249404,49.12212500036248,51.139626143434555,153.74984805390193,1.8356710114060173,0.5900166436281148,0.6118844570573762
wide_stance_1.mp4,wide_stance,304,162.36455900980013,149.08660273793936,45.07349438185228,50.26439712654821,152.51229420412642,2.054765717949095,0.8289571654115625,0.6472435907602511
wide_stance_1.mp4,wide_stance,312,161.1020308838006,157.12638367554962,52.70173949645353,53.59161499727117,153.47412422299718,1.9644906326054699,4.605266857092137,0.5687755640728946
wide_stance_1.mp4,wide_stance,320,158.94551804398378,156.81678264907887,48.87648769489029,52.0155423399496,152.93386302656765,1.9460314971294157,3.3419973517318216,0.6163106920446696
wide_stance_1.mp4,wide_stance,328,161.918907908949,151.46583833245344,48.362324500251525,52.56249860895492,152.8206471725415,1.9598252222420116,1.2741388921823027,0.6584868733034883
wide_stance_1.mp4,wide_stance,336,162.96844787103518,153.15964315373466,50.719238166090165,51.19181127486942,151.6071828808849,1.935698166768475,1.0009847607526114,0.6541755657850277
wide_stance_1.mp4,wide_stance,344,154.57177961950276,156.627652718201,48.46605267401372,50.98464639090104,150.35845004208778,1.922720907324956,1.0967214793672924,0.663396460674211
wide_stance_1.mp4,wide_stance,352,155.1132715705992,151.91683081248578,53.19444200712309,52.363709938510446,153.1386016882817,1.8615284287677667,0.9226942551355571,0.6248865076065332
wide_stance_1.mp4,wide_stance,360,156.35748873013623,147.1116919419054,50.40384068992989,51.655981530766766,154.43879173554976,1.8485903028634076,0.8796237018008981,0.6681255070332938
wide_stance_1.mp4,wide_stance,368,132.88687833215246,159.90639520808904,54.763798102778054,55.306652191787286,156.54269666030356,1.7394597807544057,2.032886458001312,0.6189214550907162
wide_stance_1.mp4,wide_stance,376,130.7420337022202,156.0348287196345,54.8609772026445,55.403722382960275,154.42742952337665,1.684213608627443,0.291716021895955,0.6652755105762875
wide_stance_1.mp4,wide_stance,384,153.7986145939178,133.86321937383156,52.21351156293073,48.934045398328614,153.27021793236852,1.2743047424801814,3.099170815082922,0.6018477311126154
wide_stance_1.mp4,wide_stance,392,148.31426944108202,144.3930914807482,52.2206729005685,60.01519159337556,152.7265801115317,1.0612073844276375,0.6878335182578125,0.6399728600189503
wide_stance_1.mp4,wide_stance,400,148.59699559453128,135.78033212369954,52.941670538276604,58.7700343438352,154.4440811602845,1.254678694149068,3.273002509151094,0.6843851989199601
wide_stance_1.mp4,wide_stance,408,163.58344863666017,144.16574794387418,53.32068949367056,55.892456604504986,154.4593961952364,1.3504678689982879,2.7173436510365785,0.6615362695019092
wide_stance_1.mp4,wide_stance,416,160.17991312499544,137.74404326304665,49.474543207161815,51.033389744867335,155.1552046866422,1.4339177081074865,1.1504193473135509,0.6528023479832711
wide_stance_1.mp4,wide_stance,424,160.29522659568093,137.90002087614184,53.0387964231281,52.70064016372801,155.4857864036346,1.5108053589078745,0.40696471929107225,0.6111949721194563
wide_stance_1.mp4,wide_stance,432,161.99155019669828,138.41594229570285,50.89728453945778,49.48578198774521,154.755351917294,1.6502956678106189,0.1515436371288006,0.6672702449023751
wide_stance_1.mp4,wide_stance,440,165.7330902732596,121.83045447647159,49.34333117081098,46.789455945457156,154.95546604595512,2.4153653538875637,1.0577886376073153,0.6312018752843497
wide_stance_1.mp4,wide_stance,448,151.61946616840203,151.35906187792747,53.256831938757195,52.13973695487125,156.29865254678344,1.0694953930941031,0.46018281226474,0.5626625770014779
wide_stance_1.mp4,wide_stance,456,151.60073887904798,156.61429712836474,58.67804347193979,58.64600363066286,158.27471225658846,1.0805923347182267,1.182460025720087,0.5254258793506451
wide_stance_1.mp4,wide_stance,464,148.09025660118715,156.71396348401944,58.22747908203119,54.033790665933125,158.346473384139,1.3404221812247399,0.5543177609885842,0.533752528290378
wide_stance_1.mp4,wide_stance,472,155.51269773948746,156.91351462182308,52.57001494463091,50.047758106402505,155.63451087876115,1.3188864118915264,3.681518915639783,0.4867706935843538
wide_stance_1.mp4,wide_stance,480,152.33726083366662,153.77289609334133,50.760615348676346,50.52915525510841,155.10955770068122,1.4467390855402553,0.7334314602745403,0.5118950625081441
wide_stance_1.mp4,wide_stance,488,153.8942793555723,155.92491948787358,53.91638020876867,51.71528622451595,155.4372872375112,1.4572516920809568,0.6023094879372483,0.5306246317796203
wide_stance_1.mp4,wide_stance,496,155.46475055884972,156.9123420330002,55.982739336795916,51.700976643366474,156.01814995832243,1.4958039675000145,0.4402758416164126,0.6138273377817496
wide_stance_1.mp4,wide_stance,504,153.2283001590917,154.40517742329723,54.04131645789086,50.2566136205869,154.76321412592057,1.4632482400807625,1.2569535277751225,0.6054468031697045
wide_stance_1.mp4,wide_stance,512,155.80556649966644,150.62684976209357,54.43332263214425,51.54601497629629,155.6200967371944,1.3731188741297264,2.0093575420570025,0.544751810344619
wide_stance_1.mp4,wide_stance,520,147.75564376793452,159.2529848068629,54.173950490025014,52.983658787602366,156.0320098724103,1.7396163126086763,0.13637681070706562,0.578070422815564
wide_stance_1.mp4,wide_stance,528,147.61523376628972,160.91747238006428,59.5452935090188,59.94432338927215,156.18275594006255,1.6185420215580255,0.4705671128169198,0.5824348541601566
wide_stance_1.mp4,wide_stance,536,148.43046677706226,163.23632554093777,56.11902332586188,55.84073175147794,155.78868161116495,1.6780298884551452,1.1575741811175557,0.6364067082190378
wide_stance_1.mp4,wide_stance,544,147.7151535106011,162.1331879332613,51.7851770112293,53.18182480758587,156.34425884057964,1.8971239043506585,0.20961557940502173,0.6566147340578986
wide_stance_1.mp4,wide_stance,552,150.99702143227591,157.27029426327044,50.467730170390496,52.60065683054873,156.01640125181848,1.9121974822618584,0.4984147207361409,0.706433444278806
wide_stance_1.mp4,wide_stance,560,157.12192555941536,146.72508289927256,51.04905095693869,54.950154233826645,154.77810028573379,1.7178469547440467,1.8951533511194496,0.6334608518558366
wide_stance_1.mp4,wide_stance,568,155.1904139381132,149.32306296352874,49.07304168957896,54.18728991097505,154.76830809582847,1.755318633963571,2.392380763891578,0.6470551496492302
wide_stance_1.mp4,wide_stance,576,159.02268432767139,136.92076708469705,49.89839866658929,55.640213816208835,154.58707176725142,2.034757985191358,2.7164906867075795,0.7732602125114609
wide_stance_1.mp4,wide_stance,584,162.20643588081901,139.54340187015382,52.306526260279,57.798057108844006,155.12290372756848,2.282784118418325,0.5540196933502135,0.77349351859004
wide_stance_1.mp4,wide_stance,592,159.5208871907891,152.74017605440756,52.8655967415862,55.381714281753254,153.7653791646905,1.9374734652443109,0.15122535247947647,0.7208305904013581
wide_stance_1.mp4,wide_stance,600,140.32429582171434,150.2559026910423,46.29566682174914,52.09938951006146,153.12098076719187,2.178728838916506,2.4143239935401675,0.705601679179596
wide_stance_1.mp4,wide_stance,608,141.6980521177032,146.47077062787625,44.92791089228345,51.56416797977275,152.66456085287504,2.136889714884717,5.420062580363431,0.6567504411271755
wide_stance_1.mp4,wide_stance,616,145.96370969288216,144.33654082713173,47.80083044219689,52.278822191824375,152.22485677826063,2.1157611905635267,3.667265135945075,0.7644894167810526
wide_stance_1.mp4,wide_stance,624,158.96293353324947,142.55785114239333,46.776533358029255,51.11673442986869,151.7426866092738,2.302783985162529,2.8635002341771907,0.7892914708207516
wide_stance_1.mp4,wide_stance,632,162.96296528513167,139.47245225041192,47.47183190169983,51.58135521227438,153.10812804043073,2.4804459842633046,1.9072639448728492,0.7514364657720437
wide_stance_1.mp4,wide_stance,640,162.82046221117935,131.69086615210762,46.58653817978648,50.562281278271385,150.42734851908335,2.8924114849757414,2.2709520683726994,0.8662790422648635
wide_stance_1.mp4,wide_stance,648,161.94232906835273,133.80119754890052,44.838501068005975,51.7223890402964,149.80502322651924,2.790723304024562,2.7155473227574825,0.8690931934342817
wide_stance_1.mp4,wide_stance,656,161.55176419955689,136.8157052715978,48.191384310800984,56.347810986901116,152.40059168625456,2.725410708737684,3.630297852418381,0.900243934417892
wide_stance_1.mp4,wide_stance,664,150.29759935173678,147.41809635765173,45.92905004278476,51.58717632818728,156.23004406302164,2.023819254381712,3.569338822330642,0.6736820801820123
wide_stance_1.mp4,wide_stance,672,132.71154607443944,152.7891308897085,54.71657726336493,60.15903297646959,156.79479091201878,1.6282000970368242,5.594553850724916,0.6303374053410618
wide_stance_1.mp4,wide_stance,680,137.03283143409905,161.22883077072376,54.89788849833794,56.41829154293775,154.36691276428374,1.8203474236459871,2.9660557482564722,0.5635170172445331
wide_stance_1.mp4,wide_stance,688,157.71593443212197,107.30944100067234,53.97662868242919,49.86247397250474,153.18216807442658,2.338371166631824,0.5121439639868319,0.6039070759677261
wide_stance_1.mp4,wide_stance,696,164.29661214373408,141.16875089810088,56.05658616286879,59.66106045411996,157.49701377923412,1.673171975009568,3.1021417086885004,0.6067355397037251
wide_stance_1.mp4,wide_stance,704,156.99755217391083,152.60269381889785,55.57022023489201,59.93914083207157,156.96567919500998,1.2235523777455295,0.6923816942156072,0.5666743276948876
wide_stance_1.mp4,wide_stance,712,131.75318790798048,156.57709920155403,57.056946830024614,58.32882077758866,160.5512238282915,1.3648613703284806,2.3083395570138805,0.5429141663198029
wide_stance_1.mp4,wide_stance,720,160.45720062818958,139.27598221036888,52.80312345886746,48.75324745837374,155.16690011861922,1.4908472172622182,1.5353446299530442,0.595195874467359
wide_stance_1.mp4,wide_stance,728,159.84981613727277,127.93978166890747,51.709234340443025,53.76420747563439,154.24725943943298,1.812638577641214,2.029584280596661,0.6224103965829575
wide_stance_1.mp4,wide_stance,736,159.8378172949324,142.38831612526258,49.032938695467315,57.663903356166685,154.12444587339434,1.3083993528708646,1.8330200398302854,0.7150629879638873
wide_stance_1.mp4,wide_stance,744,160.25342226530046,121.04172638583356,53.87166949641175,54.434380073342986,154.9950163943092,1.8878669404185333,1.9214514563463874,0.6787831658557482
wide_stance_1.mp4,wide_stance,752,164.87299612535642,125.5087800135262,52.760686286301784,54.47102988388673,155.44078110131795,1.9766635099291572,1.1482133267208638,0.7060273174983202
wide_stance_1.mp4,wide_stance,760,152.51654578005258,152.85020352961246,52.79198219878489,55.2865873928066,154.96685315555308,1.1349658284059483,0.9129312143959049,0.6179668821140563
wide_stance_1.mp4,wide_stance,768,156.06071856318522,152.6391986790009,53.82875198733589,57.44660505186047,156.57809013090207,1.1462736210636881,1.2927573195580964,0.552850396976888
wide_stance_1.mp4,wide_stance,776,142.415266771604,159.0015524879989,60.05009673973196,56.344345057694746,157.15673714108823,1.2516419666277958,0.5320692936915089,0.5952327548632738
wide_stance_1.mp4,wide_stance,784,157.1263225589472,144.84377165590487,54.37501646840426,57.17406243463631,154.0782973392435,1.461442612987535,0.07214852937364892,0.7109012797853211
wide_stance_1.mp4,wide_stance,792,163.8014104900036,142.4239789571373,51.38362729346414,56.98123836880907,154.73209331481098,1.6632851233085713,1.5222276881791446,0.7239902965426351
wide_stance_1.mp4,wide_stance,800,157.7881581566494,138.99250117368996,53.980307647498336,57.58280500408573,153.38674900137994,1.338440409828976,2.3432332775958784,0.6537681173140505
wide_stance_1.mp4,wide_stance,808,155.38497757578696,150.5009987569639,53.46385895202621,57.85553792912064,156.08988799098694,1.3163993020542268,0.6222324069467384,0.6003303224283957
wide_stance_1.mp4,wide_stance,816,139.01244007547425,157.40663035744748,55.208664316738435,56.91467378845877,156.50659717454943,1.5915179432182087,0.8960193242972472,0.6176413334991361
wide_stance_1.mp4,wide_stance,824,147.15813648469666,156.98250398060807,52.75663973111898,54.30464319083709,154.71782149265835,1.5956857442836152,0.8786158583337633,0.6348237693548099
wide_stance_1.mp4,wide_stance,832,147.4120881075875,157.61389238024574,49.09067864084376,53.47893555492528,155.0124744075103,1.6810865745204275,1.1726953075938842,0.6331188510383486
wide_stance_1.mp4,wide_stance,840,151.87760494743827,153.22859667344125,49.57745766545842,54.547957542351014,156.17841496932186,1.6230401524843785,0.7136206208212671,0.6378908671635962
wide_stance_1.mp4,wide_stance,848,150.11329314350436,159.85221299702226,51.141296785964215,52.71953924662317,154.74546075164312,1.6766809905056077,0.04213055496661258,0.6559447307354443
wide_stance_1.mp4,wide_stance,856,143.1564432427117,162.655942526055,51.79709662624961,52.70184575132997,153.8489401342277,1.8542941906593586,0.41138318973166177,0.5764159518107016
wide_stance_1.mp4,wide_stance,864,159.76107617475338,156.1350184120581,52.577046931151,56.847809998488025,155.06660661226027,1.5605201716367507,0.3380146780052165,0.6255806967176347
wide_stance_1.mp4,wide_stance,872,150.1473198352607,158.7613523853944,54.11717752621037,58.16284967379696,155.74301415666758,1.6852992381733394,3.185029531298752,0.5872047895481339
wide_stance_1.mp4,wide_stance,880,152.71079789036062,158.37238163718257,51.73789898464687,55.33765833609334,154.68222469655996,1.6367187306464088,2.732054441964828,0.6339031609894809
wide_stance_1.mp4,wide_stance,888,151.93290071470233,158.64940522120344,51.66822604275149,55.0968692803946,155.49533021849038,1.7524448959718246,1.7573603968125273,0.6399093458722853
wide_stance_1.mp4,wide_stance,896,154.99572266086793,158.25924109802338,49.37329303993638,54.32438349606696,155.47953525491553,1.7591399087775859,1.608331269996287,0.6503980697065602
wide_stance_1.mp4,wide_stance,904,156.9250959229149,154.74665300334618,49.30074411038322,55.58760036490191,155.07312948819833,1.6813101707357918,1.9362096058403544,0.660613712097785
wide_stance_1.mp4,wide_stance,912,161.59651766349435,147.99265915504267,47.374389882870645,55.4239035658211,154.7549770310239,1.753678931345698,3.5386034273498677,0.6727159416629066
wide_stance_1.mp4,wide_stance,920,163.56073620347618,153.3546014681384,52.88140469378189,56.775317307189205,154.80275789826703,1.8490419343748656,2.3650660218651804,0.6692230837998097
wide_stance_1.mp4,wide_stance,928,163.98107799131503,137.36642560466646,51.93336063238609,57.549097996530335,153.72815693752497,2.200280350461641,0.9478364315992958,0.6854972748570177
wide_stance_1.mp4,wide_stance,936,164.16026511926228,143.5069192835716,51.52089866357537,55.93848386975477,154.10672112645588,2.1790036217058057,1.1324474069148607,0.7175126116577644
wide_stance_1.mp4,wide_stance,944,161.24145029787402,150.13833386240515,48.590300986873224,55.79678770188896,153.07340953683166,1.971904561364172,0.46009741558778683,0.716932832551105
wide_stance_1.mp4,wide_stance,952,160.71178277655594,148.182162951461,49.374041314147085,54.82140344153138,153.66636200091224,2.028284643269455,2.606738302893375,0.6988904902354228
wide_stance_1.mp4,wide_stance,960,163.17652225219857,136.35063526493167,49.56620555057033,54.815985478786814,153.7022632275617,2.419923147928679,2.5157790305346968,0.7611010142303524
wide_stance_1.mp4,wide_stance,968,161.12611896420117,143.93852671726324,52.219114169291686,55.40023683401007,152.9454126322543,2.1975563372576157,1.2309756460965677,0.7129555352851229
wide_stance_1.mp4,wide_stance,976,153.39675112096697,126.6531104685125,50.84516530142601,51.31505859421123,152.04729136948393,1.8659327818639546,1.8551863908295456,0.6028411795637024
wide_stance_1.mp4,wide_stance,984,161.4772565643181,149.87209279104508,56.27294783827079,57.36718173603542,155.6226774728087,1.5497891114257663,1.489506334675688,0.578715823994641
wide_stance_1.mp4,wide_stance,992,141.47694726493305,159.86965943113535,53.49206541605818,57.115062483962745,156.36762787694002,1.557456405015693,5.2310637164378395,0.5624363736372835
wide_stance_1.mp4,wide_stance,1000,155.33711413003533,156.84837963584545,51.007105654170765,47.62402773674361,154.94707733397968,1.256271154302905,5.820679847744441,0.5673625697243615
wide_stance_1.mp4,wide_stance,1008,151.6102265082858,154.7988941548648,50.28466842551963,52.744644706155526,153.93692502753183,1.3475444004768118,5.186075860286694,0.5311718448552617
wide_stance_1.mp4,wide_stance,1016,153.26265627050196,153.404649235313,53.2402279622436,53.49413554355716,154.67046085538837,1.2950327951213167,4.266597267831399,0.5293814907401319
wide_stance_1.mp4,wide_stance,1024,151.1988545084179,155.36049582796414,56.47802642466567,56.58531576355684,155.88135301347506,1.3086811538901202,2.395608618614263,0.5658814185999341
wide_stance_1.mp4,wide_stance,1032,152.70953006578597,154.46703796223446,55.465748835087055,54.98292715980099,156.3194926377825,1.315512280281605,3.943279655114392,0.5337617187800716
wide_stance_1.mp4,wide_stance,1040,138.1406561610673,153.15307606636102,56.054741134835744,52.50366144279416,158.32796044027597,1.5496745404641776,0.6095358397960816,0.5935761219627184
wide_stance_1.mp4,wide_stance,1048,149.89568220983418,151.45254712271338,55.438811766284395,48.20533515404124,156.23547688110114,1.2865068620427205,2.7407451632392994,0.5238630186363601
wide_stance_1.mp4,wide_stance,1056,153.37430627156198,145.94577568902392,55.244487115564745,46.67097898282699,152.1883725419449,1.1800095974452294,2.5850484352813283,0.5191301502039396
wide_stance_1.mp4,wide_stance,1064,156.59444693715847,152.92200132162318,56.67881617723548,51.43091966433351,152.07930835405136,1.2194289699291636,1.1491704056398835,0.5462184161182241
wide_stance_1.mp4,wide_stance,1072,155.75780279277407,153.0532456665325,57.20426500913927,53.67976359892102,154.17900037214017,1.1238555516128161,1.542883672244181,0.5630320493594065
wide_stance_1.mp4,wide_stance,1080,161.45021313969016,151.22015043994097,60.25998795865258,58.949460076226295,156.3692774499634,1.1669849560084484,1.7645520224111824,0.5116117005691727
wide_stance_1.mp4,wide_stance,1088,154.92177067736196,155.65638941490832,57.12044155612293,60.53121634058035,156.45726260994567,1.1622742660003833,0.923578340108385,0.5481143048083963
wide_stance_1.mp4,wide_stance,1096,157.16395068919027,159.0365125902756,54.59640226713744,57.222932843661965,153.43948651209794,1.195393215139486,2.571674908392214,0.6203222239268683
wide_stance_1.mp4,wide_stance,1104,158.0628473014298,146.23286353772758,52.68160108764904,55.56693644905823,153.72588458358595,1.29831453569236,1.8813355410622188,0.6683503981277824
wide_stance_1.mp4,wide_stance,1112,158.22520054353717,138.95159806909,52.83381399882559,52.19234029651761,153.55155536236856,1.4675610001232038,1.0091869443698644,0.6510708395533356
wide_stance_1.mp4,wide_stance,1120,153.63497492124955,157.51791856527683,56.103592766615165,51.86290124410986,155.10656806565333,1.3401502438963762,0.06727108881789909,0.6047843811475935
wide_stance_1.mp4,wide_stance,1128,160.3429081769446,128.99360455881936,54.787471236764745,46.57416127791753,154.78960330879306,1.7881990442788718,0.39036106639934964,0.4790011216676462
wide_stance_1.mp4,wide_stance,1136,154.0928450671476,154.84179023297426,54.04667180606598,46.79463124710349,155.3679384783487,1.4823022563648836,0.5181126577380297,0.5255788244705601
wide_stance_1.mp4,wide_stance,1144,152.3363319501357,151.21066725955328,44.055544246314646,49.112848158295925,154.02364579123298,1.5111048161484875,2.9563741917236146,0.6068989639358828
wide_stance_1.mp4,wide_stance,1152,155.75887268814176,160.18144257914219,48.45957592357183,49.563674594504256,155.6238884898958,1.5928766001797157,1.8979190237855357,0.6011112754649026
wide_stance_1.mp4,wide_stance,1160,163.31198255089566,157.60422627371403,50.22743433494893,47.14070862743367,154.54881794640838,1.6699094781031467,0.8013619232890336,0.6302488467627336
wide_stance_1.mp4,wide_stance,1168,146.7709995138752,160.34025882008183,49.48362270694112,48.22910623657779,154.74123500663345,1.7693303736639803,0.5424364228082892,0.5927685181971893
wide_stance_1.mp4,wide_stance,1176,133.3685724298136,159.2556324031035,55.43751870212319,54.08832743420259,153.8802441072185,1.9492329657996792,0.7040461364335832,0.6941840875543094
wide_stance_1.mp4,wide_stance,1184,135.14356748503565,158.56958764658557,43.58608124047112,44.072801243406076,155.07473646924552,2.2839208314927033,1.0250183423929782,0.5704767298089781
wide_stance_1.mp4,wide_stance,1192,149.60195081025378,162.8289740845077,48.59675776766242,48.927702713818235,155.5967525501616,2.089046466899573,3.3911341617689126,0.5379193026444052
wide_stance_1.mp4,wide_stance,1200,159.54439547004802,153.26092211274369,44.79532768075639,48.474537237714564,155.62340284595487,1.8279305471346219,3.720510089636559,0.5546041066612015
wide_stance_1.mp4,wide_stance,1208,158.43453051793895,154.20240460085566,47.34367104361961,48.84473189112872,155.76288571280645,1.8451215948657282,3.75009236523872,0.5396503326476161
wide_stance_1.mp4,wide_stance,1216,160.35612050802163,141.84241102350936,44.06063342942324,48.299147497291585,154.16271721757965,2.148061612409039,5.115413493793828,0.6138690058064569
wide_stance_1.mp4,wide_stance,1224,160.4545826439812,144.49830910857747,44.045658431606505,46.3852424727334,156.1600276574123,2.1351165175795535,4.267834521985585,0.6291910715490027
wide_stance_1.mp4,wide_stance,1232,148.33614378219215,149.55835369755266,46.663707420687096,46.74777899604349,155.76804983057423,1.928178009440474,4.887568561926359,0.6117565050761801
wide_stance_1.mp4,wide_stance,1240,160.35253087973516,140.045036496528,48.11714287811665,52.48067160945494,154.0847373021506,2.3757515330755465,1.7062550631237017,0.7227268057485517
wide_stance_1.mp4,wide_stance,1248,159.9136227340301,147.9474464720721,48.47473664494877,52.236993907367896,154.24973871780605,2.201183396526781,1.3090533768377326,0.6610125590433666
wide_stance_1.mp4,wide_stance,1256,160.99305177231415,150.72807853532777,48.19815268952944,48.33189037511993,153.29169181221943,2.231979851168802,0.8823999576625121,0.7333463967018105
wide_stance_1.mp4,wide_stance,1264,141.68449720391132,157.8620635771279,53.48524829820996,49.5375492713718,153.83483971168033,2.406885337310353,0.07782039198876034,0.5989750760607956
wide_stance_1.mp4,wide_stance,1272,157.4863601498561,150.34534695414294,53.84129009201514,49.37483660021431,154.99244448962244,2.1968694640884174,0.048249261526599,0.6144473624700673
wide_stance_1.mp4,wide_stance,1280,154.33105552947578,150.08689767022952,51.41886317351435,50.174788889805654,154.762654404602,2.1640294154850337,0.025343445861560468,0.5953647220611095
wide_stance_1.mp4,wide_stance,1288,156.09898310821282,147.5738370128587,49.35558640512357,48.901766402104435,155.67424216577567,2.1642791818100084,0.4809483666498691,0.5966865920424465
wide_stance_1.mp4,wide_stance,1296,150.053403234845,156.69692533401158,49.94826946339331,47.87925797336048,151.35942161482834,2.263263733380095,0.9438088996327018,0.6160442133191105
wide_stance_1.mp4,wide_stance,1304,142.9012785979229,154.10406536304285,51.32112480829819,48.072341544092474,152.1012523171557,2.218578638908709,1.5690028513236287,0.5919329006475436
wide_stance_1.mp4,wide_stance,1312,151.77196269845535,149.91888386612607,50.995504362343716,48.81415707224731,151.15029380800357,2.1128494410343612,2.7903089438501363,0.6051739985580011
wide_stance_1.mp4,wide_stance,1320,135.236929108444,157.080768420355,54.42404154349265,49.75705730682602,153.405798362779,2.546215859094643,3.949017556677438,0.6252189779651525
wide_stance_1.mp4,wide_stance,1328,145.3524751905418,156.2783180947989,50.9346842440038,47.66864779147189,153.1259544347895,2.1932209549196293,3.708668585207862,0.6510642487321674
wide_stance_1.mp4,wide_stance,1336,158.30120240768528,152.66022647873993,50.59278833137098,47.18526111894034,153.84584512252496,2.172121330502811,2.4472265348327866,0.6538510658537293
wide_stance_1.mp4,wide_stance,1344,151.20293620632998,143.29261993798073,56.1053898974951,48.588076522289136,155.8796142395034,2.064661323421817,2.7226997021917376,0.6090764807667016
wide_stance_1.mp4,wide_stance,1352,145.57992140701887,151.41672561437179,50.16830253275317,49.8698468069038,155.04630276324505,1.8240189576255956,7.697474596416663,0.6492037375233359
wide_stance_1.mp4,wide_stance,1360,149.48674906954355,141.14068025093755,47.46949469988734,42.07478708551759,152.32799571127444,1.450464169851177,1.1856465389654096,0.5851829130464746
wide_stance_1.mp4,wide_stance,1368,155.14247555493787,125.28130745008261,51.57062568591628,45.10965928776441,152.90971491172417,1.7300972424655838,2.6379287884172564,0.594349579880155
wide_stance_1.mp4,wide_stance,1376,156.92766718341855,143.80085887617176,52.47470155608696,45.72130232712248,154.05868842231143,1.2538968418790994,2.0467416363191875,0.6391715018221349
wide_stance_1.mp4,wide_stance,1384,156.69421354781744,147.37610405616473,53.95919472717849,50.73176594305702,156.63893625617317,1.1813090932982644,0.9552600539297669,0.6194171482714921
wide_stance_1.mp4,wide_stance,1392,157.80643977116222,148.46619162488008,55.58127066076392,48.49782948421605,156.82235802302463,1.2458853199367974,0.6275633882913456,0.6168187082884355
wide_stance_1.mp4,wide_stance,1400,160.0675776412865,143.06169877672025,52.00241054964979,45.99987284337027,154.18493922376987,1.4004953490248788,1.476746759574693,0.6410755981965851
wide_stance_1.mp4,wide_stance,1408,156.14300811327928,148.12814414731295,55.01538813513246,52.16259842020982,155.28896766254763,1.1791545217200667,0.35689169339784016,0.6200395734495606
wide_stance_1.mp4,wide_stance,1416,150.749805497983,151.12767287223548,54.5417721215759,53.75990582892733,156.9693660699274,1.215439615247214,2.637512797936233,0.6463227999621245
wide_stance_1.mp4,wide_stance,1424,150.21852074285275,149.71760459463334,54.60031096632529,48.580120045240236,156.6759120084063,1.3498275148406258,0.21062811892452915,0.5421792412910412
wide_stance_1.mp4,wide_stance,1432,152.35662329783838,133.4396016272161,53.09077292257929,47.39477038462684,154.88665681295186,1.5199811326944597,0.35764836984193693,0.5013994171914038
wide_stance_1.mp4,wide_stance,1440,155.6917402991789,148.78384412007065,54.73336175162335,54.67166620522071,154.95387653685083,1.6664236069180225,0.11612016950361008,0.5444028657719855
wide_stance_1.mp4,wide_stance,1448,156.82818238709717,158.7296277767461,56.06656388522576,58.297742625839874,156.47029052983413,1.5793058466732737,0.8270830191855048,0.5364460651491941
wide_stance_1.mp4,wide_stance,1456,153.59364123782004,155.64092054320997,54.032054805686386,54.00467210720909,156.6333387826267,1.8663666491614872,0.611146442587252,0.6261969348950063
wide_stance_1.mp4,wide_stance,1464,148.42780407516892,160.66158674077218,49.618435324955946,48.773299035541726,154.39534652684617,1.9986309707898677,1.8328178006222338,0.595690334782957
wide_stance_1.mp4,wide_stance,1472,154.37461060493317,151.26547986263017,50.294922840675675,50.06847090275764,156.9452108486493,1.8048099736613374,0.3219856076241757,0.6309212141308979
wide_stance_1.mp4,wide_stance,1480,151.30824488200696,159.3401424004621,48.94356199105174,47.14781600500819,155.3950102055269,1.9295243427897002,1.472620172484217,0.5889897851122081
wide_stance_1.mp4,wide_stance,1488,155.72740766541258,157.14406522652314,50.11222918870604,48.73170369225354,155.30099874442737,1.846677765345371,0.9292229626632647,0.6227709040041018
wide_stance_1.mp4,wide_stance,1496,154.57474690152102,153.92578999890884,49.23196452847534,49.42367506440802,154.56387122793214,1.8146520133327526,0.13263573710070126,0.583318255749221
wide_stance_1.mp4,wide_stance,1504,155.24224686244295,150.71639010308206,48.402460015425966,44.389816340264815,154.33436675104807,1.6786686713891377,2.828968051350099,0.5410017013582045
wide_stance_1.mp4,wide_stance,1512,157.51802698119113,158.6853498462348,53.03580142952762,49.262893738603495,155.07582202382378,1.585321461437516,0.5257825395928376,0.5340059275469379
wide_stance_1.mp4,wide_stance,1520,156.88835431294487,156.2439198168288,51.46692510609173,48.267994690961565,154.4263096166518,1.526897587025566,0.8683615478271903,0.5699030260300413
wide_stance_1.mp4,wide_stance,1528,156.9630133808523,155.97668446663948,49.35635697922515,48.82971965236091,155.7208338786334,1.642657760616161,1.1756434884360534,0.5695280776198891
wide_stance_1.mp4,wide_stance,1536,154.36356871732772,156.60575982281605,57.68323357986459,51.62674698813843,157.4511502327713,1.6342508516478935,1.651627642673713,0.5026943881376904
wide_stance_1.mp4,wide_stance,1544,154.65409259062346,157.90230073343332,50.73201141243336,49.901025719580595,155.35683527048357,1.6499830038081194,3.4921376171871845,0.624006503454487
wide_stance_1.mp4,wide_stance,1552,146.46188344827848,150.00533554628595,52.53813486032347,48.5997503653646,158.5722644212063,1.5032591709465501,5.986365491486725,0.5478485110441705
wide_stance_1.mp4,wide_stance,1560,151.09430034341605,142.21145752221292,51.430385288167585,44.992322616793366,154.1618099165981,1.4358970727712435,4.29307237663342,0.4483395386973347
wide_stance_1.mp4,wide_stance,1568,156.88583618637318,153.68438130097888,50.1706268923479,52.68399390884937,155.0114002787163,1.503078028722961,4.574172426875377,0.6032906118835706
wide_stance_1.mp4,wide_stance,1576,155.5467057297407,157.08228435190128,54.773984425838535,58.98373633666679,156.25287044502434,1.4344390717211812,3.7030834867730813,0.5833397182697436
wide_stance_1.mp4,wide_stance,1584,157.04715520534464,156.59850453022727,53.024079856014055,51.67374153811612,156.64597574787047,1.5335481154016373,2.2545635527179013,0.5730765706594738
wide_stance_1.mp4,wide_stance,1592,152.74557764641793,151.50984507694798,50.5228572803303,49.238220047743454,156.8143965502214,1.5823211987203798,2.424251035540502,0.5625069135512137
wide_stance_1.mp4,wide_stance,1600,139.93716245588072,159.37894126588085,52.77202313789402,50.465246452548506,157.89996912041917,1.9259160685402086,1.2997844254067012,0.6410349774256983
wide_stance_1.mp4,wide_stance,1608,141.3575118128532,143.1710396428493,49.8436055511381,45.86389953611229,153.66449134553983,1.9153789928161318,0.511272691667833,0.5620247999239513
wide_stance_1.mp4,wide_stance,1616,154.94602481821724,151.87128765152679,45.72952458082102,47.712538561304314,155.9312512055128,1.922512385073456,2.4695347908398464,0.593999569611438
wide_stance_1.mp4,wide_stance,1624,157.12171141105057,143.32866488341227,50.32954328907411,49.33034145686556,155.20337053955967,2.0067208471349085,4.788388770627555,0.656355351248756
wide_stance_1.mp4,wide_stance,1632,149.08964661007886,153.94745484186038,47.396494517496315,46.35973398579955,155.55014896504866,1.8989155277125855,4.13262914149518,0.6117547799862011
wide_stance_1.mp4,wide_stance,1640,146.05506950861357,155.01489375574826,47.06531267578,44.9387426880533,153.49524227590172,1.9529142248529683,1.935858206657548,0.6625180656753622
wide_stance_1.mp4,wide_stance,1648,160.14716330092034,144.16970873391313,47.33154326761847,51.91677024248155,152.59350219913912,2.386792943274796,1.73083374862571,0.7546803919830112
wide_stance_1.mp4,wide_stance,1656,157.5029206877233,152.95677414412023,48.419901352109676,49.997355065392455,152.76491834910107,2.082703550498581,1.6557740438711777,0.6717514030385021
wide_stance_1.mp4,wide_stance,1664,158.3685898283839,147.82374888938784,49.029482080198946,49.88636926174448,152.84545954016073,2.19514309410236,2.924651852210992,0.7526531117650326
wide_stance_1.mp4,wide_stance,1672,151.58880113465895,149.53142838243315,47.60409607346219,48.22567661265892,152.96205222294546,2.091872087519705,3.081387426358673,0.666123536798204
wide_stance_1.mp4,wide_stance,1680,158.87869800418042,143.56985209480786,47.648373145332044,47.16113034176409,152.82920720865016,2.2117402191006437,3.933889694919869,0.6986375214193588
wide_stance_1.mp4,wide_stance,1688,149.73890656029909,149.93230017516103,51.1000414937966,51.80093045116165,153.4739475437413,2.0681249996851454,2.4774512758533453,0.6573927238279371
wide_stance_1.mp4,wide_stance,1696,151.60701956464786,134.22157689342825,53.03163740774947,49.288212977892435,154.71014347186411,1.8882152163569366,2.2831636224270437,0.6301770961665527
wide_stance_1.mp4,wide_stance,1704,151.3097834851529,150.7033091100956,56.53325487919442,50.144358505897486,158.62076131951335,1.695382309116379,2.6727391914894194,0.6497973540547778
wide_stance_1.mp4,wide_stance,1712,155.09047341396774,141.86938825422706,55.487058387602694,50.43981048799053,158.53526045135288,1.5333500491648409,4.594126127244832,0.6122733195620841
wide_stance_1.mp4,wide_stance,1720,148.61252377417148,158.53692072643955,50.59474908433394,48.03473426054689,155.24702179642134,1.5694180728215383,3.6599298702181833,0.6458639826135505
wide_stance_1.mp4,wide_stance,1728,151.41379347053035,155.86312100032544,50.097157227456144,49.32762687835906,155.00824488732383,1.5222773872315087,3.220431198821819,0.6298762885272519
wide_stance_1.mp4,wide_stance,1736,152.70442295158006,161.53271880832938,50.71938109215424,46.74303353281672,154.68397083546236,1.6540132605838123,1.1989740319166533,0.5655911463277913
wide_stance_1.mp4,wide_stance,1744,148.17598697528956,157.05096908878903,48.409316543267586,46.728019230056326,153.5902761524545,1.636372861466431,0.49123246305843826,0.6829319607111229
wide_stance_1.mp4,wide_stance,1752,155.43050814679611,159.76036303110425,51.6131304175484,49.5433473543561,154.27783376271637,1.6008624717250484,0.48113357597949397,0.6484588855273216
wide_stance_1.mp4,wide_stance,1760,153.39549941116206,153.77778808437625,49.92771308063905,51.5629331835109,154.45453254255307,1.5468503352351086,0.6758344259692192,0.6816438969128764
wide_stance_1.mp4,wide_stance,1768,153.86749122898615,158.01081318083152,50.756448527798426,51.841998086336496,154.0732349482851,1.5659455106155853,2.0237849198088336,0.6395080641657818
wide_stance_1.mp4,wide_stance,1776,151.83903253849704,156.13117260850265,50.46182935499006,51.16511285487715,154.8065547409098,1.5744141728816532,2.4724950509448953,0.627235081740918
wide_stance_1.mp4,wide_stance,1784,153.139858998498,155.19545684628093,51.15972487383481,52.12158318356478,155.79348929015273,1.5319829626457138,2.327723918766156,0.641382012482767
wide_stance_1.mp4,wide_stance,1792,153.4653871013725,154.77898731659144,50.852934508271154,51.054772146285266,155.85628659405813,1.5362883397547762,1.8387122454555507,0.6248670463935614
wide_stance_1.mp4,wide_stance,1800,154.4081274160747,154.7828350992832,49.66010374731328,51.27114353251072,155.70260837736546,1.5182250108730286,2.0299255661883087,0.6325015860157757
wide_stance_2.mp4,wide_stance,8,152.32924147116825,150.22011447921307,34.7214641414605,37.847801288075345,150.93284496412292,1.4863610885830716,1.9460481592355159,0.6099001387388994
wide_stance_2.mp4,wide_stance,16,153.07092624180908,150.4032738599869,35.50159909232987,37.935787797140286,153.86482876607099,1.4786072149623908,2.1534210744139712,0.5628774478632877
wide_stance_2.mp4,wide_stance,24,153.81669959476068,153.2664908426729,39.45356175184148,38.70666357365387,156.39447505638248,1.4920754959116522,1.505423178838011,0.46537258104206647
wide_stance_2.mp4,wide_stance,32,153.32840275560056,149.7550592566504,40.40944525141032,40.05526574745822,156.1966997160006,1.461304106743545,0.6062362267954715,0.45216263462045014
wide_stance_2.mp4,wide_stance,40,154.5048374164999,151.09630961033977,37.54741966898581,37.954731030447675,155.89339887079979,1.4456731687816669,1.2583429384017757,0.43253512680224687
wide_stance_2.mp4,wide_stance,48,153.62551896226438,147.81142255379885,39.59109164878017,42.28153405351228,158.02885667245025,1.4629231783315977,3.452404627724224,0.36170878169164705
wide_stance_2.mp4,wide_stance,56,150.40304516301813,152.15050881055265,38.329410086862936,42.59253524033383,157.8422936146657,1.6033076722030213,3.3419094383291226,0.39389996262881327
wide_stance_2.mp4,wide_stance,64,147.8373595889239,157.77121577011147,37.34919070060848,42.10696385479982,158.96272884971228,1.8138224130753278,3.7634735562333286,0.4071030223833523
wide_stance_2.mp4,wide_stance,72,157.47351603787573,153.80682164674016,39.9613207270986,42.68456775197021,158.30722971969416,1.5146252908482813,3.1182974534985175,0.42284090742067737
wide_stance_2.mp4,wide_stance,80,157.27502529599266,153.14355097938076,43.01602070509225,42.46062529863585,158.0564804215017,1.4479133742160333,2.6416676546454174,0.46849104850050244
wide_stance_2.mp4,wide_stance,88,153.63477891295096,149.91804447127421,45.24045160044502,44.05145755018571,158.73949832194927,1.4727900709564956,2.9896940678298356,0.5030833566091522
wide_stance_2.mp4,wide_stance,96,152.40998651652953,149.94481824022031,43.38781513056893,43.58531398821668,158.1059326703846,1.481464174060362,3.464321653879627,0.5124825045137709
wide_stance_2.mp4,wide_stance,104,152.02722042732472,152.33529108270525,43.183389430954875,42.24065459325154,158.37363069411438,1.4429369815423232,3.170298127202635,0.5116883628286159
wide_stance_2.mp4,wide_stance,112,154.24547939075669,151.6639842266466,37.23723869856134,40.599278505043046,154.0414118032031,1.4560251280933583,3.339835944754105,0.5946980436124418
wide_stance_2.mp4,wide_stance,120,154.1457159103584,155.55107107695113,40.9923528627033,38.989557497812605,154.9413212073698,1.4397364233360461,3.1192184021577267,0.5398251153279102
wide_stance_2.mp4,wide_stance,128,150.71360458197296,150.5456971531539,45.36071216254133,41.26490285333292,156.9134788793317,1.4091338905841355,4.614287340618627,0.4169126368151623
wide_stance_2.mp4,wide_stance,136,145.60058442652678,145.15067764739385,46.93300502795207,47.477530868615204,157.4839287361302,1.513141928029717,4.135729576074867,0.4189100376467039
wide_stance_2.mp4,wide_stance,144,147.71209876802862,151.78561356186475,43.79164103749846,46.91725337573064,157.54597509563737,1.5664908205510015,5.2711797779543454,0.3696244082505857
wide_stance_2.mp4,wide_stance,152,149.31045238627965,152.6888625863953,41.009445772577116,42.88103727263494,158.07262929985657,1.5745030537412654,3.9577946896522795,0.37894818424678034
wide_stance_2.mp4,wide_stance,160,150.05719543898303,146.37156638410374,39.969826829528095,40.11495924444736,158.5240852677323,1.4389075327074057,3.3521628206251366,0.3586452403820998
wide_stance_2.mp4,wide_stance,168,154.5972583475063,147.390278778725,41.831263708488535,42.732019631411966,159.10485697042716,1.366932277799924,0.5314568932459065,0.40571140567793923
wide_stance_2.mp4,wide_stance,176,152.27637431054293,149.86741607806832,45.968116691719,42.00687684170467,159.69994940616104,1.4142402934842,0.5756300915332466,0.4286918015419831
wide_stance_2.mp4,wide_stance,184,144.65874546355155,137.97025826555662,44.23238487141784,39.8222935048249,159.26711180911275,1.424298234297241,2.3183650901250945,0.4296009293264359
wide_stance_2.mp4,wide_stance,192,156.33811042352735,127.50572799825518,41.43438516717052,36.44126563890096,158.4384694353283,2.121940912345712,0.2398423058238655,0.49109987973017677
wide_stance_2.mp4,wide_stance,200,155.58866847532744,143.54504856638505,40.29576217174671,34.25722485958878,157.95043605149596,1.5405991433255908,0.08601995024847359,0.3967321401616435
wide_stance_2.mp4,wide_stance,208,157.20164087340984,152.29881631558243,40.11327621019927,37.674434754132285,156.53798873393657,1.4505751331147967,1.2612400648371749,0.411466577604266
wide_stance_2.mp4,wide_stance,216,153.220533222967,148.4171912007417,41.97187734541495,39.25178310357394,158.29016384506383,1.413855919068552,0.05802852545843156,0.3214092478144292
wide_stance_2.mp4,wide_stance,224,148.2323464321844,144.3606781983328,42.45530251324653,40.57671842688932,157.98631277111284,1.3887372209931343,1.3667239619200984,0.3701777239186027
wide_stance_2.mp4,wide_stance,232,153.9672527029486,149.58946077545664,36.54657024324748,34.765791654443454,156.29304962386058,1.4183264468828551,1.768393144463006,0.4457101491315457
wide_stance_2.mp4,wide_stance,240,153.33551203373858,148.11605332802432,41.76753295663895,43.39861058813694,158.52558603664846,1.4894096533261614,1.611578595293613,0.3972082372493387
wide_stance_2.mp4,wide_stance,248,154.77652545742276,152.36132124742298,42.2393019124068,46.357697946261624,156.545969338318,1.4452281252026546,1.6840037533550098,0.5108033979467398
wide_stance_2.mp4,wide_stance,256,153.07566785126966,148.2157760583496,43.375796543025636,48.40321604146058,156.3541139489854,1.4393470510661872,2.0834716869339434,0.48050581985042756
wide_stance_2.mp4,wide_stance,264,149.97254216562084,146.3670429181388,43.4579084039154,46.975769979742076,158.4674284921608,1.424776483048891,1.5006484561329403,0.4503707007857925
wide_stance_2.mp4,wide_stance,272,151.86780072848023,148.13439651827503,42.71509945574399,43.526172821282344,159.06856966255393,1.4523098256661444,3.5766069700360448,0.4286249765505141
wide_stance_2.mp4,wide_stance,280,150.65183829970974,148.81144099603034,44.25093525518927,42.622278330454826,158.66208529501745,1.361852142380029,3.2485871632677057,0.4235701774983811
wide_stance_2.mp4,wide_stance,288,154.4806813039728,147.01639373958116,39.03690941218795,42.05356662280891,155.09392781782043,1.4361124817139905,3.0715040705705854,0.42927988295656727
wide_stance_2.mp4,wide_stance,296,150.30241054203148,151.54479416274566,45.09947978592638,43.67027606103448,154.68625288561017,1.2207294939888238,2.7495620841645048,0.3535368138808558
wide_stance_2.mp4,wide_stance,304,147.13767019319988,141.059523224028,49.17187658653584,43.74371594054798,157.83121569060248,1.203622116419429,2.676817923910292,0.3437024903897527
wide_stance_2.mp4,wide_stance,312,151.01543535760118,145.63660890719095,37.85268759290565,41.53559997430416,155.74838276922426,1.3429533925691308,0.7271347820804285,0.41876669609318706
wide_stance_2.mp4,wide_stance,320,148.01226866072932,146.75809465174137,37.725726905327114,39.55546636751959,153.40948217978385,1.850706136898993,0.11421151118485788,0.6752575720583577
wide_stance_2.mp4,wide_stance,328,149.35456521023548,145.95313350779116,43.68882994873352,44.58680712618155,152.87622521127034,1.6956180079256928,0.5597905777297432,0.5039630172831752
wide_stance_2.mp4,wide_stance,336,147.04302702787697,144.0864307033983,42.63391511062123,38.290837298923044,154.17296797498452,1.8432551217250959,1.0595009678556315,0.4452955848824767
wide_stance_2.mp4,wide_stance,344,146.67707404882313,145.28293461477446,35.7114633871968,37.19906085599258,155.2043783091276,2.042725994357417,2.3486612448592306,0.485846997078528
wide_stance_2.mp4,wide_stance,352,156.21192987522772,152.543041377947,26.313120937193208,33.08521468230721,147.49661723445487,2.050883175016608,0.24328302279166614,0.655534157992687
wide_stance_2.mp4,wide_stance,360,154.31397133551883,149.75770023166007,32.81098955529544,35.53866271612739,154.26028602499497,2.0467157679754786,0.47275301935638914,0.5771351047620358
wide_stance_2.mp4,wide_stance,368,158.05355801400916,147.43440263356695,38.42966303312676,40.623814755188135,154.02113932804312,2.1662993431261164,1.8373763535604768,0.5578992643837721
wide_stance_2.mp4,wide_stance,376,157.31731874562567,147.61867679687336,40.08343958081731,40.58198645144614,153.57101397974873,2.0877373324432122,2.4161414887700716,0.5891658580755856
wide_stance_2.mp4,wide_stance,384,154.08231988070793,145.07269933061724,36.52311836734207,41.40948768621779,152.7747262083099,2.10320448628441,2.819424437388699,0.5682944075140568
wide_stance_2.mp4,wide_stance,392,155.0874720466989,147.31709999647117,36.11015887238075,41.97904921359841,154.31030596915036,2.1018705924079994,2.901612392534757,0.5806765301956417
wide_stance_2.mp4,wide_stance,400,150.16661025891318,146.11569389948662,33.39095103798629,38.76517214578331,151.5682013670669,2.0921288750086133,2.0281069803142207,0.6711273349139967
wide_stance_2.mp4,wide_stance,408,150.17218983531484,147.08151931577225,32.12725951500515,36.044597664410226,150.1073433269831,2.1211223585358585,1.2335399338217432,0.6858237393360331
wide_stance_2.mp4,wide_stance,416,150.3139838261931,146.98964174837684,32.13904943663491,35.705583598843134,151.7607963504899,2.1914754759258246,0.712367340811067,0.650434632280889
wide_stance_2.mp4,wide_stance,424,150.4662071925518,145.4643033582713,32.08834890252927,36.66975254465249,151.3006737473155,2.1918980859460966,1.158987590359872,0.6377822561950993
wide_stance_2.mp4,wide_stance,432,152.74705960910154,146.30620341361904,34.61305382658681,41.169171793254435,150.87854103097385,2.1582031026446695,1.8141837585777771,0.625646552066251
wide_stance_2.mp4,wide_stance,440,153.00159451940993,147.12608629601795,35.30811144177701,42.73536852572766,151.27270046340305,2.1671703881157227,1.9291415723779077,0.6064258823286414
wide_stance_2.mp4,wide_stance,448,156.85036904667996,149.92891963936532,35.08353809967482,40.498408881956806,152.38261631041152,2.139509723839106,2.277307235279063,0.5794543704624635
wide_stance_2.mp4,wide_stance,456,154.5889840294785,147.12215324058013,33.60040690200441,42.338842986594045,151.02394473587995,2.1205570377983403,2.744919113522793,0.6100925949724109
wide_stance_2.mp4,wide_stance,464,152.6873802543442,146.35955399414703,32.65098538502339,39.421948061049754,148.84799949593682,2.1196315635979417,2.6383088363984952,0.6605951644544161
wide_stance_2.mp4,wide_stance,472,152.7033691035861,149.48655418004623,39.6806902179055,41.54140224068968,156.6664425724836,2.0912576185943568,2.0309358346087008,0.524694659560465
wide_stance_2.mp4,wide_stance,480,155.9266791226994,150.57761772743046,34.700960239760484,37.356105939797615,152.77129380581079,2.1129941551789693,2.0494829641012995,0.6103727950400092
wide_stance_2.mp4,wide_stance,488,157.65176255476288,150.6031419756252,30.76088949130921,36.33109860846698,150.5890303139513,2.1146085595128876,2.054246069900012,0.5988192623400069
wide_stance_2.mp4,wide_stance,496,157.1405509623992,149.85658986726446,32.997256803010224,37.296190529881,151.4474181289113,2.0979099635337124,1.6113365923088379,0.5949962439580193
wide_stance_2.mp4,wide_stance,504,152.18922322685768,147.40421234793672,31.48430588648824,35.63897238430053,150.41521280732937,2.096245410661594,0.3873792226278802,0.6302820774767136
wide_stance_2.mp4,wide_stance,512,150.92162620189342,145.87719794163903,37.213152464250875,38.00408782036515,153.17568127399187,2.146259959377139,0.17934019724588973,0.56681923046767
wide_stance_2.mp4,wide_stance,520,150.92101452545558,147.695751112285,36.443132735625575,37.39307752729458,154.6425999946529,2.117691777319079,0.0650221260245242,0.5301226083710309
wide_stance_2.mp4,wide_stance,528,152.2318774703699,148.91341973340022,35.9585342454914,38.304806952659106,154.16296220977844,2.0994428502836175,0.8317069349267732,0.5705648978270492
wide_stance_2.mp4,wide_stance,536,154.304165221419,149.73166044914691,35.573739251892526,38.564026222681996,151.92586209997404,2.1491458648827706,0.3237691340135598,0.6014237916165435
wide_stance_2.mp4,wide_stance,544,152.28485875111565,148.26084895339898,33.75953453607583,38.07975555368076,151.54981816582037,2.095105347454037,0.009376734267383063,0.5588641808152081
wide_stance_2.mp4,wide_stance,552,147.85880553064567,151.87406909339734,37.89866419141244,40.43595051110855,151.5507463367448,1.894634734016871,1.449751843339767,0.4601265416297091
wide_stance_2.mp4,wide_stance,560,148.87767239273495,145.31496798861494,39.35427414354684,40.73337567441407,152.94781276132613,1.7167883049311603,0.16563764253424673,0.46523189083307886
wide_stance_2.mp4,wide_stance,568,148.58915041026924,148.38332494831724,40.23810356839004,39.31915238474574,151.93149445735799,1.4886967337808519,0.05968608541219446,0.5339627369299812
wide_stance_2.mp4,wide_stance,576,150.74495246390148,148.48267101429323,40.957619446006206,40.656808583167596,153.5448262804686,1.2856335366275464,1.2992668887095398,0.5479303949325767
wide_stance_2.mp4,wide_stance,584,152.81410767473056,152.97088698067094,45.63076392117423,42.732911873393405,154.75975567216665,1.192277446827601,2.8325327000999447,0.41128324881312583
wide_stance_2.mp4,wide_stance,592,151.84817466150662,146.67058852095604,44.83281205869991,45.170032164531364,156.34045406848014,1.2446655790907684,4.529124376011658,0.3756894446533315
wide_stance_2.mp4,wide_stance,600,149.18787215196014,146.61854586874733,42.45620678617587,43.80909550439564,155.96611952444425,1.2631115607023982,2.045695226295753,0.4193312337999198
wide_stance_2.mp4,wide_stance,608,149.4784939634617,146.21507075502254,45.9970658376426,46.37326698568184,156.09348665845522,1.3283514681661983,3.0748883564781484,0.44124743419648443
wide_stance_2.mp4,wide_stance,616,147.10732970372482,143.40730563952243,41.57946196468487,43.95069047957852,156.89747274120117,1.3055417683968669,3.1522598718493327,0.4543588769157623
wide_stance_2.mp4,wide_stance,624,146.92015602749885,143.072286158866,41.894066689702,43.6142604320926,157.3084417392293,1.339195569263149,2.3342521434258936,0.4545729643785233
wide_stance_2.mp4,wide_stance,632,149.469538688025,145.2843330791537,40.62337741187939,41.72843477376014,156.61942967473135,1.3080006170854732,3.4091023213557166,0.4775591185863889
wide_stance_2.mp4,wide_stance,640,152.5888779134208,149.90521829408948,41.218931176329306,41.72362392922943,156.86011515275177,1.2896803344802326,3.4769601776885595,0.49698301787670107
wide_stance_2.mp4,wide_stance,648,154.10130400738802,151.38840153222836,42.77734874514309,41.385257390273416,157.07195270884114,1.301849238136432,3.7820822358454143,0.4330552730220985
wide_stance_2.mp4,wide_stance,656,149.70370422686153,148.2240819243583,45.34444041394288,40.093518263130015,156.8292280216264,1.2828314434116783,2.7159297848418085,0.4792344216639115
wide_stance_2.mp4,wide_stance,664,144.0738082240675,142.96566150102808,45.28307900161058,42.5075618300304,154.25158721536104,1.1824636163789166,1.0418878660880846,0.4210352186334915
wide_stance_2.mp4,wide_stance,672,143.05637676993177,141.55543396946328,42.00284190752175,40.85566200953835,153.11899133439584,1.1017167767481773,1.5871452373103054,0.3904032333931675
wide_stance_2.mp4,wide_stance,680,147.07356563936895,143.82815787901941,43.142620336452,39.22966162259291,156.02369425418493,1.0760063175322054,1.927065756852532,0.32653724747305746
wide_stance_2.mp4,wide_stance,688,149.19051817969446,144.43267385974474,38.13906217730471,37.44037575836611,157.30221544917546,1.0394066727924296,1.8134676834777244,0.3697918326328519
wide_stance_2.mp4,wide_stance,696,151.36647322820593,145.48409714327065,39.63597331321368,37.061279818039445,156.87477463671397,1.034968025593744,2.075401563422775,0.3379163640819518
wide_stance_2.mp4,wide_stance,704,152.9822283275595,147.81905638807686,39.4040060885622,36.98771598159956,155.08754454086747,1.0514102062019521,0.5636412484762147,0.369513354130414
wide_stance_2.mp4,wide_stance,712,155.89261527719717,152.68884425564977,39.30425415012562,36.2764514029589,154.11078167227694,0.9858349557479185,1.0765966468503307,0.35116176365434515
wide_stance_2.mp4,wide_stance,720,155.40427520191253,149.0398494858894,42.798587468417324,37.636215572847384,157.53058850554154,1.0025258158074584,2.8312403232477563,0.29201120987776447
wide_stance_2.mp4,wide_stance,728,151.85352831102082,148.35601292713991,47.58132817969186,42.27505169882581,157.49598057763265,1.107252647659655,2.0508998286679683,0.35818093100436554
wide_stance_2.mp4,wide_stance,736,149.0650309560387,146.85918985084055,48.32461332845094,44.38506541704082,159.64910585245255,1.1311746378037446,1.14260339492532,0.399745035801004
wide_stance_2.mp4,wide_stance,744,149.54447979002504,153.8660095136369,43.99161945371312,35.48263693631819,156.48806147872193,1.4433468864415249,2.5173181228503,0.4967362131066221
wide_stance_2.mp4,wide_stance,752,152.07853824232242,150.50382538789302,42.217296723914465,37.67107092056673,154.02782071558494,1.3745504269503472,1.5352653377298051,0.42950196002477214
wide_stance_2.mp4,wide_stance,760,154.15633750218757,150.3202278965642,42.41574424301516,38.44049604002542,154.40175674795128,1.3159209495950184,1.779444403613642,0.4298796388532931
wide_stance_2.mp4,wide_stance,768,150.9625556947738,149.9990230705094,41.510915771052055,41.89022852941725,156.404134678959,1.3830771458411115,2.3502621196354188,0.41440217312324706
wide_stance_2.mp4,wide_stance,776,144.423951403398,145.444298517999,45.4440915188529,40.43900703723123,155.11760733444498,1.4834586961029723,2.4293252788320068,0.41735044525637266
wide_stance_2.mp4,wide_stance,784,149.40671322905436,145.05392051621317,37.49916695678641,41.97851720018739,152.29626907490865,1.5748004792954993,0.513156648040362,0.5203177518065465
wide_stance_2.mp4,wide_stance,792,151.1831039391034,149.4501959159431,43.36611435759185,40.59244608306008,156.06672772970924,1.6826628478119228,0.7336725982468103,0.47058309894206796
wide_stance_2.mp4,wide_stance,800,148.85710732281422,148.7401855432034,44.833007088019194,39.631009379320425,157.1450076544294,1.6886412652033145,0.33068942337402163,0.44654574903240746
wide_stance_2.mp4,wide_stance,808,151.0439610976926,148.46374057031045,38.87337958411314,38.69892496593419,152.65683298593441,1.6945594234579437,0.4471677805273461,0.5647093804351629
wide_stance_2.mp4,wide_stance,816,153.58750412276257,152.61798646720936,41.33345991352866,36.5624791905453,155.67502917265514,1.704369678235441,0.9277623166987184,0.48731866012055103
wide_stance_2.mp4,wide_stance,824,150.8185149027779,149.4853960967449,41.88511185805464,36.87859518401734,155.4997611478647,1.6932475194458831,0.7652496288549416,0.4709521592241548
wide_stance_2.mp4,wide_stance,832,150.9133652165228,148.01511826824793,39.478424193146246,38.97169796488607,155.67217840928043,1.6840670911451325,1.648377984012698,0.4895027606552498
wide_stance_2.mp4,wide_stance,840,150.3800417357031,146.43840673242033,39.52117462402923,39.002079595022785,155.60761189719113,1.6949958384932846,0.9427246562091159,0.4819420986073871
wide_stance_2.mp4,wide_stance,848,149.95180331389554,146.17472062073145,41.621314445261,38.958191474890384,155.52352919767023,1.7041715149276297,0.6295560324937544,0.47144381151418663
wide_stance_2.mp4,wide_stance,856,154.8945310752034,152.70756581629408,38.610306639663555,36.0990369381645,152.9609347178275,1.7110795842696502,0.11332657204989807,0.5619466339431427
wide_stance_2.mp4,wide_stance,864,153.14521114768755,151.9557420568144,30.806749752095417,33.95818103347321,152.3997853271145,2.0098831349350545,0.5030474269429606,0.6846994081740198
wide_stance_2.mp4,wide_stance,872,150.63097543444817,146.7602400794655,37.373875178255616,39.56386598305333,153.4514516675782,1.9608653600036476,0.10316045712689614,0.5348395678020286
wide_stance_2.mp4,wide_stance,880,154.26418875373935,148.44554007208694,34.244322357373996,37.1322008511165,154.35760140291427,1.9517018294665809,3.035347242380162,0.5239906647481694
wide_stance_2.mp4,wide_stance,888,153.22174007147257,154.52748088794266,33.70448193590294,33.4883248264355,155.1064134032781,2.0440702788288667,0.9095758878732059,0.5037766176498625
wide_stance_2.mp4,wide_stance,896,151.00518956746214,152.6094150185062,33.252437934419824,34.740145843517475,155.82910608402224,2.0097293357303205,1.4564879698867035,0.5299230974508223
wide_stance_2.mp4,wide_stance,904,148.25463366587798,149.65029122196623,34.69214724849073,37.7254126738431,156.1774208668428,1.9703012693415312,3.057794850295181,0.5559356092688003
wide_stance_2.mp4,wide_stance,912,146.86110082116983,145.07597964324304,33.21483605543041,35.84997561995606,156.21149068499523,2.0024900071180385,4.620332466957952,0.5144023090028703
wide_stance_2.mp4,wide_stance,920,150.08179742563763,148.64844314883493,34.39672327144058,39.18221310377125,156.30749724988647,2.1575336931397304,3.1716787515914575,0.519574268887914
wide_stance_2.mp4,wide_stance,928,149.0030878994424,150.77091242810113,37.048665640488586,33.27311945584448,153.41491645012718,2.103224015171105,0.41650115716370606,0.5866300093696578
wide_stance_2.mp4,wide_stance,936,142.7634474950169,153.91687937991347,35.7697390745784,31.61273055820302,154.45350617708664,2.036757796210183,0.3683313910627024,0.6415997187691421
wide_stance_2.mp4,wide_stance,944,146.487419899299,153.47849118520259,33.444092733282865,32.3640230205197,152.55785256855134,2.1539279424190583,1.6518100356413272,0.6686373790178469
wide_stance_2.mp4,wide_stance,952,147.61969632201007,148.25158636900568,34.745442024671526,38.00527903524924,153.7859622926781,2.1881788530600406,0.16241281881648598,0.6633456124286508
wide_stance_2.mp4,wide_stance,960,148.8612320369574,145.66267218847892,34.84664682375581,39.007939051531835,151.09886651972297,2.0193161670837645,0.9465987313404842,0.594651241135594
wide_stance_2.mp4,wide_stance,968,149.85787944012424,150.86622749518543,42.542799896491545,39.49527936850211,155.49236164299995,1.6165856145593582,1.5217605096543667,0.40346229777908327
wide_stance_2.mp4,wide_stance,976,152.53508369459212,150.01054469482526,35.639710235785344,35.69530945916643,153.56921968915577,1.6185804793128558,2.0386584371668968,0.5126968382973849
wide_stance_2.mp4,wide_stance,984,154.51437088676008,154.18504604678162,37.658920082369356,39.76614028974941,154.90956264620587,1.2375986233877962,1.472136645838786,0.5423597675673801
wide_stance_2.mp4,wide_stance,992,149.343121108656,152.2500138866579,42.25230207868565,36.392840476624244,158.42360969899428,1.2277314096104381,0.2074918178439529,0.40347354310383937
wide_stance_2.mp4,wide_stance,1000,151.81005219596247,149.57846415499318,38.45116661319002,36.71404160208388,154.9444694053796,1.1835021146609113,1.4933365789665405,0.39007712855066456
wide_stance_2.mp4,wide_stance,1008,148.05161416938273,145.21750988007184,38.61701911698836,37.73056786535847,156.10269558595732,1.225501593246509,0.9639876255211453,0.3971831227150041
wide_stance_2.mp4,wide_stance,1016,151.96556837308844,148.07339564885348,39.44824054941215,35.97444389255743,156.22623111273958,1.2291386719561246,0.261258396544455,0.3970782843148011
wide_stance_2.mp4,wide_stance,1024,155.12984440444538,152.38763393183945,39.730052454199495,36.34189576606557,157.13955090548833,1.2824335725797962,0.5453470990240405,0.4057200538268609
wide_stance_2.mp4,wide_stance,1032,152.13532726373654,148.58354220688938,40.07657415856454,36.657713021609844,157.4809770247816,1.2919164225244217,0.8188849463240617,0.38968848720595806
wide_stance_2.mp4,wide_stance,1040,155.2759368903551,152.68452971165857,39.83112015391505,35.58182989579012,157.2272565316077,1.259306046469058,1.1734770157721532,0.3872681973761934
wide_stance_2.mp4,wide_stance,1048,153.4289445078281,148.22132910050726,37.45613565885968,36.191238564112595,155.17530304742175,1.2787527371091798,1.8111534948976098,0.4215499824525377
wide_stance_2.mp4,wide_stance,1056,156.08754217887216,152.59034586040718,37.54053052853325,36.23205493552917,155.2996477622772,1.2689683040124733,1.2693605169130961,0.4529032625659555
wide_stance_2.mp4,wide_stance,1064,156.3174214169909,153.50010225181038,38.39441655816803,35.79902531260149,156.13690511075566,1.2427866439277624,1.717027450459181,0.43529997380538776
wide_stance_2.mp4,wide_stance,1072,155.70973976573234,152.84871422447327,40.668605300460875,37.48406682290394,157.1190120635863,1.2360054846792228,2.550426038848668,0.4343905747575315
wide_stance_2.mp4,wide_stance,1080,151.7658978885664,150.79193778515204,44.342995855628004,39.57674933002072,156.3319670568695,1.1997602689087286,0.591370419126612,0.4391188510366878
wide_stance_2.mp4,wide_stance,1088,153.1382239753374,153.28764497611212,44.18014194394158,40.022987932367336,157.23794251593785,1.1631276533272923,0.6185750860997282,0.4378252438572318
wide_stance_2.mp4,wide_stance,1096,151.21246936400763,149.98345178417114,44.33143352748563,40.11197633301125,154.29456183961247,1.1445934946477931,0.06535702603221205,0.3711731527040628
wide_stance_2.mp4,wide_stance,1104,147.44325943320825,146.13605752027212,43.16572490435153,41.44737573106015,153.2623676116596,1.1544708241422303,1.1655451685842282,0.3515687172707335
wide_stance_2.mp4,wide_stance,1112,140.03538636971203,138.95069668949557,42.74693544858534,37.73804201559595,156.6056495232991,1.120686072583494,3.355212573977242,0.38963083167914864
wide_stance_2.mp4,wide_stance,1120,149.07327141628505,141.9782562069938,40.43985231354582,38.79220521826604,156.8170094897041,1.1027584079178145,2.403686235109577,0.3531074941392783
wide_stance_2.mp4,wide_stance,1128,154.37787156040827,148.09567194427444,37.09409976968109,33.27488050954685,154.49705969488255,1.093713231777189,1.5342670484785321,0.39140811557735194
wide_stance_2.mp4,wide_stance,1136,155.41440661920416,150.3214128886323,36.76549367852011,34.721732706487614,155.13827452613023,1.0931518598767913,0.06336810484475187,0.34321300272419103
wide_stance_2.mp4,wide_stance,1144,149.88740978375702,145.27471832059402,43.428905344744365,37.765618320492926,158.5108225794296,1.0931186467606226,0.46697126211493484,0.30280436572988567
wide_stance_2.mp4,wide_stance,1152,148.30869212565221,141.23314902447413,42.959067472074835,37.88755087687858,158.44314773224153,1.131776689860724,0.5532204589243478,0.3187048804129346
wide_stance_2.mp4,wide_stance,1160,151.962445608817,144.6720544362782,39.24646981603892,38.485940609742556,157.3981362065318,1.1256636472913097,0.05667761958163094,0.33074351038460775
wide_stance_2.mp4,wide_stance,1168,150.03071184643838,144.0929962018293,39.108584278440844,38.68736785719107,156.14319869043123,1.1070787675409266,0.3560725131474791,0.37235050730965535
wide_stance_2.mp4,wide_stance,1176,152.8428216762199,147.6593033237939,40.49381908024252,36.13293250288089,156.43079054267906,1.134749048054029,1.1072626337729947,0.33719888169230117
wide_stance_2.mp4,wide_stance,1184,152.64122890760137,149.280117152206,41.23811459062109,37.54841729450181,156.1632890646795,1.099872097639695,2.246589540153282,0.3521535696536706
wide_stance_2.mp4,wide_stance,1192,152.80685219766693,148.67209493709294,40.08335396901304,38.24318879872602,156.48809941641167,1.1137094379009085,2.3128369698920097,0.3542082895680239
wide_stance_2.mp4,wide_stance,1200,154.91410329506672,148.6408544916644,39.17423937581043,36.04836061472377,156.3553398277838,1.1189239495029943,2.6301896751982214,0.32734583974417264
wide_stance_2.mp4,wide_stance,1208,156.21987952800754,148.82896311716945,38.048626654859326,36.95150053489387,155.78547801460604,1.1186052773499218,2.618205994524276,0.3255712209623795
wide_stance_2.mp4,wide_stance,1216,158.0165845352282,152.73638993606937,36.75526181566883,34.90505043127564,155.37825833873453,1.1364696901580529,3.4049817945676137,0.33331138712442254
wide_stance_2.mp4,wide_stance,1224,156.34001317399498,152.337377489491,37.981887645057995,33.54662247177088,155.47782768979891,1.1576954472063707,3.4501028227887187,0.32697036890726955
wide_stance_2.mp4,wide_stance,1232,154.88303525588393,148.95976897373058,38.562539179611875,35.81058677542102,156.92586000408792,1.1257403703844784,3.4146581054374616,0.34667365287505514
wide_stance_2.mp4,wide_stance,1240,158.28107682080514,152.32047693581114,37.04283014099465,36.8565646076289,152.30917008115898,1.1214072414373721,2.6512974356176255,0.4435289203943476
wide_stance_2.mp4,wide_stance,1248,153.1712597290557,156.1072093299815,39.67359016202488,37.017919094882814,152.99248231671143,1.3771972855915149,2.744593911504786,0.5088743619572127
wide_stance_2.mp4,wide_stance,1256,156.82069346055005,151.59797686736658,44.67671048885955,42.100357350249,156.55485086428013,1.4394760292050768,1.9786334769145497,0.40590381167989553
wide_stance_2.mp4,wide_stance,1264,151.16483288220914,152.1598571284619,44.8139582291314,41.342552551141345,154.61604725768575,1.5500713335541705,4.639393459920505,0.4705704120905616
wide_stance_2.mp4,wide_stance,1272,150.01900658828882,150.61252812506308,38.976487629051846,37.75637315561345,154.5361354242501,1.709120950966821,3.705909224653956,0.495112175634368
wide_stance_2.mp4,wide_stance,1280,149.9459380238162,147.68571825793148,40.704859093297856,39.030777181280904,155.92305341830868,1.6758847666301302,3.3328207156545244,0.48210296239844735
wide_stance_2.mp4,wide_stance,1288,149.4672959456185,146.68872354399198,42.19708943790883,37.9320761260183,156.0097623897938,1.7085276755846532,2.651066440958797,0.4675570283531987
wide_stance_2.mp4,wide_stance,1296,148.44579661618945,146.17702779776212,42.08248190081732,37.78761857760732,156.17972743212616,1.7028109373992575,1.930983395544086,0.4514475945184025
wide_stance_2.mp4,wide_stance,1304,150.7053833920951,147.27143551329752,37.700910551740066,35.936664210153204,155.97157305441453,1.7295798040899482,2.878449855730958,0.4932546757976534
wide_stance_2.mp4,wide_stance,1312,150.50312228230433,151.23637335710544,36.6438917109557,35.80557591995626,154.83600544324213,1.766174163772915,2.761036731181157,0.5704493736354851
wide_stance_2.mp4,wide_stance,1320,148.6546112472776,152.58154764561104,34.1057376030443,36.84415071290064,148.93692621055246,2.0823646246351872,2.4035070561838143,0.6993096423499302
wide_stance_2.mp4,wide_stance,1328,145.68507308276554,148.04789417765295,37.539343040173286,42.12664473899088,152.6157775906523,2.0068352655834722,2.8268456274525198,0.5192647753383492
wide_stance_2.mp4,wide_stance,1336,150.42461522915013,149.6596797794848,36.21641305850114,39.66481256443794,157.9361893168128,1.922075100207223,7.192810064921052,0.4942411941681024
wide_stance_2.mp4,wide_stance,1344,148.7777560892088,148.7213586527275,35.610423125621494,35.989195809171605,154.6292519823762,2.0044004995832165,2.790254825536393,0.579856513117561
wide_stance_2.mp4,wide_stance,1352,149.10586469264913,151.33302092533887,38.67157118979131,38.24121540195307,156.20886980839825,1.9902021232895828,1.062876434978468,0.5330178751824187
wide_stance_2.mp4,wide_stance,1360,148.35764444706172,151.55190390401012,38.34002864941961,38.72990210324591,155.54964423443815,1.9667747308225974,1.3770848954742674,0.5447355794938227
wide_stance_2.mp4,wide_stance,1368,148.68858796873147,152.29945161894543,33.788117003046956,34.231083748700115,153.91145039578316,2.0223943863322837,1.409873246377618,0.5593182618689434
wide_stance_2.mp4,wide_stance,1376,139.36536868483336,153.49636912144805,36.07651537992693,35.47033306459474,155.84564350966764,2.210328672744633,2.7251489096187247,0.5451526182525033
wide_stance_2.mp4,wide_stance,1384,142.83672945713556,147.68309851033243,42.28855348160657,40.95831270800393,156.07473809796355,2.03911708385556,2.819915263348322,0.5155571111668309
wide_stance_2.mp4,wide_stance,1392,145.83953463829295,144.18712351147857,40.00890255681442,40.6673621778176,155.7468683126244,1.9704697026016063,2.750387116096312,0.49000693597589423
wide_stance_2.mp4,wide_stance,1400,148.6626590041084,149.47864095510818,38.917066284763145,40.23728304329666,156.0037548848147,2.002585279883524,2.732988060588998,0.5031177293474529
wide_stance_2.mp4,wide_stance,1408,146.41263156985372,150.91352920562716,41.743485347207965,40.73196365780874,154.3673002017807,1.8501949167461365,3.8769382135906505,0.50259800244228
wide_stance_2.mp4,wide_stance,1416,145.29341298372088,149.07267029256306,38.40379048651961,36.73637838406246,152.98105954508367,1.640574740266896,3.3418768661139784,0.4440514036078479
wide_stance_2.mp4,wide_stance,1424,140.7723323083653,138.3864016360839,47.97167747297673,43.526540754236606,157.01163005100915,1.58371787070395,1.3258369259181089,0.45476764906800127
wide_stance_2.mp4,wide_stance,1432,146.89611092704544,144.88860162564077,39.37848000565087,41.55887632527875,153.68570123376924,1.2554770111198068,0.7258684132746627,0.5195428341094213
wide_stance_2.mp4,wide_stance,1440,154.66819240990267,150.504795466288,40.13082230140779,40.558290453838076,154.7200035515772,1.209705048015993,2.2107229694785056,0.4005132832207281
wide_stance_2.mp4,wide_stance,1448,157.82352263358575,154.8251823023674,37.81831997625293,35.81588637467556,152.9261073907437,1.1350736746132335,3.097214425306634,0.3624418004704611
wide_stance_2.mp4,wide_stance,1456,152.96410210099614,147.8699303165736,37.164014687466384,36.38820724765472,153.73847800821682,1.1627256258151304,4.713518524066742,0.4057607603445904
wide_stance_2.mp4,wide_stance,1464,149.18085239255768,145.37031596926207,44.21794723520144,43.16571098779323,156.3113996154479,1.1850664109458633,3.151915059747989,0.4498968677535924
wide_stance_2.mp4,wide_stance,1472,150.18041065218313,147.41309952356173,41.253432949309065,43.2168335536106,156.82781566321353,1.2079035530243487,2.7385272867965034,0.47716977969167956
wide_stance_2.mp4,wide_stance,1480,152.9196497292813,151.4256816165691,37.8127733900229,39.06939019148788,155.86417471383987,1.1945710662927365,2.591211395324445,0.4423012770924097
wide_stance_2.mp4,wide_stance,1488,152.96593732315426,149.721232792848,41.47120365473077,39.499849404636066,157.328020086742,1.1695640152190407,2.8387319196900784,0.3795649451375233
wide_stance_2.mp4,wide_stance,1496,153.85531930811754,152.3740629166644,39.91631211876485,39.45844274905759,157.0903871578256,1.2309041861091399,3.7752958345503895,0.3837679318102138
wide_stance_2.mp4,wide_stance,1504,151.18411188447567,144.93831192060435,41.20563672076521,42.07555253548092,156.64748168543468,1.1920378470140434,3.0870925721583413,0.4208440281979049
wide_stance_2.mp4,wide_stance,1512,153.36151873472468,147.92080088294367,38.15579063352671,39.79647213656155,156.74106109095666,1.189661533865917,3.2382297382803236,0.43415278685513126
wide_stance_2.mp4,wide_stance,1520,154.8504873586887,149.74846257177649,39.210421557363986,38.778992719769285,156.8528491590758,1.1759949227664785,3.0871731765573776,0.44715708594684545
wide_stance_2.mp4,wide_stance,1528,151.5580590623675,147.30872375481508,41.891823047928035,39.76559330042169,157.2918828192573,1.1871983033712932,2.854278838784069,0.38995899819632085
wide_stance_2.mp4,wide_stance,1536,154.05211370834607,150.22404951463076,41.15019974543079,38.6878554995601,156.34241044893344,1.1662228309947702,2.7057815535760197,0.4302722563445095
wide_stance_2.mp4,wide_stance,1544,153.19002776365943,148.07476694865318,40.73154362191842,39.307437402797156,156.2391257528638,1.2026077258522938,3.1728904369029074,0.43050128413617655
wide_stance_2.mp4,wide_stance,1552,151.89051217658482,146.5906445682016,42.7845283322599,37.54092304589669,156.53792341337163,1.199216588051305,2.7132179561195775,0.40558753333389874
wide_stance_2.mp4,wide_stance,1560,141.91345032492544,137.80532200049794,46.61324212345677,46.3689662924957,159.5334740660375,1.2195013262051644,2.794496389086716,0.4118098058248038
wide_stance_2.mp4,wide_stance,1568,145.28840356727034,141.8544372619609,43.34901001648747,44.03858966323182,157.25423240949794,1.3922332796311911,2.908570327045463,0.4742496814938739
wide_stance_2.mp4,wide_stance,1576,148.8517272399824,144.96257681533285,43.95400510655579,43.53893781414605,154.76164537487855,1.4086449426672352,4.173862124407039,0.47376856251777927
wide_stance_2.mp4,wide_stance,1584,149.30509935432642,144.94875280201146,38.62602683128229,38.92969131214428,155.20586208458198,1.416524719256302,4.297967564545875,0.4719869746668743
wide_stance_2.mp4,wide_stance,1592,151.2417085478958,147.40431231954213,39.12013191454082,38.449611612879735,155.02075775011787,1.4147549395835861,3.125356640229797,0.4987906797275597
wide_stance_2.mp4,wide_stance,1600,146.99250527997245,145.9490182513749,41.96060428483189,36.723343494062256,155.78039470668784,1.3765364672988547,3.6185202254454807,0.4090531275034476
wide_stance_2.mp4,wide_stance,1608,147.34478256387217,146.46938330575713,43.550579699004395,44.55625323410502,155.6373138475573,1.5336549383867957,5.138111425650246,0.425771511118435
wide_stance_2.mp4,wide_stance,1616,143.30466527351447,143.1252231930772,45.34437659568206,43.39053859949784,155.80152346752357,1.564495181362424,4.75476349539372,0.428374661781769
wide_stance_2.mp4,wide_stance,1624,151.07388448809124,146.43048761164619,39.029619852221614,40.7383954370646,154.1544671500226,1.7003418125962015,2.261068338730204,0.49696788947589654
wide_stance_2.mp4,wide_stance,1632,148.59254269403982,144.0027504305225,40.52593977863774,37.725785481037484,155.9758709345593,1.7604690972403474,2.114417905064015,0.46750351514213595
wide_stance_2.mp4,wide_stance,1640,147.21006876103206,145.11520159373697,40.943187441837125,37.6552547485954,155.60336048121417,1.6732483380702696,1.5953388166964095,0.4627628763364099
wide_stance_2.mp4,wide_stance,1648,147.4889823828391,152.08656665836864,40.28807421843649,40.64440598910365,154.94005357980524,1.7120216026168502,1.1917681505298474,0.43842103718410363
wide_stance_2.mp4,wide_stance,1656,145.46165193529157,148.2276125236888,46.48272064471298,40.65321798777964,153.79542937610557,1.3282549283051115,3.9492276878063293,0.39744318343794494
wide_stance_2.mp4,wide_stance,1664,142.54159596960181,139.921270700193,49.40393181798449,42.83668306973102,157.9466643775685,1.2897440892830625,3.509185902741562,0.38360638015707377
wide_stance_2.mp4,wide_stance,1672,151.65346395559385,149.7028595719627,40.65607484541757,39.73809187321975,155.73290002934493,1.2819337033328526,2.022789359618078,0.47079975845814337
wide_stance_2.mp4,wide_stance,1680,153.17801006770088,149.4352593750176,40.836769262283404,40.935006187963495,158.60777875139874,1.1799253562686889,3.0249197803762664,0.4457560867012214
wide_stance_2.mp4,wide_stance,1688,156.39430678566478,153.47857598252278,40.05863540839427,41.12207877150944,154.05916547423692,1.2027432879312332,3.4038721267387273,0.47619372754862693
wide_stance_2.mp4,wide_stance,1696,156.17032513718382,153.38637352165455,36.586950951513955,39.663910596096365,152.86454833125322,1.2109911715278299,2.578222083947494,0.4406136119862205
wide_stance_2.mp4,wide_stance,1704,152.6420199502115,151.03723077555455,42.10650754338537,40.82506611578184,154.5576863934323,1.306232740701181,1.8935367848535165,0.4460418643554602
wide_stance_2.mp4,wide_stance,1712,149.2395018067748,145.85305105134984,42.368292914929505,41.760004066538535,155.78250661745764,1.2540592774915398,4.16045986247748,0.4461662615846946
wide_stance_2.mp4,wide_stance,1720,150.26803474893032,147.13820292402912,42.3700316420573,41.685708214345354,156.78100884925703,1.22159433899637,3.7322451790697766,0.41730231742163726
wide_stance_2.mp4,wide_stance,1728,147.8445961780979,144.16263141291796,42.283691891993676,41.29038406081536,157.22440863470402,1.2145028457345284,2.1683338813236017,0.38685759728180213
wide_stance_2.mp4,wide_stance,1736,148.27096880193218,149.29472641637523,42.98181605875415,43.188857914328594,156.91805666189993,1.3034758928087382,2.6567427560333745,0.40849260217232775
wide_stance_2.mp4,wide_stance,1744,151.85893975872642,147.0515344038717,38.25643193719641,42.91776547206126,155.52894750215793,1.2881715138434344,2.073776416539708,0.4597601312088612
wide_stance_2.mp4,wide_stance,1752,150.58059307809762,148.12536471534276,40.16656845674508,39.74875842437321,155.75226435256735,1.2394354247777206,1.8666703566751104,0.4189888589946057
wide_stance_2.mp4,wide_stance,1760,149.45376399905982,151.68802947876657,39.91283372676104,38.93818128154905,155.77886320746902,1.2838339589116836,2.1786796164184783,0.43299180891602257
wide_stance_2.mp4,wide_stance,1768,153.23837114561402,149.76004156968395,39.95182247285509,40.4046452038285,155.09053443668145,1.2467509787628275,0.17359221074062128,0.41164678775737457
wide_stance_2.mp4,wide_stance,1776,152.17805869070213,149.4341981031275,41.33723267252031,40.06860837579439,154.54700995119433,1.2299093913883334,0.07128722833552747,0.4098250873929358
wide_stance_2.mp4,wide_stance,1784,151.00815506221448,151.0238847113207,42.82134872359306,42.24310124481035,155.4839135107897,1.2140067780357797,0.26498673213369317,0.42843864546591154
wide_stance_2.mp4,wide_stance,1792,153.6510375841083,152.36072343403072,38.525678502995795,40.94252730811791,155.06578918393112,1.2433927408174152,1.4593388121174269,0.48691199552339864
wide_stance_2.mp4,wide_stance,1800,152.75240342754984,152.82381168169732,38.738345203637316,41.030913130053165,154.4663069798455,1.2698899190120452,1.1753698545731224,0.457867772274296
wide_stance_3.mp4,wide_stance,8,138.12054609495104,138.84916507512014,55.94633458830018,55.0236206152666,163.57114385389414,1.3000311003692073,1.3142896795819257,0.46119936677879864
wide_stance_3.mp4,wide_stance,16,147.23107778413922,146.41196231461726,47.173349779553796,49.46213521945537,159.7651626102169,1.2408811049393869,1.744347952730098,0.45636307330346654
wide_stance_3.mp4,wide_stance,24,157.96823782689233,160.58634276723572,49.69493532860095,50.38828588099493,158.36535878316548,1.1743375367748967,2.4232692983553945,0.5213885459205072
wide_stance_3.mp4,wide_stance,32,155.49041840339171,152.6229990499018,50.16135562485737,51.70254339205478,160.7450092292218,1.1803587390958572,3.339020743266407,0.5308106571784833
wide_stance_3.mp4,wide_stance,40,151.17567746424396,142.40477007772972,47.957098058761986,48.479695174973635,159.50975429983856,1.2546045142515023,4.151607556460804,0.5235065552766716
wide_stance_3.mp4,wide_stance,48,155.772381331138,144.01800646205427,47.491237694871636,50.707034464425696,158.76397176568028,1.3744403984443778,0.6973905136903866,0.5046030514515671
wide_stance_3.mp4,wide_stance,56,153.9463457293552,137.31724105778824,49.19225744057886,52.178767628277406,159.36402241666593,1.3464229162793704,1.6616210696550595,0.4800572517225212
wide_stance_3.mp4,wide_stance,64,150.1090439822739,144.4779753405433,53.587778920214575,56.0953469912824,163.5386155317477,1.1348691206522383,1.1245712421141167,0.43593815359397425
wide_stance_3.mp4,wide_stance,72,152.5602600434089,130.55175675106534,47.80404104139682,46.735631912747,161.228893548836,1.5737312882476557,1.8452330148477885,0.4878186871562318
wide_stance_3.mp4,wide_stance,80,155.60952459397615,131.30102571406536,48.499175420786045,48.734831735647894,159.41451661600942,1.6170635839742653,2.4616790355916764,0.541639025413303
wide_stance_3.mp4,wide_stance,88,150.69206599855215,123.04232442858911,50.575173461468005,50.387166237491265,160.4184222951213,1.7981995150934404,2.023796982790454,0.463011913174072
wide_stance_3.mp4,wide_stance,96,146.02606584578066,136.62189925829733,52.93174692843684,50.26327174382739,161.44956471629092,1.2740058372394563,1.7193730670043474,0.4110265800536799
wide_stance_3.mp4,wide_stance,104,143.4498970926356,137.83038396190557,52.921669863566926,48.47601619319908,160.75838270677465,1.1954861480496768,2.345675947679222,0.44645446712775466
wide_stance_3.mp4,wide_stance,112,149.54598390544956,136.74849381630514,50.440177275584084,49.22420934173176,160.79728173390907,1.334161647336854,3.393797863449422,0.46531407222383014
wide_stance_3.mp4,wide_stance,120,152.00102700072546,140.8562401009275,51.28163494096051,49.431439464993716,160.73127701303386,1.2632419973202593,2.644841788239076,0.4615088187699805
wide_stance_3.mp4,wide_stance,128,143.2401597546534,143.2915228997239,52.60979481779678,50.95419497768033,162.0785019187621,1.1309404904920735,3.19974991462672,0.3904014187666866
wide_stance_3.mp4,wide_stance,136,150.94234913468787,144.1585600578444,49.284194512845396,50.849128025705305,161.4275851269704,1.2231953831950573,2.624838324499817,0.4674470664184934
wide_stance_3.mp4,wide_stance,144,149.44957744980886,149.18753280788877,48.40542751429631,51.181662743274934,158.16413311974082,1.2160125649323232,0.6749136647711138,0.556656294962917
wide_stance_3.mp4,wide_stance,152,158.87595037375385,151.17711999304348,54.44362784968238,55.03339088500602,162.41393369368419,1.3247594982799973,0.5825664165192157,0.45165205131672725
wide_stance_3.mp4,wide_stance,160,147.73244356579477,149.3912851374293,50.96410970774358,49.066533103321824,160.97490291374473,1.3214248001238675,1.0766454904254765,0.5287821448954462
wide_stance_3.mp4,wide_stance,168,151.89399399925748,147.6967656633787,47.987815853091675,49.5838843318304,160.93858350551614,1.3271433000886057,0.15278028729176008,0.47144496420209125
wide_stance_3.mp4,wide_stance,176,159.0513735257984,157.1967935877169,48.11565134001882,49.97538031611575,160.1688031190521,1.352219300790676,1.26894746039807,0.543227191065352
wide_stance_3.mp4,wide_stance,184,155.0763937825514,149.540839541808,48.644227336592024,50.070954919665006,160.97022066207498,1.3312285873423735,2.140706163996994,0.4973916510134675
wide_stance_3.mp4,wide_stance,192,152.40263973918562,147.89944514923928,49.28656327508984,51.204692343175786,161.35213884425374,1.3219626095249788,3.1353229886074194,0.49689597881101605
wide_stance_3.mp4,wide_stance,200,151.5773717511015,151.82603882900236,47.67559587648723,47.239858789353995,160.5744841080266,1.326170450640618,3.891167540210415,0.49265173731228673
wide_stance_3.mp4,wide_stance,208,150.92941415020084,151.08491806663304,49.30332337250231,47.36287569646772,160.44724720651004,1.300668174179781,3.7783413767103915,0.4916204388464495
wide_stance_3.mp4,wide_stance,216,151.07611264966127,151.07319053851455,48.50409298832758,49.38923698188948,160.20857070889474,1.288498527028187,4.507555555697456,0.5097353544554778
wide_stance_3.mp4,wide_stance,224,151.81549307480046,149.95639041133032,50.23875864349232,51.75752125453566,160.1179660534372,1.2956681987110936,3.9455349791286785,0.5354113549165253
wide_stance_3.mp4,wide_stance,232,152.58792948538763,151.2442917495761,51.29766335892031,50.82849752105652,160.75769730351982,1.268373577936093,4.155606613779753,0.5159517126228177
wide_stance_3.mp4,wide_stance,240,149.35722069822708,141.34553482443744,51.256407304083496,52.85258429691372,160.9571081811272,1.3021959876007458,4.117220994206024,0.5803500275963499
wide_stance_3.mp4,wide_stance,248,151.92354263480846,149.3357830769436,51.637288238740155,51.05288893426162,160.61508209980244,1.2686468651348846,4.243949657173493,0.5687359006179261
wide_stance_3.mp4,wide_stance,256,149.1989768353247,149.14550084930164,50.292437567358206,50.510180968863175,159.75932293634162,1.2538336773414003,4.2096812167546265,0.5430845585334688
wide_stance_3.mp4,wide_stance,264,150.870623316722,147.78734288373724,54.59368326081572,51.30868295262337,160.90939847361105,1.288731536123186,3.0334723237778745,0.5320917240764614
wide_stance_3.mp4,wide_stance,272,149.2310012402256,146.7075126873055,49.72756535653588,49.761018006608964,160.57145114937853,1.2266413232529358,3.8220621831569255,0.5246625162071117
wide_stance_3.mp4,wide_stance,280,149.98751235604726,136.50340017382473,49.529718231200334,50.09214286996539,161.09633916669014,1.3923995050796985,4.279225092826297,0.5219594158722677
wide_stance_3.mp4,wide_stance,288,145.15579655662245,141.34222922429234,51.48490351448373,50.08326991305844,160.9697810949991,1.253549262796664,3.9613055110357025,0.4795386548913687
wide_stance_3.mp4,wide_stance,296,147.18904837130697,147.5591014464013,47.249537640448146,46.776084499574395,160.49657576501036,1.2854848143664077,4.5172093425146524,0.5053582550215607
wide_stance_3.mp4,wide_stance,304,151.7414120670631,153.61609617842856,48.95931931663039,46.68285262440893,161.37040063729043,1.2762795726900587,4.496437892095877,0.4744510528688016
wide_stance_3.mp4,wide_stance,312,151.21414653197925,146.72384419109008,51.55275409686198,48.64732548703308,161.27094878072865,1.323475248756248,6.118779833594892,0.4931069693719761
wide_stance_3.mp4,wide_stance,320,152.28780281615536,152.80326425744502,47.72253500757671,46.7525920925338,160.16092729319246,1.2819812979090819,5.307978076612001,0.5103502728951622
wide_stance_3.mp4,wide_stance,328,156.57141996905852,144.3555676492935,48.69107467561793,48.92370780622625,160.2798748110082,1.4872559752620502,5.4468232049513805,0.5595089765802074
wide_stance_3.mp4,wide_stance,336,150.8820793000203,150.95424958186996,51.30224870234838,49.66710299381958,160.8746103041626,1.280791458455883,4.487671909827897,0.49159626780575855
wide_stance_3.mp4,wide_stance,344,147.67397790601711,149.54409917512237,52.206004723162316,51.42541576353006,161.06745396239546,1.3430097649682347,4.447581310420769,0.49404796839308684
wide_stance_3.mp4,wide_stance,352,150.03379095424646,147.37696396408455,49.925164657821554,51.25747549193643,159.35849785533492,1.4233098135369227,3.7394071003219134,0.5595949015099145
wide_stance_3.mp4,wide_stance,360,151.6217720044117,156.48154128399034,50.351546881277145,53.514512720508186,156.84694892272702,1.3823032589221693,3.124850285445166,0.6595234802390604
wide_stance_3.mp4,wide_stance,368,153.06715962740196,149.30115017314586,52.518153283170946,57.34442369944754,157.7115145888951,1.4840987101182805,3.4816818852793485,0.6598336875569222
wide_stance_3.mp4,wide_stance,376,144.47339360134526,149.25424727420017,54.01306086417,54.049986919783585,155.06652904773838,1.3781584476081596,3.6526952882102592,0.6570297167486222
wide_stance_3.mp4,wide_stance,384,149.15935722102782,152.58184627856087,55.063821447888074,55.887181709392785,156.13757169324012,1.375676560492596,3.2849498239905515,0.6301442365876609
wide_stance_3.mp4,wide_stance,392,148.32115423440976,152.54821779703852,56.00081026466521,51.99489726671353,155.21708345412438,1.3988480911005643,2.932715102835265,0.6619837075639261
wide_stance_3.mp4,wide_stance,400,146.2470569620331,147.5420143853576,54.666671863428135,54.58383683697306,155.03753654809879,1.404998896959583,2.917645701349708,0.6502472538580789
wide_stance_3.mp4,wide_stance,408,144.9958649855538,147.9485396458637,57.865138305995494,55.194852715373045,155.37812461476358,1.4126515156111938,2.750422895626867,0.6313643606252739
wide_stance_3.mp4,wide_stance,416,151.40735027633647,151.67024101875856,54.34057040228743,57.101299282910645,156.27527802521564,1.4133145190311998,2.889486359200881,0.6171852904042097
wide_stance_3.mp4,wide_stance,424,150.8452340762952,149.04937671051835,53.97330969828748,58.240264810681154,158.58671404863892,1.3704584907520492,3.6248570647369824,0.6082784254568261
wide_stance_3.mp4,wide_stance,432,150.26261151337928,147.06240096503183,54.89874674457409,57.245987812335926,157.59141747548077,1.4019436635382383,3.480030344143603,0.6304985956103303
wide_stance_3.mp4,wide_stance,440,146.4782130243054,149.27504605120058,56.23330778299263,57.373879594510555,157.92385894461563,1.3854368998847568,3.800955907719724,0.6258371340038502
wide_stance_3.mp4,wide_stance,448,154.00023432295367,147.78963286520082,58.1723308094772,57.5980066797565,157.97326547552663,1.4953151793831752,3.7374679047168256,0.6457958148813397
wide_stance_3.mp4,wide_stance,456,155.04474784149593,154.00858587859517,53.105659265697724,55.01371460315189,155.7896210959974,1.4094461448940372,3.8355450898761987,0.6449493768939142
wide_stance_3.mp4,wide_stance,464,153.91717755559398,152.2116362589198,54.131739977152826,54.5903524035748,156.07864547550778,1.3956701688731648,3.286211449211369,0.6346938254539131
wide_stance_3.mp4,wide_stance,472,150.95484070248003,152.14046607265644,56.27164003773037,56.6124150785639,155.7711845416357,1.4104309951921221,3.5074267494610054,0.6611287949064829
wide_stance_3.mp4,wide_stance,480,150.0524917678322,142.48587162691743,56.621119163858694,57.519422863309394,155.43317450974098,1.468097092363232,3.4616720550126896,0.6803002909491741
wide_stance_3.mp4,wide_stance,488,151.77829986494694,147.94063242196873,58.18675324500194,59.55422087864303,157.38531771023932,1.4619561731143096,3.664460039584525,0.6690333728047032
wide_stance_3.mp4,wide_stance,496,152.66707180555565,152.74172911014526,50.976006107639186,53.29844787478662,157.1874174833077,1.4034005607712685,3.9939928542888605,0.6855440230380845
wide_stance_3.mp4,wide_stance,504,150.0542967486458,148.79355810338438,49.79276766254325,53.645753999101395,158.8482728697679,1.317936441862316,4.637928158868266,0.5599691191786549
wide_stance_3.mp4,wide_stance,512,151.3950391533546,150.37974154235914,44.92410029941885,47.70580742008387,160.57708239380554,1.2710046503034529,2.8508463387734104,0.5883149062250258
wide_stance_3.mp4,wide_stance,520,151.67090279772535,145.7811517442072,44.41256293928441,46.83062595468617,160.35557633300766,1.16719242529762,2.8029471200515403,0.5285554094875846
wide_stance_3.mp4,wide_stance,528,154.75628591901352,138.99131247330163,45.356395957111644,46.98715753553765,156.64554384020062,1.2841618476523224,2.8715958390253595,0.46161121956786527
wide_stance_3.mp4,wide_stance,536,144.14748271791913,134.03625776500098,47.985095519922346,45.664383776610244,155.24883098310195,1.1136239154093173,2.4046933723325092,0.46341832659518384
wide_stance_3.mp4,wide_stance,544,139.0150676924429,138.36871212297112,55.706486186205794,51.738737335899444,159.6527382674542,0.8808053556093113,4.904603722523664,0.4141385984752813
wide_stance_3.mp4,wide_stance,552,141.2265576132921,138.11442287929867,48.95828755803492,49.94966094454289,158.90244922865242,0.988287416279672,4.362229956312967,0.47923840488484215
wide_stance_3.mp4,wide_stance,560,147.48661159822086,148.23909639496443,47.545793331010564,51.53244944263859,158.02253835956404,0.9659885408242453,1.3978899419166007,0.45742929614352773
wide_stance_3.mp4,wide_stance,568,145.85645703692794,141.91758446617274,47.931877568222184,48.66963440469921,155.80693419759737,1.1425731529313818,0.2865500536479468,0.5586134831362721
wide_stance_3.mp4,wide_stance,576,146.45111330575094,146.70535103674288,51.6048582213579,51.71061031427502,160.15568963915862,1.1163425902286046,0.4581575948429716,0.45743973675966465
wide_stance_3.mp4,wide_stance,584,149.52434056692059,147.52126758318477,50.027544572044654,51.438887795666425,159.87182835940368,1.0955145261096275,0.5544686141975245,0.4821207603288774
wide_stance_3.mp4,wide_stance,592,152.70832597557126,150.67408897361418,45.125450145592055,45.622861507940144,158.18597757078226,1.0843964538355348,1.368171823336614,0.4604143007364906
wide_stance_3.mp4,wide_stance,600,146.5419468524606,144.36898950457547,46.016693104234086,46.470699866933124,156.98001072879165,1.0643912978437282,2.844556281949202,0.49406066033759216
wide_stance_3.mp4,wide_stance,608,145.64131002375748,143.51494889340913,48.29448633758407,46.73825750063199,156.03293541420265,1.0760408746972452,2.8513357793179166,0.5029283237380217
wide_stance_3.mp4,wide_stance,616,147.7641284629307,145.56082151081108,49.04325060854935,48.85494444283114,159.85257438839346,1.0893869330670676,3.994801165567497,0.4704901153282778
wide_stance_3.mp4,wide_stance,624,148.7533037328272,144.43309146417033,50.775324982666696,51.73878471197864,161.84328465307505,1.102604743709081,3.8233830148435053,0.4267596793500344
wide_stance_3.mp4,wide_stance,632,147.77598587160853,144.80573061662,49.501176270767765,50.554431507908454,160.64231252072386,1.1205152831612095,2.855494623319376,0.43286947305305706
wide_stance_3.mp4,wide_stance,640,149.219433146005,145.5285406481191,48.392308026521455,48.18009577981321,159.98416166750252,1.1350026212587438,4.198012162727121,0.4447526802713872
wide_stance_3.mp4,wide_stance,648,148.02635735955965,145.20481517936292,48.982574541409605,49.66832266070037,159.80740099160002,1.118385124048974,3.713503456431639,0.44232856714299007
wide_stance_3.mp4,wide_stance,656,146.55277434931438,143.13630945015674,50.10376078033511,51.215566301615105,160.7988165711086,1.111048824770097,3.763888763627948,0.42129922121618757
wide_stance_3.mp4,wide_stance,664,148.17384548724766,144.25633187104987,49.17898686364583,50.46611147852285,160.21177289900922,1.1487459485936355,2.7921966068684188,0.4641060524376094
wide_stance_3.mp4,wide_stance,672,150.28966731619474,145.47732187548078,47.496196504679325,49.74137849020952,158.88714241219594,1.1103950591685576,2.8739956964676048,0.47779772035015405
wide_stance_3.mp4,wide_stance,680,150.2888356603514,146.98552251768928,49.32645324607734,49.91937710368829,159.66260465366685,1.1212904567096933,2.80592633845173,0.45775876856008296
wide_stance_3.mp4,wide_stance,688,156.03756322100304,148.31438133393402,45.43626638096276,49.02273703017805,158.9255910250938,1.1977847745493273,2.2904681569300727,0.4842242287869366
wide_stance_3.mp4,wide_stance,696,145.7907317713739,146.02547705273196,48.78097475159361,50.67914216564316,156.27844295951198,1.1282918771508268,2.0860545304871754,0.5716223175360319
wide_stance_3.mp4,wide_stance,704,149.00319167913173,149.08071701149657,48.666778256519876,50.86499552016968,156.76023104807498,1.1230038575501777,2.8172494240461705,0.5823562395156877
wide_stance_3.mp4,wide_stance,712,150.86323567120883,149.18199810803281,49.58236026687797,51.73577336688287,156.71237042272298,1.1343405383188587,2.384955432863548,0.5679640493531054
wide_stance_3.mp4,wide_stance,720,150.52178023900552,147.89495850603737,48.329021226009964,50.967734549981714,158.34263768303703,1.1214606449695081,1.9530170179302642,0.5009148990859952
wide_stance_3.mp4,wide_stance,728,151.1068208913696,144.10790504660372,49.414013580632634,52.40542977325276,159.32582276980344,1.1613073065608546,2.0244834322687466,0.5080213004169856
wide_stance_3.mp4,wide_stance,736,149.53138977416356,145.3723371435492,48.65913783225561,51.06764296311996,159.58327049114408,1.1187188282802871,2.2268208985183606,0.4726057585063356
wide_stance_3.mp4,wide_stance,744,147.90717282954094,146.62019930230522,50.20746789499137,50.607524699509966,160.02453463536148,1.1216163712614629,2.062825829293272,0.4375246788713364
wide_stance_3.mp4,wide_stance,752,150.25106730591898,148.40869775458216,49.465928994405346,48.73313749522881,159.75294458634065,1.1355567736110819,2.5047298195121965,0.461610713015805
wide_stance_3.mp4,wide_stance,760,146.16794995642377,143.11664429202955,51.19669276205048,49.83880609230189,159.46708759352217,1.175626507661827,3.1746968097350754,0.5232629168007934
wide_stance_3.mp4,wide_stance,768,148.43467284568447,147.29056222477146,50.98017873964729,49.69016425706716,159.68130741168517,1.3846809519869863,2.281014255956334,0.506513169561802
wide_stance_3.mp4,wide_stance,776,149.68283315484604,147.54439375456076,45.99568995050521,48.90223815815063,156.76552174868573,1.4303410433778039,1.2221002043540823,0.5263174696112881
wide_stance_3.mp4,wide_stance,784,138.13314632852976,147.7241991069022,59.7366211383093,55.03235831455057,160.83557991441154,1.7014352974288696,0.5934234042872897,0.5674727944500867
wide_stance_3.mp4,wide_stance,792,153.24975239592627,152.03612157244135,47.83124031014201,51.09535463213047,161.50099998518513,1.709040345050685,0.40231925957207465,0.6073850942236728
wide_stance_3.mp4,wide_stance,800,153.7326331410031,155.53653838853805,46.360573226469214,49.592177848020526,159.37750751373028,1.7795856337216467,2.308907461438321,0.6576788223967699
wide_stance_3.mp4,wide_stance,808,156.08468243323642,153.727108025212,48.8445633893009,47.83674300406712,159.30572995045964,1.7152519497143184,2.7390505974085646,0.5992843324097188
wide_stance_3.mp4,wide_stance,816,156.4979570015855,151.02307266721942,48.71306953644412,47.89108735298491,159.53821622147476,1.7331085481496935,2.8429637578147466,0.6234705479530837
wide_stance_3.mp4,wide_stance,824,159.07007807883926,153.77105021387283,47.577413624447765,49.38928403192486,159.79464041516752,1.7207717649174035,2.942908054304656,0.6468175121357359
wide_stance_3.mp4,wide_stance,832,156.8741525421999,152.04091957459073,51.30609420788177,50.03977697454715,160.83711665243783,1.7122015272785325,2.454440550753448,0.6067068664628802
wide_stance_3.mp4,wide_stance,840,146.72794383156213,153.5783431130196,50.49152748286835,46.5722937161583,159.67150067697136,1.8906723899508697,3.841439384841194,0.6926300234515947
wide_stance_3.mp4,wide_stance,848,141.71932402426987,155.5404496736479,46.412435318476945,44.83863922320402,158.19356580382478,2.0214385717922294,5.530422747398291,0.637466838524726
wide_stance_3.mp4,wide_stance,856,154.85353425749238,154.80443724369513,40.05198085082264,45.16567491979044,158.78796614995778,1.9193224452979982,4.806840008635821,0.6303142025947661
wide_stance_3.mp4,wide_stance,864,157.85680222216206,153.4329625211428,38.93056052614451,45.29522716766892,159.7028983316925,1.9808903589690696,5.229400962794714,0.668475158256064
wide_stance_3.mp4,wide_stance,872,157.28490755556362,152.920725252016,40.595840165072445,47.402962714333285,158.66870169596805,1.9745628836428368,4.57247111021049,0.6764281743679702
wide_stance_3.mp4,wide_stance,880,151.24223433842056,147.2576984524396,42.672672428519256,48.66152102270948,158.34920647648593,2.066740415286936,2.662914583756114,0.7380534934834978
wide_stance_3.mp4,wide_stance,888,152.38920998091803,146.31988672395514,45.113084274310715,48.404065689339,159.70056306774583,2.0567518116672554,1.964822258845029,0.7982634970516382
wide_stance_3.mp4,wide_stance,896,153.7058424967988,150.0869801918243,43.433539757198574,46.94978041058103,159.70030876364538,2.1159613742757415,3.8610147303356865,0.7422727988114236
wide_stance_3.mp4,wide_stance,904,154.2857261467839,147.3262690001976,43.810164578894515,49.35487849978136,160.23186305286845,2.1208921107745664,4.02193075822429,0.7277542288009154
wide_stance_3.mp4,wide_stance,912,151.5905357168545,145.2464778246979,45.61088996481771,49.46222266420924,159.76794683703872,2.109850293036231,5.168018465699294,0.7479795565781168
wide_stance_3.mp4,wide_stance,920,150.73106420111046,144.82751886693575,44.04076383748053,47.60505776260723,158.12937783693536,2.1172362647419187,2.327477934710169,0.7590868240867064
wide_stance_3.mp4,wide_stance,928,149.12770484036471,143.26432159925398,43.0306203717584,46.88136780664739,158.52111492335737,2.132365583616372,3.2923393176858733,0.7845375641004811
wide_stance_3.mp4,wide_stance,936,147.2019102627136,145.70249960474533,43.5854409496528,48.1029284631016,159.34342686111899,2.059208002306915,2.659920632514621,0.7050834940143695
wide_stance_3.mp4,wide_stance,944,143.10056804715492,149.94758896143304,45.206138241072615,45.42454532572647,159.68789745227784,2.0680210691242085,4.178312152412727,0.6852949561927416
wide_stance_3.mp4,wide_stance,952,156.411736829228,153.89421480322372,50.70573469604757,48.15641512073837,159.34126732978484,1.649900156610047,3.961492817363322,0.5720446791827668
wide_stance_3.mp4,wide_stance,960,155.77740426169254,151.44006207696273,46.283056762807526,47.101898936239635,159.44892520850902,1.6454303351701627,4.147574233728146,0.6147904245943294
wide_stance_3.mp4,wide_stance,968,156.7429757349323,150.256839059065,45.972216061354985,47.12927859364451,158.8162957177458,1.6768718259427076,4.295549426423399,0.6326620458475554
wide_stance_3.mp4,wide_stance,976,152.09007553081895,149.66641539085253,44.70595691890287,44.029116886272156,159.67734474429255,1.700641164084061,5.425077373007126,0.6115974781975086
wide_stance_3.mp4,wide_stance,984,154.73465622762936,149.99962044470746,41.50724407182916,45.59183255543037,159.22776471910123,1.7477354920267862,5.118754572026165,0.6656680006137498
wide_stance_3.mp4,wide_stance,992,151.80726523808266,150.5526457928252,45.176448199746034,44.95990489401663,159.50383383028418,1.6825106097998035,5.8384019488709145,0.6303080996020363
wide_stance_3.mp4,wide_stance,1000,157.43339636695862,149.74159723681856,49.40293479189191,45.50500305500504,160.35697762730902,1.6559470977734023,2.8722229205212826,0.6184938189475402
wide_stance_3.mp4,wide_stance,1008,159.18922875043282,149.11020653139104,49.40284566232326,45.6949893826688,159.5806377756911,1.5987581119162453,2.585798346740985,0.6043601567955854
wide_stance_3.mp4,wide_stance,1016,160.0219538571473,153.20101589503804,48.246386418022595,44.93857215264031,160.27847882605883,1.404456354924033,2.6010184861355654,0.5254279082587743
wide_stance_3.mp4,wide_stance,1024,158.0729671676067,153.37468216301218,45.93094083132033,45.49098679017653,160.0354767615964,1.4092987886916724,2.6832408604760403,0.5526505751736193
wide_stance_3.mp4,wide_stance,1032,156.8330907686069,153.54615160326915,44.56571266208443,43.832216059701366,160.01616101007212,1.3976533675144622,3.230341103900022,0.5460011079156286
wide_stance_3.mp4,wide_stance,1040,151.07582570560456,146.01707546313563,44.81701231687197,47.70519548841238,160.0912536153515,1.419666658670573,4.396915485960024,0.5892346088594063
wide_stance_3.mp4,wide_stance,1048,151.9227553788087,143.59948977183768,45.06705415396816,47.99238243205767,160.9024345359949,1.4882313879722413,4.436673765376239,0.5443855511079733
wide_stance_3.mp4,wide_stance,1056,154.54624200069796,145.08346895548777,44.5633978456712,49.48633191881572,157.48866291137537,1.446386355458493,6.725838671188811,0.5302140734446295
wide_stance_3.mp4,wide_stance,1064,154.16662859735476,146.98685711976069,50.39340579833342,49.170223459581635,160.5018786830671,1.360222477031827,6.065617444201077,0.44259711830540505
wide_stance_3.mp4,wide_stance,1072,150.38243282904,153.2194020389285,52.24492254795713,49.46788532369548,159.84904073770082,1.2129712510363482,1.7808788903083492,0.44871090609662384
wide_stance_3.mp4,wide_stance,1080,150.72061191009183,150.2437877745066,46.335983542870906,47.88349099195462,159.1984472746834,1.1946046029884223,2.4327848308403888,0.4902174095326317
wide_stance_3.mp4,wide_stance,1088,147.9480002184071,148.46845558027002,46.79160917865142,47.23366264835295,159.01459967511585,1.2449183830053856,2.506378762418269,0.48307822079929635
wide_stance_3.mp4,wide_stance,1096,146.34833831022522,146.77765568635138,49.63097939528683,50.65340149144781,160.38978829623633,1.1909633999856686,3.1979170123650165,0.44489810948148784
wide_stance_3.mp4,wide_stance,1104,149.49889349148916,152.65794363939779,46.31582027927946,46.99881023044814,159.47672206002935,1.156382302706695,3.784536646283868,0.467113377617247
wide_stance_3.mp4,wide_stance,1112,154.1368073964932,153.92150906493183,46.77677079969814,47.12235614543009,160.30058145058302,1.1946378690361688,5.351860751470163,0.4882466878766178
wide_stance_3.mp4,wide_stance,1120,153.97230374315012,152.61858778402373,45.89182068713856,47.493441787306615,159.64844761311622,1.231352758907216,6.2837403003598755,0.525189279017312
wide_stance_3.mp4,wide_stance,1128,150.9457717295954,149.25537744474582,43.67138823891549,46.18036701800806,159.45384550192566,1.2248974555168375,5.1773194586177596,0.49016564053484507
wide_stance_3.mp4,wide_stance,1136,149.0842114535166,147.04601853764845,46.620470931836515,48.60458260462365,160.77184118528388,1.2520123376158983,6.3710093383396265,0.4688377867262691
wide_stance_3.mp4,wide_stance,1144,150.42960210036503,147.20700696121997,46.804579726929965,49.25011049018012,160.9450169100142,1.2412292361725745,6.61963804804382,0.4834783745264721
wide_stance_3.mp4,wide_stance,1152,149.86297410827498,148.13188539430854,44.85180073223511,48.044284589659725,160.78379944929912,1.2622988831796256,5.906471208820925,0.47397613879956757
wide_stance_3.mp4,wide_stance,1160,150.6401996653213,151.00335419088262,45.61998687509208,47.60805624507892,160.33527834986523,1.2850953974230108,5.4364021234200655,0.4873750918611702
wide_stance_3.mp4,wide_stance,1168,151.1022909308069,151.1499533030261,44.188473410080576,46.91226414091433,160.0016667384252,1.3038256674087763,4.535817181169735,0.4813184113042054
wide_stance_3.mp4,wide_stance,1176,151.74701999719804,151.28932094910002,44.264532023904245,46.78233541582538,159.47590684195026,1.2847609958579769,4.974733509566852,0.495907021738061
wide_stance_3.mp4,wide_stance,1184,151.64450511454152,150.41280491827868,44.666581220304444,47.4369332017839,159.85105882435218,1.2787656238717426,5.300846106569154,0.49760771790740654
wide_stance_3.mp4,wide_stance,1192,153.53878705322848,152.53766162307372,43.42606893563242,48.218904710291156,159.959914543087,1.2929516045198197,5.452883916084114,0.5230912229703991
wide_stance_3.mp4,wide_stance,1200,153.9678368766949,151.83009513713853,43.955725541693845,49.13912337981865,160.24274140029567,1.3059042197682278,4.956870444389581,0.5132658220214327
wide_stance_3.mp4,wide_stance,1208,154.04430003545795,151.95599141381373,44.79615470931369,49.89605465646381,160.89274657241515,1.3375684692722896,4.6570689391557885,0.5199875499995682
wide_stance_3.mp4,wide_stance,1216,151.93826168045297,151.74091209995908,44.23495107924667,47.90181274469045,160.43808031011326,1.323060937065707,3.9298987777973333,0.4909479158717741
wide_stance_3.mp4,wide_stance,1224,153.70280432900188,152.2482737461426,44.96302304027202,46.69106696656813,160.5698201547176,1.3297841991165167,3.9341827482324674,0.47466006877269407
wide_stance_3.mp4,wide_stance,1232,152.3986240199581,152.63954243425476,43.224456533528745,45.1576737155883,160.23918402063885,1.353454039143529,4.890663642053181,0.5002838372319437
wide_stance_3.mp4,wide_stance,1240,152.66612189565257,152.17160814613462,43.45152844047452,46.18889736601922,160.14917048740404,1.3361350606278173,4.82784009616126,0.520559876007912
wide_stance_3.mp4,wide_stance,1248,152.14932344718835,150.06268075393632,42.837253449832254,46.54357389844199,160.84037524600893,1.3146741390593943,5.661096342714499,0.50198943135144
wide_stance_3.mp4,wide_stance,1256,153.1738906517403,151.3609861433548,43.70381486938991,47.35032916541758,161.0450019142706,1.3078562627295172,6.213541933050373,0.5145537563239679
wide_stance_3.mp4,wide_stance,1264,152.8488912555388,150.2046964711135,43.89214151611925,48.038840726916774,160.56770093388735,1.3249412678113655,5.772378125244885,0.5283267513951428
wide_stance_3.mp4,wide_stance,1272,151.58617864877837,151.60075646588737,43.44240966765399,46.88270100720906,160.93407048359202,1.310497938990358,5.590790693497127,0.4823000961474199
wide_stance_3.mp4,wide_stance,1280,152.1530767531164,150.47393951513249,43.664015918019466,47.65156316427308,160.49175157652476,1.2808051756621877,4.865977774824237,0.48148595331641003
wide_stance_3.mp4,wide_stance,1288,148.48262789253127,149.2717742404215,44.692423732706764,46.483174080801156,159.89089734971972,1.2409792419057337,5.309994879277931,0.48335913933835917
wide_stance_3.mp4,wide_stance,1296,150.49618638592273,148.04256531325183,45.23640726673131,47.776758285549676,160.77062419225246,1.176159746998123,5.588527717260688,0.44889904217261484
wide_stance_3.mp4,wide_stance,1304,148.70184581362614,148.764349794039,46.6231958141535,48.1063506040094,159.6629053398644,1.192173347350588,5.372271964106395,0.40672983686391867
wide_stance_3.mp4,wide_stance,1312,157.63243799199498,147.0446457837814,45.23778645421307,49.01102416786982,158.08466417527794,1.3074713669614066,4.006006149553792,0.5002365739231197
wide_stance_3.mp4,wide_stance,1320,152.17587887289798,149.96067407670535,45.55301375524765,47.735650746960395,159.628351947483,1.1712660357872846,2.8593009949844785,0.503229885356931
wide_stance_3.mp4,wide_stance,1328,149.57827268266726,147.2130928804773,47.73304678558193,48.97779416349162,162.03756330752674,1.2370184792166472,3.9571607314279613,0.47361460486717816
wide_stance_3.mp4,wide_stance,1336,150.9547132295451,151.30927389484094,45.67964071538844,48.098300335576376,160.1150920823536,1.3564121872784258,5.1698175216466895,0.47801733993962764
wide_stance_3.mp4,wide_stance,1344,147.3356888241731,144.55490012793746,46.06449964781408,48.93931006241048,158.55302543100348,1.4467267890513642,3.1019660779250127,0.6087634044526371
wide_stance_3.mp4,wide_stance,1352,154.77633769327798,150.60878602876477,48.88982370768635,48.51596362208577,160.83697109317038,1.4225784003802144,3.9236273011617624,0.5420930110587246
wide_stance_3.mp4,wide_stance,1360,158.33074739679785,153.37816795027834,47.58274299280889,46.319946033297,161.08720823026178,1.5475858049659326,5.743208356748531,0.5403239763170835
wide_stance_3.mp4,wide_stance,1368,151.52294761427672,149.92046360366757,44.936987451602896,46.82253731009087,158.8913831851819,1.4995100682716116,4.0252777585017645,0.5666162501403833
wide_stance_3.mp4,wide_stance,1376,154.37345892530826,154.5028980771475,44.36821974980136,46.55786774424457,158.98145727594948,1.4967461812600236,4.329615905220787,0.5605051584885388
wide_stance_3.mp4,wide_stance,1384,156.3118992091799,151.99438122879482,45.3850509868458,43.17049313553309,158.28889437981695,1.4833444206598105,4.293653739550467,0.551764009745088
wide_stance_3.mp4,wide_stance,1392,155.22374275258483,150.33047769104604,45.3856356263489,46.283363400456174,160.3661867433641,1.5067195168650849,4.875884212430582,0.5550565868080023
wide_stance_3.mp4,wide_stance,1400,158.56249230082693,153.49798993742536,49.7990399213647,46.70301366924816,160.01314460980592,1.526850132216672,5.0945854345548875,0.5239069251114998
wide_stance_3.mp4,wide_stance,1408,155.37097825453796,152.8505768617405,48.899106299939994,47.152839302492744,160.1306622955869,1.5031574809164627,5.084963630206295,0.4966301585479651
wide_stance_3.mp4,wide_stance,1416,153.24869696631706,151.18982415263932,47.93441892203624,46.865376089066395,159.99475253081997,1.529526808923952,5.262282755126065,0.5213682214511486
wide_stance_3.mp4,wide_stance,1424,153.76118578117632,154.2362474302611,48.84946873099802,46.17747860709097,160.60361502212342,1.6012865494721134,6.171467396076507,0.5187481636320416
wide_stance_3.mp4,wide_stance,1432,159.19603911202702,146.15271891948277,46.36570223978764,49.968710209779346,159.8046138312271,1.6360557495853876,5.067195312554043,0.5362624572635866
wide_stance_3.mp4,wide_stance,1440,155.6925960140018,146.83289618855807,47.474777673371044,51.02246234621422,158.66219190384322,1.739764822712556,4.933736593684843,0.5961285318319746
wide_stance_3.mp4,wide_stance,1448,156.80657936887278,147.64147708652501,51.06705932531578,53.85097251917193,161.42831488579913,1.7625465538362235,2.622692893015786,0.6037770068071336
wide_stance_3.mp4,wide_stance,1456,151.74833788224555,152.72259331355465,49.49897730327868,48.84129186574839,159.75125332004143,1.7967258201662015,3.0813090176666043,0.6419954215216065
wide_stance_3.mp4,wide_stance,1464,153.24906306811562,150.29456418643036,42.777948197170275,45.96901715133221,159.95952477169868,1.8969757134398912,4.489139016736237,0.609559028936527
wide_stance_3.mp4,wide_stance,1472,156.107409811641,149.2057368580903,42.29113103968959,46.45619073848866,159.88265418528817,1.876085883242619,4.3132569257828655,0.6427206597116508
wide_stance_3.mp4,wide_stance,1480,152.853204849437,146.9584202808143,43.412056396772066,47.08693633812288,158.2187495760983,1.8574475535711856,4.241440984595341,0.6918662959501181
wide_stance_3.mp4,wide_stance,1488,155.9343337811202,152.12494225067582,48.91392678503771,47.50653349385201,157.89397237907446,1.7698659134216377,3.6844447967925484,0.6645649131239264
wide_stance_3.mp4,wide_stance,1496,155.9254811252096,146.89539187792997,47.390676868911534,48.21378809548283,159.52463483029177,1.6627073961705379,0.5506002196277048,0.7180474263474431
wide_stance_3.mp4,wide_stance,1504,149.39620075274124,146.31288608804664,47.11883403487528,47.94080501473479,160.4260718323141,1.2917163239224727,1.7011898534615857,0.531504327066226
wide_stance_3.mp4,wide_stance,1512,144.4215788182254,145.89816630102666,47.229980932598224,47.237193399255084,157.30510643394726,1.2214344941046764,2.161918396235761,0.46483197939702114
wide_stance_3.mp4,wide_stance,1520,147.9858151125991,150.26600811269506,48.73861005635515,47.73224179846914,157.41177814782165,1.2405524899960338,2.6994994696369523,0.5389501132070731
wide_stance_3.mp4,wide_stance,1528,151.28553411759077,152.29446585173676,54.1836688144352,50.040380942635394,159.41088479015872,1.127662655060855,4.3667165851088585,0.508537795320218
wide_stance_3.mp4,wide_stance,1536,151.50195179960818,140.74380638206503,48.28125613694689,48.49516597914174,157.68889055324564,1.1953599433956525,2.7448253019146134,0.5110454684179068
wide_stance_3.mp4,wide_stance,1544,149.139147493182,148.6448322424795,51.34858579608885,47.78150981082282,157.91617677208953,1.0809979291532281,1.7484079752831545,0.5070938070538711
wide_stance_3.mp4,wide_stance,1552,146.54434811430843,149.83799149251382,48.59864892884629,47.83339556161642,159.67996006161488,1.0844416408336566,2.3268722233758568,0.4825144738412187
wide_stance_3.mp4,wide_stance,1560,150.85245938577785,143.83220883626353,48.71559246092464,45.286391392733805,159.51345539767632,1.268232547048722,3.1536780012488093,0.5289811396975845
wide_stance_3.mp4,wide_stance,1568,148.80422525470104,144.25912441737756,45.4226224405595,44.174407895891626,159.65027749304642,1.1311173233450196,3.579754254700524,0.4301843923740435
wide_stance_3.mp4,wide_stance,1576,140.9308070904071,135.14466869806284,45.47394858975046,45.66864077802233,158.8590225144284,1.109695228008616,3.5957683013127624,0.40924928747673905
wide_stance_3.mp4,wide_stance,1584,145.39866706564274,143.9464333515203,46.271777436785115,47.19865410446043,158.88430807541118,1.1155622937446552,4.3919693627642005,0.4432395199673287
wide_stance_3.mp4,wide_stance,1592,149.05597150029038,145.17678983237846,50.0183442746569,51.4543518470949,159.50836411085504,1.1207284006120737,4.479486895820762,0.4620096948217507
wide_stance_3.mp4,wide_stance,1600,150.19477926467314,150.32013376523568,49.264356845826754,51.789446550200736,159.3337305311146,1.1077271666123332,3.6586852485121493,0.5025050360510631
wide_stance_3.mp4,wide_stance,1608,149.75739054972007,151.55436847954104,48.93060938626226,51.71639974694153,158.94503173350213,1.1251279963254317,3.224331351367686,0.55550528822376
wide_stance_3.mp4,wide_stance,1616,152.214210246588,149.37354032858988,49.562158915780884,52.3831951866742,159.22920066578632,1.1590805680860552,2.831687125232031,0.5521519224109451
wide_stance_3.mp4,wide_stance,1624,149.18693499278257,150.2913960876877,49.058204678575414,48.80198712502853,158.98501387150284,1.1107375747160255,2.8229270856792823,0.533044419211828
wide_stance_3.mp4,wide_stance,1632,149.46156361943838,147.69366774061018,48.14173463664051,52.14785461318074,159.0768345054889,1.0941894792084499,3.3905661089284425,0.5241293402781035
wide_stance_3.mp4,wide_stance,1640,150.54601590550087,149.42976329990069,49.00562731967735,51.25497542562493,159.53139606250153,1.0969261931924479,3.4008852255149704,0.5066330009895532
wide_stance_3.mp4,wide_stance,1648,151.31293465504748,150.16746000032765,49.21756790379237,52.34220193793864,159.33250459371035,1.100231359815049,3.2534952090212235,0.5226027661635577
wide_stance_3.mp4,wide_stance,1656,152.53687385590592,145.37619350605536,49.70400293869766,50.99935856969408,158.80863589470977,1.180439139017616,2.6493639682662242,0.5327341759395208
wide_stance_3.mp4,wide_stance,1664,153.66186997976212,151.8501485705646,48.57042448979651,50.712850914454194,159.3841272022899,1.1202126521692812,2.939246591346274,0.5083568831351845
wide_stance_3.mp4,wide_stance,1672,153.81636615157305,150.54692513691623,44.79148050307215,49.85655776789031,159.27578039181824,1.099448146881554,3.3668952232725022,0.5102471092542726
wide_stance_3.mp4,wide_stance,1680,151.37655768412594,149.1994679290019,48.72484634324118,50.98719584890318,159.41459308959782,1.1234854065196442,4.550926805584599,0.5013543770454115
wide_stance_3.mp4,wide_stance,1688,152.68571064185718,149.37710746400893,46.46431455028258,50.93848014852242,159.3308952094507,1.0804949272780162,4.136203705720832,0.5114140770458372
wide_stance_3.mp4,wide_stance,1696,150.9781783844913,149.46372902979283,48.30142434062319,50.82704397104059,160.6385695113998,1.0949289607335002,4.555326161063252,0.45319014870760566
wide_stance_3.mp4,wide_stance,1704,150.08194579297785,150.0599422207515,47.83008093987482,50.407992918630555,160.26009575281049,1.1086700143833474,4.687351263612715,0.5004670621117763
wide_stance_3.mp4,wide_stance,1712,153.6435053689183,150.4821009546446,49.41661760510671,51.04525791013239,160.01304762702847,1.093407356289787,4.9203950809684835,0.5304314844353564
wide_stance_3.mp4,wide_stance,1720,152.13929752564744,152.26412437310543,48.97787993149257,49.11322856708088,159.8546213035996,1.0813913753197653,4.842380729906105,0.5473614236324954
wide_stance_3.mp4,wide_stance,1728,153.0904727955374,150.9267006791422,49.13322088749176,51.23457603599174,160.09046193757678,1.0730315430257165,4.855309383401215,0.5114612030423814
wide_stance_3.mp4,wide_stance,1736,152.55001063816874,149.71133039154668,47.3763040596347,50.72860789832539,159.17421844280528,1.070707799191371,2.219282583952893,0.5649696741163346
wide_stance_3.mp4,wide_stance,1744,153.45633343019782,148.42070609460393,46.21633007470808,47.243506110419524,158.6804824641464,1.1533495932220543,1.570388845745607,0.5544692266289034
wide_stance_3.mp4,wide_stance,1752,151.9760246374545,152.24443437073447,47.81823123379775,49.59325636403135,159.0752995614668,1.081339374769728,1.4961139349122756,0.5282819323255801
wide_stance_3.mp4,wide_stance,1760,154.97302181383355,155.01823131230145,47.76451370568691,49.6739527789382,159.39627806951682,1.0839819327144131,2.60896950040309,0.5376784990518702
wide_stance_3.mp4,wide_stance,1768,153.09147273828768,151.9391645643649,47.59232310543853,50.21647829941501,159.64257783094052,1.072633712328151,2.4794942546537393,0.5323584566476808
wide_stance_3.mp4,wide_stance,1776,154.59048411290422,152.9354069535794,47.302298589517825,50.671514487576324,158.6575049381793,1.073130074185079,2.775933999200621,0.5460410044824443
wide_stance_3.mp4,wide_stance,1784,151.86685713734738,150.7954467806694,48.803892433172194,49.85493011851275,159.4180581296948,1.0709193182988055,2.661790284072632,0.4979585275967696
wide_stance_3.mp4,wide_stance,1792,151.22199532904713,151.96359260923919,50.09994314560741,50.364581173227,159.45732625811382,1.085731997941165,2.9016243450450263,0.49418296597871136
wide_stance_3.mp4,wide_stance,1800,151.8692982745614,150.9472572417975,50.30300996501015,50.51248072023559,160.29908328953076,1.0835737607602474,3.2187680027795675,0.46483455653345246
wide_stance_4.mp4,wide_stance,8,153.98974340114063,158.72015973644045,57.300078127921886,55.94477538350028,159.55317802009867,1.4376861424132323,1.6518569464211783,0.5016889379927036
wide_stance_4.mp4,wide_stance,16,155.19605217722645,155.5163195125708,53.21804607239099,51.88293900831393,158.753600529082,1.4137891175310837,1.4740846538262964,0.5542883465667239
wide_stance_4.mp4,wide_stance,24,154.6504443687529,155.60856637304806,53.353863237648966,53.884391443492014,158.84978815167406,1.502802653830785,1.30688015790286,0.6038547002349615
wide_stance_4.mp4,wide_stance,32,159.50860708303688,148.91179564329377,55.214584919583984,55.104444493640344,159.2505646041662,1.4058307605968194,1.4739711070281711,0.5626244366564183
wide_stance_4.mp4,wide_stance,40,152.04531199016526,152.31654835267355,53.390574748973506,54.38699391313462,158.9136080607696,1.4456764777625384,2.194070993239547,0.5863522946629379
wide_stance_4.mp4,wide_stance,48,151.95831863963818,156.86855055928328,56.97133577974667,54.28984799894563,159.64440980487336,1.5189520246618298,2.508157365217101,0.5629640323155584
wide_stance_4.mp4,wide_stance,56,156.6186064224335,159.44861065249196,57.00736376815526,52.087873554042496,159.53864806245494,1.4552308759579275,2.72163942468672,0.5145395645339079
wide_stance_4.mp4,wide_stance,64,157.06575674743766,156.02959186295897,54.73839350104334,51.243925764759915,158.4510852293241,1.4550539979114576,1.5381023440942696,0.5209410559841365
wide_stance_4.mp4,wide_stance,72,157.8098142828714,157.63295436203515,53.688262158275215,53.023705446209604,159.0928138297421,1.5033046497289182,2.007991766421821,0.5424739252256091
wide_stance_4.mp4,wide_stance,80,157.57757151367443,156.70602671918996,54.63470144503138,55.746583518416195,159.50102677096768,1.3896061890296676,1.5624242879195567,0.5397643876587133
wide_stance_4.mp4,wide_stance,88,153.32141552830265,155.88945182664145,52.767821774074456,53.33175611107053,159.23510915101193,1.4923346007327025,1.950574709709695,0.5507252246463358
wide_stance_4.mp4,wide_stance,96,154.54221654379984,156.12468121743456,54.515520915087585,53.092578728638124,159.42609551459117,1.508500616646078,2.079740413971647,0.568511867080307
wide_stance_4.mp4,wide_stance,104,158.94039587367365,155.40681472621705,56.60395219155385,55.16950639813799,159.79277668247383,1.403621662094164,2.7451154336247434,0.5631506678486865
wide_stance_4.mp4,wide_stance,112,155.2868972969073,149.87897718001096,53.39912047676406,53.35772206136768,159.8028865876591,1.4455337524747314,2.8927895758259226,0.5154290477652346
wide_stance_4.mp4,wide_stance,120,153.55184594094573,154.71516198945085,53.405560048910814,54.016621420952845,159.14080146216742,1.43657799975216,3.353310879496094,0.5701601478031288
wide_stance_4.mp4,wide_stance,128,154.23967270315399,155.9541533774799,53.38778863439788,51.162770627639624,159.09887316731522,1.506751995947491,3.0441447015331784,0.535217161209298
wide_stance_4.mp4,wide_stance,136,156.44799082800787,151.7273045274509,52.335160013101515,51.5884537529757,159.00263823172085,1.4040374693288,3.02663880477204,0.563348882199963
wide_stance_4.mp4,wide_stance,144,154.3836728428225,155.44698938200756,52.60886565143824,52.120988050157685,159.40559513450145,1.4417178076827197,3.162757566557134,0.5237451402835452
wide_stance_4.mp4,wide_stance,152,157.70773945211144,153.81754147116936,54.66330078281295,53.00194119031029,159.75799958997524,1.3508794141288378,3.007780408403008,0.5207055003101926
wide_stance_4.mp4,wide_stance,160,155.6904188332491,153.75028451664127,54.51807119453684,53.09350391634816,160.0016758720832,1.4106641003782516,3.0416369587875924,0.5070328966753999
wide_stance_4.mp4,wide_stance,168,151.92410223568544,153.14202674435785,55.55258608695766,53.742403195762975,159.47787502537707,1.466395198438454,3.36422847758916,0.5446741181417721
wide_stance_4.mp4,wide_stance,176,152.89031993555625,155.67292554270722,60.16805631113038,56.56699960612049,162.29396565136074,1.39695427969496,1.29103423241294,0.5443901134471495
wide_stance_4.mp4,wide_stance,184,133.5010675562755,159.86058676548666,58.220871093934605,49.81385016779192,159.0555425548612,1.6141817360267303,3.6615834454118508,0.5557487810444433
wide_stance_4.mp4,wide_stance,192,153.17918971253627,140.52066400390402,57.61947201102986,49.20557765544186,155.99379938692184,1.061558064106659,0.8975796930456279,0.42667344163896204
wide_stance_4.mp4,wide_stance,200,155.96048848720835,154.8304058273861,53.49440145210811,49.91238103650062,155.95782175359324,0.9668373745176253,2.028258891754592,0.41541009725192063
wide_stance_4.mp4,wide_stance,208,152.95108314516932,151.61286522348843,54.63524404888197,49.924633591365016,155.90477513284205,0.9758675019702809,0.7336011975373253,0.4707152804411648
wide_stance_4.mp4,wide_stance,216,151.52886388279634,143.15307769953876,56.745065986456346,52.447453452346345,158.56443654567602,0.941750934085063,0.18999807192769005,0.4885110644465182
wide_stance_4.mp4,wide_stance,224,151.93121972465136,146.33018574170626,52.52766713413822,51.01489008316644,157.04930368453677,0.956297041916886,1.9599484576340627,0.5093582537143329
wide_stance_4.mp4,wide_stance,232,151.99654199776845,149.68862893788727,53.588916087796825,48.681532876434105,157.40627382881408,0.9777122618717577,1.623857571165394,0.4765535402647537
wide_stance_4.mp4,wide_stance,240,149.32876815348783,145.93545692882066,52.97655034574262,50.690491362599886,157.97043809819226,0.9627181367361133,1.7281587231362692,0.4250192849722792
wide_stance_4.mp4,wide_stance,248,154.79639180756837,151.0423905162743,50.91074035434896,48.774858385839316,155.84586841872093,0.9879733041984988,3.037331515943138,0.5275781431151592
wide_stance_4.mp4,wide_stance,256,154.06277982649223,153.00291698011875,54.236335095090666,50.03305892459929,157.73690599133127,0.9908653986482143,1.9089211301233788,0.4833522536942477
wide_stance_4.mp4,wide_stance,264,153.87452981646157,151.13888151553476,53.57946194054718,47.981620509225344,156.2258166198295,0.9867685865727337,3.6144103537834398,0.5113864623088827
wide_stance_4.mp4,wide_stance,272,151.86926725755538,150.31368807750175,53.48025112626131,46.68987610177004,157.0770563449807,0.9737401110883813,2.9385368729506434,0.4974363761632521
wide_stance_4.mp4,wide_stance,280,151.99435763804104,152.61801242809295,54.29851371792283,46.38496172702861,157.71911171623935,0.9803664729596308,3.157733621854494,0.49137849818451157
wide_stance_4.mp4,wide_stance,288,155.1298632600895,152.06000209143247,51.07253117484172,47.80264917444326,157.21116048011328,0.9495237976373231,3.9396551514013685,0.5143414601214236
wide_stance_4.mp4,wide_stance,296,156.81058992960658,154.61221002338246,53.549104101518566,47.5071603003062,157.22606068319251,0.9917966166012495,2.938687955704871,0.5029410472910553
wide_stance_4.mp4,wide_stance,304,161.09344014418875,158.84294507962645,52.68369534144611,47.30418648313693,157.13506109700364,0.9992813655402593,3.1102486261990796,0.5431144004566358
wide_stance_4.mp4,wide_stance,312,156.97820817727484,154.3778055915779,51.82814201001161,48.22383877687368,157.49743653438247,0.9913703635602384,3.3656315419046323,0.5298225145634887
wide_stance_4.mp4,wide_stance,320,156.5849686483264,153.9519217604606,51.8162359817262,47.851987582010125,157.09421238462318,0.9717484023454637,3.1287282704757615,0.5315013867015888
wide_stance_4.mp4,wide_stance,328,154.7513213814275,154.03079625509457,53.77202934709368,49.03608060476406,157.63664536202174,0.9764124374788812,4.482112294359299,0.5170246122989187
wide_stance_4.mp4,wide_stance,336,156.48909757371905,155.89315404983216,52.81092273244689,47.074214018613354,158.16264240474544,1.0376999654613415,4.793107968550504,0.45198011791779436
wide_stance_4.mp4,wide_stance,344,151.63416502139805,149.78988346213572,51.82131402138361,46.942644978482846,157.72087344774314,0.9779521893743196,4.9709975697418125,0.48364407813725097
wide_stance_4.mp4,wide_stance,352,152.98960185323102,157.0952005440694,59.84974710231932,53.91400542649417,161.20945610877266,1.1012875755366887,3.0430359413012185,0.4773461704141717
wide_stance_4.mp4,wide_stance,360,155.91046423028058,153.45402334306942,53.07273513637587,48.09653784164836,157.8003350193297,1.1601071950124886,2.2206349833683516,0.4723612081519714
wide_stance_4.mp4,wide_stance,368,147.4705761586013,165.40400446468976,50.34649350745737,48.58756657204674,156.46058033217312,1.684512443320204,0.8397626383811644,0.526368685699659
wide_stance_4.mp4,wide_stance,376,151.40227342607437,162.15815230897095,58.528805620344954,50.99222303347347,156.41047639907106,1.591432572709883,0.7814012343392946,0.4796938650347081
wide_stance_4.mp4,wide_stance,384,161.2255245225682,159.37810669064623,55.322954916130755,53.80945366341515,160.18214250776063,1.372024641756516,0.4658050087761416,0.48546321074599097
wide_stance_4.mp4,wide_stance,392,152.18376648796308,164.71870285230526,55.80957410735616,48.3726330770031,158.1459783731469,1.6490712742976947,0.19760380364283806,0.5835771052158342
wide_stance_4.mp4,wide_stance,400,157.64024500167912,160.74587316757996,52.79784859309208,47.63514282693953,157.62162609005088,1.5212514970741815,0.27605372854220533,0.5504304866937765
wide_stance_4.mp4,wide_stance,408,159.94952723415702,160.43412906257404,53.52023921577077,48.36342951112433,157.97928822436282,1.5201642880096402,0.921917981591886,0.5261380705478309
wide_stance_4.mp4,wide_stance,416,157.31225594265078,156.2746449105031,52.83290476659723,49.89859736522235,157.66184615385242,1.510126657607267,1.1976338536889732,0.5697923706818517
wide_stance_4.mp4,wide_stance,424,156.45815394134794,160.03851901480974,54.34746811075533,50.07994648858364,157.3351076361212,1.5331008850736334,0.9848779867194192,0.5773542866119108
wide_stance_4.mp4,wide_stance,432,154.2622825211605,163.02212490771706,51.81958446927078,47.03785592627984,156.14802378621982,1.7118570331807816,0.979585396571738,0.5655614005129709
wide_stance_4.mp4,wide_stance,440,152.82451536722414,162.4000757830509,56.1065025369949,50.420367338987994,157.8309108471608,1.6505895766307175,1.610777301225342,0.5823740845950708
wide_stance_4.mp4,wide_stance,448,154.6464892212249,161.12008851866557,54.89670468126881,50.5727303265456,158.1207371104186,1.6194643692613304,1.5466972182157177,0.5575266893277803
wide_stance_4.mp4,wide_stance,456,153.6808907626901,161.614377705757,54.83359279264477,50.79008685385676,157.9888746372,1.7202187493476764,2.5758724833821307,0.5706287947787402
wide_stance_4.mp4,wide_stance,464,152.86217872164696,161.22100864722236,55.227591228984814,51.75616325566442,158.85607092652464,1.7134692130359674,2.6999251858332642,0.5547230561644481
wide_stance_4.mp4,wide_stance,472,151.49183263155663,161.20173654193414,52.17482061098235,48.84977325376626,158.41538175650464,1.8283169040253398,2.719937276893456,0.5865580365483549
wide_stance_4.mp4,wide_stance,480,156.190265270877,161.32781722456474,54.67951600071485,50.84076327062403,158.76011577644547,1.6420149885416544,2.5558757466805972,0.6183637540006773
wide_stance_4.mp4,wide_stance,488,155.28273565366334,160.3571961619108,54.78973594166076,51.318126953685955,158.62115881778382,1.5842831192064362,2.4452461001448595,0.5580498174214711
wide_stance_4.mp4,wide_stance,496,154.70501233360076,158.33370676152032,49.90218321972837,49.08181661074873,157.63116378969158,1.644083795759586,2.4151136947043783,0.605752031815295
wide_stance_4.mp4,wide_stance,504,154.5698530042314,155.25378621379141,52.146870639959225,50.35192074028159,158.20014677596055,1.6036637093057111,2.3984915322982077,0.6266257370623125
wide_stance_4.mp4,wide_stance,512,153.38354946442368,155.7925192449474,58.355208006237405,52.5023853014236,158.97613583556677,1.5599976610544601,0.6220348557626777,0.6089100944872458
wide_stance_4.mp4,wide_stance,520,154.17951689901807,161.19731415467163,55.52579058616197,49.95738155396504,156.98838951679858,1.6063247705758343,2.897899995450091,0.5255731063562176
wide_stance_4.mp4,wide_stance,528,163.89070584224842,147.88872874011068,54.97217674133221,48.21768502607097,156.75659777149696,1.7869018704484338,1.960573156756799,0.5621731427450573
wide_stance_4.mp4,wide_stance,536,158.94485704156872,151.4736526303553,53.65904647392342,49.881419021662026,157.94345951945246,1.8547139720979982,0.8384301269807443,0.5962260928288989
wide_stance_4.mp4,wide_stance,544,160.64901865770128,154.52886147282823,51.511736481483716,53.1590088101503,157.44368490163816,1.8077076169784256,2.367319015150727,0.6685892372266552
wide_stance_4.mp4,wide_stance,552,155.61558508797796,159.96139005534613,49.35833303449985,44.8467014633018,155.43576449243088,1.916808175620447,1.4377085433212893,0.6689437830914862
wide_stance_4.mp4,wide_stance,560,162.9060141178052,154.81539373250973,49.326385867596294,45.69811854609547,155.60371826129497,1.9117776463644687,0.45121113015114955,0.6894480650875668
wide_stance_4.mp4,wide_stance,568,159.68850025685393,156.69330020383867,45.78685166069515,45.32171239542976,156.61982274761115,1.9503623998073774,0.7991592475020469,0.7246295651731636
wide_stance_4.mp4,wide_stance,576,161.58583048902608,157.0954087513165,43.530468015808715,45.442983551947094,154.5389448187521,1.9323216947877269,2.095953747091073,0.762118141149535
wide_stance_4.mp4,wide_stance,584,158.69350521571295,156.8614584621,43.56960641718899,45.030929819161685,153.98265409903036,1.9611746039463214,2.026652748289883,0.7409810131991722
wide_stance_4.mp4,wide_stance,592,160.8044866468772,157.30858758462333,44.337939268440834,45.21172676644683,156.1245039018809,1.9820137529178383,1.8398563401408106,0.7284576282350139
wide_stance_4.mp4,wide_stance,600,154.81746856978043,158.4794952939259,44.66007197250455,43.406999720489594,152.96160154851552,2.1396696628749385,2.8465175480768665,0.7943368226368238
wide_stance_4.mp4,wide_stance,608,143.64953458921562,157.28357182963023,46.24018046007154,45.87738337084705,153.6236689635708,2.445309088437246,3.3024633270315706,0.7299000719006034
wide_stance_4.mp4,wide_stance,616,163.3740832581347,148.4889690985084,50.2878050219132,51.160831285351286,158.1351831675337,2.275487025769322,4.299118379067144,0.7038515169483534
wide_stance_4.mp4,wide_stance,624,161.4633234136422,152.25129464620719,40.21922774756236,44.451782176945386,152.97296590668816,2.22117907447096,1.3270412582692315,0.6610878331136112
wide_stance_4.mp4,wide_stance,632,164.10511138778142,145.35006187824985,39.59685173465868,44.26768602810262,153.7682361187883,2.554081201785566,1.134066352633392,0.792543428804004
wide_stance_4.mp4,wide_stance,640,163.36866321954565,153.42575406619954,43.83404607211644,46.652877574962346,152.38053548746197,2.07807818888213,1.751573544208304,0.7459425610711294
wide_stance_4.mp4,wide_stance,648,164.54478872993352,143.79098522192743,45.4630981970935,47.12375395049747,154.65938388258186,2.4286192229688166,2.3035925085865854,0.7814185851872743
wide_stance_4.mp4,wide_stance,656,163.6641879698866,150.1764249563624,44.95404252381274,48.099563119569176,156.0422150655042,2.323148481109842,2.269261106807011,0.7849708882091383
wide_stance_4.mp4,wide_stance,664,162.62358110255934,150.05870987057733,43.65041423482728,48.035296114885085,153.4617960353423,2.289181824019759,1.857796857367443,0.794640114771975
wide_stance_4.mp4,wide_stance,672,159.55547473173561,156.32322238715082,43.04909776155399,47.44628959434233,153.7487728149152,2.129959280947404,2.4842803169393233,0.6943788396947475
wide_stance_4.mp4,wide_stance,680,149.6097256894047,158.2771197382361,51.24978466040245,48.93598667900608,157.36052916318823,2.4477905830786315,2.67834020035824,0.6355584260129958
wide_stance_4.mp4,wide_stance,688,148.52483938210162,155.7055336891773,51.88328710590904,49.51186674420507,156.64642493089138,1.9648112894392125,0.03526523904194294,0.7223996361171815
wide_stance_4.mp4,wide_stance,696,149.7276422579447,161.68632810025872,56.63989063140367,52.13021446787527,159.64610771185008,1.728099858948242,2.009882396242325,0.6100768459430308
wide_stance_4.mp4,wide_stance,704,151.26974418022368,161.20678507059225,54.98978528373007,52.87337270393864,157.85784862180398,1.8650540714418047,2.389348619222085,0.5814726708920059
wide_stance_4.mp4,wide_stance,712,156.7950584820295,155.37981009616445,60.80952185294701,63.0322781875023,158.72464621049605,1.3880620135002415,4.59636068867617,0.5460119363671554
wide_stance_4.mp4,wide_stance,720,156.09388561595452,152.4052046695716,57.1400727580231,56.41883271663557,159.9929195512945,1.4418407839437493,2.8253948737578427,0.6065079010321708
wide_stance_4.mp4,wide_stance,728,158.11756251228405,160.0300272086667,55.716394365095944,53.061304310130716,159.17390862886555,1.4646694000592373,2.5952964947137205,0.5885304091707009
wide_stance_4.mp4,wide_stance,736,151.84342830899666,160.0296584824136,60.049107590873,53.95851236693687,159.08286790961256,1.6449117257973507,1.3221225653897897,0.5316240659515716
wide_stance_4.mp4,wide_stance,744,148.160200126241,163.0776140376716,59.74408199764524,54.03595720096141,161.62040666257212,1.6773609278537251,0.7102029219790296,0.6262484764457179
wide_stance_4.mp4,wide_stance,752,149.77784384118695,156.64509749214255,57.908836059131616,47.37881370557189,160.10179076607207,1.138873071858971,1.4845143320408212,0.5432722291006166
wide_stance_4.mp4,wide_stance,760,159.15104745749164,144.98985477291282,56.459700579571475,48.235183146118665,155.93321218231443,1.1202793232971964,1.1416872134089437,0.5518851650736974
wide_stance_4.mp4,wide_stance,768,158.0276212165409,150.37547805606107,54.2023137416017,53.25950029422826,156.73530797352208,1.1084676113742828,0.2861965204642928,0.5209940783980004
wide_stance_4.mp4,wide_stance,776,158.2510558910263,154.05156798000812,57.09815333186872,54.12280801636292,159.60180918573195,1.1160545837476876,0.0915891158357177,0.5145685960139303
wide_stance_4.mp4,wide_stance,784,156.37986884618104,155.17430662339544,61.21678707097815,55.331439868443795,160.44374965679523,1.1052349987820418,0.12296311456979188,0.45680674517714004
wide_stance_4.mp4,wide_stance,792,161.35157110021353,145.65400085874856,56.41755385924607,48.52916281789603,158.8136945125367,1.2407209619842265,0.4268543016486167,0.5028174403338753
wide_stance_4.mp4,wide_stance,800,156.14874317863513,148.91521070092455,55.19348764627571,46.81520772155357,158.7872636449581,1.0825205642164941,1.2014165174128928,0.41235864882885304
wide_stance_4.mp4,wide_stance,808,157.42822449546543,151.3936202840256,51.48038893388905,45.82049384922248,158.59971905383912,1.0875931914588572,1.1493877383012658,0.44584226629212004
wide_stance_4.mp4,wide_stance,816,155.643509068431,150.81254299578077,52.15564818182514,47.26002478560288,158.9147162543554,1.0794523394053241,1.3109398144126718,0.4648629007389381
wide_stance_4.mp4,wide_stance,824,163.81080646388855,145.8751649259954,54.64935817378338,45.685322034438805,158.00310986555382,1.2345265940795527,2.93319041665311,0.5370118838834304
wide_stance_4.mp4,wide_stance,832,156.800714412846,152.17385890926047,52.89298127249629,49.03165062189131,156.60150325954365,1.1521615565655883,1.59975843918029,0.5332150180072655
wide_stance_4.mp4,wide_stance,840,157.00078613524886,156.74916512435692,55.31758644476341,49.28830707003146,157.2448660008459,1.1806907355765937,1.7537268593877002,0.5028615777417639
wide_stance_4.mp4,wide_stance,848,150.56548529647318,165.30869878377925,56.891607477454144,50.38037721171959,157.87781933647778,1.4995360326974707,2.4374980797559767,0.4802394573793195
wide_stance_4.mp4,wide_stance,856,149.1118550803742,146.8293622789518,52.784068897559465,53.408789293110424,157.462267375634,1.1384374888609865,1.8933327506500426,0.5433136727748124
wide_stance_4.mp4,wide_stance,864,158.78692309201162,146.72471693355257,57.55898454039006,54.582257243512615,158.37103559420305,1.1338940277514058,1.8043009593240125,0.49605028394717027
wide_stance_4.mp4,wide_stance,872,156.81719681434902,153.46942043545076,55.61207968865624,53.9385327422905,157.8882627732481,1.1187478675285578,1.3682698810013738,0.49771679339545727
wide_stance_4.mp4,wide_stance,880,155.72947049191836,151.36995740529747,53.29659901096563,54.35345505084769,157.97394716615372,1.1031031280560248,1.6512275265348897,0.5241484155057982
wide_stance_4.mp4,wide_stance,888,153.99446163252168,153.11948465803718,52.16051305523272,52.383143747568624,158.1733582340007,1.1891766976156963,1.6825316775050465,0.5833851151477008
wide_stance_4.mp4,wide_stance,896,156.87270574559668,156.3752654524978,51.21239519985961,50.26588695020468,157.5632550505301,1.1615956635188829,2.7441870926966034,0.5759427082476785
wide_stance_4.mp4,wide_stance,904,156.71321418622244,156.87142874712382,54.433824136061716,51.162326560233026,157.095052106041,1.0676453701398596,1.5218122598259713,0.5312585929991802
wide_stance_4.mp4,wide_stance,912,161.15014099946006,158.39875086453586,53.98056618842699,51.22416745057222,157.20704050259275,1.060742512782742,2.3398846287224377,0.542528315973559
wide_stance_4.mp4,wide_stance,920,157.94354212954738,155.10242412145723,55.26555466485622,52.24263803827416,158.426148391457,1.1018841885307185,0.8558542083083073,0.5329414470759002
wide_stance_4.mp4,wide_stance,928,155.11655192792782,145.1952735882881,56.52781004783957,56.21439094758791,159.87716392631805,1.1127783744280786,1.9648252023156176,0.5312542772028734
wide_stance_4.mp4,wide_stance,936,153.85193640879157,148.42874039616115,54.917671820189284,54.29359647576708,158.50852625684917,1.0835378034680803,1.3837293805581539,0.5572174126666494
wide_stance_4.mp4,wide_stance,944,146.97402011475734,152.0741088340755,55.02064682394349,53.26404730469863,158.97040074116785,1.2964695691593602,1.2813199180345867,0.5422340944490307
wide_stance_4.mp4,wide_stance,952,154.20628092213906,153.03678962708904,53.25407320599061,51.13202566585875,157.83577617947233,1.0754251198840863,0.3485581835605752,0.509635959066443
wide_stance_4.mp4,wide_stance,960,152.38715374423631,138.36821947266125,50.49339744613073,46.79366568296706,159.58529727889365,1.1329731922296542,1.3293209245852886,0.44001514277838266
wide_stance_4.mp4,wide_stance,968,151.25022970343448,141.06519003583844,50.992245661913984,48.61880634991926,159.87101935474428,1.0828948632540434,1.619722235426002,0.4089757821515612
wide_stance_4.mp4,wide_stance,976,155.67446369304477,148.4006663638497,51.50585007860179,50.0495297995099,158.89691764689107,1.1003973364150381,2.1917636952843065,0.4510499734336868
wide_stance_4.mp4,wide_stance,984,155.37456574097587,148.62777312378844,52.61724604148388,54.378737047520886,158.8618304490874,1.0977839802478386,1.756950049900199,0.5507846945087422
wide_stance_4.mp4,wide_stance,992,154.83356997342378,149.721924069386,52.54015945703665,52.042561523639606,158.7102701162447,1.0777591547823107,2.010062423996099,0.505909102871033
wide_stance_4.mp4,wide_stance,1000,154.8330433370075,149.16960038297918,53.62125839682576,52.50499578168498,158.81835528971158,1.0792703351366009,3.3932366259076296,0.5160943408705154
wide_stance_4.mp4,wide_stance,1008,155.83540275243027,145.92349064900102,55.28869308179788,54.07924049874227,159.73858853180693,1.129510035536244,2.93202253647019,0.5087378689663107
wide_stance_4.mp4,wide_stance,1016,152.5828846361284,150.39995691990237,53.69997815146278,53.28133016600602,159.07538559562988,1.0839205051765177,2.891192970873837,0.475400293989692
wide_stance_4.mp4,wide_stance,1024,154.89489248725587,152.79449495140906,52.97079109525727,51.64478706893653,157.8576403208554,1.124533633430717,3.4389888994470814,0.49248974229302195
wide_stance_4.mp4,wide_stance,1032,151.40085901091496,152.19767499403505,56.3783340178349,52.04330072894729,160.7863589787542,1.2812216988256835,1.237336594407503,0.48029085236248914
wide_stance_4.mp4,wide_stance,1040,150.61088602061713,150.3503562932448,54.02083514851429,52.65479978887908,157.44094017610283,1.2589008726549495,1.9031480444744988,0.45048507436512325
wide_stance_4.mp4,wide_stance,1048,151.848539377549,158.2970595133005,57.5464403871915,55.37995919911171,156.6224406236462,1.4570675681929437,1.3103518942207435,0.4539104461731975
wide_stance_4.mp4,wide_stance,1056,157.9166719626895,154.21162209057726,59.37997117652053,58.913432675852206,160.17488070146192,1.4294383006262434,0.6902524183894871,0.4625117437268373
wide_stance_4.mp4,wide_stance,1064,155.123510966647,151.29459259797522,57.82390707615389,55.33116208059263,159.56016517183744,1.4677977410574532,0.35344073370996426,0.4988121572079274
wide_stance_4.mp4,wide_stance,1072,150.8794261034213,159.86401893649867,58.08162863940604,50.604760016488875,158.06331479604586,1.7128450052655142,0.045386741751886374,0.5559435414546922
wide_stance_4.mp4,wide_stance,1080,149.43194725819794,156.67590288593863,57.31752758370995,50.627733739124324,158.0842124606645,1.619035476724086,0.9552766287420632,0.5489929815232958
wide_stance_4.mp4,wide_stance,1088,151.07452945139934,154.1152046050294,60.4646099126129,52.29305715494144,160.25383443658575,1.5440329168440103,1.4834218111505748,0.5206320987492888
wide_stance_4.mp4,wide_stance,1096,149.24191810819,160.99364164297293,55.1459940196948,48.90768293513108,157.28169891510422,1.5834264113677934,4.1107427794054905,0.5187745319354687
wide_stance_4.mp4,wide_stance,1104,147.07821829904736,164.47303612670788,53.368718186525534,50.264900990776425,157.296962958155,1.861636125365217,5.689739908888856,0.45783427892248785
wide_stance_4.mp4,wide_stance,1112,155.38817992476248,159.78217988705254,55.10515036131461,52.466498384159436,157.49262310899226,1.7425081648939407,4.441952247755604,0.5709306781037331
wide_stance_4.mp4,wide_stance,1120,153.25520445526942,154.5030118193782,54.526795030449954,51.626873340619085,159.32967846966042,1.7193510049939906,3.08432721253036,0.588316872792586
wide_stance_4.mp4,wide_stance,1128,149.38970983907623,163.24937548083346,54.088104141437825,51.851660519214555,158.64249694680757,1.997863930224822,2.9525109018350038,0.6020123953560474
wide_stance_4.mp4,wide_stance,1136,152.49860866029405,160.54339821849177,52.793926938021634,50.493685230774226,157.40278845365873,1.8563081903238958,3.1711159297168576,0.541964103100155
wide_stance_4.mp4,wide_stance,1144,155.5246734177068,156.84866169306127,53.35083059424743,53.419495606678225,158.36627679193208,1.7180850905733847,2.7236282564541576,0.5811036984951522
wide_stance_4.mp4,wide_stance,1152,155.46770555616226,158.28167683297326,53.26535249598701,53.04950771441687,158.57862071665159,1.7311906974089561,2.5051836547781288,0.5888532624173416
wide_stance_4.mp4,wide_stance,1160,154.9414095919821,157.13641486697307,53.295384495056254,52.6468271685461,158.5543560660342,1.6937090125377727,3.049727470999033,0.5716073316741882
wide_stance_4.mp4,wide_stance,1168,156.31432059001668,154.81858759790512,57.54885952033956,52.49901454339903,160.41958072068968,1.6378367279059522,2.508029757585418,0.5347483817802873
wide_stance_4.mp4,wide_stance,1176,150.31500164652405,152.10315295656463,58.42024456162954,53.22086328165575,161.75202172257315,1.4300178686492668,2.1506523798968518,0.5628731017204593
wide_stance_4.mp4,wide_stance,1184,148.79701952321406,152.29120051720676,57.67992984748601,50.205742924062946,160.45952050526486,1.098746473679169,4.92698644464815,0.48595680284289766
wide_stance_4.mp4,wide_stance,1192,160.09889283845015,140.42247272527715,57.07383281441571,52.54777661837521,157.03808854362913,1.4934872114887188,4.025052166934014,0.5079315979354214
wide_stance_4.mp4,wide_stance,1200,156.9598229258704,151.91994741142716,55.254984950076114,51.03661179804445,155.65171288199355,0.9759798701797125,3.6514766743700178,0.5000046843219473
wide_stance_4.mp4,wide_stance,1208,158.80434565022924,150.15279795465142,55.650745917836794,52.724620987092095,156.3686942163207,1.0062769528399713,3.6512568129036778,0.6281807334173681
wide_stance_4.mp4,wide_stance,1216,153.92553370294874,155.15564423785705,55.54682221490265,52.38094540575354,159.67434028566225,1.0778885994722565,4.386196189084845,0.5234123130076935
wide_stance_4.mp4,wide_stance,1224,151.58029019119098,153.50968363772714,54.23455180571817,46.39930954322077,158.82585816022166,1.0467368482668589,4.266631021102828,0.5326627289919748
wide_stance_4.mp4,wide_stance,1232,163.42736885147573,139.715551951124,52.50846785430657,43.76458638732912,156.63148732211008,1.3032657445600027,2.763768786416897,0.5173406746594827
wide_stance_4.mp4,wide_stance,1240,163.361987106783,148.33547343606642,52.09024148856403,44.57109028908631,157.05881756570867,1.1566047988977517,3.4671522065138722,0.4908551241910349
wide_stance_4.mp4,wide_stance,1248,162.06948934125208,152.95569711514634,57.4305709026929,49.93427229974101,157.09241917692515,1.0674107954299399,3.2024566633048526,0.5082192725579155
wide_stance_4.mp4,wide_stance,1256,164.367997735839,155.61372202527613,52.166123778534924,51.299577593207594,157.29692009003898,1.0836299133799108,3.200320636140602,0.5287707086429371
wide_stance_4.mp4,wide_stance,1264,152.12912129429665,151.4892246320426,52.689857924362144,50.72501818586603,157.86623883127672,1.0953224417580856,2.1856172803674356,0.4959864415254439
wide_stance_4.mp4,wide_stance,1272,157.9343628218173,155.36944215047316,53.72355796919546,50.66835102376608,157.0481677118058,1.1031821381449904,2.4518986856428837,0.550495643520925
wide_stance_4.mp4,wide_stance,1280,156.1820066585118,154.26752586149868,54.4956472613301,51.72201254567553,157.58264110441894,1.0967936878500775,3.1105428588269275,0.5406070094090278
wide_stance_4.mp4,wide_stance,1288,157.4593932932005,147.66023892228085,54.95646419814226,49.20592699074015,157.34948569833062,1.1627711228959003,2.768041797681328,0.5477042201933912
wide_stance_4.mp4,wide_stance,1296,154.14292321622924,148.4353288370649,54.9111103080487,48.898530946386806,157.59380660742553,1.1078912079689416,2.409899990179174,0.5216767696352976
wide_stance_4.mp4,wide_stance,1304,154.31687035985135,158.19188315346736,56.517442058034696,51.70995686682393,157.75152912691038,1.211480232510283,2.727899182741895,0.5390142215007784
wide_stance_4.mp4,wide_stance,1312,156.15218160995943,158.34849170980922,55.12046443781256,49.61797988187483,158.00922709744896,1.1970023108660075,2.9176407645036218,0.5025584139048059
wide_stance_4.mp4,wide_stance,1320,155.7066389709453,155.68028385103807,56.20097963571128,52.25719957486947,157.52364096324325,1.1172498693493065,1.7670377147350171,0.5344214427068174
wide_stance_4.mp4,wide_stance,1328,156.9905541766502,151.04922290860495,55.05181061780785,46.70474403964509,156.30012755735635,1.025956230191288,1.1680219434893233,0.5096403253032328
wide_stance_4.mp4,wide_stance,1336,158.5758000182627,153.78242513578763,54.25807358739228,50.09723938337416,157.624302421122,1.013860557981737,1.7198437871695844,0.5441774302966746
wide_stance_4.mp4,wide_stance,1344,158.96833242031857,158.2673956986866,54.99240482620524,53.034568235615005,157.71323189048343,1.1461384767529907,1.697911250452097,0.5759297093990853
wide_stance_4.mp4,wide_stance,1352,158.0886649094328,154.6843209877898,57.52757490637381,55.537249023449306,158.54720010369263,1.1243361460042567,2.413380923317501,0.49546740011175494
wide_stance_4.mp4,wide_stance,1360,149.68599013373415,149.19065705151866,58.29113324857828,54.447275590597094,157.9705110001891,1.1655877070897738,0.18728708455379794,0.3403555723418003
wide_stance_4.mp4,wide_stance,1368,148.53974885947488,148.13022461699913,56.84595986965612,53.336020098450085,157.0747610216048,1.1512747343364138,0.019570900082169503,0.35188363318310056
wide_stance_4.mp4,wide_stance,1376,153.6523479675736,155.95546418427497,56.49093482791023,52.947472735660604,157.16652977944676,1.2624250351283672,0.48087167513868767,0.5121400913958788
wide_stance_4.mp4,wide_stance,1384,153.69942418302185,156.6982541084457,56.15111643122299,50.72964867590682,157.06627268510198,1.2402873334997477,0.20217516348054881,0.5254709762518202
wide_stance_4.mp4,wide_stance,1392,155.19404558701208,157.09384625218746,54.40673689664865,52.87751277869938,158.11042435664743,1.2390763361107038,0.9266622575743968,0.5706985281771607
wide_stance_4.mp4,wide_stance,1400,155.79462112175753,154.87920807809476,55.03943886825183,51.741550336354976,159.39490081446763,1.1843540239990176,0.981484784675287,0.5373894063207406
wide_stance_4.mp4,wide_stance,1408,147.91802589985136,152.41325990451278,58.9800192803055,51.725607793120645,159.55126905224074,1.3378304865265582,1.043806295255723,0.5216158181282962
wide_stance_4.mp4,wide_stance,1416,153.71902132425947,155.101146705172,54.86978507716712,47.684188606294036,158.68398785597694,1.3143938730540785,1.5749242906786107,0.5227773317868536
wide_stance_4.mp4,wide_stance,1424,149.08177505349673,160.5144512750541,58.09190124681707,49.075927358430775,159.59461718556776,1.5604042869060784,0.7027048049347656,0.5216823467266269
wide_stance_4.mp4,wide_stance,1432,146.44761598461307,159.58870247274385,54.99217726888055,48.19497863624998,159.27644082951255,1.6179452965473196,0.3734630816642588,0.5042994886783957
wide_stance_4.mp4,wide_stance,1440,154.04608122015927,159.7453026713448,54.0036392679798,49.23509867930023,156.5351484623979,1.4505341911958651,2.098473278189087,0.4278381793061359
wide_stance_4.mp4,wide_stance,1448,155.96357652871757,158.3228737957382,53.85495226612747,50.970181517241414,157.3831554427598,1.4680222746932647,3.314010009755373,0.4803529704871483
wide_stance_4.mp4,wide_stance,1456,152.1368223685831,160.33681827046584,53.8070163242485,48.90691312039128,156.75055374173866,1.5857082469802584,0.7737119710181739,0.47555397938876165
wide_stance_4.mp4,wide_stance,1464,150.1117002373144,162.12780409328266,54.085860913246535,48.8977234808578,156.86561966644385,1.9101318353885026,0.6627153087969826,0.4721938337883737
wide_stance_4.mp4,wide_stance,1472,149.51361701660605,150.88229189598175,58.570966489860076,50.14333414758134,159.5318690856909,1.5726829458052043,1.3749372817147263,0.43022052056496723
wide_stance_4.mp4,wide_stance,1480,153.7240260926289,152.85787636708247,60.77944751158795,51.10023316014884,158.72250613993717,1.4834505131438944,1.2675479714379794,0.5406332707497161
wide_stance_4.mp4,wide_stance,1488,157.94142817772513,155.94582177852357,55.75027140057852,47.432120195979515,158.66222307257195,1.418341716458541,2.9806535717656737,0.523597971963942
wide_stance_4.mp4,wide_stance,1496,155.8825706646731,159.79301801942398,54.40106626976404,48.86315691639574,156.6636010703636,1.4686712708451808,2.2453314824195356,0.503101361577279
wide_stance_4.mp4,wide_stance,1504,154.178700768293,159.67789196266799,54.10089667118615,47.98448514784766,155.48672115109179,1.3097158458959446,0.7095676919958259,0.4766221606204601
wide_stance_4.mp4,wide_stance,1512,154.91250576217047,156.00633449173407,57.65754588460799,51.66103068747479,158.6269852426568,1.255045194654844,0.18376036229919374,0.42179973116420905
wide_stance_4.mp4,wide_stance,1520,151.32644184162444,153.7442062488138,61.044521206959566,55.48754681663266,160.34337532948447,1.093073305053139,1.5274523524960997,0.5102982190538548
wide_stance_4.mp4,wide_stance,1528,156.69473845832553,133.99226431304044,54.23107303525632,44.22520407689075,158.70405284209076,1.434100204798385,0.5184613650430129,0.5469679305048432
wide_stance_4.mp4,wide_stance,1536,160.53725345613395,137.8721006748053,53.663525605718384,46.964548142718826,157.01378839746639,1.3619924581550378,0.6207809812888184,0.545893175927863
wide_stance_4.mp4,wide_stance,1544,160.34477532393302,142.1414273956741,54.582144923755465,50.19049252500142,156.3867879169424,1.2718971970804787,1.135797142303845,0.6039698913323543
wide_stance_4.mp4,wide_stance,1552,155.20531389443306,150.65262356336632,57.79777900490509,54.01026556698271,159.65538661942875,1.1622525271679023,0.405220532880594,0.4779614475549865
wide_stance_4.mp4,wide_stance,1560,152.48164853119232,150.19893421700567,53.09165204039116,50.74497181582561,158.90429783594578,1.2452813375956813,1.4151941364670595,0.517670520050645
wide_stance_4.mp4,wide_stance,1568,156.53291231978574,155.48511571291462,54.05576718362116,50.989285993355075,157.92653720851268,1.2269344499091355,0.6780880160439446,0.564352028270059
wide_stance_4.mp4,wide_stance,1576,161.1576695909834,154.61379785714422,55.42681231001307,49.481360577349434,156.75474564401705,1.2074528831559825,2.3284334330575267,0.46633663637953854
wide_stance_4.mp4,wide_stance,1584,159.08313004941613,154.95557835893607,54.48704243649684,48.62964419622407,157.52781539528053,1.2600537271604004,1.9110509990337896,0.47756239161701014
wide_stance_4.mp4,wide_stance,1592,156.25853880153772,153.80338995925496,55.4090553596346,46.69732568574148,153.8125377087811,1.3776132023647942,1.738241437052166,0.5710914694904782
wide_stance_4.mp4,wide_stance,1600,153.07209667299492,152.1919359272123,55.642888716659556,48.6765057469374,154.93056463608428,1.4087885441116321,0.2960233264979389,0.5577485110452731
wide_stance_4.mp4,wide_stance,1608,152.53366907579849,157.97361400859282,59.1153636598064,49.8057650786457,157.33339916560655,1.4970632549582676,3.659058946147658,0.508817088835116
wide_stance_4.mp4,wide_stance,1616,154.43834800494707,156.7495428080964,57.077912811272725,53.81903410385884,157.1411658124898,1.373523113127327,3.56457139163525,0.5725583628414067
wide_stance_4.mp4,wide_stance,1624,153.0875506386234,153.76004694653187,55.00356890144538,53.48507566939651,156.69521965318594,1.3135991397211675,2.4289164210543372,0.5986389331041306
wide_stance_4.mp4,wide_stance,1632,154.87684616032067,153.04755559780443,55.93071066114207,55.01153171328591,157.8736222940044,1.290170538523723,2.5238321293568564,0.5715511930325798
wide_stance_4.mp4,wide_stance,1640,153.65810483038496,153.0421076609588,55.294438699126914,54.256506692419,157.9083154239399,1.2973796033877252,2.4420088004063834,0.5928712856193308
wide_stance_4.mp4,wide_stance,1648,155.56851899224324,158.64197043007937,56.644878511482474,53.27980474559178,158.2158777928677,1.3775507545213,2.4945836962233967,0.5991388524581401
wide_stance_4.mp4,wide_stance,1656,152.95582827661656,154.47819833279453,53.668055751021605,54.01510026390007,157.48208141329297,1.3437339899320464,1.8444043706351227,0.6077357297960368
wide_stance_4.mp4,wide_stance,1664,154.65587743958608,152.56818769303308,56.9024898034871,55.61654959147904,158.73082398384906,1.2741358107550156,1.9089107424596252,0.5799165621345148
wide_stance_4.mp4,wide_stance,1672,152.33897517401897,145.89565696332144,55.88356988234288,56.072717704551756,158.74111317352552,1.255711530074913,1.9634478390431709,0.5965306038703405
wide_stance_4.mp4,wide_stance,1680,150.83456842006387,148.09619729135554,55.714114936520396,53.81044328693859,158.1735760262365,1.297954213212102,2.242677438984369,0.565363442436507
wide_stance_4.mp4,wide_stance,1688,151.46460570751685,153.32158899986567,56.20193238917614,50.714146535924776,159.54012328415027,1.3357325896006,1.8653664968569985,0.4877188266578065
wide_stance_4.mp4,wide_stance,1696,152.66570858570253,156.76818656880812,56.4240605783518,49.00230422850685,159.47453444171003,1.357768231525829,1.6761845881277881,0.5039882293516568
wide_stance_4.mp4,wide_stance,1704,156.57113310179278,156.9743203310344,54.34786038365857,46.95203710119533,158.84731352646554,1.2890378906355908,1.3529959659408461,0.49021366594163474
wide_stance_4.mp4,wide_stance,1712,153.92437993211726,156.59885012583953,54.0189190849833,48.37675492950822,159.2612395827562,1.3484596556096673,1.8176517071458904,0.5140712150583041
wide_stance_4.mp4,wide_stance,1720,154.94634192942027,155.08354614110405,56.87891098387903,51.04149318972164,158.35392463046745,1.3023040584473184,2.209805577820104,0.5199870004999888
wide_stance_4.mp4,wide_stance,1728,154.6920951808375,156.12283279565116,55.33855922178105,51.36089504200949,157.47399676743314,1.3565410697507558,2.696418553993894,0.5489230281050359
wide_stance_4.mp4,wide_stance,1736,153.9327451174633,155.4632869109027,56.01571278293165,53.42345322766979,158.0083557088479,1.3542378089270914,2.697067896967147,0.566954200916226
wide_stance_4.mp4,wide_stance,1744,153.275216084282,154.9055085527687,54.93413076357393,51.62106402683617,157.72713032638273,1.345933975752938,2.8758908036683652,0.5752403431113219
wide_stance_4.mp4,wide_stance,1752,152.22328312369365,151.86836586829145,54.0440887247083,51.85361774750025,157.59062051851876,1.3857757840648117,2.6146057250035777,0.5861614167165512
wide_stance_4.mp4,wide_stance,1760,153.9539340436576,152.22239106670511,53.8187584738842,51.80625385647445,158.5033745386879,1.313737680262907,2.868587483205144,0.5657810513342618
wide_stance_4.mp4,wide_stance,1768,158.56182789252156,156.00762584297306,54.26058189616014,51.618828785585734,158.85901629566433,1.2651657731253547,3.303105826830263,0.5844626835879312
wide_stance_4.mp4,wide_stance,1776,155.35708843048386,156.6257269893531,54.04366066123647,52.14466896937615,158.42718813988688,1.3109137316112256,1.7825400952436274,0.6126114269148891
wide_stance_4.mp4,wide_stance,1784,155.247794414944,157.5690399969633,53.37695277117314,52.697056142705335,158.3619440278739,1.3242964766606224,0.6664762651765008,0.6081062497741512
wide_stance_4.mp4,wide_stance,1792,154.96448178612198,154.20970818874437,53.653972311346735,53.02078234798826,158.8547003826056,1.284924621134401,0.5264811222583302,0.6266675116247278
wide_stance_4.mp4,wide_stance,1800,154.43661997731596,154.8777100902935,55.279289967922765,52.573423911875054,159.12095686774896,1.3374317837515166,1.0493464539307946,0.6001498289186193
