source_id,label,original_label,frame_number,left_elbow_angle,right_elbow_angle,left_knee_angle,right_knee_angle,left_hip_angle,right_hip_angle,stance_width_normalized,wrist_span_normalized,torso_incline_angle,leg_incline_angle,left_arm_elevation,right_arm_elevation,left_hip_line_deviation,right_hip_line_deviation
bent_forward_1.mp4,chair,bent_forward,6,164.7253325593215,157.47388365541815,117.70063907924292,114.19995868693464,98.01240978486348,105.20314309887965,1.4744346847263576,1.2758238389726857,32.39215363954401,13.885081898230583,4.0485894262696025,3.9015555600879104,3.7320907158037344,3.432575003172346
bent_forward_1.mp4,chair,bent_forward,12,164.17583181333993,152.893920884603,113.22923768812082,113.62116198032894,100.56385185849452,105.82418321559909,1.0720111786345412,1.0830093713793092,31.655876175403264,11.479010633991056,4.343574938485383,4.023508028308878,3.27726149369849,3.306308240198562
bent_forward_1.mp4,chair,bent_forward,18,161.38269208487927,152.95446647141023,112.99023836534525,114.22399306097661,101.70948078494135,107.04064147562549,1.1362574713129474,1.1375039308687949,31.04755180119267,10.280944141298022,4.70623568091798,4.38892297360839,3.5435749755711914,3.6376014872269926
bent_forward_1.mp4,chair,bent_forward,24,162.04984612241964,150.6177001988868,112.35402148335338,112.93475190759338,102.07693597455287,106.60307513563308,0.9102207750960684,1.0970818340728574,31.0794803984446,9.906925942483657,4.57820423376451,4.175484286783543,3.5579613605489113,3.7086419047301047
bent_forward_1.mp4,chair,bent_forward,30,161.91771592310985,148.79517947942784,117.18271005086238,113.96850090773452,101.5321559076656,106.0285672923707,1.1303838680435825,1.1316489159635201,31.55147062721403,11.26297619867006,4.639422656729419,4.232295502978675,3.9386936585422565,3.8892915321789183
bent_forward_1.mp4,chair,bent_forward,36,164.88864837059876,153.8156041257421,112.02594617315664,112.98307839159564,95.64922001319538,102.48588539028762,0.3757365882246744,0.46386238604291247,34.35583714560499,11.48794478438778,2.826534783313399,2.0572545269402283,2.438953483411234,2.4615872751025853
bent_forward_1.mp4,chair,bent_forward,42,164.56596931171933,152.3556865081822,111.60118780000094,112.09268090561484,93.00022553031354,99.99445867224796,0.5716439388768951,0.5623020173436104,36.155355318427155,12.093327689360104,2.5658257627459307,1.882969729442884,2.3515748774835785,2.368762218147911
bent_forward_1.mp4,chair,bent_forward,48,164.26948992650006,152.58712281599693,109.15513023367592,109.77262593294354,90.88805165938214,97.34419644926632,0.35586508435711217,0.36369403947948586,37.59822543791557,11.237370579404265,2.1641916844947713,1.3305067400231538,2.1021414020733262,2.175924939531036
bent_forward_1.mp4,chair,bent_forward,54,160.71786481118403,146.91357591872497,107.06506550374563,109.28312003062298,88.88297202896715,96.21567238017246,0.527742155088361,0.4439900764820278,39.16944062366859,10.826899141685914,2.0137792535527352,1.255902723608474,2.1390412686519613,2.225895642133162
bent_forward_1.mp4,chair,bent_forward,60,162.94376256662946,144.76893425813472,107.65894356056646,109.5398077836267,87.15004592240466,94.07640892617023,0.36937597230605146,0.4769675321493126,41.26308297909648,9.946928907124612,2.033838054761245,1.2576551153258,2.1013521841498926,2.2306381418059735
bent_forward_1.mp4,chair,bent_forward,66,160.33866671514338,140.32037542766767,106.6300831062285,107.76600776520718,84.23008597135798,90.49329937074357,0.15362727493760167,0.5433647654879312,43.20978389963794,10.615439078241453,1.9463175651384377,1.3126667356164468,2.1319346058768365,2.276278241581252
bent_forward_1.mp4,chair,bent_forward,72,161.73160748194942,141.77054405575657,111.09716216955707,113.80613142086749,84.07420776039103,89.40887961981133,0.16925904535082276,0.4930067532920716,45.55273426872377,12.380111074335717,1.8987150720183763,1.1459469249988994,2.3917531731334685,2.5592191599693073
bent_forward_1.mp4,chair,bent_forward,78,155.9245392143768,145.91413235352366,121.66866518409799,121.02756831462159,90.80058724480313,92.08483287616595,0.07645973238698833,0.7434020861829411,47.1530150765957,10.632729621179413,1.9752348586353405,1.3509521720712052,3.225830788728516,3.50821533628137
bent_forward_1.mp4,chair,bent_forward,84,157.65628475387834,143.3823753292396,126.37764408918339,125.61398709230821,93.96584809626451,95.82638372149624,0.0888822975764987,0.7018913816684642,47.34293182113735,10.243097575817604,1.7844357731050855,1.1969351792670646,3.2062920826310353,3.461557126027169
bent_forward_1.mp4,chair,bent_forward,90,162.10913354540259,146.31598844242333,122.59173934288961,123.165640676225,93.92429911356966,97.27507728057559,0.19969825509877606,0.5712704104063181,47.11913456096266,8.825635663548992,1.4573785867277846,0.78939212927087,2.5826995707321547,2.7552821224702257
bent_forward_1.mp4,chair,bent_forward,96,164.54795985426293,149.52932993315346,127.28830573249404,125.53192880119644,94.00541603768075,97.93238508796922,0.20420709209414645,0.5457351316802107,46.917182400735584,10.121218599337228,1.3589758586543972,0.6413674675605703,2.322908899979048,2.399315184385527
bent_forward_1.mp4,chair,bent_forward,102,167.5844977551116,154.1297775815261,123.80634223118844,123.71703870946077,90.18674456535342,97.18034230193167,0.1427104002674017,0.4787355763612391,48.11304751825162,10.567429249181394,1.4000837216707136,0.6040158079729411,2.337566804088108,2.364672008539085
bent_forward_1.mp4,chair,bent_forward,108,157.9342249536772,138.5889784474078,122.53520725605745,123.16023739884203,91.32854020502066,96.89555452322111,0.2773176399013641,0.5570669302277306,47.9870661207266,10.048088962012784,1.543705684514781,0.8598164442921603,2.7118575838989782,2.7762230231089853
bent_forward_1.mp4,chair,bent_forward,114,160.0974171223528,149.89543902687518,123.61373544525351,124.28816815635871,92.99268979225423,98.42840799482005,0.16986286740682846,0.4908188181641996,47.15380328928662,9.51473780161122,1.4980651916402703,0.7441240476097996,2.3029208509011885,2.345057606824099
bent_forward_1.mp4,chair,bent_forward,120,160.0785986559123,151.40273833622112,123.24872241181828,124.18474961747661,92.95036699980326,98.92629904972898,0.10877986225412971,0.5032465055318176,46.93924180998578,9.711985785120538,1.4507883894299145,0.69815927317005,2.1991288674287004,2.2278376581278057
bent_forward_1.mp4,chair,bent_forward,126,159.1678376838698,150.00386304792127,120.32832246844563,120.87526517061869,92.7237067522359,98.13679409386171,0.039760710127742856,0.525533728269082,46.798547640860015,8.436020242077724,1.6588745301804102,0.9302008253766416,2.2416948131309797,2.284403363965054
bent_forward_1.mp4,chair,bent_forward,132,165.17613001580497,151.6329077041315,117.7889182074106,118.1561876930354,91.56888999194031,96.79622576785621,0.13563432364693934,0.5630156140494134,46.2579934138576,8.831612672245619,1.6658647273590645,1.030011556564256,2.2286972281133064,2.2711787351145674
bent_forward_1.mp4,chair,bent_forward,138,161.6013421051513,154.07746890634238,115.91785039147078,116.32500353181902,89.03191066450644,94.31248094898642,0.19617440232520353,0.5482456451510793,45.59491955270335,11.085786406688495,1.927806464698114,1.2413716166862967,2.4296812290807503,2.488388212638242
bent_forward_1.mp4,chair,bent_forward,144,167.48487768333595,153.00518084166558,112.13343889935706,112.51757942400907,84.95751672719433,90.03491991387817,0.08969771157167596,0.5703719367712221,47.10917399718941,11.464771898344317,1.8481854951010637,1.1077762128394728,2.618401592904363,2.706718997245394
bent_forward_1.mp4,chair,bent_forward,150,123.50822163659286,153.602863770885,111.18386734291474,111.73621411633867,81.93619204107084,89.3053991890585,0.09963038045372033,2.409268955194778,49.11491362709808,10.601522048804984,0.12849521714934456,0.8407263446788166,2.1698215002666443,2.2297581192561675
bent_forward_1.mp4,chair,bent_forward,156,168.48692147110722,153.0302366978096,112.17988672771955,112.47975034261945,83.78857176993826,89.63270818763367,0.1732378657718456,0.7080348287247483,49.40500078927201,10.743913903982374,1.3022947083498642,0.7866836567492749,2.1138544247698126,2.1668426423179232
bent_forward_1.mp4,chair,bent_forward,162,165.25132567811383,152.03644099240975,111.84048311549854,112.46088774223932,83.14848115973048,88.82716479392319,0.1810880889438102,0.5874917081394837,49.55398149986401,10.684935843365894,1.6103609648858974,0.9735745020732174,2.71084182812697,2.786492022226265
bent_forward_1.mp4,chair,bent_forward,168,175.68442427591398,153.20930718187097,113.00115426219207,114.69881346626525,86.73534888327995,91.96163073830132,0.19303968394885487,0.6360396787125313,47.82113588260575,10.58716627307006,1.6636635198518743,0.9967764907824713,2.687667308312717,2.7852003420859814
bent_forward_1.mp4,chair,bent_forward,174,171.52078450135082,159.4049261199105,113.36828029881163,114.07342281551259,92.20119072507697,95.44694000580957,0.1699483083991424,0.8887637141626471,44.00464587819509,10.232489455922789,2.1592089265729824,1.6120015162450976,3.08579389757285,3.200213125601041
bent_forward_1.mp4,chair,bent_forward,180,166.66111085588074,161.5485379007179,114.71660040738374,114.30031400025985,95.62771015065341,98.73925855628569,0.2392390945066422,1.1677287306719213,41.35606172933806,9.634535249010344,2.660037310017185,2.212195849578836,3.6359823592318317,3.6933576517946145
bent_forward_1.mp4,chair,bent_forward,186,164.14650009431114,158.39987118404906,115.88109576598082,115.74966223696254,98.2040872030673,102.01883642620638,0.4280791468958499,1.006951272905091,39.839599089677726,8.84245877496815,3.030223220293096,2.468562514851751,3.8017468326213124,3.823927286099804
bent_forward_1.mp4,chair,bent_forward,192,163.67617933467645,157.356264833354,115.39886587366195,115.87821030413774,98.14895384771245,100.97405617033864,0.3452227706655857,1.1527929321478894,39.369170789794474,9.184383444386613,3.0626207218968493,2.5685338138915994,3.9079329273521304,3.9604498114872038
bent_forward_1.mp4,chair,bent_forward,198,160.59391034006939,158.74301671641427,114.8341697365753,113.91665736771988,93.50598408210578,97.60721216154877,0.18024365846139567,1.2623645075567362,40.71577780243834,10.65954004127061,3.273802316034664,2.8311711474930177,4.557002948481718,4.530564190872963
bent_forward_1.mp4,chair,bent_forward,204,160.79969812578614,158.34371796905847,115.43522567745536,113.60087446696838,90.11543681701897,95.04036335103856,0.3958149758467904,1.216154171464071,43.111301098582146,11.55111210249458,2.9334389998478034,2.503760504474399,4.753162356509935,4.60572727213943
bent_forward_1.mp4,chair,bent_forward,210,164.2379275234428,155.70875252867944,115.34435977097074,112.60711044545955,86.60579331020936,93.11631577703433,0.30072676376409135,0.5876907158941058,45.13100025164112,11.474120432541776,1.9110026269512255,1.1259597470259948,2.72041906721741,2.6490606049362255
bent_forward_1.mp4,chair,bent_forward,216,162.14712226165227,153.8991492029252,113.20479185731031,111.26266950518114,87.18996931106105,91.86363090938899,0.23841523919367558,0.7053486075105753,44.93262532903946,11.210214053686418,2.0843299595966056,1.3692695114877518,3.1431963001835963,3.115402984375025
bent_forward_1.mp4,chair,bent_forward,222,161.09570369241825,152.54709096613942,113.47662016251121,111.72271698849332,85.53442790488752,89.79344463730695,0.14600223692718842,1.006268434048393,46.466820885911105,10.954776394819817,2.636267178255414,1.9818292381414282,4.257391621940139,4.279250996161738
bent_forward_1.mp4,chair,bent_forward,228,162.91049904690797,153.63987908216333,111.12331611772932,110.48425053372492,84.6836540482911,88.06121097455704,0.3836956760769777,1.2727742579114665,47.38033288992435,10.416398388526053,2.5210398329002977,1.9871313006471911,5.031421336789717,5.160171783488513
bent_forward_1.mp4,chair,bent_forward,234,163.2402076889794,152.12189009831366,114.70646871231878,114.19098064115359,84.8330188114364,87.95601153450184,0.3099282013576243,0.9849511209277448,49.263798299220916,10.847840119092762,2.219281590564191,1.5100120369258374,4.337811448112441,4.451652814685551
bent_forward_1.mp4,chair,bent_forward,240,162.8335202686368,151.85995620469265,114.7061438267542,113.42698126864585,82.17640764562071,85.3474616519566,0.19411285166966546,1.0494908993584766,51.64141112167773,11.147285367106374,2.3891144787672722,1.7812292308154147,4.777719930137154,4.8278824163202625
bent_forward_1.mp4,chair,bent_forward,246,165.42087934128705,149.87470163241176,116.4016083046474,111.77070756601094,80.93843119442622,84.06043829081031,0.542755096914857,0.646021168129309,53.07174350146581,11.721138470013084,1.6732603495668756,0.9833374067084575,2.917884027392552,2.919753649286332
bent_forward_1.mp4,chair,bent_forward,252,166.50423015486888,149.0225336175017,116.30263434812342,114.02768556605196,82.13841375155162,84.86094823432056,0.20943476097658764,0.7869743947948312,52.73553230667668,10.883928218538934,1.669235872211789,1.0777804687959143,2.90555264949416,3.00397864231403
bent_forward_1.mp4,chair,bent_forward,258,161.7156278877125,129.94675358448058,114.90144633431561,116.31116116005099,83.53295675124242,88.94451951521313,0.13500843128784043,0.7858387439704353,51.71536118691076,9.8850778185882,1.8045668012242675,1.176763644976546,2.630184995297506,2.738235088693337
bent_forward_1.mp4,chair,bent_forward,264,160.28791610600456,141.38243624310113,112.51222684208085,115.03871549958792,85.05843542167415,90.64781080642084,0.13415525266310568,0.7676073242206385,50.28805732578266,9.334372668144647,1.7820467262790523,1.2255992724769875,2.777090496656327,2.876832992893275
bent_forward_1.mp4,chair,bent_forward,270,162.9560058445401,146.7855272132779,114.06424866737147,115.42374023727866,85.41913573510985,90.80661832296124,0.15734040539335709,0.7106660842880368,50.49215132378375,9.841342552831634,1.7036534381727246,1.1108909135843363,2.7149667549440584,2.787886483828222
bent_forward_1.mp4,chair,bent_forward,276,161.886862970442,143.30108720420594,113.87085373201995,114.29282611035434,86.40180085902887,91.90120736036245,0.15113357039787143,0.49354175332260714,49.79333921371749,8.951017103666185,1.560279252377816,0.914830818279584,2.3637247789271743,2.4414626365880467
bent_forward_1.mp4,chair,bent_forward,282,164.34168794348525,146.26213489957038,112.82388874612715,114.66244881421264,85.71834460951962,91.28630547754324,0.19361349007343165,0.5224610336106164,49.478892849989585,10.033546019482689,1.6206946300237948,0.937188517905596,2.733015538769579,2.830858208427928
bent_forward_1.mp4,chair,bent_forward,288,164.38646319585266,148.17880699092416,113.79334322102041,115.57421465208445,84.74272621749311,90.9891969159635,0.12093358644367966,0.5230007446532434,49.84493087548789,10.31084416439603,1.5375914384225038,0.814597108941084,2.7866403573544507,2.8692116791876576
bent_forward_1.mp4,chair,bent_forward,294,164.4077600507925,150.8638329525091,115.02132453693879,114.99900997593781,85.45557370258489,91.17362929186913,0.21116629705284257,0.5092195461308126,49.88574088838166,9.658150832455648,1.4638775462262428,0.7030543800005491,2.642390931291777,2.7094817319111253
bent_forward_1.mp4,chair,bent_forward,300,165.51042932277355,154.39601998184062,115.02258768556382,114.82050622459815,86.98516991652909,91.44974772861492,0.0862218153320396,0.652237760493272,49.10620254659936,9.747663246205338,1.6797183065058872,0.9493514458010893,3.180928730225707,3.2804800402505605
bent_forward_1.mp4,chair,bent_forward,306,168.36084430483695,158.43984361402735,115.80782086711399,115.50308621058362,88.86543433577202,93.09988265742307,0.09009235353647747,0.6288237760349523,47.24066916267572,10.336368760402602,1.6527476364892801,0.9264098299164989,2.998070010453138,3.090528975009618
bent_forward_1.mp4,chair,bent_forward,312,170.39189608848926,157.90617924829053,115.78858360418141,115.18032371447262,91.15577641980384,95.47719773422813,0.045085039211489326,0.7334187205803138,44.63130130540306,10.2519000516585,1.8662047089979832,1.2704334134683684,3.09013435854638,3.128683879865068
bent_forward_1.mp4,chair,bent_forward,318,164.01297104947218,156.92639597203728,117.53288128369178,116.61839206515542,94.26587696732301,97.92727632278063,0.05925226890840979,0.9129048234289053,42.31733365028434,10.816981478298535,2.3303892641563135,1.729449660714007,3.7498838847445968,3.8088230911731746
bent_forward_1.mp4,chair,bent_forward,324,162.4885855215265,156.37737769833498,116.07786396581749,116.05914148631639,94.55755952582508,98.2894185318825,0.4251777942801765,1.033103256870529,40.6623927526669,11.35030707533846,2.8534130180107624,2.272880697636299,4.235712905321167,4.320348359352627
bent_forward_1.mp4,chair,bent_forward,330,161.49858178020585,154.29154072598197,114.23696429165021,114.42914414256694,93.44286063753209,98.46089623840778,0.639341736609403,1.095274613444581,40.170655766086675,11.886337073032225,2.89106451170115,2.252085387729582,4.05757891363286,4.074778924320694
bent_forward_1.mp4,chair,bent_forward,336,162.82492662110096,154.54243990885288,113.94420773138958,113.42797520933709,92.71461094733701,98.65059433713395,0.3004132617383651,0.868646631013059,40.68443802403811,11.414085717223351,2.513318960729304,1.8030939070159095,3.3661722294036407,3.3372476823414745
bent_forward_1.mp4,chair,bent_forward,342,162.81137992629695,155.15051500202335,113.0794889358356,113.32225100928228,91.94480752859924,98.13604244955344,0.1800779297303362,0.7404417744527547,40.60730065430137,11.472113815761176,2.1479228394542966,1.4048295328546296,2.992452783398863,2.968244223017903
bent_forward_1.mp4,chair,bent_forward,348,162.26201638721457,155.9500339546017,113.23192614824534,112.5350365325092,90.73540225217248,98.17145313592584,0.0909907634016949,0.5715871040318289,40.91316986395416,11.034355617993334,1.8047905789697152,0.9859048076638455,2.525873693658397,2.4544899852848703
bent_forward_1.mp4,chair,bent_forward,354,162.16006181231663,154.9903455670089,112.37103210125862,112.26598878060608,90.55766273892252,97.8866446798843,0.055598677314438266,0.5339585041765383,41.0250328980638,10.757836008057932,1.6991302247307214,0.9113559435350483,2.5164588628346385,2.4632259635824036
bent_forward_1.mp4,chair,bent_forward,360,165.9906301033673,160.4204288966647,111.0647950802164,111.35455634644873,87.9466511198069,95.49461073739515,0.056570323177178715,0.5146607136380464,42.80242338379895,11.11437640527017,1.6068702895645612,0.8355682632326921,2.3739863476203684,2.3712015735460787
bent_forward_1.mp4,chair,bent_forward,366,165.44731304455976,158.9517746294741,112.15744869458513,111.59075041459674,88.87548879331068,94.43924605800049,0.023865765157752426,0.5502082790517198,43.31939601235845,10.292920997234871,1.7197596967787985,0.912980722789578,2.77755460047168,2.787439775410135
bent_forward_1.mp4,chair,bent_forward,372,163.91185435464038,156.34274855278278,111.78592122685741,110.97541163648448,87.63279347164381,93.10816830429997,0.07112930943219804,0.5607181010092167,44.50426341898548,10.47525770661325,1.9106443828293698,1.1301474671959373,3.4007335961491454,3.355917806647103
bent_forward_1.mp4,chair,bent_forward,378,164.3820415189322,155.39781234668584,114.15655268984042,113.92137393175935,90.2770741682797,93.35348468675531,0.48189441309941144,1.2882906797591411,43.3342164672609,10.771600427882756,2.437809910213775,2.015823148026336,5.889538848662679,5.999145978781349
bent_forward_1.mp4,chair,bent_forward,384,165.3069124376426,158.80489795404682,114.07022885569643,113.29557512594786,90.8369157839589,92.81346143811491,0.7630251785614361,1.2601513918787575,43.15085812880166,11.064104353901174,2.3737092858653766,2.050443573972742,5.695503907559614,5.864694308985111
bent_forward_1.mp4,chair,bent_forward,390,165.70883043540644,149.86202742811966,115.30823490231079,114.91660457057124,93.40847955059984,95.49810022034562,0.46359095458379096,1.1744993203528418,41.53957575964761,11.015001746520015,2.100224094871561,1.8250016993821094,4.102432474803951,4.251055670645269
bent_forward_1.mp4,chair,bent_forward,396,168.45671537654,159.80444130255754,121.70453932495089,119.04564762960128,98.67302018551175,101.21629428393436,0.9919470060420954,1.5688901230648546,38.65909810221786,11.41888857781991,2.633001665899811,2.5297974335044744,5.17872944067385,5.040400771908221
bent_forward_1.mp4,chair,bent_forward,402,162.40420076610687,157.79901441306504,124.91510135315649,123.27572854868873,104.15084181316647,105.65008537292789,0.9837126359673121,1.578303346065942,36.679212638335045,10.717375991171581,2.3812883571516457,2.403801840960456,4.707745740388857,4.808976523107779
bent_forward_1.mp4,chair,bent_forward,408,169.28328166862767,158.52955483764043,125.03891157360269,125.44003261013643,107.09080310925553,111.373224759398,1.0619596561180276,1.3516446364131567,34.55642115493691,8.92275851193918,2.406051140222812,2.2721169967910093,3.747005076997334,3.655095100295164
bent_forward_1.mp4,chair,bent_forward,414,169.20254904824077,158.46593602545983,122.38983872031855,123.01522989225423,108.33714811500349,111.83447083165017,1.125873650470211,1.331665205879028,33.526290421461596,7.1786967898883365,2.7443338431278628,2.332168293837585,3.574685735984779,3.646337551005552
bent_forward_1.mp4,chair,bent_forward,420,164.81054545716614,154.34174614009552,121.31780844716283,121.5648915708141,108.21696382700082,112.1412343236068,0.6103255266911726,1.1395642065939264,32.498098866682994,6.920948790098257,2.5482517219441068,2.07676839308732,3.1663292406374195,3.258241476186869
bent_forward_1.mp4,chair,bent_forward,426,158.87650263030352,153.02607802878865,121.12215902534166,117.6631955835682,110.0830930684969,111.67736847894152,0.49745502059682856,1.259876101143534,31.560081605607273,6.49403617465265,2.2154440555881125,2.040042713866905,2.6183949762405727,2.761687664817069
bent_forward_1.mp4,chair,bent_forward,432,161.70548131103087,151.76745914757532,118.19094732085527,116.00305568823191,108.60582697333199,111.47016585785289,0.23673444750425868,1.1526352543688616,31.714208443080373,6.551768073888283,2.2307882649034494,1.8919042778554147,2.385602321640373,2.4635885923226364
bent_forward_1.mp4,chair,bent_forward,438,161.21845015180384,153.8177118556589,119.74746216339865,118.31889812155832,109.42170072594286,111.7534718366426,0.2939333279116332,1.1742480593771127,31.721724710904248,6.687030128781678,2.255817617992613,1.9812164603845106,2.5468145462687466,2.6728177075273702
bent_forward_1.mp4,chair,bent_forward,444,160.74793113220073,152.59451413385736,120.06486630606831,119.98519971958049,109.35105065517723,111.9999868763153,0.5507355605049066,1.2414386373779476,31.868096916385205,6.3957689653306105,2.378211635471531,2.0967652197548468,2.6838013347232,2.819905902671901
bent_forward_1.mp4,chair,bent_forward,450,160.31990973889674,151.74962715721418,119.80330961089358,118.04668483372,109.55052569671312,111.56985219577238,0.43451158514776506,1.2506093128239357,32.1443092532781,6.240351576836346,2.5799648770068293,2.3693304216820166,2.858455267542503,3.00506318176454
bent_forward_1.mp4,chair,bent_forward,456,161.24652005774482,153.17267717114566,118.50932605806358,118.56973368496743,106.99925270982999,110.46899164015339,0.5776622032470115,1.1322379040678705,32.30392605047216,7.292033169821638,2.3966317398326007,2.063992296898178,2.6875983162736885,2.801592798795618
bent_forward_1.mp4,chair,bent_forward,462,163.66697183569286,155.68755651451505,118.62321593991415,118.30328954731895,106.12130031086608,108.93843285975252,0.46483355736627924,1.0770833184231106,33.06129895040055,7.204323617879843,2.38068652540828,1.992839908447204,2.725430452752913,2.866505800919632
bent_forward_1.mp4,chair,bent_forward,468,152.80108302187278,159.22554158444603,116.26553886160886,117.18988728070535,102.25432304934495,104.52094802318081,0.7670687375825843,1.3956573778959889,35.502667791069584,7.2890500462233225,2.084129123025983,2.2306114072497736,3.34897687888115,3.5209195563596114
bent_forward_1.mp4,chair,bent_forward,474,155.04412038778497,158.6178046900775,116.67722383872861,115.68761877854973,98.33462340876117,100.7195361527046,0.658590335774911,1.0683948283669895,37.790378949354015,8.796078047122945,1.7327598016785664,1.5856526721708584,3.1512984754272746,3.2689307602419126
bent_forward_1.mp4,chair,bent_forward,480,152.9912471901697,162.9489512729769,115.68123086980914,112.85122481801623,94.14353453567395,94.4946607719429,0.913738356987774,1.3969838360648186,40.596535741452996,10.646740481185175,1.2354497599343437,1.4840671649787658,3.8835888250200363,4.008726373789676
bent_forward_1.mp4,chair,bent_forward,486,159.1357965578394,157.99426449813532,116.80419822364372,116.04454327110196,94.37047547920025,95.48251565902726,0.486270131824634,1.1542486283086966,42.140640438947294,10.439455357618845,1.6716324728862415,1.4092712263615572,3.824140224916269,3.9821157702129035
bent_forward_1.mp4,chair,bent_forward,492,161.717851861824,153.16989560225528,119.45902101544166,118.36902647489171,98.40018015225354,98.92584466939107,0.574056771363179,1.3702604029391718,39.966228999474396,10.373098831703176,1.9041618096692938,1.7313511021424173,4.667277279351533,4.841981160214927
bent_forward_1.mp4,chair,bent_forward,498,171.13799381065715,156.53765330752003,128.80690454201707,122.06895918687889,100.49733843647827,103.79713559468911,0.42573571496778945,1.097197683821101,36.45274513356317,14.900482829012379,2.1059805348419602,1.5815539699020196,3.7271714475244977,3.589390675979353
bent_forward_1.mp4,chair,bent_forward,504,172.07011553123266,160.49453512118654,120.1087036901391,119.57499194014599,101.86611365500465,105.20850416577727,0.5206226209282812,1.285780778738198,34.323625326216536,11.4322977418577,2.462572712111423,2.1582592593866528,3.3524619271198617,3.4547937247691363
bent_forward_1.mp4,chair,bent_forward,510,169.90695111513176,156.96713498217028,117.81847945768885,117.09580952237798,101.75953881017453,105.86723647790922,0.8079833169657709,1.2439791106835012,33.29613635774749,10.029712765252997,2.485965618105434,2.28838213338682,2.998816852667648,3.133663650939071
bent_forward_1.mp4,chair,bent_forward,516,167.00849629925435,156.92631865266188,117.36457693261296,116.95094679027041,104.85044503344517,107.40277765490092,0.9877631277785618,1.5039889344271742,32.177879352000865,9.072586559527544,2.995405269778477,2.995790858164945,3.44403045369288,3.607095725130107
bent_forward_1.mp4,chair,bent_forward,522,167.69764511445572,155.87448664044328,116.27008972865168,116.71420104177326,105.21329150036787,107.82819575884669,1.0736873224058594,1.408509597699265,31.725841408167117,8.563718832031956,3.6944287770248696,3.6937410760715528,3.526507517332096,3.737929175650515
bent_forward_1.mp4,chair,bent_forward,528,167.67213101778563,156.11759596907805,113.4902797679659,115.03654335727694,105.62187930621253,108.03154941297358,1.0908468422087605,1.4637803727337237,31.664475485877073,7.792032529593441,4.274756851860584,4.2899294053465535,3.808787853205394,4.033448766347733
bent_forward_1.mp4,chair,bent_forward,534,164.30991673017922,156.26592471481393,109.92895739668194,113.24088537941029,102.66654147540625,106.42168739601514,1.112116965201265,1.4592310599488039,31.479965151327768,7.720595981800629,4.585303926263556,4.607816298891402,3.966087193409817,4.317936631272456
bent_forward_1.mp4,chair,bent_forward,540,165.92936415409625,157.50319144755835,111.8172487114567,112.9444792885754,104.15011997267872,108.5888584403908,0.9578375859675031,1.480969161565103,30.575350077727347,8.0534979633293,4.297027243892533,4.372052164558193,4.085803660364346,4.213076651602979
bent_forward_1.mp4,chair,bent_forward,546,164.59791919279087,158.94665084992485,109.45703665864639,111.071767991963,103.61424114764026,106.91921473074893,0.9897208092762052,1.2543993479253321,30.209334703392273,8.364310180113744,3.847018563516051,3.7423295556847247,3.5303580986005074,3.831255067811686
bent_forward_1.mp4,chair,bent_forward,552,166.17103082576145,158.57555328622496,105.83198560513952,107.92079244272445,102.69968756989581,105.68535009306616,1.1823791015197147,1.45934674324179,30.117363846217618,7.806727493232455,3.8273959449730066,3.8037461429426576,3.6766530549650693,4.063203008810182
bent_forward_1.mp4,chair,bent_forward,558,167.08765898997683,159.82995147198787,104.47720979962654,107.67351454259935,101.04673836203742,105.225955494095,1.2515867898109536,1.3168409050843528,30.12412739053207,7.4786735690003106,3.4998058390446474,3.3746864401366508,3.0559225125336344,3.426451424419485
bent_forward_1.mp4,chair,bent_forward,564,167.7521914031413,158.96713842081846,106.58299374206705,107.76554642886269,100.36972486808703,104.27558523827517,0.9146752064468436,1.2863696789007035,30.73472693395355,9.060159913843247,3.140803307991132,2.944334653196352,3.0740034902369966,3.264770089490898
bent_forward_1.mp4,chair,bent_forward,570,169.85815134606568,160.2163627208149,110.88819140806577,110.19032552066085,101.06178220289404,104.57284398598127,0.7809020932884385,1.505103851537111,31.422355795116697,9.552141275246177,3.170018444481676,3.1119800941321447,3.5911105102911387,3.684303737778671
bent_forward_1.mp4,chair,bent_forward,576,170.27724329023206,162.08611857220916,110.73517029619526,110.75307096798348,98.58572136391037,103.6211513142487,0.7775966738575023,1.3603946406191767,32.72434231299138,9.916811796513652,2.8060170847384227,2.686056728399275,3.1949452850043634,3.19111431348833
bent_forward_1.mp4,chair,bent_forward,582,166.96704102183094,160.11187904165874,110.72278389561154,111.44150896006629,97.36443450930886,102.63883213991106,0.5975422526932869,1.3705703963400808,33.80793415445087,10.296524377539921,2.8529595885926153,2.652585488112681,3.399007775186887,3.4030522484952312
bent_forward_1.mp4,chair,bent_forward,588,162.09276121128903,159.48025186102086,108.59626596684681,109.07883114193962,94.84272132745245,98.95821950441804,0.6998466082866658,1.4956237164728994,35.729260483254826,10.178074663599272,2.620431181335995,2.4854273666004874,3.641887291873907,3.698842784455573
bent_forward_1.mp4,chair,bent_forward,594,161.8262292381289,161.2337348248447,109.22622153345135,108.97430326026868,95.22713393521485,98.98515322992688,1.3383610022148538,1.8924848898466322,36.79584663800961,10.374266195443925,3.140703684611023,3.0527054293351936,4.805746046168239,4.832637446023762
bent_forward_1.mp4,chair,bent_forward,600,165.74313641722622,157.56462126073188,111.85862451910258,110.74006832227728,97.96345125354098,100.47561447577563,1.7138013561604863,1.9125023688528544,36.00110992288391,10.047371719794267,2.9751231624102052,2.8560072292521133,4.878583075864578,4.946814615407012
bent_forward_1.mp4,chair,bent_forward,606,172.1764355194607,160.09902425599304,113.53975656564846,112.19547424632857,101.16098460341958,104.87793340218059,1.5634407930481005,1.816614673308771,32.96952344995327,10.207098208136498,3.428221294194698,3.2400219367125094,4.413879904778277,4.334475702611505
bent_forward_1.mp4,chair,bent_forward,612,166.98572743212216,159.40213335138873,115.55900827639593,112.91583890781702,104.18328073500886,108.46180785295591,0.8657254847119996,1.4404685774976211,30.056911073249605,9.95980846937887,2.634929054379759,2.4197220733775486,3.05974471887497,2.9801202281339774
bent_forward_1.mp4,chair,bent_forward,618,168.56216996283044,155.22610750945606,109.93316958678234,111.85636434564182,106.79440921834431,111.15147384194185,0.6804179514444985,1.215880708143916,27.878721410576258,7.69629583060067,2.7198331782310907,2.4293980124119274,2.2684212106472272,2.412213225099579
bent_forward_1.mp4,chair,bent_forward,624,168.90064303855667,156.44297943622584,111.42369372288046,111.07952776136169,109.27972131852535,111.49017859893279,0.727396154831029,1.3078230275467988,26.421372324006036,7.4379748603922655,2.451621874377306,2.3357509037501947,2.081719063307027,2.272439669175784
bent_forward_1.mp4,chair,bent_forward,630,166.01806367919616,157.57580076813272,112.79298122120295,112.23022763673886,111.02330431328998,113.39200229577244,0.7231119948594381,1.395887877625465,25.706692214040547,6.7942447074315,2.548960756321404,2.5165306027651515,2.164358528472754,2.378576252552744
bent_forward_1.mp4,chair,bent_forward,636,161.4916653553982,158.61523212619196,112.19576746900455,110.784165264567,110.47771131646753,111.78518023999786,0.7154929403632116,1.4722000830656488,25.936131916159756,6.960719011684426,2.676724824682222,2.6744893304194113,2.2911238736799815,2.5582816839274356
bent_forward_1.mp4,chair,bent_forward,642,162.82835993131374,160.4081524890079,112.1741625044384,110.53334195806504,110.00381375288406,110.83724932281199,0.6903014036698564,1.3404018025934934,26.48549211167886,7.009437285794677,2.560661508418408,2.4424330487706665,2.2217369111371497,2.5123112396594265
bent_forward_1.mp4,chair,bent_forward,648,162.63432361917148,161.8673885684567,110.31827663375923,110.93455220142887,106.28462511698025,109.43733276707958,0.7847623561833157,1.3599832731908466,27.734540570926086,7.471734000710667,2.353332155130969,2.0886474985169756,2.382506598973217,2.688834571091754
bent_forward_1.mp4,chair,bent_forward,654,168.32837044355608,163.59112496185926,109.44684796908459,109.7067988256449,101.97717559887492,106.7621981957871,0.5545889573292805,1.1936540154044464,30.05729850843964,8.11388525983768,1.9545076955525849,1.5739741452463747,2.2219623246425018,2.3886730124669713
bent_forward_1.mp4,chair,bent_forward,660,165.00229045831762,167.09575489258623,109.47893294093838,107.53664331505917,98.50634901528258,103.0192833621407,0.44842136156354095,1.4557795905855577,32.38210151193477,9.316302565754027,1.9638051819769287,1.7465437088560283,2.88025130588081,2.9130008910987426
bent_forward_1.mp4,chair,bent_forward,666,160.16306736470153,160.91243028505414,110.60658711989288,108.09839841720581,98.48793261312295,102.13234840524294,0.5698173743533891,1.5677789725410014,33.44213346880631,8.943307268069805,2.15842830552053,2.016162058295604,3.461328263331602,3.4836552498890345
bent_forward_1.mp4,chair,bent_forward,672,165.04392449482512,160.20142498960266,113.07092741679692,109.61693936672802,100.00086002337626,102.88333686051573,0.8212563793065932,1.610433754515598,33.61538750604766,9.500800284085535,2.430530619917832,2.168264468489811,3.9421704246678666,3.840105951967297
bent_forward_1.mp4,chair,bent_forward,678,166.4111927653343,161.1303972142909,112.4058141789191,109.58959909672207,98.40530976267506,101.86296448523166,0.5994056676527756,1.3383995658767944,33.62137458627857,10.508712578285502,2.207800656068541,1.8368308289830848,3.3932090736194467,3.3979853229979224
bent_forward_1.mp4,chair,bent_forward,684,169.4726676408557,164.29106616698132,109.71698176016922,108.05485835599728,95.90116935752074,100.15120058318458,0.603469018241286,1.3006045414423293,34.23183522457663,10.816944107868299,2.150543749151157,1.9366116528743011,3.415642544085774,3.4319863169575755
bent_forward_1.mp4,chair,bent_forward,690,167.20656421019382,168.5192173478683,108.37560468221872,107.48724248192231,92.41759787346903,95.02379670049804,0.7505107588169286,1.330567084943046,37.20074383502369,11.183827714084181,1.9254975548560571,1.80076266693889,3.7524217535511304,3.857659513532555
bent_forward_1.mp4,chair,bent_forward,696,167.47263783339284,166.6653765823811,109.50254987152869,107.89723117462654,90.2182195672193,93.84706671718946,1.1223512074035016,1.8402259781176846,39.46518852536462,11.263318597301154,1.8491420136669448,1.9450580643185895,5.1206244854405165,5.133371580903279
bent_forward_1.mp4,chair,bent_forward,702,176.47437710745317,166.98100967394123,110.3016709115722,108.33078436301851,88.30870516123055,92.55339230780413,0.9372917453536748,1.3303221752821388,41.2945282563222,11.270715541991068,1.4500077561294051,1.1132323280096703,4.016458848035981,4.015076643114731
bent_forward_1.mp4,chair,bent_forward,708,173.82025503563355,165.10178804017056,111.64516826068413,109.23570253576229,90.27296397229324,94.24966794069586,0.7489407850339008,1.3776735373538294,41.736675654691176,10.588182360541499,1.691584217038493,1.1814049832679017,4.438651157448662,4.385524617669536
bent_forward_1.mp4,chair,bent_forward,714,174.38717734939672,165.50737044659036,109.74469643290837,109.22265236872468,89.00187055993398,94.53077007281807,0.8489699654223954,0.9442421338167322,41.73444622877865,11.008053954602493,1.5885822611788503,0.9021282325981967,3.7976606767382104,3.7540969878968102
bent_forward_1.mp4,chair,bent_forward,720,169.33741186920705,161.30924704232604,111.40924127792442,110.05754298361119,92.25628105856907,96.12532733898509,0.7635249099305625,1.3808661495396155,40.5164075561389,10.48755377137595,1.9845820329705488,1.4338647696149762,4.6926885769701965,4.644340818086675
bent_forward_1.mp4,chair,bent_forward,726,169.536110094784,158.313201066654,113.11212653294804,111.27397132972965,91.37044861002869,96.96601614869775,0.6748152915114455,0.8413485363417106,40.77196668575183,10.81579271118965,2.087875450188527,1.325213283691398,3.9172779123849426,3.7799255115650485
bent_forward_1.mp4,chair,bent_forward,732,167.88845903342892,159.48538375887736,112.04588685993654,112.44327053158035,90.73396602802613,96.44152343067347,0.16998871341774777,0.7578255689086496,40.18816025955738,12.17913377567608,2.0236337653152288,1.2885068951173313,3.272965979878444,3.223981691009819
bent_forward_1.mp4,chair,bent_forward,738,172.02020117309087,158.4697399605537,115.22397209829032,112.85376809890204,92.04844830016985,97.17738868437173,0.2780122330032157,0.7475570206115351,40.12314089770689,12.265126635447531,1.9492841981736335,1.2402424341011267,3.2472233441462,3.1448002490692315
bent_forward_1.mp4,chair,bent_forward,744,166.9803530741003,158.64177613860537,114.6190425333093,112.61811812287195,93.12075908926971,97.59583401757634,0.3833148346205322,0.6823482537104595,40.031074684056165,11.616091002652295,1.9609188410980665,1.2366735494165118,3.2796146875178707,3.226780522799902
bent_forward_1.mp4,chair,bent_forward,750,164.79271688176368,162.39668611136662,114.34409461974094,112.58878628718001,94.58177936878857,97.66175505247386,0.5287018326997533,0.817596600852922,40.00923308087782,10.525970689910075,2.000197809302557,1.35154921737731,3.7319933701084467,3.7237723973481116
bent_forward_1.mp4,chair,bent_forward,756,164.05531081902382,161.39157533155145,114.90365556167214,113.44848490128966,95.02577592934028,98.26265079975701,0.5774867692169419,0.8515986763861891,40.060241453473594,10.358917454171545,2.028552050794828,1.3793860244673881,3.8843992876060844,3.9125319840675767
bent_forward_1.mp4,chair,bent_forward,762,164.55409935253948,159.31427534011902,115.40650072005107,113.68411989255002,96.62294785142569,97.45089965841402,0.8641004031715631,1.395152387930119,39.6818289624843,10.507897793612925,2.3101369819163424,1.9691878652440087,5.2380816544721585,5.390653293460478
bent_forward_1.mp4,chair,bent_forward,768,167.66811851090154,157.66967186007972,115.18176598625682,113.59389722996285,96.45062658963586,98.55967437801185,0.5314088739453602,1.1707650974477477,38.48038962849931,10.42785827539682,1.6228772392386315,1.2103569824606948,3.6983010447533595,3.7856324508698718
bent_forward_1.mp4,chair,bent_forward,774,162.36957610908695,155.0768102274418,116.10230001606197,114.74625862730143,98.65332295127074,99.3251623914222,0.44029366532868175,1.0116083359830341,38.199202867265775,9.305918239412527,1.420783599020882,1.0448762750038962,3.2254954838380203,3.4258492125993794
bent_forward_1.mp4,chair,bent_forward,780,157.9778238807365,151.91167189609342,116.38152647149484,115.18364479881122,99.12925767010928,101.08389189717671,0.46110601199038476,1.077298606391972,37.80636711833271,8.9696314037727,1.3523341033853822,1.02851640188954,3.1671137406368386,3.294066276448769
bent_forward_1.mp4,chair,bent_forward,786,153.77054972723278,149.98686351017065,113.42232913030824,113.18248082259558,98.43362127790485,101.98977412061424,0.45932690537979637,1.0081486643671578,37.0838107067241,8.925699322464292,1.4591576981970178,1.0365110529729726,3.014756263674975,3.075952849676743
bent_forward_1.mp4,chair,bent_forward,792,152.9012099877424,148.48954999769242,115.5499600256278,114.46307868917839,100.31109634791682,103.32629321492325,0.48479902384172685,1.0698348800294546,36.327350241756264,8.683573164771722,1.5748965875678886,1.1786010854510705,3.049438643802804,3.1425928867499904
bent_forward_1.mp4,chair,bent_forward,798,162.35002926597176,154.64295295676507,114.70999366513631,114.06269333076068,100.83347789992962,103.0501971622623,0.8533017261573853,1.190079677718695,35.8065295910887,8.442461699063914,1.8018953015010308,1.511160779788968,3.147164801235978,3.3052744870961575
bent_forward_1.mp4,chair,bent_forward,804,164.56292986988302,154.8880647354019,113.5801747786645,113.13399136541132,100.62585054689235,103.38809078179219,0.9129415468462352,1.4408839600100325,34.97922091076901,8.635854886463285,2.6118120044942206,2.492643818610552,3.4807302853538618,3.6578272406974
bent_forward_1.mp4,chair,bent_forward,810,161.38184115736698,159.93720892784663,115.9733891961975,112.22330538455532,100.83828670840799,102.74858585340779,0.937144083384638,1.8194499844712524,34.59508851741077,9.773780902240542,3.640082007382262,3.7423853201000266,4.429507447416307,4.483119602294242
bent_forward_1.mp4,chair,bent_forward,816,165.59121625112397,160.83468092299975,114.67296305000716,111.64127037779089,100.30343834988929,102.37059969400542,0.9644389374993202,2.316289627175767,34.59658317101549,9.676995560254335,6.089547454621957,6.93605121496587,6.022459132438902,6.028488207037495
bent_forward_1.mp4,chair,bent_forward,822,166.26540179487034,165.08479954474342,109.660102669249,111.1283101871184,101.23868199350495,104.96594902783741,0.8436437817739425,2.206807223635761,32.76062343041265,8.064574896242968,6.888503755002918,7.416393696571149,5.325509946777594,5.498523665196182
bent_forward_1.mp4,chair,bent_forward,828,163.45965169462207,165.0229854056136,109.98668117404242,112.20610401812245,104.71586093009148,105.67890201568662,2.2629074924050796,2.151998423232917,32.05407103813685,6.759390519553226,6.774148860078704,7.345138874029052,4.367889754376133,5.152331753294802
bent_forward_1.mp4,chair,bent_forward,834,163.9737732998326,162.7133807803869,108.88911717843364,112.13432643750778,103.29562991261848,105.78923300078871,1.7425404405473361,2.0082629608733686,31.628952672395023,8.28756464497938,6.361977889559214,6.877543802475621,4.220400553806688,4.7932646170664635
bent_forward_1.mp4,chair,bent_forward,840,163.34067638634286,160.66390109579967,108.12857257184709,111.69314333002849,102.70473296018925,107.22640917812328,1.3858101009115926,2.0175201828236013,31.10957034634564,7.965555852835736,6.392435217707721,6.90453038645185,4.202489390162255,4.568201552014473
bent_forward_1.mp4,chair,bent_forward,846,164.37733326520896,159.89986519116522,110.38012661076081,111.37299588494325,102.81370153973552,107.68678628585943,0.7517447023383733,1.6885187491870317,30.588354321377096,8.49707349269344,5.424249249128519,5.629445702999374,3.6477861758177705,3.766717344309574
bent_forward_1.mp4,chair,bent_forward,852,164.69586931607435,158.43075590044953,110.53344967791891,112.56668365385156,104.28988898762569,109.42307145920009,0.556763796272816,1.4418115931913997,29.76764941431962,7.893678362343468,4.534855069329165,4.630554658049889,2.8729802999272533,3.023531775537022
bent_forward_1.mp4,chair,bent_forward,858,160.4997056889445,157.60247734223705,107.7800223005738,111.55385854068184,107.88352228695868,109.77628067737669,1.723668814006982,1.9334186099571622,29.08267511792303,5.642781023879904,5.4394852200539185,5.840838938816225,3.133715729211692,3.810709472497962
bent_forward_1.mp4,chair,bent_forward,864,172.14349164408515,164.08566611172077,111.42701542697239,112.82907880425452,110.8226803783602,111.22916530634083,1.7314449895263093,1.8619551014192546,28.056951642359454,5.319833321620632,4.70468947469385,4.947576609268631,3.193010769879503,3.822487339627216
bent_forward_1.mp4,chair,bent_forward,870,168.65246914765078,160.1727716357776,117.56274038613037,117.83708187809148,112.86264418785869,114.03778586175733,1.3796339884923878,1.6829496193010787,28.158079158481687,5.665078492900986,3.58506810767386,3.785800955609789,2.7719386090232683,3.1299263517632445
bent_forward_1.mp4,chair,bent_forward,876,105.22126041090259,154.76004821755805,135.92417729396692,133.25047829756298,125.87270438200183,125.2611318705938,0.3698025364004624,0.985214446722832,26.49724809652561,3.8441701844203156,0.05619288481078325,0.6449466503342194,1.3903387425748253,1.5985323351852763
bent_forward_1.mp4,chair,bent_forward,882,121.86321845293267,164.72704762533044,153.1366094972417,144.95465079672442,137.01120912332863,135.71488839138843,0.44635807294247465,0.6866614696699836,24.91123704711351,2.372303653017529,3.2682270448372823,3.9519206302584577,1.461083260865813,1.4780697827634603
bent_forward_1.mp4,chair,bent_forward,888,162.46307368381292,168.42735922145246,154.07750328036514,147.35809597856147,141.8563520979369,138.835942879474,1.0629188277232196,1.158236267189103,22.795323502190193,1.766114683578708,12.511232755124457,14.515194329019508,3.1197735658133694,3.1875374117926416
bent_forward_1.mp4,chair,bent_forward,894,156.51781626875075,165.77519020465596,154.10864754984942,144.15642108267105,142.39738753225487,138.88741229509,1.6738149130048607,3.6465846891544196,22.27479653788038,1.5260363467867064,31.74414155445034,36.00452189862473,8.496980150211986,8.161925580827846
bent_forward_1.mp4,chair,bent_forward,900,159.7477227463979,166.94951917083685,157.04510541634065,146.12009082702022,144.11725709546207,140.32175911477174,1.368351829897307,2.255306110659222,21.506380914776955,2.0437104016002507,24.362301220662157,27.55249476001663,6.053320357085697,5.78916893060922
bent_forward_2.mp4,chair,bent_forward,6,152.24652241656054,148.44565703694062,129.82768752011438,127.5242632318197,98.09178547305623,94.69272229410286,1.5165487400570523,1.3696586499229269,41.904011791767594,15.399935618675466,7.12635308698715,7.055149097457399,8.39856277410702,9.273846036795433
bent_forward_2.mp4,chair,bent_forward,12,156.71982477035291,134.08539752314647,133.36873326540223,131.69834260745435,98.1738606036662,95.49909251884942,0.6333891713848606,0.9966034820874452,42.92644043135386,15.255708295074447,4.12336718027361,3.991988414054261,5.191806773573294,5.77094812494753
bent_forward_2.mp4,chair,bent_forward,18,154.65851422696826,145.7021217684216,135.6608282635535,134.49927006712647,99.60237219998687,99.209998096677,0.3943893194171972,0.7970865055403111,43.74424415414848,13.208235926831213,2.9122168279230483,2.4943681288980644,4.069574456433852,4.412134451357801
bent_forward_2.mp4,chair,bent_forward,24,151.97699429650234,143.52785055475383,138.32789578370486,136.9752252078618,99.11491958546881,101.48794338224678,0.803544841306006,0.9566160716087349,44.75484198809166,12.408650606058277,3.1050356397031127,2.8506670571289585,4.8437740871620605,4.952888372920597
bent_forward_2.mp4,chair,bent_forward,30,156.4538047811358,151.23212024517875,135.58191619463165,134.94832307045525,100.50910252613797,101.95865370404026,0.7664250569268288,0.8854965544957297,44.15875301495351,10.685441750851993,2.6609065695901277,2.4261310445241784,3.8973993163384377,4.130355835266157
bent_forward_2.mp4,chair,bent_forward,36,154.45295521982837,142.09827916637556,134.0907772172162,133.8662459028483,99.69418766880393,103.02904181566825,0.8323690179049923,1.042021388628451,44.249875088213805,10.249194262645187,2.9356019855149413,2.78970133868875,4.369097921599356,4.488516306100236
bent_forward_2.mp4,chair,bent_forward,42,158.30866042743554,146.05676685248514,133.05765867588937,133.0125593075266,101.61022368294354,102.76574567306035,0.3623718165521577,1.0890268408099735,42.864600559254555,10.446397090050015,2.787094157895383,2.685609210641048,4.228573380210882,4.415680073062077
bent_forward_2.mp4,chair,bent_forward,48,158.57291614108746,142.90132379111708,132.88761423962868,132.26149628792106,101.72354788001013,101.85156144022329,0.5135742468243919,0.9603848041722485,42.45912039075653,11.120346201899869,2.8749314696203534,2.6944081211071307,4.144003192689166,4.337586829744918
bent_forward_2.mp4,chair,bent_forward,54,159.43765369629958,141.36697862953932,132.47475222321506,131.34434642609696,100.52789366640187,101.19645494298838,0.4551879211425407,0.6950459560638313,42.49398281834485,11.458969629109536,2.6797322991876937,2.2619816502374515,3.552533714495858,3.7044701909060818
bent_forward_2.mp4,chair,bent_forward,60,158.68015063967277,143.84269253881598,131.78953128047522,131.7161707406092,100.54990457188832,100.87116097946452,0.5170370213498358,0.6338261475390203,42.64777692452929,10.865994986441681,2.4945148001527104,1.9557961140274016,3.5521352375080397,3.7049637044739927
bent_forward_2.mp4,chair,bent_forward,66,156.91337746863923,145.37604005251558,126.61144720608512,125.05935232353227,99.09525341520974,99.03983203534436,0.5697116392324693,0.8459027466524606,40.61534532659163,10.524928600669808,3.330939079185094,2.968251104896678,4.564668701043871,4.649037076454924
bent_forward_2.mp4,chair,bent_forward,72,151.49978397293503,143.60108748131984,120.39057013220635,118.89041356047731,99.06648097207461,99.84601476254237,0.6062143207475381,1.4503378149704131,37.21020402289374,10.225664584252648,3.841424976462115,4.029699559894709,4.942203272286363,5.010922889196304
bent_forward_2.mp4,chair,bent_forward,78,155.4196336448291,147.42148175469922,120.41610455901666,116.73293709883747,100.08306530944705,99.67758945919746,0.8506684495566659,1.6722247539521602,36.27012701660227,9.432132283572818,5.030884570763728,5.454281092108086,5.9999646541201175,6.136317821156693
bent_forward_2.mp4,chair,bent_forward,84,156.80779037080615,151.2096842756744,122.0115130175961,119.8961159554567,100.9333603115614,99.77605765316157,0.9991233382998155,0.9757083266110713,37.508558939297416,9.468671601518235,4.540561704228568,4.222869855747564,5.817303821455013,6.126328397038711
bent_forward_2.mp4,chair,bent_forward,90,155.4879065340589,145.22869481900915,125.69084705193717,123.32550505340612,97.76594078196025,97.17810691005994,0.8919889966132698,0.9181183596689073,41.24071615992124,10.415826877462772,3.279862750848511,2.9073215217870145,5.7854009839266265,5.914510353370955
bent_forward_2.mp4,chair,bent_forward,96,151.96566708298278,140.2755709303841,127.02690495487487,126.86326716115211,95.1851515819674,95.70144421341575,0.4690086854586395,0.7492093224968884,45.18849117429599,10.480857611406021,2.727944143318383,2.2487368484113497,4.894602539310907,5.102489801387775
bent_forward_2.mp4,chair,bent_forward,102,147.23903015981244,130.84684917035702,125.56527594991422,125.30933090834513,92.83461722138937,93.51962838540426,0.8226562433570623,1.1660881600196322,47.35118650345595,9.431184856796364,2.8564748283705157,2.854309885846179,6.271746385315208,6.492079022906773
bent_forward_2.mp4,chair,bent_forward,108,147.69327908503334,134.00037342188156,126.30586143674596,124.89353743069167,92.655069375323,92.37622341291372,0.9912806887413865,1.38094964358733,48.15943133761729,9.598062862633112,3.3867885730553087,3.5816622725077623,7.4859382817539375,7.742821159615131
bent_forward_2.mp4,chair,bent_forward,114,151.1409204568253,143.26647871370588,129.80328710349377,127.94998380856177,95.25455406719166,94.79061289370638,0.27581747849595706,0.6935778495807711,47.53658549660976,10.552014265912778,2.3378714911866387,1.8702523040901156,4.543895749903922,4.6907049886697925
bent_forward_2.mp4,chair,bent_forward,120,155.17852269900106,139.58849818014636,126.39533397550854,125.68149740303146,97.59509488909677,97.28055642375516,0.3453097937448834,0.8370498581775828,43.83266824745015,10.178526385438026,2.661739618708224,2.251426214713816,4.468255968304176,4.618821745934808
bent_forward_2.mp4,chair,bent_forward,126,154.5151999276527,143.90484910604317,123.12405127432494,121.83380962408144,101.55925005081163,101.15527557542742,0.5639819253028621,1.2639935062431567,39.05941851532993,9.304826751176266,4.437860212039081,4.144648473107672,5.947153904038553,6.084503040737363
bent_forward_2.mp4,chair,bent_forward,132,159.74315387783153,151.518059182404,117.91503387939011,116.01371491497079,104.27801094067885,103.43857277319952,0.7980388641276618,2.159644747160751,33.96775363020415,8.524149023507182,7.478658705895632,7.8686586329140775,7.344242488654283,7.514805925337781
bent_forward_2.mp4,chair,bent_forward,138,161.01389193393814,153.87493003139866,116.17339632826301,113.67515684754163,106.5245404066482,105.66272315606422,0.8213544730175115,2.589249337844513,31.142543471847578,8.053051621756467,6.989751008925398,8.420783622457787,5.944283062586054,6.171919739381194
bent_forward_2.mp4,chair,bent_forward,144,159.2844372793067,150.77065792664257,117.03470065888402,115.76169745064523,104.78402136932796,105.84780371216351,1.1223502698508336,1.9297418109615423,30.750464421897576,9.027934085516309,7.7294758602239915,8.688872824008875,6.296058826612728,6.412149836301653
bent_forward_2.mp4,chair,bent_forward,150,157.34549931992038,150.74821016337944,117.79747974457042,116.25856400780737,105.28780252359257,106.8081495732655,1.085063910067416,2.3034401323055174,30.242888555433904,9.002393871665422,8.165368474934459,9.182567220560083,5.976639082957052,6.025739973779521
bent_forward_2.mp4,chair,bent_forward,156,154.89732359495892,153.67668069655878,118.60790198939321,117.37906054678805,107.33087356369482,108.21473339511641,0.827112353623564,2.2086537685468897,29.299987490595907,9.572196914777075,8.643660445059615,9.48039479611709,5.915883176981266,6.074533701165317
bent_forward_2.mp4,chair,bent_forward,162,157.5770361757184,154.52386492753064,119.8953306453268,118.51897388476766,108.7770411641734,110.00696916544725,0.889104832454798,2.2854142438956044,29.080039829735465,9.053650596419423,8.811317726527859,9.82056543119226,6.129969770616609,6.188309286217748
bent_forward_2.mp4,chair,bent_forward,168,155.19145112788416,152.33362903232162,121.10475364682354,119.67432703077482,108.4171462545615,110.1456156894192,0.9995618351451078,2.49278865524422,29.585781156938314,9.264179220723063,9.032225588657615,10.108620216270085,6.458722999780033,6.369412825999967
bent_forward_2.mp4,chair,bent_forward,174,156.34243894759751,150.6188680739907,122.01132594225967,121.0922652689437,108.69738416826124,110.74049416339489,0.9269152556628892,1.939649120557103,30.056081091154983,9.064678220897637,8.444991308160871,9.0753272729386,6.038716502952066,5.987740831253367
bent_forward_2.mp4,chair,bent_forward,180,156.50966126771613,149.88717195096348,123.41383178141082,122.39309361124435,109.3358103368514,111.25287900857296,0.9450068818866683,1.7384694112820698,30.416063508491348,8.856280966359018,8.059435667325042,8.515535602117875,5.809907455187123,5.763153258000808
bent_forward_2.mp4,chair,bent_forward,186,156.35161293371792,148.11691590522182,125.99717912355757,123.51152391514246,108.14733606435485,110.54427431561705,0.9695915493022337,1.8091709051412206,31.60114887354124,9.192297999102522,7.235373863091686,7.75335902014873,5.970196739176441,5.85835504257401
bent_forward_2.mp4,chair,bent_forward,192,158.28757771232367,147.29837342679366,123.41670293202519,122.40385304883186,104.70192543537414,106.91436501965855,0.5018028553970205,1.4348522491058462,33.59697520337453,9.64769459887672,5.735764432702226,5.873637419085634,4.827966599215244,4.873778229865561
bent_forward_2.mp4,chair,bent_forward,198,158.48577756278007,146.81588428657702,121.36352563879142,120.78641062252998,103.77935893320962,104.9388503428458,0.7141060260001463,1.577375355107064,34.97508609195474,8.673847348266099,5.906436007300965,6.085639200810848,5.717898625533269,5.942998558850976
bent_forward_2.mp4,chair,bent_forward,204,155.5377365113676,146.2646839531187,121.04420654047078,120.92979966625259,105.92045689601957,106.72796616701855,0.6874733696378091,1.5276525389211333,33.804092771217356,8.06818062809443,5.632379156290037,6.102281284148709,5.53703851081604,5.58794578560354
bent_forward_2.mp4,chair,bent_forward,210,164.6370592417578,155.9838525746134,121.2231352633634,121.11401480435352,106.95106818356484,108.24627350639597,1.232044511993959,1.8976137144707852,32.49243860368254,8.74099612916567,6.1734414077693875,6.995998716800121,5.995366321251048,6.093772591584813
bent_forward_2.mp4,chair,bent_forward,216,160.90735091795904,150.4237642486378,119.75044848212809,121.11437815516533,108.62399621413242,111.17288218464097,1.1650165025687067,2.0449739063024013,30.353528858933196,8.279459900346524,6.414171822547928,7.662979645728785,5.4270055319044745,5.4020475479769035
bent_forward_2.mp4,chair,bent_forward,222,163.03173573054693,152.9550671049538,120.79354159832307,119.47286322627504,110.97749857376162,111.60907901369501,0.8126311762798362,2.0673580450689024,28.966001573022222,8.23107046936283,7.93610224803589,9.112411254101874,6.024734432335949,6.034626860817907
bent_forward_2.mp4,chair,bent_forward,228,159.82383616274268,153.65474074731117,122.81413943968296,120.37333015603367,111.38688418518115,112.00816240280649,0.6421537825853804,1.7710988551745854,28.785470321335335,8.012539939575367,7.894756634778886,8.881498276804075,5.779378559697242,5.949662664076361
bent_forward_2.mp4,chair,bent_forward,234,157.45936827031858,150.50316815238298,126.16817873367515,122.31070558025543,112.49372401053375,111.28367887393665,0.5860217486269405,1.73427451840549,29.41146036166487,8.472481510633447,7.661669406346499,8.582009966077932,5.826095192805573,6.046155625046769
bent_forward_2.mp4,chair,bent_forward,240,160.4527952771526,152.79036257224388,123.69121062776189,121.97522956773436,110.87934079113461,110.41773142068377,0.45262822300124084,1.2231775040485797,30.51591160497386,8.060840857263264,5.297986852791099,5.855656706229786,4.296519756505475,4.40914133421764
bent_forward_2.mp4,chair,bent_forward,246,158.42092671170658,152.56134852658175,124.83946242826569,123.86521263267387,110.16419137800455,110.1170706748035,0.43345343651592366,1.3022686542106654,30.904651847965933,9.52790137916972,5.113257516553419,5.66361709778451,4.956385373095219,5.059430376514402
bent_forward_2.mp4,chair,bent_forward,252,156.26875026764205,147.82304424759766,124.12724164863013,122.53165993297051,109.19030171418774,108.98216618349362,0.5228373370283667,1.517180702989481,31.656844775825444,9.192240850364778,4.628396662022365,5.442226102549803,4.856214760544631,4.9436579858442995
bent_forward_2.mp4,chair,bent_forward,258,148.55387040923227,147.8840440197068,122.66462558697222,121.67714821605502,107.63367653835147,108.25726495751276,0.7490292274303461,1.1382864419457646,32.54241816489935,8.51812347170755,4.667293132159409,5.113690159345024,4.771712613832454,4.828527031614744
bent_forward_2.mp4,chair,bent_forward,264,151.05392509662673,147.91834589899017,122.66406973413785,121.27225625394821,106.24261390658478,106.99203339681506,1.0242354374360838,1.205591581748454,33.68274351178747,8.788510868393898,4.501783228277837,4.869088383085986,5.391512626243038,5.422870099385759
bent_forward_2.mp4,chair,bent_forward,270,147.65344123254766,145.19226728263027,120.14715037766535,118.60883185938415,103.49406563030871,105.11930243850634,1.1939889337749527,1.4572376737714532,34.19580396819928,8.45321515917257,4.310221111168471,4.9242133185027255,5.3572261154098495,5.351839385229982
bent_forward_2.mp4,chair,bent_forward,276,147.36115692814556,141.60087040752464,120.62570256563036,119.5903185347763,102.81257789752168,103.38596049478647,1.261290837766822,1.2072835595697518,35.65060848158184,8.623568934366018,4.8501106147281465,5.245111426910666,5.909135514353695,6.033252449123332
bent_forward_2.mp4,chair,bent_forward,282,143.24345123623195,140.35923276015868,125.07574970741301,121.83108607083494,102.45280819887549,100.49988576568775,1.0321760703472855,0.9814862897412905,39.45525993820725,8.054653013490148,3.4479857312818574,3.594319495836547,5.1401386053907645,5.518678072898977
bent_forward_2.mp4,chair,bent_forward,288,145.77959311004162,134.3911923765327,125.73929854699804,123.38841583804155,99.53933451290175,96.0045660267863,0.6844626277814944,0.7731510992737518,43.471411448944075,8.196859360498859,2.484931245395602,2.442783207137002,4.749346245332227,5.17622604996049
bent_forward_2.mp4,chair,bent_forward,294,146.83319456998535,129.91168207765577,131.2153080121884,127.44548852618128,98.38771590627054,95.49612920930919,0.6259453694608944,0.7991470285640534,46.874241418393574,8.472753072879419,2.1915433722162576,2.3413839135603447,5.545832789202415,5.849158244404094
bent_forward_2.mp4,chair,bent_forward,300,133.13168738576988,120.38742855504931,130.286584521721,127.82239121227201,94.99629261303447,93.21730457743237,0.707409980844408,1.0453929642302386,49.85488992085695,8.485440241705149,3.1963686061529097,3.3958835448323863,7.401173218240602,7.6988340377771065
bent_forward_2.mp4,chair,bent_forward,306,134.1387523658609,118.6940240371517,131.9281419213642,129.01211750184507,94.53827902288117,92.53341333069704,0.6337423374134221,1.328495381610145,50.300583822903526,9.631709108677507,3.4760423124349216,3.7795557109116755,8.03693005826431,8.331891085621551
bent_forward_2.mp4,chair,bent_forward,312,129.80073703082496,120.78363536662589,131.8704879575463,129.7637778646746,94.7161999823961,92.82248158693018,0.6556601553660788,1.2873199651378762,50.06012966883812,9.94125763391461,3.4050672868993637,3.6747452308895756,7.732576843801743,8.101098763798683
bent_forward_2.mp4,chair,bent_forward,318,153.98482455376075,112.91663197478307,130.74598236526322,129.21872752245574,98.42926906637794,97.72122418263871,0.5799278325164846,1.4106762852471693,45.22793604787869,10.310524760398177,4.014823913492454,3.782110663745575,7.355165954832657,7.582755928369075
bent_forward_2.mp4,chair,bent_forward,324,157.1797262993166,143.92280574421827,129.1048804521828,126.1538416531585,103.50457564493324,101.73554747873783,0.6505962317071995,1.649329952046241,40.41479409624125,9.017146019719883,5.17428486869291,5.297823306708516,7.10458794923144,7.318395290376897
bent_forward_2.mp4,chair,bent_forward,330,166.83244470224147,154.97174650515788,127.5441920625688,125.82453058833067,107.02209992885496,106.11758105715857,0.791080002794566,1.8237124364770572,36.173579800049794,8.87173793196604,6.77241152842729,7.071188007619933,6.524360866258451,6.758228564535434
bent_forward_2.mp4,chair,bent_forward,336,162.39419945392788,158.8688548994342,127.98908792953553,126.78394064186409,111.04259181302447,111.5795857158699,1.5365392569668017,2.323105482191577,32.4524630271112,8.176734469562478,9.820464768778754,10.71352232439236,7.659893618487243,7.924184221276443
bent_forward_2.mp4,chair,bent_forward,342,166.34409246775888,161.708871678226,131.3747480633517,127.4861677836665,116.32406900819731,114.48491551491243,0.979458879574409,1.750800017346577,29.23919684014716,8.128425441797786,6.295966527678119,6.860202960341803,4.44109822604568,4.667756862250143
bent_forward_2.mp4,chair,bent_forward,348,168.80781730131142,163.81794416561817,132.3150844432935,129.06491882153867,117.94864808593026,117.85006270308817,1.0161172176939768,1.4371884925112168,27.99732388950894,7.670811076869473,5.206086622642471,5.925005249401552,3.7050214296194537,3.8000869178564076
bent_forward_2.mp4,chair,bent_forward,354,167.58911314846355,158.32613280393008,130.96877200788109,127.48239021372574,118.17968648911793,117.83856365843486,0.7633001487292776,1.6380066979641401,26.92412495083563,7.609243078094387,3.7435421707671472,4.8753558405565185,2.936842809075066,2.9785081760116783
bent_forward_2.mp4,chair,bent_forward,360,162.4427893310904,155.37425941136297,130.8317403893182,126.44206283795076,115.32728216347073,115.9823787309705,0.6382748679820662,1.0974504948133008,27.976363761775882,7.912512988280416,2.9607120572251957,3.6353424397068976,2.564269947119816,2.6047727174728696
bent_forward_2.mp4,chair,bent_forward,366,159.63175140825103,153.78273746543852,129.09095326475642,127.23040375470971,112.01390651013723,114.12097155026002,0.6460550210449943,0.82924154577059,29.981394976851433,8.136897580831818,3.343351174933576,3.5486611800344487,2.9575499905920846,2.9765451002629333
bent_forward_2.mp4,chair,bent_forward,372,162.36974470538414,155.31822312403074,126.78943010848741,127.24107880133532,108.05070249094045,111.75870237035704,0.7149118567034451,0.8782927578334981,32.883287068946814,8.293762813158237,4.099873794233156,3.915093045395311,3.7680538511944808,3.730560669079104
bent_forward_2.mp4,chair,bent_forward,378,157.65441629697585,150.4353012309733,127.24593674250785,126.41226356338213,107.04201860430719,109.9282408855822,0.8514905695850886,1.0313802134167114,34.25936113492863,8.547915461105713,4.670802698437057,4.421816651280154,4.445175764126555,4.437954767635055
bent_forward_2.mp4,chair,bent_forward,384,156.234069299958,148.75441184816873,127.63957730895952,126.32257570742718,106.90627796604177,109.35092063338934,0.918150265926885,1.2122648358509656,34.74987191474436,8.9110812321132,4.228612738190949,4.114362330473925,4.417974531715479,4.463651290499787
bent_forward_2.mp4,chair,bent_forward,390,155.85963008259495,148.42865349920672,127.7615496760652,126.63840993957237,109.01666399543387,110.61266371825586,1.2211201170722645,1.6035302711602692,34.116404413678374,8.285926950643116,4.986122335685727,5.238740304084574,5.388498765525132,5.545352446716398
bent_forward_2.mp4,chair,bent_forward,396,159.05875904955104,150.185652988473,127.35825155643056,125.55249940636477,109.29492666787677,111.24582480371218,1.0552483202300391,1.2532281732611246,33.60249071600855,7.939141321921525,5.627259680537943,5.656048100031345,4.960006415424042,5.006416933476081
bent_forward_2.mp4,chair,bent_forward,402,164.50544390139711,152.6275063294241,126.79605864610996,126.23018790188515,109.58226881712832,113.06136219063369,0.896586502124508,2.1126482345920192,32.531697101169556,7.747579484268561,6.166770650767323,7.080520486278031,5.268519658722043,5.114812268221769
bent_forward_2.mp4,chair,bent_forward,408,166.1818513480394,153.5565654064848,126.25045711758987,126.24684182827764,110.16178216526615,114.23157568255934,1.0242080391743154,2.140143511801777,32.269345937014954,7.289131084630804,6.3170646555012695,7.293345353897203,5.311924693250306,5.160232240733767
bent_forward_2.mp4,chair,bent_forward,414,165.97881271560254,155.49641795517343,126.68166354790831,126.57839779871176,111.35049959187472,115.47064156971634,1.001784131703444,1.874602222418222,31.512231292363545,7.13012207736215,6.149552855301475,6.887762133310467,4.780375280036109,4.602062068333169
bent_forward_2.mp4,chair,bent_forward,420,169.28715384820867,156.66269433138115,129.41174119803262,127.51174341823918,112.59134195056278,115.7684811265231,1.2099279547448534,1.989085420126385,30.71997105501238,7.632964225137615,7.240070428843929,8.131589446672923,5.739436892460739,5.511694638664059
bent_forward_2.mp4,chair,bent_forward,426,169.11434807694596,158.06051872013987,130.41461644437095,129.1749623018796,114.2176929811872,116.98687810940876,1.0451233173440082,1.8562881871618915,29.68135371317823,7.90406356299243,7.004202526034765,7.692548269072314,5.422190077363351,5.352380614377359
bent_forward_2.mp4,chair,bent_forward,432,163.2228404245759,154.08011006218777,128.63120268407366,128.85092727910663,113.82590253922866,118.54601744172865,1.1911662869115285,1.984442818623866,28.592348146965872,7.911399011729238,7.365672453637554,7.8798580434071575,5.660387882546526,5.40860685688844
bent_forward_2.mp4,chair,bent_forward,438,161.03785262389493,153.65052681044082,128.26544239559115,127.8263606989391,114.38586047789384,118.57557302427801,1.0847149808008483,2.0169356066156126,27.863994130695005,8.022166869568656,6.993590219034335,7.516514331806891,5.364926240983952,5.150581333119649
bent_forward_2.mp4,chair,bent_forward,444,171.3271248143771,155.38414209123562,127.3366403124307,125.96823571716358,116.75915597419348,118.12160568892786,0.7334099238730989,1.4095080144012078,26.528761921773093,7.1231635051318385,4.263278841678832,4.732086918717763,3.0480450298548125,3.1864859319416405
bent_forward_2.mp4,chair,bent_forward,450,164.11127387720683,153.24141001822133,127.05256476262561,125.81333585209818,115.52428419137694,117.23388286434232,0.6499097833094447,1.1488142235853531,27.264604074090624,7.569063478058081,4.155655222624295,4.233553411989356,3.01649024704976,3.134391522860592
bent_forward_2.mp4,chair,bent_forward,456,163.66432187331145,150.64440789016254,126.93535164068946,124.87427293409857,112.97683625448732,115.6897284140687,0.7023609768089191,1.2786729118874045,28.457788133988338,8.074118417274022,4.731545285339485,4.7187864371538595,3.7108717204071615,3.65465393321005
bent_forward_2.mp4,chair,bent_forward,462,161.5421870317444,151.1738400146836,126.02763519945506,124.72884653391839,111.55180982241018,115.65213827736731,0.9601892182854002,1.3608284210825987,28.719284998498164,8.318489889707948,5.151036348085676,5.102115727157982,4.097184169878027,3.9349337258309376
bent_forward_2.mp4,chair,bent_forward,468,160.74743063593732,147.95358306030968,126.75316472738662,124.81515483541952,111.99054097229697,115.36291630453951,0.8126010956349659,1.350969746338243,29.04858059002823,8.09191435651028,5.294824871152991,5.222046092883007,4.160522742187647,4.03942819966787
bent_forward_2.mp4,chair,bent_forward,474,161.09737427955727,146.8963348443916,128.09376524191413,124.83367752930769,111.64435818940731,115.2700219113388,1.0403156137896301,1.3703289455332976,29.46505380700284,8.50516282360132,5.613494925824758,5.547941998562855,4.524275282425679,4.244120470853614
bent_forward_2.mp4,chair,bent_forward,480,161.36343898833292,147.10024342788253,128.350695321794,125.56578671659429,112.19541296940886,115.80451323994438,0.9057855435466112,1.4630230557043773,29.45978921372122,8.494855519712305,5.661536639937716,5.610738608421771,4.4277376249431475,4.203366740273653
bent_forward_2.mp4,chair,bent_forward,486,160.71713070280683,148.6572645652138,127.56859538692012,125.04016503509146,112.03467038973817,114.17094151925647,1.0618109688811828,1.8260909632552236,29.806453332364306,8.818982710099379,6.522860547079997,6.8241111072672,5.257127530071114,5.174576548780516
bent_forward_2.mp4,chair,bent_forward,492,157.88979076662935,147.75461597244862,128.5499408846943,127.09600383043023,112.664155300005,114.64222555907992,0.6304371948964631,1.8318154640790318,29.74241938900094,9.288645669861706,6.514279234104211,6.902940631129641,5.281384030752342,5.267295739374798
bent_forward_2.mp4,chair,bent_forward,498,159.77252925486945,149.65027069432782,127.59801605381213,125.34227418649446,111.9902092967046,114.03408510342346,0.644828684227751,1.5236223033004839,30.16866510016306,8.724373557684563,6.324469878388842,6.424859236819527,4.912878058506181,4.876532978313157
bent_forward_2.mp4,chair,bent_forward,504,162.7057502644847,151.50190943484293,127.99676677086589,126.52560354826542,113.51526570010815,114.59293187756757,0.4662045279934305,1.3219989295929546,30.021379130257472,8.314159554412186,6.422130208534429,6.289628925202175,4.591608325774326,4.7496340353410265
bent_forward_2.mp4,chair,bent_forward,510,163.70004017127408,153.50380339136248,129.1050116148104,124.67925705296332,114.9865287777882,115.05387574513597,0.30872876553089657,1.3444376547683865,29.99642740784463,6.871515801114127,7.118522005396322,6.908997782529286,4.917583901249813,4.988209513531397
bent_forward_2.mp4,chair,bent_forward,516,161.00503255962317,149.59482429803384,127.8565321656993,125.56829031720916,114.34249865772696,115.42902512005651,0.557547838093766,1.381753696101983,29.914038888751328,7.046981097518999,6.946728748403751,6.740938035571921,5.005895822683606,5.047483274677029
bent_forward_2.mp4,chair,bent_forward,522,158.01091667557927,148.12170385071713,126.20394541416528,122.99634755617059,114.06586331458969,114.90220925431304,0.42844818082869085,1.5380919004914022,29.55746238800403,6.813096492210763,6.768557120385295,6.708566761427056,5.263931121120808,5.300150458434116
bent_forward_2.mp4,chair,bent_forward,528,153.29162729343412,148.83089423694088,126.02590535446915,122.75164584996173,115.0531893211145,115.46283248813963,0.37639607266987324,1.4351942795568313,29.00204037121602,6.444501547259447,6.173311509615047,6.315572288048124,4.854990481584797,4.904001976180291
bent_forward_2.mp4,chair,bent_forward,534,152.73388680619576,148.56790286993825,126.71848842541092,123.19210089622999,116.21978719904381,116.76433409726666,0.4273583941909093,1.202464078340609,27.836128076215644,6.203531031171236,4.245181462482052,4.6367461406928365,3.384890619384009,3.4420968085688814
bent_forward_2.mp4,chair,bent_forward,540,154.82868931003048,149.98315026445485,124.3934676400332,122.84830339669189,115.9098557620878,117.41023461368582,0.5561549469094305,1.1114526426031288,27.366795864357172,5.963204295956008,4.123960604790625,4.50492627144443,3.284326418380888,3.318140109890907
bent_forward_2.mp4,chair,bent_forward,546,158.04268367527018,151.89462169099335,124.79562910696332,123.08700560479302,116.52024459362497,118.74184122826146,0.5035717831028017,1.1884181530028322,26.725520508203594,5.427124781902435,4.447207421531727,4.787741208283762,3.4274181097791363,3.4241717184901357
bent_forward_2.mp4,chair,bent_forward,552,162.788332479638,151.66195528922205,123.24595347097971,122.08788361896926,116.04456954015872,118.91657554242273,0.4429848128904648,1.1917583938014775,26.379469298598284,4.7977801635599295,3.9399015782600597,4.453401873666697,2.9754919626608487,2.9345409491029004
bent_forward_2.mp4,chair,bent_forward,558,159.45914997249108,150.88496410487895,121.28535984370231,121.96371653248,115.81379032476327,120.20618971183585,0.6004121849418927,1.1565803928657163,26.14955472324391,4.451918929151667,3.6104157375330255,4.220228084471422,2.6959585338494163,2.7118222382512522
bent_forward_2.mp4,chair,bent_forward,564,158.77152339775122,152.33284498850836,123.5813030760962,122.22936124148728,115.99742114348425,119.29630096290022,0.49377552446020334,0.9618107727556244,26.357230371595648,5.246472450832594,3.3326686407240493,3.7916172746938934,2.645001049519054,2.5951783637220776
bent_forward_2.mp4,chair,bent_forward,570,159.53585084447687,149.90643603246903,124.11960548418317,122.98501367546172,116.00282610930039,119.54162694770358,0.6159094015063459,1.0790140482512198,26.609903217955008,5.2156806414350685,3.535558158933439,3.993231918017148,2.886404189641927,2.807846459290305
bent_forward_2.mp4,chair,bent_forward,576,160.29030729972598,148.65946279827725,124.14621536220109,124.40928622601075,113.50243784167779,118.70728329157431,0.8254963052615483,1.3260357998617935,28.471828895840474,5.843278883162321,4.831782987327956,4.956533597617382,4.009152666934975,3.944465379994824
bent_forward_2.mp4,chair,bent_forward,582,163.28042036798374,151.05065059844924,127.17251741694167,128.17078215307632,112.18049871544586,117.14384650314477,0.6263709378216901,1.1032785911070953,30.18977751151662,6.985589829098253,4.065685107275578,3.989472400700617,3.371856569932885,3.3395315645247123
bent_forward_2.mp4,chair,bent_forward,588,163.30300792374268,152.70138037548955,127.90995964479258,127.91655159423014,111.78501006800951,116.1965560632425,0.7901925980400535,0.986029123651539,30.654741211399195,7.222811232994705,4.203847459069007,3.900196732121432,3.741360382446109,3.633835575693445
bent_forward_2.mp4,chair,bent_forward,594,162.15487499554692,155.64058989733405,127.74457321700429,127.62731414276347,111.13790693215432,115.50267948405971,0.8435995049296184,0.8911867637416159,30.984241041926982,7.433803162204003,4.068954013709574,3.5744971152953204,3.827947070343956,3.68035006481612
bent_forward_2.mp4,chair,bent_forward,600,160.49633454283085,154.52133715765342,127.88134485590051,127.7068375236276,112.48801972601443,115.57698822055974,0.754750259902534,0.9475564329369887,30.842605980807313,7.209000178896191,4.053464217066143,3.5801016650656927,4.034775358749032,3.961700747501335
bent_forward_2.mp4,chair,bent_forward,606,159.43782057242237,153.00639170596602,128.4556310470376,128.28879980164947,112.74558320405434,115.22628904769086,0.8591827540095553,1.0140626591983524,30.976794517402567,7.517759592342649,4.336814829379126,4.014801253559777,4.474205080897926,4.4346763210025175
bent_forward_2.mp4,chair,bent_forward,612,161.32478613847397,152.1420339220317,128.18245635318905,128.24533786600648,111.8505400951989,114.7633060523172,0.7689404270000494,0.931476736130874,31.708317185131722,7.378977261063689,3.9193212644809163,3.517647764108543,4.106875264347171,4.070105606973573
bent_forward_2.mp4,chair,bent_forward,618,157.17500124315146,146.61149440761247,126.90508804063411,126.52588021907017,111.00340803344353,113.6496032576722,0.9586665694483333,1.1405355934538022,32.543697118075656,6.634075502204545,3.9808364067669424,3.923093643066611,4.3094586920019,4.289733160470247
bent_forward_2.mp4,chair,bent_forward,624,159.07131377012647,147.3632586533181,125.0125543804545,124.91167571679578,107.761152627218,111.05636624504827,0.8682770626386301,1.1800092808390394,33.58953409763893,7.569600975652291,3.8096353528797113,3.8332494525764447,4.225185077407377,4.239709990483132
bent_forward_2.mp4,chair,bent_forward,630,156.75074294461353,148.9137148985015,124.00515782918244,123.39070032344804,106.82987139658448,108.75724183030718,0.9515947035383376,1.038522586616787,33.61748343119454,7.691427670978599,3.8542642319499985,3.721582814293638,4.672444589570491,4.708311382723158
bent_forward_2.mp4,chair,bent_forward,636,155.74523928565674,145.57646285142997,127.84595635958901,125.19403969399964,105.54572889094466,107.74752556289617,1.3017115348987693,1.0816102522098552,35.19162967973655,9.077896123525717,3.4178775742890832,3.3730169645100836,4.5210565500704645,4.556042370417621
bent_forward_2.mp4,chair,bent_forward,642,160.44693542964782,146.13098145380303,127.3779486355535,129.70026109903418,103.1136220379781,107.43641663088832,0.8897047016908322,0.9485250777041163,37.52570057090659,9.195941151819552,2.9651975988641843,2.6221287908979565,3.9271828772033524,4.014641849140528
bent_forward_2.mp4,chair,bent_forward,648,157.1611451654442,144.56649426971748,128.07779381060809,129.13156688884916,102.21196316246153,105.76424435054207,0.7011827635533061,0.7533887620957197,39.12777719599462,8.444250783114624,2.7934507658736587,2.2232904910609195,3.89786115294155,3.9617531200310143
bent_forward_2.mp4,chair,bent_forward,654,150.738674852449,144.16455562220446,127.82202281848961,128.69454965894067,103.94380985566788,105.88328300902712,0.9792714880978652,1.3339352675636942,38.970750008970676,8.069930005073344,3.7283266528177084,3.731362702743402,5.52848397171576,5.666144333028647
bent_forward_2.mp4,chair,bent_forward,660,164.02788938773114,151.66044647428296,127.38162971466193,127.83201403776849,106.89388416736837,109.07098853363743,1.025347453909801,1.6521843974642894,36.577887882612295,7.33270309707384,5.5327014408674575,5.672521481883538,5.938541546147976,6.03055862014594
bent_forward_2.mp4,chair,bent_forward,666,161.7865022522373,155.30314423937187,129.08347280192328,129.07067366438852,112.08971847054251,115.17378273718232,1.425580806629134,2.1998163301651164,32.98096436912155,6.380310529895679,8.196174032596348,8.768064314481093,6.9379536922970875,6.882753233905645
bent_forward_2.mp4,chair,bent_forward,672,164.91984783254978,156.86259343830346,127.56456864160108,128.30424813301636,114.54737651105422,118.17469099162778,1.1418406509381904,1.7305447796048203,30.482163552537717,5.616013142115801,6.753518181117874,7.3712471499899985,5.067316336672836,5.013997177977588
bent_forward_2.mp4,chair,bent_forward,678,168.91239150279455,155.0193183361367,126.26784900711915,126.51022143623356,116.0673549954753,119.54683760896316,1.1859351293506317,2.149243675962214,28.134110405825336,5.952800637414181,7.3168381813351555,8.542101231901627,5.8909425774660376,5.676073971452307
bent_forward_2.mp4,chair,bent_forward,684,162.80220556738246,153.5960643590764,123.94863237999014,121.95011586630007,116.06031116924845,117.89422680539809,0.9160068283491293,1.6594902519757462,26.97793334253864,5.964449698306585,5.274032416896603,6.160271241654308,4.18156791787868,4.143467097596639
bent_forward_2.mp4,chair,bent_forward,690,162.6690636674635,152.9294828572611,123.61352115768737,122.29191467293826,116.85030468810888,119.21451398057175,0.7981811938030896,1.5190871232714755,26.191988390198368,5.9079510421966575,4.573174711550445,5.31591370131736,3.677712995011381,3.681238730583138
bent_forward_2.mp4,chair,bent_forward,696,162.44388723887923,154.31787312113437,122.87322874287672,123.14498595283202,116.72713301640749,120.1483534198132,0.6536645722797678,1.2530714489292314,25.89103879695782,5.305138077008914,4.256118552675361,4.651646692853227,3.32849431984751,3.388054524136909
bent_forward_2.mp4,chair,bent_forward,702,160.47578996898295,150.13891024287128,123.24219281443072,122.19569631903494,117.25497938155972,120.20357443400509,0.6789077332791639,1.2649797229208524,25.644736018533678,4.87124952203804,4.586584859687014,4.956800233252887,3.2403498624968092,3.264718218055468
bent_forward_2.mp4,chair,bent_forward,708,163.1683138373585,149.1424663725126,123.02399143958529,122.94178642208449,115.9449012721808,120.8818919387318,0.6756840916132654,1.5248301653637004,25.6457858115705,5.507554309359419,6.222547606148764,6.40880228479537,3.8414700147038507,3.779393188284125
bent_forward_2.mp4,chair,bent_forward,714,165.65538445290755,153.13621380737112,124.63838217409575,123.71069086611998,117.373568591052,121.40264710888482,0.5451859616056238,2.0410864474149597,25.66927691661745,5.255428410419516,6.008117222583842,6.843100688914998,3.4155313926467255,3.400028534585398
bent_forward_2.mp4,chair,bent_forward,720,165.7201514715125,155.07904377163575,125.14341559377401,123.39459437594877,119.77044936395747,122.7547328274395,0.45734880667361993,1.8212996245260653,25.210511238616483,4.605870688856858,5.753389749280165,6.393674126100721,2.9681853231121655,2.9442638121253424
bent_forward_2.mp4,chair,bent_forward,726,165.12115187725473,157.50410868502306,130.93587888327107,125.30590256351465,126.30703571361043,125.18037597174882,0.5913145150128878,1.7995215340319317,22.735190670269176,3.956188219869363,5.03405951877135,6.0557483993197465,2.5712379665945053,2.594473784868828
bent_forward_2.mp4,chair,bent_forward,732,163.2792134749865,156.33428293428878,136.10374563813457,125.19913546750576,128.13749354659788,124.37091548073876,0.6458541197154074,1.813159039894686,23.13115569558898,3.9141446628636487,4.217456230353755,5.355908512105207,2.3641340012812764,2.409080746136693
bent_forward_2.mp4,chair,bent_forward,738,163.74468384714731,156.85084009184553,127.40961465364443,123.3349539150745,120.41535343127514,121.16154382989897,0.5974175595378768,1.3700944538796613,24.414822268728848,4.3355723867333635,4.250992738886007,4.776560410633787,2.34143243505295,2.505262710747827
bent_forward_2.mp4,chair,bent_forward,744,174.94724386978584,161.69073776062444,125.34525094667394,123.63587103364394,112.18375158803111,117.44997083551864,0.7032404205683166,1.443028584190753,28.202030630276102,5.84619671626675,3.938772506427641,4.534622372968416,2.8025241491453943,2.7291638939074367
bent_forward_2.mp4,chair,bent_forward,750,164.23528786892604,154.6924428015325,128.64592602441587,125.94966795586164,109.03572303996435,113.5041658647392,0.6555739116772161,0.8711556858082029,31.214101925141453,8.448213411332054,4.4389866629605175,4.1465674018819545,3.5812236806370126,3.4584352848142133
bent_forward_2.mp4,chair,bent_forward,756,159.56115781555772,149.68966273589913,127.79552408079779,127.14475533888704,108.79242611773122,112.847996869124,0.6455280694660197,1.0748327753982296,33.21625556875796,7.474608838466332,4.2833486493952995,4.02850420695441,3.700303187221668,3.6410298734142144
bent_forward_2.mp4,chair,bent_forward,762,165.1638879848839,150.91559207444993,126.9664396897541,127.33599943435955,106.39939457374302,111.30093894902681,0.6154015250754742,0.9410777413972702,34.581771391458325,7.950021565265399,3.538759483327136,3.211346635967033,3.3541195087106876,3.296591453219989
bent_forward_2.mp4,chair,bent_forward,768,159.23426501531804,145.37914615167378,127.75998956259951,127.89210546929256,106.13919025651828,109.5818286126162,0.7285856752462807,1.0925060186038467,35.93676074587772,8.31789997238994,4.161094627429905,4.008140396481735,4.00853432055362,4.005644191416827
bent_forward_2.mp4,chair,bent_forward,774,158.40485309657603,142.4330693203734,126.98847305063241,127.7410826769755,105.75230076166592,109.90768041823205,0.7786989507405415,1.140380939923897,36.547737473145695,7.476146232651193,4.150197088211886,3.9834652809775446,4.235100534405645,4.2686809693993375
bent_forward_2.mp4,chair,bent_forward,780,159.56591673194902,142.9586423965864,128.2892332171779,127.91856463116818,107.72975322892147,110.02757592748578,0.7111555457494895,1.139016212796117,36.507383568968166,7.168341119054764,3.9545769976493457,3.774715669191014,4.238396256869245,4.283293436673558
bent_forward_2.mp4,chair,bent_forward,786,157.72272109731668,142.55569854071308,128.6889981112372,128.03619295720256,108.67248709440665,109.34859977406839,0.5694824665469022,1.279086199360017,36.42099791898055,7.267592051938221,4.316071955030284,4.299754038679818,4.79789856082398,4.9385557666626685
bent_forward_2.mp4,chair,bent_forward,792,156.91621571829168,141.89392907237905,128.0739257416904,128.2989519434802,108.15597385354556,109.17433676623864,0.7807453758089865,1.2530135426368503,36.601286774969424,7.213700182438343,4.136478141799258,4.109161354870455,4.68295953123747,4.89397079803051
bent_forward_2.mp4,chair,bent_forward,798,159.13295998504745,145.3879769766897,126.76536256142022,127.44502924667071,106.9735123998925,109.41273819157345,0.7260854705658694,1.1385715754872103,36.47748685142509,7.315593134323045,4.394971170873652,4.087977050491405,4.898153823743415,5.078376857443819
bent_forward_2.mp4,chair,bent_forward,804,158.4446030890309,146.23338495517567,126.51841570522997,127.1546053297152,107.38920063735405,109.46351838608976,1.6020975498596193,1.3949332163665673,35.56699489228589,7.548997954312888,5.112038678585413,4.887866017346803,6.559981512967666,6.788571635522972
bent_forward_2.mp4,chair,bent_forward,810,159.252026852573,147.41832746494882,125.59761797781061,126.07895259631856,107.04696066250379,110.31268129553662,1.5407199318419935,1.249092294985895,35.13073091667483,7.378291211868345,4.351272482142368,4.177049511653072,5.574563203090905,5.66950038939724
bent_forward_2.mp4,chair,bent_forward,816,156.57761885134107,149.42116506603963,126.66339446634562,125.71580331281004,107.41692554318212,110.33701921939983,2.0373196900875596,1.227408627025649,34.56360697070477,8.12087013672121,4.585391710124473,4.312061659902932,5.952294968865771,5.902299027619
bent_forward_2.mp4,chair,bent_forward,822,159.95235205144596,152.56028361846208,125.27946444282004,125.69641300257527,106.38303806803505,109.07996825804533,1.3191403523311633,1.3067931810230102,34.71816673192196,8.097888222764137,3.8972513533535347,3.7872945538059706,5.00972855917585,5.029741692137301
bent_forward_2.mp4,chair,bent_forward,828,151.5957183855558,145.67463125378524,126.19616799705096,125.92906803176876,105.83349427956236,109.4980294193507,1.672650258080294,1.0628577217064796,34.726232200730394,8.559043679960753,4.691245242449721,4.3942550080092,4.765357978256026,4.7737578767343445
bent_forward_2.mp4,chair,bent_forward,834,154.64859406505977,144.95799167403072,126.04104193184924,127.13162669796453,105.21418340760283,110.06682256104088,1.5772067007852852,1.1178062112685547,34.78441957558403,9.050433283668204,3.975362263274223,3.773685887481987,4.222047978741946,4.169714759595827
bent_forward_2.mp4,chair,bent_forward,840,156.2931117240446,145.88331589596208,127.90607228660133,129.20369470244572,105.55165846600181,110.11969547303693,1.690789541476403,1.3062353237858082,34.99114728643194,9.523958627307081,4.06826507037526,3.892666034701291,4.645947358443495,4.612595997633823
bent_forward_2.mp4,chair,bent_forward,846,160.41541324697857,149.88352000357904,128.46375152076516,128.63894872234638,103.46126228644027,108.88748197613167,1.8631660851079364,1.1869722010790096,35.10809244039937,10.944187207569248,3.836573319156855,3.64291680546849,4.522311528799834,4.451054906412545
bent_forward_2.mp4,chair,bent_forward,852,160.0931615128298,148.78010046105223,128.50538938145482,128.1180659158967,104.54203904061679,109.39213726338123,2.058388074106314,1.6494861262954064,34.294144725674386,10.887898352636038,5.098254764789469,5.30794738094399,5.680975593502327,5.555122358453618
bent_forward_2.mp4,chair,bent_forward,858,158.43645541503835,147.3448985638918,127.23299624408543,127.28167287368547,103.64337027771276,108.89958691064031,0.9992825514195277,1.2566029281572264,34.427479696548986,10.36872433332823,4.0937280555522655,3.971713088793727,4.237766614164811,4.198952245602043
bent_forward_2.mp4,chair,bent_forward,864,157.9385118530191,151.03021930308606,125.75584517260384,126.50615145404508,103.31288913444135,107.30582267908743,0.734855749216365,1.0135760277493162,35.10122588931398,10.693291894268931,3.4460732606912274,3.1149124641545627,3.6023158157061874,3.6544316824500123
bent_forward_2.mp4,chair,bent_forward,870,154.73299360379298,147.7495882949233,126.4521473409839,126.72847077023734,104.07664117188233,107.60454027592857,1.2361380342757242,1.0766642730988076,35.554778391988215,9.715651307690552,4.542270308740005,4.2848068590250366,4.748499255276776,4.875950313141138
bent_forward_2.mp4,chair,bent_forward,876,157.20393330219724,147.26481040000172,128.24054250298823,128.502880538578,104.41428498579045,106.92750705717596,1.0408543134276258,0.925608733053559,36.62142078371546,9.768760803464495,4.097557264209281,3.6436139274102723,4.575043400652768,4.778642507074344
bent_forward_2.mp4,chair,bent_forward,882,155.43771932046786,146.0434440840768,127.30090473817522,127.01136231853945,102.89298540655399,106.13561273782484,0.7977698464525401,0.945159558367012,37.40332714222185,9.258201727026336,3.3713112448377753,2.940668862814368,3.9493664251152163,4.09249235290049
bent_forward_2.mp4,chair,bent_forward,888,158.48439354717706,143.67561628541995,127.88110511385577,127.98470824480273,102.1662225865201,104.47122186506203,0.7869169584097964,0.9877829386260963,38.111717519236215,10.102324019021074,3.2314118183319747,2.8125293069132304,4.067530215819331,4.273062492147128
bent_forward_2.mp4,chair,bent_forward,894,151.62471956623622,145.4253400019875,125.93718736169284,125.09859778456612,102.05465343446339,102.22933993533927,0.8233913680798038,1.0510948934757367,38.33101999497561,10.335711819559275,3.2333616239352687,2.8493002020995553,4.492206518273657,4.733933768750799
bent_forward_2.mp4,chair,bent_forward,900,149.04681149804557,141.82278893882486,127.07149976100524,125.80937287101263,103.11865545228659,102.4245678536897,1.0452467826070004,1.293072225258786,37.63386294707128,10.521301227203326,3.940336723333584,3.6622933370383244,5.675319405266935,5.9479935365593795
bent_forward_3.mp4,chair,bent_forward,6,156.4179307013488,155.4781738335643,117.41070339733955,113.04124516148482,106.4796069776142,106.53937731417001,1.3982586022715358,2.3036277983381073,31.157809564412513,7.4704336397529945,8.34632491476102,9.14327976873459,6.465153534359674,6.698033072048785
bent_forward_3.mp4,chair,bent_forward,12,159.7293407405137,155.37987762939787,119.47631852188917,116.52987259088674,108.12681043376591,108.54950884537685,1.2269826708218214,2.07415250753402,31.08007341110643,7.101108943044412,7.549357437861773,8.191704265905786,5.576929597082449,5.979549584560499
bent_forward_3.mp4,chair,bent_forward,18,157.30001232554298,151.63009153467922,118.87990351434779,118.27587567326803,108.22050694572118,109.41774853906057,0.9974689654492428,1.5534242118462493,31.333366333185143,6.9434031211415075,6.730580469043177,6.926267488371158,4.601454661272891,4.971726691522711
bent_forward_3.mp4,chair,bent_forward,24,157.31471903043558,152.29970011466818,118.80316279354898,118.7188757938292,108.116742460335,109.24668213832145,0.7890079603631138,1.3101825636836806,31.332702826225553,7.079680489505766,6.184143522398735,6.23571827675851,4.078634408088153,4.416109912238542
bent_forward_3.mp4,chair,bent_forward,30,158.84179456865257,151.82206205057565,118.89822682934847,119.01519082579198,108.55576366047262,109.19124083864648,0.8777019600025692,1.67795250132345,31.1215792293036,7.110241801437637,6.707668959511766,7.106188548520605,4.422031520214797,4.808664018442683
bent_forward_3.mp4,chair,bent_forward,36,157.57080928210337,150.88753017297952,119.83348747744512,119.40104268799166,108.87961280941676,109.14785071954704,1.0016214195671251,1.577172101690936,31.24745046563186,7.262891533905622,7.51534109616762,7.8068840292216555,5.125113655290113,5.52542611084723
bent_forward_3.mp4,chair,bent_forward,42,158.5382554476894,151.16695624206372,119.76318366632104,118.682557889933,109.98085288740253,109.83171977350273,1.0968959248617554,1.6876256250383872,30.88047873548597,7.221829088128035,7.236387703911792,7.828566148209821,5.292538527532446,5.703214626243161
bent_forward_3.mp4,chair,bent_forward,48,156.52031593578934,149.9581228244637,120.2548910521685,118.45725043599744,111.46786813175652,110.5380344229073,1.1548735215683599,1.9457715463823853,30.100685371820447,7.038164370174476,7.078795894506642,7.831181929408601,5.2838135812693485,5.7756000001569
bent_forward_3.mp4,chair,bent_forward,54,159.19737261748253,150.81013426315502,119.52188322141099,117.68523214216366,111.7657260150006,111.10378596180674,1.2671407556832028,2.193750920283071,29.608512671709914,6.68619045819769,7.6345245684955945,8.510124958132229,5.658961140081723,6.130154814455036
bent_forward_3.mp4,chair,bent_forward,60,158.6170831464123,149.021541274232,119.04076418484226,115.76569460749022,112.49189844473841,111.3688755743133,1.4050627387830654,2.423700071253148,28.39009802057599,6.786764865915285,7.4740213255703765,8.746848741070295,5.4538973447208585,5.963053421344376
bent_forward_3.mp4,chair,bent_forward,66,157.30828579753592,147.65507780451193,118.70561980487737,115.56322158279346,112.9171509720629,111.7342304949516,1.2777147898942731,2.2435022971030434,27.60927075853887,6.881097175799679,6.733548482390287,7.86215228620024,4.993641654510029,5.45222731380585
bent_forward_3.mp4,chair,bent_forward,72,158.279607943948,148.0353315706311,118.62166961487824,114.74642865564232,113.02936408317534,111.38754627665776,1.2471271696152277,2.265210131644751,27.538648679662604,6.810473160578896,6.482830022997966,7.785224737317013,4.881530232236717,5.346818479384315
bent_forward_3.mp4,chair,bent_forward,78,158.76412120129243,150.03856407481643,121.3680980126891,116.48135951035415,112.03826604343624,111.55172149516424,1.129738905932746,2.0061238354533897,28.205392722382875,7.093185469168914,5.838253943650498,6.962637800154079,4.626325086358653,4.899181320241793
bent_forward_3.mp4,chair,bent_forward,84,159.85112844426098,149.04858769423083,121.98431441488461,118.80010222441952,112.08608409460857,112.39794536541677,1.0260321454305934,1.8594487414295713,28.834171553791748,7.080082182445906,6.541659229210473,7.250494713958446,5.194644145281849,5.5067136161188
bent_forward_3.mp4,chair,bent_forward,90,157.0808565386802,150.34294245500013,122.12349732837374,118.84859166458445,111.04044243098123,111.18005746492976,0.8876749402199927,1.7088184891475384,29.082887310659803,7.650088201665418,5.62739318676161,6.224286453403799,4.715630106598711,4.9383160044216154
bent_forward_3.mp4,chair,bent_forward,96,159.44386024841052,151.86686683541183,121.94952288192057,118.91187434984984,111.89314572891449,111.82747430990585,0.9661560590427737,1.4558425146465104,28.123909939142333,7.82879870801939,5.017535373317855,5.653985492942427,4.201788332275868,4.42318608320385
bent_forward_3.mp4,chair,bent_forward,102,156.73744225501508,151.24257370107483,122.36459716677501,118.88199988437059,111.91464937711652,112.59684125474759,1.00902715532641,1.6454525779528706,27.83370685192301,8.063682337100474,5.253896231020911,6.0142853565099115,4.383751582369562,4.511683499681367
bent_forward_3.mp4,chair,bent_forward,108,159.62607074297892,149.46931224421436,121.53712574716988,117.743232493422,112.42989418618214,112.37999043875823,0.8012654928281668,1.6223040927247614,27.518557143390268,7.650362875129406,5.959703947445591,6.680539067222582,4.556620369435626,4.785181135017772
bent_forward_3.mp4,chair,bent_forward,114,159.4397584061246,149.28408956819072,120.85795104327364,116.87173605054925,111.82074095287385,111.95533313765033,1.0249304602177587,1.7668644214490268,27.3300659932712,7.566858713415217,6.061365646452656,6.906006155980893,4.577876729684397,4.906869746596349
bent_forward_3.mp4,chair,bent_forward,120,157.3965605284136,144.71690981021285,120.79396912910806,118.06915735241219,112.562727687504,113.28367247201572,1.0413976559257443,2.0363553466679036,27.06461588583109,7.537154552870505,5.50128966581848,6.357958646385818,4.642096252106708,4.95637484456564
bent_forward_3.mp4,chair,bent_forward,126,156.8306456279697,146.30113857904442,119.438240830826,117.64178762199498,112.41693638398569,113.41588685554231,0.6977270311148941,1.9329484754469641,27.163764973799225,7.413854667907909,5.5896408367545325,6.24944011517449,4.500331451655592,4.720514446726841
bent_forward_3.mp4,chair,bent_forward,132,154.64212001510404,146.05742350517713,119.60482824841908,117.0012213997621,113.20041100963644,113.09531109317228,0.7423185404338649,1.7877371409439253,26.903244607303908,7.236013211589027,5.806439578311659,6.298660983522877,4.385301171720316,4.767058498263171
bent_forward_3.mp4,chair,bent_forward,138,149.86913329577985,143.43098790743852,118.10554034142453,116.45511771228837,112.49848621408951,113.35171630961798,0.75090245055422,1.6400851131899163,26.791218800583117,6.72928765529173,5.752117484872679,6.081849480059984,4.212461024271351,4.611940865379999
bent_forward_3.mp4,chair,bent_forward,144,152.75635783498427,145.95303072638455,118.67123521081174,116.30690775918863,112.44047999249214,113.04248586759148,0.7391976201316122,1.8335342191789497,27.342592376513593,6.698751787698222,6.206010550044273,6.619896986497724,4.498302654627631,4.854081462219371
bent_forward_3.mp4,chair,bent_forward,150,154.86363238650816,147.08454409859462,119.0147830325957,117.25200173758529,112.04231018439428,113.4187132550321,0.7379630933982769,1.7595381046827627,27.42310898777885,7.127826567527111,5.927121850251269,6.229157981592288,4.450986555710028,4.720090818455659
bent_forward_3.mp4,chair,bent_forward,156,155.29621940943363,148.47398589938982,120.01459876743175,117.34802446738969,112.50837027527096,113.38121689306561,0.7573103797085491,1.5219081296568842,27.66271261770918,7.1477515455349625,5.497753119092773,5.542406323068948,4.215539645631403,4.498865062188598
bent_forward_3.mp4,chair,bent_forward,162,150.76715895656494,146.05804872796278,120.45525125082288,117.5241053927146,111.58727785794208,113.04794750521675,0.8365008502826864,1.5432547148234887,27.502316207508063,7.845094078790932,5.690115777621111,5.791518303073584,4.45997037907759,4.694222359811725
bent_forward_3.mp4,chair,bent_forward,168,153.319872527926,145.65541285679433,119.76913402646666,116.53480417456062,111.45859663364304,111.76658385907021,1.3130253056082166,2.16535526884556,27.754480462966566,7.827091632862868,7.737534417478766,8.592858464655391,6.334546975735807,6.728185412232611
bent_forward_3.mp4,chair,bent_forward,174,148.3282094882357,137.82967321934316,118.57685995063142,116.36927843587269,111.24278354702592,111.22863751678113,1.083409644829648,2.190895589517818,27.80366680781931,7.998619322487993,6.609157172834197,8.037648687834734,5.305770874849277,5.65724056105148
bent_forward_3.mp4,chair,bent_forward,180,143.60465185552525,135.71561962127078,116.96597279313215,115.51683692697388,113.11029792827634,112.88140755269859,0.932054307719425,1.9253600673277587,26.743524563952615,6.849535519856924,7.202838099225842,8.306811146851174,5.1808401516123865,5.620297595690174
bent_forward_3.mp4,chair,bent_forward,186,155.67651186749964,140.0239242222377,117.98426523685309,116.04023985780691,115.00520181555807,115.38386462585551,0.9036105578705719,2.0000658616470215,24.773901843890158,6.780572642238374,7.699212890984579,8.827323022112653,5.028015372373052,5.282752862590114
bent_forward_3.mp4,chair,bent_forward,192,161.31495466149138,154.0626684730157,116.19138287973963,113.4683954756393,115.75049523435752,117.33105015998656,1.3517528277339925,2.933303081269566,23.076301270761032,6.202104269156706,9.15993101281178,10.833648055733539,5.0605109878446415,5.1320695690894444
bent_forward_3.mp4,chair,bent_forward,198,161.99198645111338,159.1580449190013,117.03374588774815,112.71103946339396,119.70483623128169,119.96616647936634,1.6092287326529282,2.7931837364784946,21.266937115844858,5.165496424635213,11.965195050699194,13.335879754252856,5.109287283163619,5.157593144793978
bent_forward_3.mp4,chair,bent_forward,204,161.25257487883607,156.72268662181236,119.28868991364745,113.91115374628032,120.76827485998653,121.26520347557867,1.2400038181913118,2.264215499623369,20.64218460088388,5.396420419852581,9.080761205288272,9.964649690157637,3.912496107432673,3.8995344235038565
bent_forward_3.mp4,chair,bent_forward,210,153.5637420993533,153.38306457929136,116.50828111458654,113.2350394200617,117.09029017496958,119.26707917522812,1.2434875378658308,3.5445849550076964,21.07314349544202,5.78836463270867,5.533822854002652,7.9195013175359605,3.3716765675126745,3.4936880487686524
bent_forward_3.mp4,chair,bent_forward,216,164.76885837937297,157.02973471512536,116.44470459099323,113.71986356313734,113.58200182341072,115.75389603303606,0.9182082849519844,1.6995340170033992,24.395796956465954,6.276382948480892,5.094005377963121,5.834716365741119,3.240903355426419,3.306139867215874
bent_forward_3.mp4,chair,bent_forward,222,169.3648346683298,163.49589624737138,120.74752839692643,116.00430468638328,109.75443290878509,113.00180943514115,0.8102853370409446,1.177847603171224,27.716484327553744,6.730484571399157,4.274685629951749,4.512565380651975,3.0403429021161523,3.105457933734414
bent_forward_3.mp4,chair,bent_forward,228,170.2670873953435,158.79220174594641,121.13902267371853,118.1809594538576,106.91209321490697,110.86056859093468,0.7729753598278156,1.1582297683881646,30.26751739753455,7.461262478050859,4.1062310610384944,4.039257519420492,3.5640053009120196,3.739887301287754
bent_forward_3.mp4,chair,bent_forward,234,160.0368410606122,154.55537190273506,121.67815947583979,118.42862284535954,108.94054225219696,111.0453102282513,1.0328872228414523,1.6888726389062478,30.01010310997102,7.60111079337478,5.045223159159577,5.60613301493854,4.8050381933699065,5.019169044895966
bent_forward_3.mp4,chair,bent_forward,240,157.1576668727263,153.12001286676582,122.76406540730648,118.77697490109041,114.25007365453672,114.34421196217336,1.0050192265254252,1.5237195426909362,27.82244244195212,6.43878977978241,5.782581191733377,6.329701638801325,4.748696609503888,5.036718405031357
bent_forward_3.mp4,chair,bent_forward,246,158.84371401271403,154.8662171607989,121.50083364101839,114.31395863066157,119.58868716897686,116.77035360598506,0.5246425667176012,1.3357380813399442,23.90220917368066,5.379654703543048,3.6816025959166057,4.79193011757303,2.671622180455085,2.8228403445896117
bent_forward_3.mp4,chair,bent_forward,252,163.83975556745997,156.5353376573689,119.8297579120914,111.97530489656457,121.22097668274783,117.4375756296521,0.5815183544962951,1.8595978404907554,22.48959233546698,4.4201692983150975,4.118132255184078,5.776553474677608,2.2250163276698434,2.4261851986696383
bent_forward_3.mp4,chair,bent_forward,258,168.56245600488472,157.99418110312945,117.79898717156225,111.87666680497678,119.88535628089657,118.89982206157953,0.8502562837116808,2.2355913089537838,21.763654728932675,4.441141532293371,5.852178498313508,7.366607751032076,2.765724112759757,2.859665322544845
bent_forward_3.mp4,chair,bent_forward,264,164.19900997666952,155.92882564451122,116.85750896208363,112.08893357718253,118.9250497645643,118.61541364113968,0.9326564147261324,1.937915317269129,21.865203962747465,4.711870800242519,5.617250351574753,6.9189990020945515,2.857672609815296,2.9120446787280567
bent_forward_3.mp4,chair,bent_forward,270,161.55082039830629,157.2098568827437,116.92761724231315,111.61211820124727,113.22370084426215,114.68659840997032,0.878746201290105,1.8875340223171626,24.06314626849733,5.609665687979882,4.246549380146669,5.8242964391260665,2.9043102633882643,2.9138409154583176
bent_forward_3.mp4,chair,bent_forward,276,168.71124694493776,162.19865362661406,122.96309526524094,111.83938562731717,108.75386018161849,109.84677326144212,1.0734603085399075,1.468661049202164,28.079281650390012,6.981441064448838,3.583462361009115,4.593221829436131,2.8535455418889955,2.889112060042198
bent_forward_3.mp4,chair,bent_forward,282,168.20374473134763,166.22856968562184,123.59045799300428,119.06016899062577,104.87238168739428,106.79463505415747,1.216579682745745,1.5251718174698614,32.69801460615385,8.280880101811748,5.146336311691916,6.01995943221603,4.861727972240943,4.911527111525068
bent_forward_3.mp4,chair,bent_forward,288,160.69343044227986,156.54017099793313,122.95350063827134,119.19324033044637,100.66756745444928,102.27734787818834,1.4893247306970907,1.606893909653904,36.30125956130629,8.786452632717824,6.18230669690285,6.408978985379643,6.579072398189587,6.792717513791187
bent_forward_3.mp4,chair,bent_forward,294,159.84411204952997,152.70523504465947,124.57841966714142,122.5837270362766,99.7963438104987,100.88929350618939,1.1971455392530872,1.6459288078162306,39.92590105263764,9.174724047891202,5.070805754728835,5.074059868038885,6.249539695471847,6.555611444801357
bent_forward_3.mp4,chair,bent_forward,300,162.92836533603156,152.90655852997386,127.07617491703455,125.1372416962488,99.8706133937641,99.93359559672572,1.167228644573347,1.400313264526934,42.03427482302867,8.908238643145502,5.136164463180841,4.873880860860922,6.588068685475171,6.9612787160689065
bent_forward_3.mp4,chair,bent_forward,306,162.2617050047966,153.88114060900668,129.28061666046293,126.17377047058964,101.82765573372039,101.62970130686858,1.1883479594746902,1.334987617440258,41.98964099475525,8.350138458046692,4.926571360311192,4.810507882652114,7.074315173492403,7.156582920583223
bent_forward_3.mp4,chair,bent_forward,312,161.76555339927512,153.6592647558801,128.50540038029675,126.2396821054978,102.03612084474646,102.11732318760478,1.3240979983284455,1.4944924779765594,41.38091545160423,8.648286407144655,5.27809515547472,5.239298260034091,7.5807683005573745,7.680324786269869
bent_forward_3.mp4,chair,bent_forward,318,161.57608617900632,155.74821126601927,127.78688001995985,126.55728206801487,103.41350027419722,104.83166451497634,1.1860152255205054,1.7297651002456074,39.74633966201882,8.240883511663705,4.559469620331442,4.984867871239482,6.2616460225417425,6.247523273427395
bent_forward_3.mp4,chair,bent_forward,324,162.21269034598163,154.49529796444014,123.06866181725249,123.72734618840458,107.52543109460738,109.41523348252784,0.8276784006147816,1.8188263245326945,35.452779812337724,6.261250724273522,5.097596570429796,5.507919580031555,5.5735435740702295,5.695585456960549
bent_forward_3.mp4,chair,bent_forward,330,169.95887340298265,160.4848911489472,122.62202445200542,121.19722268811947,112.10529415570656,112.8235814022916,1.1629682421080005,2.213870457256632,31.195655943204294,5.572230272952299,7.561409138257402,8.36928910126252,6.2557517347468465,6.434519594721252
bent_forward_3.mp4,chair,bent_forward,336,171.01238949128404,144.97315047867085,120.1481249723274,115.48184946131803,115.1740299946747,114.74213229040622,1.3640955411409539,3.027005760901802,27.349859357252807,4.938060190987613,10.676943676318492,12.173487315872277,6.813800198210879,7.08325698192136
bent_forward_3.mp4,chair,bent_forward,342,162.44145065305605,154.36703799511895,118.46741858955141,114.13896489184343,116.39930420673977,117.68354002489718,1.1529461808309296,2.2357883343408904,24.518951697867656,4.585471504310092,8.299916493317001,9.719047803857082,4.768838123452313,4.596695610879026
bent_forward_3.mp4,chair,bent_forward,348,165.79842414947342,154.57102297596344,117.20361036215702,111.67240732916969,117.19897807790144,117.47866655891293,1.3052680233323835,2.256512550258947,23.061533100770507,4.1643738532095735,7.919403685673881,9.300938644446948,4.242274208459283,4.2576791172165
bent_forward_3.mp4,chair,bent_forward,354,160.4671650061373,153.05666145640063,116.98837478751474,111.3879728773333,115.77791673817117,116.82963409343662,1.303219654484673,1.888874443370509,23.855255419913778,4.450121686822276,8.243067933277953,8.88950049419455,4.257419945926219,4.2193594207978355
bent_forward_3.mp4,chair,bent_forward,360,160.17277339632412,153.47591808550553,117.45143783373122,112.44914088077577,114.48345984848721,116.61124203125205,1.4113700536573848,1.3814282782585547,25.55979475021966,4.047063108013679,9.165774947352688,8.882124942641212,5.266129694596189,5.172933617204972
bent_forward_3.mp4,chair,bent_forward,366,164.82907340272808,155.44340518852326,122.8131288467638,118.83222565205295,111.28678560713841,114.00644544990624,0.5300943953303695,1.2100808582779,30.382652092097125,4.979213245319188,4.692781851312541,4.6322908654027835,3.717573934063442,3.800593166079936
bent_forward_3.mp4,chair,bent_forward,372,167.00014799323912,156.3749299925462,125.47777530858508,123.65397967003166,105.95096605807332,108.63234595750974,0.6852735736634378,1.1519694092056387,35.84259233427663,7.057861171954466,4.12171751325901,4.122139141774957,4.710505963811951,4.823501428264165
bent_forward_3.mp4,chair,bent_forward,378,170.58845924635688,156.45180524698554,124.73394017563149,124.24870505644971,101.99326082982725,103.71582237286835,1.195983569328143,1.2927933909863218,38.66073186713723,8.124612007659003,3.8588469041239963,3.929760238951466,5.369424768803875,5.51273484278532
bent_forward_3.mp4,chair,bent_forward,384,169.95822502151415,156.13500886860538,124.94344826385338,124.33865244177642,101.07012796008509,102.60788952236126,1.035538064840313,1.2228663013324979,39.64240239726299,8.134682430232948,4.387163914632825,4.153419391469664,6.074076067733651,6.309280269024541
bent_forward_3.mp4,chair,bent_forward,390,167.7489995697052,155.32223664500083,125.24163874875798,124.327635243171,101.25368236983694,102.06073088050712,0.9148633706240702,1.2296230472612515,39.93118021440411,8.166642595964989,4.375707400118425,4.23302148036204,6.416116388971449,6.716500009370545
bent_forward_3.mp4,chair,bent_forward,396,166.7162247969854,154.20812865854904,126.01663196014952,124.27053888278648,102.37943588985631,101.87800936755731,0.7222241089614417,1.2705148536362605,40.03622018650242,8.072810557277304,4.087764501091893,4.1015110202038585,6.021069591269748,6.385454233025115
bent_forward_3.mp4,chair,bent_forward,402,168.4141607574759,156.52277986875268,124.59046366358322,123.2830884590195,101.74914189777012,101.32467064163814,0.8287715722692075,1.2782592420158383,39.60629410411214,8.085778498758447,4.248674443268619,4.10972930972437,6.235412593980115,6.5159467884767635
bent_forward_3.mp4,chair,bent_forward,408,168.6324797963136,157.62642968219916,124.12873298278518,121.51257029806075,102.58801620413242,102.45253570742344,0.8472859064711645,1.193582631826184,38.54446998321772,7.81126601598294,4.24010968206666,4.065416599216254,5.874668030777154,6.07496692256284
bent_forward_3.mp4,chair,bent_forward,414,165.32091995399318,154.38014346857716,122.98543702446737,120.36434378650249,102.58296467788138,102.8787386186152,1.1583063533791584,1.1106061616648129,37.79194786596166,7.787666565106938,4.246584436382722,4.1758867705035945,5.556222822161365,5.710711339601388
bent_forward_3.mp4,chair,bent_forward,420,165.47656473985074,155.5291607512499,121.9676988289783,119.26291940397627,101.39039029795306,103.46611540600895,1.3518895577324546,1.7960234627965246,36.96610800863607,8.019090214114598,5.786613996253744,6.136921649783433,6.451140033998775,6.472517765019123
bent_forward_3.mp4,chair,bent_forward,426,164.23930904561405,156.70778451772063,120.85781888630997,119.07781635357202,103.15876893513067,106.17124980358122,1.0947772959344886,1.472252666626988,34.979948875670566,7.599931576025747,5.355378934109703,5.441354408623137,5.066601125413122,5.144467254608626
bent_forward_3.mp4,chair,bent_forward,432,170.41159443294382,157.8766162746169,121.6835963441087,120.0239983062088,107.12586668743037,108.5378421661791,1.4661375202918678,1.722145774632283,33.16152907750239,7.3974745259066665,7.3837969780822,7.74898343525249,6.430882917614021,6.645224981909962
bent_forward_3.mp4,chair,bent_forward,438,167.41863287091314,153.83584391690763,119.59859648065864,118.15312905645392,107.83417126604522,109.54608819037774,1.1965987667205646,1.570655965808255,31.450705730661696,7.056450020345589,6.38294660964696,6.787914195459247,5.1718996678533875,5.279957709013053
bent_forward_3.mp4,chair,bent_forward,444,166.08101122803484,156.4474136800708,120.53033988813915,118.37824832203921,111.27296811620134,111.7961436387647,1.452324779466989,2.7426171693651864,29.281583039339765,7.2192484121906375,7.9720115728853695,9.401315333960982,6.08805524986593,6.23749923125507
bent_forward_3.mp4,chair,bent_forward,450,168.10689843931755,152.2944648564281,122.60948758929008,117.6840587091052,113.60310084719787,115.70512684163774,1.001885288363302,1.8157973879891276,26.68952962474719,6.4574426396637605,5.762046707092614,6.507443912491814,3.8085469095870397,3.760842392611183
bent_forward_3.mp4,chair,bent_forward,456,168.15987381473613,161.6185685938636,121.92266609318656,114.78469475950126,117.23360633165984,117.63178186207297,0.756750254512254,1.841017852772996,23.449572370587454,5.651537466086711,5.366289264474513,6.459808793653595,2.930571046358732,2.920931691569214
bent_forward_3.mp4,chair,bent_forward,462,163.69245329407016,162.06197315820586,119.39109435669793,113.68732047125309,118.40462036070913,119.52624803345505,1.5818048540327174,2.292722718219951,21.54465929599165,5.467344943439846,7.622589293890434,9.012833612368553,3.43608259829399,3.328637216344097
bent_forward_3.mp4,chair,bent_forward,468,164.02935575130982,166.48077331407677,118.62418499731122,112.36299007085505,117.36124244219552,118.90689156664547,2.11874219404365,2.532382705098556,21.48003264866858,5.461460296139554,8.471895222047461,10.550008480623504,3.720900185656088,3.499669366086499
bent_forward_3.mp4,chair,bent_forward,474,163.52950442951857,161.94520413679405,116.1985879230302,110.85190371380646,120.98219725763991,120.46067523222256,0.7554610481428677,1.8940752659523643,19.468979797767265,4.259674828514661,5.292664576525098,6.440290392525297,2.1590649456684083,2.1345850432820135
bent_forward_3.mp4,chair,bent_forward,480,155.9561792919861,155.89998495375076,117.43664278839385,110.88562030764791,124.09247235712176,121.74904690388762,0.624407036561889,2.2553797871447303,18.06782920480484,4.068203906233511,5.442902850458052,7.190968552213087,2.4194016196722496,2.42716284194398
bent_forward_3.mp4,chair,bent_forward,486,161.03374616735707,153.4408405269661,116.78089307419904,109.0659430693709,123.1799166392481,121.4957732934035,0.5691566326309591,2.724231340389059,17.595090905152208,4.140095270563542,4.99708168299223,7.316174601940956,2.469981148971743,2.33094848362314
bent_forward_3.mp4,chair,bent_forward,492,91.9020628512845,154.8506065923959,118.17190704244945,109.23077723869515,124.3270745326258,122.1115599228777,0.7218256400578971,6.142744677570718,16.581341815580156,5.060855273974938,0.2727523139964957,5.1354330644936494,1.6678030668742512,1.5412880626924663
bent_forward_3.mp4,chair,bent_forward,498,66.69970541668089,156.09696414344958,117.73168144290551,109.28806532269535,125.50160254540005,122.63178057514546,0.5516488678255564,5.105567962261998,15.929933266962266,4.969765104210472,0.3056680023926181,4.029716392471065,1.2492665182189973,1.2316719220494792
bent_forward_3.mp4,chair,bent_forward,504,158.90782038926696,157.35793210007176,120.1859732168136,112.12157679589414,125.37717234041111,123.45176481697662,0.5107022550919311,2.1346940133004453,17.48025386234092,4.7890124149559465,3.07678316872794,4.715302126827674,1.7124267021309874,1.7020685407684513
bent_forward_3.mp4,chair,bent_forward,510,161.62021219572267,156.95951077863074,122.97993094715876,115.56061567726113,123.31587978040307,123.73785976615817,0.7497016569095699,1.954387033956239,20.459911602903805,4.310366716347394,4.73305472733913,5.800989710020826,2.652433976656212,2.498653445783141
bent_forward_3.mp4,chair,bent_forward,516,163.02007029256882,158.6121383365315,119.9006962216906,114.92794089755479,119.61772987489296,120.94006242439617,1.0056116388274607,1.6647632827103902,22.183091901700532,4.7169234869735,5.729467107107638,6.349255696427133,3.209415175524411,3.1594297283344988
bent_forward_3.mp4,chair,bent_forward,522,162.3792753277472,156.0995483393701,121.8970550119411,115.64429905656166,117.84483645423657,119.7562862639872,1.005623020038212,1.476440472088692,23.0819548051886,4.578786759345884,4.940653671735684,5.5559533209064025,2.895134667567551,2.9494126663496867
bent_forward_3.mp4,chair,bent_forward,528,168.18527863324596,157.2617363898771,121.9935110379911,117.00870027489462,116.92301825172618,119.52657095691488,0.7630980999262573,1.377144675598706,24.869005240764867,4.235234166080367,5.625801474175405,5.85949277666231,3.388510788372977,3.3480181154333106
bent_forward_3.mp4,chair,bent_forward,534,171.30142444864197,160.8916121415052,121.49123445935115,116.24322766974335,115.7795465569375,117.62924937685779,0.8151346356009039,1.5768275646715333,26.166520211330383,4.325289000983762,6.275294734967579,6.599986343394398,4.061320701374419,4.058986774635352
bent_forward_3.mp4,chair,bent_forward,540,169.31815000035496,160.52171415730504,122.06159447118206,116.52270994679444,114.78814976262841,115.58617156447566,0.7592676474378266,1.208464837485353,27.72091331585077,4.714425264191696,5.934862656385773,5.949527827362305,4.212552516489332,4.341337962720644
bent_forward_3.mp4,chair,bent_forward,546,166.29675424840718,162.1479210351314,121.9996626818408,116.36463192306806,112.09951015273079,113.12356346198742,0.8248956118707882,1.4765638596525756,28.796345399248498,5.789652176195552,7.545459810112569,7.796219034688069,6.23650833506436,6.334285518637082
bent_forward_3.mp4,chair,bent_forward,552,162.64774541241226,160.01158411132258,121.81824241036283,118.34498664271716,110.01055966965153,110.9551660790512,1.051622574272281,1.3035776009735247,30.397367580266682,6.511152549212316,6.414766122675236,6.802238371195849,5.876487972138137,5.986999419829337
bent_forward_3.mp4,chair,bent_forward,558,160.12727306026773,159.57990932735436,123.37201497816342,120.40094300449125,109.3510990797872,109.11914932633229,0.92913428202841,1.2377705498093923,31.997565106977184,7.085027458420767,5.309801898203254,5.352162904181995,5.042972596338967,5.341815568643019
bent_forward_3.mp4,chair,bent_forward,564,161.88088117311926,157.02873042159206,122.21491590049406,119.8364399118584,107.74814350119995,108.1845779927222,0.997037711135012,1.4614907156134096,32.86167970361582,7.22819555129476,6.274000519608034,6.276552536931433,5.861201777830116,6.1971875639848495
bent_forward_3.mp4,chair,bent_forward,570,162.49383934342507,157.48236391246897,121.94213361055101,119.61877873197206,107.02811674399102,107.94942649587928,1.246459618998431,1.7696254780836205,33.10351354969141,7.6014741343192735,6.582953454181075,6.733030266084217,6.331123802065497,6.630510174477738
bent_forward_3.mp4,chair,bent_forward,576,164.45433538551163,156.65293859632698,121.32089253471689,119.3269994107754,107.12874224797517,107.96079955845116,1.269364574449772,1.7470330262596143,32.85997670841374,7.565593123650918,6.208656792403878,6.4182157399314015,5.814237641964138,6.122552129495197
bent_forward_3.mp4,chair,bent_forward,582,161.78689821016064,156.92037715768754,121.08924612749912,119.87714623381136,107.8866321830635,109.92475533961809,1.1951057564355752,1.827879631394697,32.31804570772014,6.951662450614821,6.243911713766965,6.577134879830703,5.7350663314682695,5.856715960022167
bent_forward_3.mp4,chair,bent_forward,588,160.09122256038117,157.77113709958093,122.21609238553636,120.97204728474334,108.7902090599291,109.99928491112583,0.9831782257382526,1.4804815439556482,32.25580031014128,7.3157829801085335,6.06470905810058,6.144468226764843,5.460046195844223,5.586932810250604
bent_forward_3.mp4,chair,bent_forward,594,161.9888193987764,158.17166110446905,121.73727920860969,119.90264619075766,108.835079143977,110.31938828619869,0.8733099932937887,1.3789008380233645,31.818244568339267,7.160688967301538,5.301744738746483,5.323940553005036,4.685028970457747,4.75537212418572
bent_forward_3.mp4,chair,bent_forward,600,163.67817540124233,158.18429365325548,121.735316600226,119.82941490078018,109.44171051291931,110.48147692515192,0.9930858359264859,1.6460903931616206,31.352773866821497,7.273040868099518,5.916562429075115,6.125658091563454,5.081875672426512,5.223766866279735
bent_forward_3.mp4,chair,bent_forward,606,167.39462808441974,158.56312701797444,122.28025040834332,120.28203772464805,110.05600050394136,111.1649053481795,0.757900359011916,1.2472982441268954,30.85129586279829,7.414872896323384,4.963933007835374,4.8623383502264845,4.195139180377211,4.340375526873386
bent_forward_3.mp4,chair,bent_forward,612,164.7302809736073,161.83413460439243,122.34760947754658,120.5412738331717,110.94549886861928,112.00860978677557,1.1612815687499567,1.7211111712591434,30.071571282951574,7.291033402130552,7.004454642356243,7.11158385661067,6.2111834385583755,6.380408477451087
bent_forward_3.mp4,chair,bent_forward,618,164.90975129841334,162.451415435123,121.64332504188538,119.33759089467583,110.90491987243585,111.65280775438207,1.1473820650665443,1.5457647466184343,29.419759823182744,7.355743634372823,6.46450375261183,6.590238795802156,5.585977736691342,5.814049394714665
bent_forward_3.mp4,chair,bent_forward,624,165.889979026138,164.61873062376125,121.95669490631452,119.62918015743543,109.89340519652605,110.83916615138133,0.9339089459513542,1.50367605953606,29.282256429100062,7.880050932900259,6.522244372768894,6.852202719779414,5.654513318803211,6.021147334949683
bent_forward_3.mp4,chair,bent_forward,630,166.72583475641216,165.05584232774063,122.43418386336914,119.38753322879757,109.20407678199552,110.57333564408631,0.965075201367387,1.5514739290334438,29.78499298708021,7.625319351935968,5.567541164851005,6.047886881045829,5.224574230661527,5.470059551958425
bent_forward_3.mp4,chair,bent_forward,636,170.65882693021285,164.943762915565,122.6461859295596,119.82418745075653,109.90013910795928,110.7094932760189,0.9003611721970775,1.3812463238669572,30.471695980186464,7.5134406927874675,4.5322787370062745,4.73784143063884,4.442490517736778,4.630120823982848
bent_forward_3.mp4,chair,bent_forward,642,169.2108264364347,164.35442875676796,123.06902650886701,120.04542368370802,110.30930696874026,110.79473316455588,0.9429689178958932,1.3898277544140802,30.667023540568554,7.4236029367308705,4.838048990788456,4.915296320762214,4.745719645719809,4.975682170497119
bent_forward_3.mp4,chair,bent_forward,648,169.90391512633715,164.09134046654154,122.57783467255805,120.07157382800128,109.93538106418531,110.82814690544767,0.9996491574961456,1.213415719317959,30.824813954456346,7.424352282044432,4.69870544408474,4.674724811219888,4.636176531455042,4.837318109315342
bent_forward_3.mp4,chair,bent_forward,654,171.4367164167298,165.4529949936262,122.57303015414539,120.29457313885456,109.39744547852159,110.72652353331124,0.9906000632395076,1.1520266579103997,31.309817796544145,7.361896431844975,4.649817462516904,4.436635458471204,4.635886529615117,4.824310380737819
bent_forward_3.mp4,chair,bent_forward,660,171.247359205889,164.62816846183102,122.61195188846979,121.96541157054082,109.17038718743288,110.35582082689331,0.7824226791792688,1.183465890900201,31.705485145852823,7.3052857939219615,3.8186595291966987,3.6777197772148322,3.9631724548292326,4.1807487421719385
bent_forward_3.mp4,chair,bent_forward,666,170.838999997668,165.0661490169948,122.51612947874335,121.38105039755082,109.03552879283195,110.4684832424161,0.6936491346949349,1.120231455023535,31.6367559611605,7.3231797216295,4.0594457741433105,3.784102153563497,3.9286390228846515,4.115296126241242
bent_forward_3.mp4,chair,bent_forward,672,167.8488628973513,164.4207867091029,122.9477723724011,121.38820224110466,110.94565209722856,112.3431652344609,1.1191355404234828,1.641165006583798,30.310131921644356,7.133720190418463,5.955451656220052,5.8455236999227695,5.566823303607859,5.682778334215929
bent_forward_3.mp4,chair,bent_forward,678,168.9097703173936,163.40942462299154,123.08735555957257,120.765625862964,112.8118314582694,114.09229061666493,1.3522128089692986,2.194922041768202,28.846458651826115,6.805825101940794,7.261955892763085,7.899860264483422,6.062924710613213,6.089464394422688
bent_forward_3.mp4,chair,bent_forward,684,178.38462353141145,166.52439070224335,122.73315426826099,120.87479633916989,114.39890611334245,116.76661301961444,1.1172054695257065,1.5037677317119114,26.893144614646175,6.527629877023138,6.983018901914325,6.873603769949751,4.748688852374199,4.73585359013664
bent_forward_3.mp4,chair,bent_forward,690,169.64739781558367,161.43061186370363,124.99019398898388,121.23423008554468,118.6353026138958,118.80357505802054,0.8839078601310815,1.8026393508279324,24.5043450160454,6.560064515143547,5.9266544305089885,6.6334234080838534,4.03088082055127,4.229842921309877
bent_forward_3.mp4,chair,bent_forward,696,169.27300548010132,159.86006842067474,123.77333296752278,118.19714033749489,117.21765818449182,120.18609913825263,1.3940714352969406,2.1517452243788355,23.108529112049837,5.773581153613527,6.432646474751742,7.6957023894600685,4.0929140307071314,4.0744127670697
bent_forward_3.mp4,chair,bent_forward,702,113.76165862621127,158.47018674982942,124.07671469034968,118.13128378741406,122.22387095709868,121.53567837447366,0.7499875258823638,3.8636528278040276,21.284417773429066,5.31628976527869,1.0104118339851818,3.6040847510857126,2.049483145346714,2.2130926518069787
bent_forward_3.mp4,chair,bent_forward,708,155.4253045063088,159.95686092822743,123.59032717129426,118.50505727750384,123.260727847481,122.06008013210739,0.6541574211132393,1.9137473864891759,21.260468166194094,5.103505860246853,3.3084838777780172,4.174916249097884,2.3646762502442034,2.5528657466085423
bent_forward_3.mp4,chair,bent_forward,714,165.76712554461608,160.66125608004754,124.15833975304827,120.46666001977279,123.17320416333932,122.395724261479,0.6906423166327332,1.5357753278065591,21.912208085252676,5.159770614717476,3.924657634145333,4.500708175629668,2.601484982211361,2.818005309149583
bent_forward_3.mp4,chair,bent_forward,720,164.86449718366399,159.9952932934556,124.63468269253114,119.65118799317682,123.10587744631313,122.31505944108154,0.8931128549250499,1.8568724933120833,21.962110332646173,4.95936789652109,3.400282338501894,4.259227864205802,2.40676433956919,2.521251914316463
bent_forward_3.mp4,chair,bent_forward,726,163.1395176755851,159.03097327569512,123.26767504867615,118.94137269766786,123.68461602437436,121.95333802100134,0.8939850796445005,1.8355903440631876,22.19614652167633,4.3002839597419955,4.575543323031683,5.358946959306434,2.983495462241812,3.217611653411194
bent_forward_3.mp4,chair,bent_forward,732,168.62677560821726,159.92334379967875,123.3908432163331,119.29841358802338,123.63591749341678,122.5663962904459,1.1835547938977464,1.7846771900654044,22.594807357112863,3.9565763517483137,5.166731709489157,5.807135436314467,3.310644635193201,3.5092283382694727
bent_forward_3.mp4,chair,bent_forward,738,169.0622749218424,160.3683554108302,123.01833206617874,118.72183903015534,124.157025435194,121.97643374883474,0.6711822938416722,2.024852062636591,22.41640083854483,3.611835695670502,3.1641989773421932,4.215012534559398,2.1772245235087575,2.402967591343791
bent_forward_3.mp4,chair,bent_forward,744,171.2841069507361,160.0846153777787,122.7659987596195,118.74480984112267,123.17816009627295,122.01378458161155,0.7634467271130303,1.7189694947814156,22.73117130977058,3.5688121522923457,3.7474388090816038,4.434989975808876,2.3554670703949907,2.5149319957536025
bent_forward_3.mp4,chair,bent_forward,750,168.636750947589,160.94024005393211,122.2013058968737,118.51364450573409,121.25584947624134,121.097994161081,0.8446627534415733,1.4902050134382805,23.66021012862542,3.691231763724458,3.86930959409357,4.262296744387149,2.3810664560853994,2.570168152335101
bent_forward_3.mp4,chair,bent_forward,756,165.27063775261752,161.6067134094714,121.80954874320166,118.14145231547606,121.68287137823114,120.36768410104999,0.8837022857361567,1.2545267218319378,24.051245044592108,3.907380791232656,4.058653744703458,4.220899803221533,2.542718917981619,2.8053832904882623
bent_forward_3.mp4,chair,bent_forward,762,169.52102400817785,160.81032361586472,121.63051838144037,118.4912417811879,118.57156538703629,119.88088141677082,0.7466167164665704,0.9780965694721587,25.27220045782039,4.179496143935465,4.190628852100777,3.970907110790523,2.6511298399707734,2.764997469792891
bent_forward_3.mp4,chair,bent_forward,768,170.52818576189813,163.38942704764003,123.64374511782435,119.2774807764726,117.28688096980696,119.01483977264597,0.6495135420486926,1.0730254884919184,26.117082002513822,4.811582090116966,4.057365720469391,3.9766753652498052,2.8818857657161643,2.9962674950708794
bent_forward_3.mp4,chair,bent_forward,774,170.17809231246446,165.2021100712454,124.2610801787215,120.51282897363784,115.67446126563551,117.73838635151068,0.7665733552265139,1.0559535476995867,27.179338853794558,5.640060259693857,4.056257896561227,4.009942039343477,3.2208797443489443,3.257481695475788
bent_forward_3.mp4,chair,bent_forward,780,173.2519041104494,165.7129013532104,122.96307995580678,121.71392647773735,111.3774184547857,114.97570184019013,0.6426039395980648,0.9259540294284451,29.35506156486195,6.845092105817018,3.6410141711272597,3.376355333156929,3.031165607547099,3.063605910861402
bent_forward_3.mp4,chair,bent_forward,786,173.9335975867576,164.85057709445758,123.40242014371859,122.21526084862919,108.69032165725253,112.29029708189165,0.7383952057107821,1.026737997518569,31.62517200376912,7.5946100620376065,3.995043332490447,3.6830371475918553,3.868263488308709,3.9119274969590334
bent_forward_3.mp4,chair,bent_forward,792,172.28656977645443,162.45731867247542,122.56730684785018,120.91940380905099,107.62721902678574,109.8287368513172,0.7591857237105816,1.0856387996814563,33.082780809586595,7.153256083124648,3.714098277078781,3.491277229203177,4.037690752361031,4.151153736408696
bent_forward_3.mp4,chair,bent_forward,798,168.60474833200198,162.2179036030668,123.25363144762673,121.94092256633438,108.69325265064403,110.34610361381336,0.8145835767643301,1.3901974141730755,32.986546156094256,6.852906315787142,4.283777101354116,4.1861378572379335,4.789580654634615,4.97416438491689
bent_forward_3.mp4,chair,bent_forward,804,168.19203877865587,163.74878877121932,125.08182902610669,122.99609186742654,110.6315328982087,111.89169709101947,0.8399588389499437,1.1909045239489087,32.26037355777617,6.770365337049809,4.249125038190763,3.930666347493012,4.4370186977483606,4.593202411347407
bent_forward_3.mp4,chair,bent_forward,810,170.04980770214104,166.3576373476289,123.91179386471009,122.08509736942854,110.63672281003174,112.24849056549418,0.7423005344376058,1.2585894848761885,31.92990785072002,6.654147439578434,3.8184899245110135,3.598420815867774,3.9197660716968827,4.057969701834866
bent_forward_3.mp4,chair,bent_forward,816,168.9518287145322,161.21660991128172,124.68482717463434,122.13429889663107,113.51545251421155,114.13542628076752,0.8308127418073974,1.4649163613127096,30.36921294567458,5.975931063584013,4.817249769885918,4.785419558797206,4.071041674296541,4.311776107871938
bent_forward_3.mp4,chair,bent_forward,822,166.68152722059858,162.181319420611,122.80580351055477,119.04871330475068,114.20235318569189,115.78863037403336,1.1901719531753046,2.252479529326672,28.297306331174738,5.555262532998238,8.494259726962948,8.927313004819307,5.76549722796177,5.758139973408765
bent_forward_3.mp4,chair,bent_forward,828,170.8911522915653,165.09351089685222,123.63155835766754,118.87584669521569,116.50608142869766,117.72286536469198,1.0501864940469343,1.9387787770381262,26.390919380352347,5.134852311803427,7.947834035059233,8.302004217951735,4.39212111366321,4.475065999761887
bent_forward_3.mp4,chair,bent_forward,834,169.94607282316665,165.8759075315361,123.06891607623949,119.14204333470042,118.50377925738941,120.51044952580207,1.6120108616509385,2.129883411452036,24.807452058907465,4.514117939550421,9.64019853592413,10.573467123996377,5.087126272248898,5.001320266610229
bent_forward_3.mp4,chair,bent_forward,840,171.29735632671418,166.7310181121375,122.18392282281664,117.14189735797767,120.05863479858922,119.48377676554166,2.235271856235104,2.547641047600588,24.100624301340936,4.7153275972234345,8.791252507570077,10.963143040961043,4.390742240436063,4.493940745400628
bent_forward_3.mp4,chair,bent_forward,846,168.32958978227714,158.651252008461,122.71504853568045,117.20198850463765,121.97998670677703,122.30312674268534,1.5546447429024761,2.345893279879971,22.260207849604463,4.260767601667264,8.351521535476637,9.241604665728886,4.006970261381439,4.102670117566661
bent_forward_3.mp4,chair,bent_forward,852,171.5681348615263,159.13800946670747,122.45121668706781,117.82696714790761,120.8727431537021,123.30351403157,0.7347332297049216,1.6734720389615636,22.484076650895346,3.622930862497527,4.959083438650232,5.302128329819593,2.64500281450719,2.6058086521282773
bent_forward_3.mp4,chair,bent_forward,858,168.8744952536307,159.8659489425621,122.40707486066202,118.00625949206739,121.23776871559338,122.78823484788747,0.6103353742227955,1.3889809518035794,23.054862976739003,3.225601149937103,4.786896235501834,4.890448996229678,2.5334852830335275,2.5621140545175525
bent_forward_3.mp4,chair,bent_forward,864,167.47428493202932,157.0670123014767,119.52252280416768,115.52676348031754,119.31869549619273,121.11570419032974,0.3926789945724754,1.0185465225247765,23.572177396926282,3.3709754075428946,4.290537728379507,4.061181850452229,2.2522099227516326,2.29554638005944
bent_forward_3.mp4,chair,bent_forward,870,166.00439193496754,156.67835458713319,119.86677788294557,116.23722093449312,119.07746822825577,120.34264657993153,0.7215149056486538,1.2065036019189554,24.0772131729081,3.117870605973101,4.960717461708755,4.959670574276808,2.771199530683345,2.887155433962394
bent_forward_3.mp4,chair,bent_forward,876,163.4675447541005,158.08965389088794,121.21948073008718,117.02871632202393,121.1409359416306,121.70347332520235,0.6629641401083264,1.3008168972891732,23.708335495721563,2.7680893607241868,4.997746604042278,5.005113901108834,2.8137613909000003,2.9578654051328273
bent_forward_3.mp4,chair,bent_forward,882,167.5344212829484,158.8913467360534,121.41938029296412,116.92085548528532,121.2807394533539,122.32931877201749,0.5717169824132915,1.4854330501797453,23.182821351662643,2.8670406223050073,4.28443598652626,4.5801970343233505,2.6206945046398,2.6493697002822434
bent_forward_3.mp4,chair,bent_forward,888,166.90326836717068,163.78729624366622,121.18518705177344,116.06920679457609,120.8126750550367,120.47256419517481,0.5860704173244609,1.3178354759284958,23.959215680804665,2.9478764939318265,4.402115058664121,4.526690354784171,2.701482828080275,2.82076735037341
bent_forward_3.mp4,chair,bent_forward,894,171.4118298675532,162.90981972825796,121.03382964062504,115.72744836253129,118.61613708967741,119.44447203946913,0.5502921466962309,1.070741573336712,25.18906538248277,2.8429086031010056,4.377573735378439,4.0777875397784955,2.5900407706091673,2.6852202931487703
bent_forward_3.mp4,chair,bent_forward,900,172.10088523199533,164.26791623103023,120.7647871222319,116.25315277911793,116.484073790805,118.15976048321441,0.7773363556610839,0.8560821862098189,26.50121544943612,3.2592586722309416,4.665866661956997,4.156927224153989,2.8823713570322758,3.0067440335302296
bent_forward_4.mp4,chair,bent_forward,6,149.36152672933366,153.8145414826614,127.9920482059711,121.57626772267169,97.0275686771886,98.03618036827551,2.870557486964946,2.334206788304355,39.58099674691354,13.070912320695914,7.387513435144466,7.8766580946410985,9.000354154164318,8.699851172299981
bent_forward_4.mp4,chair,bent_forward,12,154.63965920247324,150.3181182289995,124.45976355960018,121.68301443168684,96.97182298391667,98.37101514135715,1.5454438111585767,1.4679904683427476,41.72088542999229,10.478579974938409,5.803832973647079,5.58584668752427,6.186138894461252,6.250295434084051
bent_forward_4.mp4,chair,bent_forward,18,156.63681695498602,148.81368974102577,125.1499963592885,122.60195699409802,95.56101391872159,96.15743253652963,0.055450703665994125,0.9571417960256857,42.39745626234617,12.41782823344118,3.6691801255729506,3.1887320897737736,3.7606671950454302,3.913635192040562
bent_forward_4.mp4,chair,bent_forward,24,157.32543961902607,149.00156188745262,126.62575573583842,123.50970256599182,97.78222807336786,96.1849657933957,0.13902521164045148,1.3353038891347901,42.5798664821088,12.144596811516601,4.566689841219819,4.229204596094421,5.175454880981305,5.496458853937399
bent_forward_4.mp4,chair,bent_forward,30,156.21959174371528,148.977002794046,128.15234144589712,126.33521015913803,98.39575006913442,97.62885186324235,0.2547988199353889,1.3449330041943723,42.49963328357527,12.056912315186228,4.444110485468039,4.18018673766655,5.088976230172972,5.39251999864186
bent_forward_4.mp4,chair,bent_forward,36,153.810600635216,148.62535208004505,127.90361332494165,124.88488740219181,97.0029235608934,97.78284768577963,0.902120460218713,1.5698800751118829,42.959818651446156,11.116450065551646,4.657112453472367,4.496335532682063,5.578764061433746,5.729902801750761
bent_forward_4.mp4,chair,bent_forward,42,149.88218346834805,146.97823735052242,131.35696525784655,128.92442418391153,98.64974293882116,97.53626012205005,0.5331575156581104,1.5135035373933816,44.09423356379496,11.677866152052294,4.172957626719148,3.8904923865760277,5.562279404746801,5.913710565236167
bent_forward_4.mp4,chair,bent_forward,48,153.58856741876141,144.8748015828588,134.36134423887415,132.39645456679153,99.55736493376273,99.62730364690584,0.958925857034377,1.9521331062038347,44.756407583682396,11.699066281099423,4.903170240690266,4.777160390933902,7.359337551287016,7.646788189123272
bent_forward_4.mp4,chair,bent_forward,54,152.2907088766769,143.70260282414867,138.91720109382652,134.41020941177837,102.70588154714848,100.36679547611939,0.6579669578511292,1.8824651887532429,45.2213956821789,11.183016281966077,4.850114783097698,4.640977975111119,7.095153387698396,7.440632861404418
bent_forward_4.mp4,chair,bent_forward,60,153.2614819263703,144.08949792237965,135.80159301660686,132.30111168165175,99.0663898320944,98.37279322528754,0.7718252670245701,1.8892943849508348,46.006254860027425,12.019970236969927,4.868446564102895,4.639918024754434,7.4679680515946725,7.616991112998172
bent_forward_4.mp4,chair,bent_forward,66,149.2428919060619,143.34083425467225,140.24543208619886,136.1616277505768,97.66162562094992,97.70346359925385,1.0374361456255237,1.4122893265121765,46.45604969426897,15.120677425522103,4.091611161257944,3.668813922372503,6.2649201716142775,6.44900027334556
bent_forward_4.mp4,chair,bent_forward,72,153.65780445783574,141.83563166477884,138.406333527469,135.00842576139198,94.42314504390153,96.75670159457397,0.6663094932380746,1.07661562421577,47.44299195172953,15.286380536843003,3.0198902936403393,2.6632154434847912,4.979860335663688,4.965692188749669
bent_forward_4.mp4,chair,bent_forward,78,153.9729792434151,141.41067063793045,138.0843335225708,135.78197301718026,94.42519508026481,97.51409926131363,0.263399408441261,0.7979160823283696,47.606495103575014,14.647660935925591,2.470593000125399,1.9861890638228163,3.717922324670202,3.7380039815084176
bent_forward_4.mp4,chair,bent_forward,84,150.99859138876607,140.44824562299073,141.22183292068445,133.01181422935414,95.1479202128437,97.00762908557228,0.5629507320964894,0.7573592323488139,47.527172298285336,14.760832540062115,2.5871300514935283,2.0080731215967242,4.058447451578187,4.00096387853408
bent_forward_4.mp4,chair,bent_forward,90,149.0393727406598,137.56452064683026,137.66735097221058,133.41455920820297,95.50013978189061,98.39920153021822,0.5578209182875554,0.9532858827114947,47.54813858552531,13.191876329005217,2.707728395721803,2.1269222132800185,4.013300916087604,4.048953364770065
bent_forward_4.mp4,chair,bent_forward,96,145.25655381082788,136.69281347187237,140.15373690360602,135.5356907203361,95.75464100805654,98.36780771298264,0.5502026481446805,1.0835442596425262,47.03809592924515,14.632086468961218,2.998604157795802,2.461894247424185,4.6108442681022925,4.601343990698615
bent_forward_4.mp4,chair,bent_forward,102,147.05808774590568,136.22128639119012,134.5062010610898,133.75193652836492,94.78401824394255,98.15558295383701,0.2929908169734034,1.002578137472413,46.35698953775862,14.248679393877172,3.074498154936838,2.555780900996814,4.430137996003479,4.503599925335635
bent_forward_4.mp4,chair,bent_forward,108,142.3788303878545,129.7714233620412,131.23337093886587,128.63792403426294,95.6868846604017,97.39523810277588,0.6524899685575941,1.1550670152187614,45.514722467373666,12.802169838957298,3.957529075044017,3.576384600772957,5.597677315890301,5.696908800220397
bent_forward_4.mp4,chair,bent_forward,114,144.64098989248367,129.65704511465796,130.13595721375927,127.87805450596821,95.83905147230709,97.80563294261634,0.6753233225794413,1.0021656984416563,44.9692268075382,12.650741482703985,3.71476655824174,3.3618101565330525,5.159999352809725,5.271978317239941
bent_forward_4.mp4,chair,bent_forward,120,140.19806297101874,129.88684030227665,131.14095039942882,127.96261763372961,98.01800934142872,98.39755714658443,0.8700834764085627,1.0700469782979536,44.02383847780101,12.660130275774726,3.9514055334146296,3.7426330073510123,5.963100210070682,6.137632339129549
bent_forward_4.mp4,chair,bent_forward,126,141.50853035703673,132.17493909086406,131.7137340646971,127.44428764940201,96.52829537633572,99.37394601605698,0.560954489474922,0.753350839660391,43.27369819046869,13.629284693198047,2.638352636371622,2.189580885096819,3.6857431010340376,3.6869079577210035
bent_forward_4.mp4,chair,bent_forward,132,144.2121374743916,132.91283284928903,129.01540306743584,127.84778399577459,97.16643482980234,100.51211522889737,0.29835238575879885,0.7172243302853047,42.676790504627334,12.613771317755587,2.394806312285218,1.9292539422248043,3.108531588905945,3.2019814242632263
bent_forward_4.mp4,chair,bent_forward,138,145.96297870011406,135.28411363416032,128.37713865819367,127.8786027574809,96.28972141726048,101.32309564501368,0.727210637105339,0.7179067966112993,43.04405298408529,11.327006971201756,2.4871596559565923,2.017201767665326,3.408915074265,3.451156800025927
bent_forward_4.mp4,chair,bent_forward,144,146.4696657126946,136.76228694174318,130.13009522404093,127.62967306469297,96.98005039531624,100.07893075368833,0.6408281368152706,0.7988821411438949,42.88222231232252,11.546601395769192,2.5411633171205934,2.1089083857248574,3.570023049555653,3.5743916218781693
bent_forward_4.mp4,chair,bent_forward,150,144.0564973581173,136.65592822364243,135.90461655338763,132.03501418168972,99.9091081896091,100.65216381356996,0.2789623236657552,0.8950010555204769,43.355542674816085,12.464304453239176,2.508123638017817,2.102568335398046,3.7730357683634406,3.8896023031924343
bent_forward_4.mp4,chair,bent_forward,156,142.09394278490058,119.00075305993842,138.20006140096595,134.75581989704702,101.92920255319768,101.79023364615439,0.2603526212262037,0.8346363597494898,43.575085605319,12.110675335229951,2.201468729904382,1.7521227890403226,3.563195468194913,3.747811138075272
bent_forward_4.mp4,chair,bent_forward,162,147.23410394410894,132.35751030672608,140.842245743205,136.51701982093562,104.18464648139083,104.17300487645736,0.3987976817084037,0.724255248973298,43.676186341309716,10.80303540480131,2.2626615316265726,1.6939530421157947,3.2836932982112854,3.4448611052960034
bent_forward_4.mp4,chair,bent_forward,168,144.4870705488768,116.80744345872267,141.6315004392624,139.79098881514415,105.68189453548001,105.85991825962729,0.598528308337777,0.7483960682345765,43.472258095954665,10.590480079240608,2.4261804907854234,1.970953749649624,3.593584157061404,3.843447207170767
bent_forward_4.mp4,chair,bent_forward,174,144.9554939179413,124.57520622082663,143.30585925148634,143.9884343422703,105.37441482683064,108.66457331389017,1.032777208258338,0.8859232892324592,43.13136445324838,11.21203762729233,2.5590761412431253,2.2498882922529253,4.131546223819667,4.261248603227577
bent_forward_4.mp4,chair,bent_forward,180,135.16099183661362,129.61290878115116,146.10917597085745,142.9036225475893,108.15231406930856,107.42632435379865,0.7098178236226608,0.8793930891124897,42.64651013479339,11.008774098174959,2.296656148333074,2.0237438934717247,4.269964782696739,4.460397930316945
bent_forward_4.mp4,chair,bent_forward,186,134.87199879355592,129.40971708570012,145.46313617025584,144.56557273819118,106.74766407944423,108.40453527809689,0.6783260295803961,0.8971014637128193,42.8331340391757,11.363181471630934,2.2413188046286323,1.9171169707253612,4.072441260797493,4.152053805706846
bent_forward_4.mp4,chair,bent_forward,192,135.76580855799307,129.23558677935844,146.9401878704246,144.24980549887536,108.27876946829609,109.3830041911907,0.5874234845293534,0.9781357333083366,42.75763885983522,10.529483228158945,2.556416130162799,2.2337786274767493,4.123669148626493,4.21950588864033
bent_forward_4.mp4,chair,bent_forward,198,136.50527275233821,127.20601103904788,147.33632552090756,144.53809166639343,108.3814829905975,108.90303668557429,0.4664065263892226,0.9443499322844043,42.82724574828349,10.776227627086348,2.6755002325436013,2.3465777923202755,4.26021820717426,4.369551574873052
bent_forward_4.mp4,chair,bent_forward,204,124.86265573177236,121.41587660642492,145.1165543544688,144.68686502667143,105.6378162850824,109.25406932160354,0.7250802257823187,1.3688019076748046,42.748459636104144,11.674530617888875,2.271638357392775,2.4220709307427466,4.538737828352731,4.505992254284722
bent_forward_4.mp4,chair,bent_forward,210,129.5933781698762,127.44479683041914,146.8238687970085,143.54529210913552,108.48385310499964,107.01171173860219,0.4960526198978318,1.2447032315974247,43.040885395347715,11.146352503239891,2.3980348483121965,2.4027727721535155,4.05602656175524,4.23079636959863
bent_forward_4.mp4,chair,bent_forward,216,136.67361477919297,130.56534422970054,146.82854987109582,143.63789702638283,108.7047138812638,108.99161538529556,0.4554717962146726,1.2363700230751133,42.680990619517935,10.783301780600839,2.616760335750666,2.611132521968548,4.020981974202342,4.106954175911979
bent_forward_4.mp4,chair,bent_forward,222,140.92543738883043,117.2335990210031,145.09875332352422,141.9106668299908,107.669611531235,108.00618917283425,0.5690191655461623,1.1768298338004022,42.92234427268239,10.646576329542489,2.955363726975064,2.8872577859221353,4.455424226742077,4.530129573400394
bent_forward_4.mp4,chair,bent_forward,228,143.79565843014942,128.3118301091599,142.88914330200643,140.93455918492188,107.0952180663261,108.02884082033177,0.49767985741693,1.1495773980172386,42.1113485130014,10.5950134852019,2.7779726922681323,2.7201688611101864,4.508858019814124,4.593446241068622
bent_forward_4.mp4,chair,bent_forward,234,138.11238019726474,135.52335908498827,142.57784106132397,139.28748986839742,108.50090601377578,107.11716053033734,0.6078024523554209,1.7643899707104067,41.32605249443362,10.83387069837066,2.945613022447561,3.339050243743465,5.471066171521566,5.6583835397153335
bent_forward_4.mp4,chair,bent_forward,240,143.55047662343438,133.5913941381152,139.13083670430697,137.3214604202464,107.67010738067714,106.52246738257088,0.9353322921517672,1.988963275172452,40.278292714366,11.053967286284132,3.5430987119931117,4.101263220498403,6.628289108154697,6.851881336630558
bent_forward_4.mp4,chair,bent_forward,246,146.48314817330547,141.8978447791479,140.97807007401374,138.01776976242576,111.86151571812225,110.93460827697594,0.9459632134030627,2.214037993738635,38.14291482342376,9.973127214840042,4.367210465740905,5.223573806939711,6.306067579472596,6.432111842335224
bent_forward_4.mp4,chair,bent_forward,252,147.21032806059213,147.72968353766854,134.7265094263959,136.2045041882451,110.8143822582628,113.39076109338333,1.3124987257227771,2.3878389872345718,33.702594728882254,11.308992491170331,5.853027836112765,6.711176371590864,6.869049562462127,6.863504773472073
bent_forward_4.mp4,chair,bent_forward,258,153.6325933073076,153.8147942988131,137.41979144155664,136.26284995568756,115.29742784395927,116.41145561700719,0.8803706352319792,2.1097124588347818,31.11034771268364,10.559260912604852,4.5053794733755295,5.595462377611628,4.200893500720571,4.240938717218603
bent_forward_4.mp4,chair,bent_forward,264,154.36415639006023,151.57242787100841,139.2220662782073,132.64715258527974,116.3377834036898,115.5098304054859,1.1140934302107797,1.9508860752217434,30.232316127153126,9.821906819160397,4.230061226117888,5.302311461549046,3.843849218946069,3.977259539249793
bent_forward_4.mp4,chair,bent_forward,270,152.95130168293798,150.35416248905264,138.08926366872544,130.32899659993635,116.6870100818344,114.84017217872824,1.3955459003817816,1.847060878811399,30.036260158922016,9.078668689858068,4.2878380105127745,5.450858376746979,3.8868162358002842,4.07910296592009
bent_forward_4.mp4,chair,bent_forward,276,149.27242742659934,153.42679354545825,135.38018261284324,130.6293763012581,114.28451202599034,112.42787744281354,1.1576821957215977,1.295339199853333,31.73858893595238,8.736973509064923,3.1780767913312253,4.054381545165058,2.878321976683919,3.185435523522843
bent_forward_4.mp4,chair,bent_forward,282,152.8482784995686,149.04916210027173,135.84570192944852,130.69738881831162,110.87613520953256,109.30757378433215,0.9303764082428784,1.1828436866590764,35.92188082970653,8.699197385258381,3.456712726391123,4.085059258109121,3.3115311341268265,3.518610813388745
bent_forward_4.mp4,chair,bent_forward,288,146.62984885423725,147.6838089537209,129.29584089005394,127.73392275870303,101.45897340757101,102.24847794604328,1.0957764270089316,1.5430155938752697,40.18891484079269,10.210131897282672,5.499558207188127,6.278298550719604,6.317246643146851,6.441243276480815
bent_forward_4.mp4,chair,bent_forward,294,144.25120571904225,139.5059274801167,132.67472034869598,130.30252374158562,105.81752966072754,101.80016727204095,0.9427135971570805,2.149442885322937,40.373924128447165,10.685083698475655,5.39994294102371,6.553727979075649,6.8621162086923855,7.439997600142169
bent_forward_4.mp4,chair,bent_forward,300,143.55981990713016,136.9025115031164,128.7328131893582,127.65215468703728,103.67796128340741,100.22649584187226,1.1561861427642801,2.3596331768716614,40.24669547254433,10.713114431918443,5.849246641878592,7.167793248403303,7.804143342557574,8.53153957455446
bent_forward_4.mp4,chair,bent_forward,306,143.02673070575622,135.44196516431742,127.20443801305744,125.99344379928769,100.30778410734429,97.76389428478323,1.0456817028172343,2.2126287072716364,41.5746370553214,11.126530011804125,5.692357614306537,6.547455795279989,7.82127014085843,8.404133989202379
bent_forward_4.mp4,chair,bent_forward,312,149.62129120893647,135.40007138672473,126.61513067734155,122.90415969381948,98.3903991518117,95.6616322479916,0.5951903051594608,2.0473839529568676,42.800873215018505,10.931083266224396,5.352453121835347,5.928343571670882,6.954376963652233,7.300615141465395
bent_forward_4.mp4,chair,bent_forward,318,142.0159863728969,135.17697580222884,128.2500593170265,121.92669928997844,98.69860129460002,94.58627100306859,0.24297923534845933,1.9519726253987149,42.76098212512556,11.790434623314743,5.23737344279372,5.730959598511098,7.192364021206363,7.456258173384194
bent_forward_4.mp4,chair,bent_forward,324,143.6138755460243,135.61964768833496,126.6059022499465,121.2270333531154,97.69806357665409,94.36734198465166,0.13194317196770447,2.018396793758831,42.31121138918139,12.169852689941703,5.282770420308151,5.872931451647968,7.398446171819474,7.632327420743563
bent_forward_4.mp4,chair,bent_forward,330,149.10458411749306,144.48129462670067,131.37638452051849,121.69499288004303,101.39734311835021,94.67039853911749,0.42590841377242766,2.559419079967984,42.067605317445434,11.833323442376265,5.8178172189547706,6.9131200829216475,8.038745074510441,8.468821407142379
bent_forward_4.mp4,chair,bent_forward,336,148.88933682803815,114.65125190936322,125.09728902811682,121.07390529081984,100.55429861979636,95.4828881344807,0.842356828473603,2.5690320301499856,41.29614435790208,10.679882892789939,5.738235217283855,7.1064906433180655,8.320338724442735,8.975440846232953
bent_forward_4.mp4,chair,bent_forward,342,145.65031703664002,135.8791875639537,122.85986820132706,119.12789840941764,98.83624931000222,94.88380638449787,0.7536054655141415,2.1804990212117965,40.49528035660502,11.238940052526708,5.466080049864053,6.496883798390539,7.310147648629075,7.821175249341357
bent_forward_4.mp4,chair,bent_forward,348,142.3822655277624,138.18275069077032,123.86184217073058,118.51300509949786,98.4231839730698,94.82988281026003,0.5846208896168757,2.2067959286340963,39.935976092503104,12.054943908966752,5.66144289145077,6.642821219509949,7.581887580830339,7.936614172091831
bent_forward_4.mp4,chair,bent_forward,354,150.538610822023,145.31405301333203,126.44306849922062,118.4772040902764,101.84215231208405,95.82791328632916,0.5294786096548924,2.0090353387496545,39.02890510081625,11.363586818340533,5.117820658995902,5.739149537316918,6.228760109132293,6.762324438972445
bent_forward_4.mp4,chair,bent_forward,360,146.98724370853972,145.25414012876757,126.85526945548479,119.7778450592011,102.93053479785911,97.95753825666472,0.6750835104012258,2.2202711536113147,38.163292615614246,11.06373607779786,4.952612842372425,5.895529780252234,6.261607120878515,6.712135717728525
bent_forward_4.mp4,chair,bent_forward,366,147.414946756172,146.6105560863257,128.97159175011592,121.60464256805405,105.98288838632602,100.39983261556645,0.6664480457103161,1.8846673757874561,37.52841002081123,9.889004112905576,4.36313463624291,5.155762314089052,5.148315904267948,5.617346439000117
bent_forward_4.mp4,chair,bent_forward,372,148.97431222925397,145.76984852121433,124.81623374254325,121.11992375382654,103.60911383242997,100.31070284351034,0.716804520131134,1.8670375768069492,37.42130884758206,10.344473226596362,4.2083175164656845,5.059555669697046,5.115894041983539,5.485325455913954
bent_forward_4.mp4,chair,bent_forward,378,150.98762444965746,147.9266514011245,123.03435997421697,120.21720748895001,101.8923211683096,99.76475086656848,0.6049907981134024,1.7853333295570237,37.37871793269811,10.808398685850037,4.464476050072172,5.020950602090937,5.282564150005997,5.544953201150945
bent_forward_4.mp4,chair,bent_forward,384,151.67406297450114,149.42298477232418,126.1674603249307,121.546434528211,101.57186764055801,99.2835863837548,0.831534967421424,1.9674569361170084,37.710141858725535,12.234278011914954,4.776625941042296,5.46414678493813,5.8451440844324205,6.074836367017142
bent_forward_4.mp4,chair,bent_forward,390,147.38870127316875,146.46539720030768,127.00881609530961,124.70397561208553,102.8823637354997,101.43113487781869,0.9862573771831147,2.16014898146807,37.35479720193086,12.020787991140889,5.103581699223821,5.965229420306446,6.377762534408084,6.728069965653034
bent_forward_4.mp4,chair,bent_forward,396,150.43026855281602,146.96896774021542,124.86075865547218,122.62996263501182,103.38007815370048,101.2697040784114,0.9211107723297606,2.499385588477595,36.652904599972146,11.600377196071893,5.672912800883724,6.879795770989011,6.366598557018126,6.787648989382364
bent_forward_4.mp4,chair,bent_forward,402,162.07250236980897,157.9371989872186,124.78687278247416,121.29333626042282,103.57546751026321,101.09721344016435,0.9885625265301696,2.747337370945588,36.03231418070105,11.049574859474282,7.075778243175897,8.646069627779214,6.604822448108277,6.935119442243612
bent_forward_4.mp4,chair,bent_forward,408,156.8619370075511,157.4012444063141,121.09990707503154,119.60133033550616,105.13348870513681,104.35231387415996,1.0712565632308977,2.2545905369953365,34.53905624150049,7.918202602890004,7.967394080884424,9.096417542095669,5.8989742369924,6.072174397610845
bent_forward_4.mp4,chair,bent_forward,414,153.50928925742983,155.05366458542446,120.686947667407,120.99546353029608,105.77314251204068,106.20250487295536,1.3992449482420353,2.233373516320245,32.93076034527685,8.057990525857575,7.449557611190539,8.620911336117022,5.705961162888926,5.939080729938177
bent_forward_4.mp4,chair,bent_forward,420,158.9443299550778,156.75080390923213,120.9977251870362,121.38271341687219,107.34242868738978,106.72851607580897,1.317798222841188,2.062714254548497,31.54725911497811,8.578065778201625,6.006661819466502,7.129559194457869,4.754858833874972,5.143701213892392
bent_forward_4.mp4,chair,bent_forward,426,156.13796453167473,157.90096024937534,126.17180203383481,122.09948642326154,113.16979717972853,109.97170582648376,1.0953734257670371,1.755042342874701,29.111786432170327,7.962767722465306,4.703783751284441,5.862494356001448,3.5841497813022345,3.8919952939631264
bent_forward_4.mp4,chair,bent_forward,432,153.00665237395998,153.98632046881542,122.83232872684604,120.0703163095592,114.75272700111239,112.68843785398047,0.7625414268368422,1.3434545297814937,27.089611469820444,7.631487303883032,3.474030026196055,4.327444211834569,2.6310901664533324,2.8397851727944063
bent_forward_4.mp4,chair,bent_forward,438,150.76226710880488,153.4671446905575,123.41674795833649,118.75040000026011,117.46993669415079,114.53046928586484,0.5723638424785455,1.3590202305178407,26.146608324344637,6.497856622306778,3.428834377575965,4.355025856308182,2.4009894649035997,2.5929288564477644
bent_forward_4.mp4,chair,bent_forward,444,148.59557109299774,152.98097952754893,130.4551228609773,118.91592193620153,122.40135557339559,116.62953455468549,0.6506026684921621,1.6786830634604828,24.695488946643618,6.863068150616759,4.210478463059745,5.333751475647265,2.939469789293527,3.0369241129025193
bent_forward_4.mp4,chair,bent_forward,450,147.6499257401804,154.092780089821,120.77157260999815,114.609229238549,116.21363651141083,113.74089553368833,0.5652804720619612,1.6022099168331096,24.900780241161556,7.220556379860027,3.931136983189326,4.978467687048382,2.7378969474021995,2.7968127633108364
bent_forward_4.mp4,chair,bent_forward,456,148.54772947299298,152.71623794673042,119.65192183153907,114.7683477021766,114.07615791264058,113.31210088285698,0.5617746100757681,1.7949461630484354,25.076727612720106,7.59546037081456,3.7629020115924243,4.964746784311392,2.634543691124443,2.7369044496764925
bent_forward_4.mp4,chair,bent_forward,462,141.34630994982177,150.95467872427318,117.33330773872306,114.24755383444042,111.48847130198808,112.83245139956033,0.6809271135437763,1.4813799295589996,24.06032996357473,7.972971043226625,3.561195944606122,4.570530222042915,2.3544516249211602,2.422585481950062
bent_forward_4.mp4,chair,bent_forward,468,140.3342264336094,150.08141593152675,120.32154954727208,116.47254683118807,116.22782300447457,115.80596282264722,0.5684091415944243,1.3881903240381126,22.610409784043675,7.771693079296606,2.5416840729189594,3.4792395262378193,1.7202776802317499,1.7859454014815936
bent_forward_4.mp4,chair,bent_forward,474,141.2282522521949,152.06405808584483,119.36895119347462,114.12305289901593,116.45923041660924,116.27966299515349,0.5655984884198598,1.7173095746789757,22.264988568726416,6.723089518115803,2.2604060724153787,3.4619301805247313,1.6057329139528809,1.676348855610994
bent_forward_4.mp4,chair,bent_forward,480,141.43113548127104,151.38039231111048,125.49922383738472,113.97284960464553,121.38776422852844,116.29343197106637,0.6550732046429671,1.2934678957798482,22.001184887392885,6.147446203695538,2.75442300658721,3.561838419793302,1.5940283621624383,1.727822493042224
bent_forward_4.mp4,chair,bent_forward,486,145.4362596378599,151.85272810669278,123.7239322422824,113.12865857127802,116.93458526055872,114.99943507638153,0.7193848483405535,1.4647816710726342,22.62869124317933,6.73789134729827,3.3260946767617106,4.300932376088809,1.9048784494099043,1.9693686315870886
bent_forward_4.mp4,chair,bent_forward,492,142.82314240558082,150.33862895970017,116.9892473409579,111.22286165961222,112.4132538107702,113.00943803160638,0.6246679452349655,1.3313568614730282,23.194455926786432,7.0065421701781,3.3828560934598926,4.224879605594367,2.1151964247893784,2.208728950446039
bent_forward_4.mp4,chair,bent_forward,498,145.4777850464885,149.75604936694364,124.4789856257776,112.91235005794626,116.29600936274889,114.20668671624017,0.5770675713534021,1.0915281392516831,21.713222841521414,7.297892936674844,2.6168682525883398,3.3461808194761837,1.58444349598426,1.5937953311302784
bent_forward_4.mp4,chair,bent_forward,504,146.759920879774,150.33790458989534,132.30418222941555,115.0678623495388,121.96687602903626,116.41576567918099,0.6030415231408839,1.1148272518451106,21.16474256968411,7.377432478651922,2.6631214362408713,3.445216163594466,1.6150390811012203,1.5857871387535047
bent_forward_4.mp4,chair,bent_forward,510,146.13021957342846,151.64791002021585,123.19717159972366,113.37419194172746,118.1880491899458,115.43162520887795,0.7562226881452812,1.1229688776859308,21.162676953231774,7.080176245984971,2.7039988412924365,3.4235930984147784,1.59192991776594,1.69026328023203
bent_forward_4.mp4,chair,bent_forward,516,144.61331152366517,152.44781753278735,122.8179502832715,112.82302687658797,117.64152367494559,114.99208126983237,0.7873719149042636,1.1724576074741826,21.317431163955906,6.87684199627404,2.6827975068690115,3.5070804499651866,1.6596703962793462,1.7444307914599275
bent_forward_4.mp4,chair,bent_forward,522,145.49659340633391,153.16006613818732,122.27007318592509,112.90418512923458,117.45842183687334,116.6272494300827,0.745233287005072,1.105131882993537,21.189520200789598,5.771707206113086,2.640847624981042,3.4119942611472704,1.6034156565392161,1.5960914047165098
bent_forward_4.mp4,chair,bent_forward,528,141.99668041756854,152.77755867289702,122.19826200692806,112.8133862214795,117.2393229159618,115.8548119694293,0.8158012982520644,1.2071432309193482,21.953168622206228,5.898401274676971,2.882913358034618,3.6807100332634533,1.771531921477776,1.8070081491511492
bent_forward_4.mp4,chair,bent_forward,534,141.78836295764833,152.16625845722484,122.64082332316774,114.67908303017248,120.23276903266057,117.0755981943259,0.7839566700352889,1.1825351729542808,21.32082712270313,6.286232112620562,2.710764615509479,3.528124965360681,1.7354702020190251,1.7548349478523189
bent_forward_4.mp4,chair,bent_forward,540,149.10420245878896,153.81821762794607,122.70124184491074,114.25453799513802,120.5188154886244,116.36624243420896,0.8936731301545031,1.4519014737984923,22.10301215509696,5.794969547236512,2.669044577207001,3.5179190363079464,1.6266605510875034,1.813603111109449
bent_forward_4.mp4,chair,bent_forward,546,145.9728191595038,152.1120975010476,120.62121193287328,113.96170181040095,117.09831293451751,114.8299343800822,0.815104718209997,1.513167260644543,23.039300039127134,7.118240072337122,2.9276764113184703,3.8849714045128767,1.9921211544375457,2.119323035157665
bent_forward_4.mp4,chair,bent_forward,552,145.31506326929937,153.11433489623087,122.70311119657369,115.35672779657472,116.66850578994466,115.56036249085358,0.648935660598252,1.4305711032829236,23.07116260165702,7.639047990357355,3.057230702924771,3.9469659185029857,2.137053126807186,2.1096374900082595
bent_forward_4.mp4,chair,bent_forward,558,144.9769325869838,152.65132089876388,125.76391078309335,115.04170889676342,117.3804989864602,116.20918935988088,0.5812019956757931,1.2043459089455493,22.278402553804547,7.231711050045898,2.7055512641924424,3.5063230403478087,1.8470517973189549,1.8077823782166402
bent_forward_4.mp4,chair,bent_forward,564,146.8089470498359,153.39675694950418,126.41466995040301,115.58608080385928,118.15497715347038,116.75803609707599,0.5831568084140145,1.1917154045058167,22.262568913033395,7.126144344797865,2.672986732639947,3.4858293026920038,1.817001020819663,1.803420466676261
bent_forward_4.mp4,chair,bent_forward,570,146.02819822182116,152.97163972398252,127.81345411483997,115.35369716926142,120.67505957200937,117.29783381344191,0.6280529070345486,1.1487669115870136,21.728068670541948,5.974352232023169,2.5850313350963985,3.3231168618249023,1.7053445316799973,1.7105875336500858
bent_forward_4.mp4,chair,bent_forward,576,141.6096319317441,150.67821854843743,132.73075084458156,117.60473835322917,122.91416023287147,119.28424744362556,0.7290017241328954,1.2606605326639702,21.741492102211325,5.7926124860705555,2.4038011902242995,3.2599400636021745,1.6774538574078328,1.6687808195040321
bent_forward_4.mp4,chair,bent_forward,582,144.22900559944273,150.86162357289516,136.96498258515962,117.65466475259453,127.11179701156057,118.4162516457055,0.7560839716829487,1.1264637147108616,22.403562425001525,5.654112519769795,2.5382653902336174,3.2119452680099774,1.6209999819203997,1.6629971742679674
bent_forward_4.mp4,chair,bent_forward,588,144.3942466360989,152.4164835272273,138.3578065803214,117.7301144807716,126.26342684512844,117.89476682346333,0.6816308419026174,1.3785421772596615,23.727967110486198,5.877369355832827,3.124804433569334,3.9406149282617577,2.2086291686813184,2.1136666272249793
bent_forward_4.mp4,chair,bent_forward,594,144.30514344976314,153.36170385314205,131.0785576033586,119.0446637861983,121.7800136320681,117.556571809534,0.6485631311675034,1.4534149779998762,24.414023321072065,6.3519349486092995,3.1488285403561362,4.04390064031032,2.3516483343115313,2.2904564970308745
bent_forward_4.mp4,chair,bent_forward,600,146.74004838955742,159.22186469167667,132.44222275387568,118.76178074493555,120.32393679882848,115.7169451597793,0.48606907205705735,1.1965479959444967,25.037446513295404,6.964729525645862,2.775431227791581,3.4803185863207333,1.9510970234269513,1.9624923350121275
bent_forward_4.mp4,chair,bent_forward,606,149.15256333828503,159.3399967119926,125.65890418673177,118.19795993508173,116.01293158646524,114.5494354134744,0.6841022556569468,1.553498605533878,26.206896748305883,6.786565949826307,3.728073316839641,4.621998112172621,2.7551366140776814,2.784198472695251
bent_forward_4.mp4,chair,bent_forward,612,147.22463638637,158.7999179620588,124.53832259819386,117.65627181168195,115.1558837972399,114.19384729111053,0.8347831053796917,1.6313268435426702,26.4369282946773,7.06069358825466,3.9401458113112686,4.806969333369436,3.0045768421117502,3.014844909903216
bent_forward_4.mp4,chair,bent_forward,618,152.074340430022,158.60547270297383,123.88567030833555,118.46486292771411,116.3558751166176,115.01072926105815,0.752576488079273,1.721094852250042,26.299377558180137,6.9743447544794,4.236269997232075,5.03754623876468,3.097205762871194,3.0935098249377733
bent_forward_4.mp4,chair,bent_forward,624,151.53447839935285,154.69607657610942,123.66619091001166,117.77513477282659,116.38470804863316,115.37390289894995,0.7736781778821445,1.9044317526677206,25.60563347589014,6.994939475744585,4.335838516824052,5.278236338222584,3.0654485423457474,3.120175285465598
bent_forward_4.mp4,chair,bent_forward,630,145.01936325805107,152.6539314832111,128.16587630351594,119.75833048317327,121.00474621357658,116.94691434046356,0.6810638433460292,1.6644681097917609,24.63347301135381,6.2245783984305385,3.591500190029111,4.668256335837307,2.566243541504095,2.7373780349235743
bent_forward_4.mp4,chair,bent_forward,636,144.5209833901958,154.36334768293335,128.27353217980422,119.13196827715508,120.78561743798616,116.71407377099136,0.6352269773987081,1.2548496628735517,24.43021590923353,6.358071678567079,2.9502558933591376,3.678712873937885,2.0169138172666132,2.102457736334732
bent_forward_4.mp4,chair,bent_forward,642,143.25260531001354,152.75530111327515,123.29123773531865,115.58792888347139,116.53585232839615,114.43199588612796,0.5017489604293882,1.2169310619746372,25.486343212913447,6.361896667591525,3.067019109443984,3.5229747192966117,2.0903128174815993,2.2006140073219043
bent_forward_4.mp4,chair,bent_forward,648,145.48523701932493,155.710793518928,121.88850536038795,119.15757491426598,113.03638689484414,113.29899375912613,0.5868925485399479,1.4479301515976621,26.924920464453578,7.239302714401964,3.152299918016541,3.8917180945296965,2.4215851680391802,2.511730857369076
bent_forward_4.mp4,chair,bent_forward,654,149.94296846066027,157.60069201129895,120.54564863744305,117.97580332612661,110.33714884391972,111.11351435320837,0.6305126232818916,1.570690136771303,27.119182318249095,8.775604381599218,3.317005076653671,4.067213345826676,2.7914329240709845,2.7911040070417745
bent_forward_4.mp4,chair,bent_forward,660,153.2070981682248,155.78516291869624,121.28204670674677,118.48094640349721,111.43476674607724,111.06340555764247,0.6716975549920619,1.9275053048756197,27.53174893816935,8.278379225228921,3.7246005530013293,4.536374632927593,3.034889489653476,3.2279895370114735
bent_forward_4.mp4,chair,bent_forward,666,151.26447929291504,155.51682184857964,119.90467847489376,115.8318733926972,108.37251645107705,108.10392419641514,0.7395188373563173,1.7562445855448572,27.603736129710366,9.592372610467047,3.321387455370153,4.151401073141632,2.9492753321341487,3.1933085052433374
bent_forward_4.mp4,chair,bent_forward,672,149.13720811564377,157.99367460880936,123.46913805520873,116.51103280569494,108.97513257376816,105.81174618510407,0.6794874770986211,1.4445881020955103,29.17999713088188,9.676251171091833,3.047670726691315,3.7454711764603306,2.769645884901424,2.983853668676453
bent_forward_4.mp4,chair,bent_forward,678,148.47600119525126,157.028866192982,124.60163532271588,119.17426993753098,104.56677622217765,102.7024692948884,0.7846360783794214,1.733601999046811,32.01303255981362,11.899158289634075,2.995743742196097,3.9863206462875747,3.541836216195314,3.746523437971167
bent_forward_4.mp4,chair,bent_forward,684,148.84432072918918,155.43369367725748,125.01116641847305,122.09020184707616,103.38014001705862,103.0719248430048,0.861277910453702,1.8508668937840023,35.573367398111856,9.250660992531314,3.9670670318173245,5.277819543010763,4.441271299173441,4.597476012269709
bent_forward_4.mp4,chair,bent_forward,690,144.5658103075184,147.36370685037036,124.6106478022122,122.92822846806486,102.10181823882189,102.01089108610844,1.3597272121276704,2.835032752909651,37.4720305750511,9.69921003963975,5.941809642188322,7.44562204706443,6.911783332014816,7.073197367549275
bent_forward_4.mp4,chair,bent_forward,696,150.5989349152895,145.57221730729336,127.83943100167562,124.78539227492416,103.27825278451138,103.6953669456598,2.2111955303428874,3.3448061502188833,37.86602902979273,9.578741158366782,9.056677633409619,10.511660834309382,9.959380770109927,9.90444245130705
bent_forward_4.mp4,chair,bent_forward,702,149.82472015212414,149.02106629783964,123.21403914609027,119.31278047522554,101.68331677596213,100.14108511302703,1.5633148887792878,2.5016717552580316,38.4363039822496,9.111021896248513,6.491775433024205,7.747356076705125,6.955104787023424,7.171173353567298
bent_forward_4.mp4,chair,bent_forward,708,149.8017793721558,146.23076056126155,122.52640822357844,118.90374092719696,102.65099709087019,99.6345150428762,0.9551479475265618,2.101713164823718,38.40540076603431,8.269991853715434,5.13547227203474,6.206552903171977,5.587001530039876,5.800895160638328
bent_forward_4.mp4,chair,bent_forward,714,152.20105725294437,145.91534895872775,123.63369835145272,119.43904440807405,102.87120962704901,100.44513054060468,0.9390895985357703,2.059198003690825,38.20358778539738,7.896451854608235,4.872555320919958,5.883408385621168,5.338616823151332,5.49897037643921
bent_forward_4.mp4,chair,bent_forward,720,152.4832361208108,144.385235116817,122.57376766253627,120.61701124460888,103.69672936406234,103.2404488498799,1.1643564499571222,2.2251644582547043,37.46753773004292,7.315662264515139,5.09123936798812,6.177552914440273,5.531563855236335,5.600308680929313
bent_forward_4.mp4,chair,bent_forward,726,152.78636532789406,144.3307390243091,120.63080152526979,119.86328033488218,103.63532498324061,104.07331043998794,1.1526707054349354,2.0576873437311964,36.45619889460609,7.391500391215356,5.329504961145379,6.267723426484603,5.385482102828654,5.538404249398282
bent_forward_4.mp4,chair,bent_forward,732,153.76360745526483,144.96799506416875,121.16835915828572,120.9862161062604,105.14952538613441,104.66756168706445,1.1008697432139198,2.0248040054007324,35.652685790125,7.89736397803345,5.205908278190205,6.041419611838527,4.9990823840739935,5.268978172825553
bent_forward_4.mp4,chair,bent_forward,738,153.98082825572445,146.66012147563623,125.58365988924655,123.32904479357923,108.15204142068559,107.3168833986851,1.1797148276464118,2.3009982957082618,34.33981309905593,7.860090709545123,5.587277059981953,6.681459992385266,5.070484164400492,5.319133875199972
bent_forward_4.mp4,chair,bent_forward,744,167.31653452945102,157.13168214493913,129.95483536402,131.63206931676072,110.28068949008284,112.25442508818986,0.7660294753164829,1.2077518509890932,34.18587563554712,8.056803125831514,2.6812828038036547,2.3854632851764257,3.6542648470846673,3.9066650866151615
bent_forward_4.mp4,chair,bent_forward,750,88.22630850083485,92.98789588457483,147.9484894323732,135.6802726935555,113.23164897791536,118.07220177543998,3.2038650493294107,0.35548441682427656,32.865190143988706,10.221840305195117,4.13505018788653,4.902121258354823,3.957069425865171,3.6131256218655365
bent_forward_4.mp4,chair,bent_forward,756,132.20394557809183,138.8621673449337,158.04708270001754,148.7940593579331,128.995097792729,133.3254993844886,3.3766141260407845,0.9016294223673056,27.742250814978036,7.643997915261801,6.5498938522347,8.05769861880079,3.1390835393246608,2.8647575737683533
bent_forward_4.mp4,chair,bent_forward,762,148.85814305627918,155.04410695856845,165.50128207496655,162.2623626682499,148.2306488159144,147.84526569436625,0.3708999735349889,1.2807303662989986,22.26643184465134,1.3365821692236308,4.18563886192616,4.6285469943283974,1.1621879422691566,1.2072187982220057
bent_forward_4.mp4,chair,bent_forward,768,134.66440639351276,150.42455875971535,162.43142928512177,157.79620781204753,146.86123690377218,145.52418831093746,0.4606634566296126,2.1127054940814967,21.99876521855097,2.0494055266056734,4.596480177128011,5.450477280193875,1.309112036670546,1.384968064822142
bent_forward_4.mp4,chair,bent_forward,774,109.72276715034562,125.77599784113474,154.11449731589448,153.81514587149886,134.03769161616168,139.3261740592538,0.6190143592940062,0.6728806588347281,25.244230135160333,4.722490691645236,1.9442096391549921,2.324770655117088,2.774571724184992,2.488553837008086
bent_forward_4.mp4,chair,bent_forward,780,166.65128006642982,166.81632444161593,152.3108727870126,149.92915066435938,132.2001525080712,138.38101439581456,0.5339482021414751,1.9247592241159706,24.69914229685038,5.145992832169399,1.8373784196665408,2.5470090339462477,1.6347974093080155,1.4307982299621036
bent_forward_4.mp4,chair,bent_forward,786,169.1288507031319,157.35489109648992,148.86301654269795,143.51994099565474,130.9802917074754,133.4458055250533,0.7115621298955734,1.49492741878166,25.31260626934855,5.04541565534345,3.6048721926296703,4.043842532000001,2.0505333511396415,1.8849272767646263
bent_forward_4.mp4,chair,bent_forward,792,163.6676812495753,161.67080889462042,144.62391109451744,137.52411424773686,127.53598429827635,125.54665544867363,1.1426519035543208,2.111412652903688,25.72083001188189,7.609727855765624,6.911243863012512,7.791964955197414,4.07480336737554,4.130894431853565
bent_forward_4.mp4,chair,bent_forward,798,150.20446389969513,158.6057190291811,141.12273396556841,130.25193827215554,126.00582067030626,121.24503175824081,0.7135449201693691,2.2184997351161773,25.08055786645264,7.576238807643033,4.665559430865025,6.291546766236386,3.0848873416991642,3.1098113092154085
bent_forward_4.mp4,chair,bent_forward,804,145.33055927849864,157.83981397937626,139.92774615663885,130.21302109885062,126.63094440244943,121.42706755744916,0.7372936215602219,2.190641610945237,24.568740380713507,7.6086289977873784,4.050014365264616,5.7824988646048086,2.915033786271199,3.032977639803702
bent_forward_4.mp4,chair,bent_forward,810,149.00011890216066,161.27602527298308,141.043617173307,125.67022700804866,128.8437396023334,120.11665181705737,0.47886286290351754,1.5098567313439368,24.811495084505975,6.237342878020074,2.7949940277874212,3.927552543553554,1.93405388048542,2.020624767953347
bent_forward_4.mp4,chair,bent_forward,816,153.8684446894081,159.03616552667586,137.90332256385537,125.54779470445338,125.03194093995721,119.6559582974279,0.5398249323064814,1.3618028849517698,25.246007436830446,6.183533850685625,2.6775110829103945,3.516353528307253,1.7310230431949782,1.8851700198219603
bent_forward_4.mp4,chair,bent_forward,822,150.67849056089196,160.8482936381408,136.76312402151135,126.47355091108157,125.35677278485156,119.91437079715321,0.5278245223738666,1.2564872552356205,26.077939048465144,5.555528119785916,2.6788961132025797,3.4326615478390567,1.740422086979615,1.8223421500293282
bent_forward_4.mp4,chair,bent_forward,828,148.6368603216027,157.53961829179283,133.09497314430433,124.88595719568436,120.5059445603875,117.90622638530215,0.6052925119260544,1.5976861619925133,27.30006334239041,6.646807263967661,3.6838412957215003,4.661185803741487,2.5644773634163234,2.5474460632290037
bent_forward_4.mp4,chair,bent_forward,834,149.23440821528982,158.88060411257652,136.22484999286516,126.01147370970311,121.55333247008154,117.91003709130486,0.6713202976739341,1.8213182635701592,27.784259724035465,6.975154990991309,3.919395448885771,4.995957045332548,2.906864950278845,2.892716220894003
bent_forward_4.mp4,chair,bent_forward,840,152.00197926531405,161.35797083003305,139.64771913889717,127.29664355979364,122.76815863087715,118.23158432656038,0.5312768282254351,1.317028670165387,28.46091639228227,7.007490332648663,3.239241944846702,4.1886823134331745,2.424982049686433,2.3960709971055825
bent_forward_4.mp4,chair,bent_forward,846,150.87182362899125,153.55064379164546,134.90039104485035,125.97704255174261,118.42119001100836,118.1915041952533,0.7176699882321484,1.8672079761920244,28.17137634569558,8.01204260746099,4.7148792918751505,5.644622626012905,3.7977421728220837,3.5000152397091058
bent_forward_4.mp4,chair,bent_forward,852,152.5532143717344,157.50746083119725,123.79941402681321,121.17577808774753,115.0710037768866,115.7266805482972,0.614685028394196,1.720682919653061,27.78904106869917,6.655688199005487,3.946543555194065,4.745407507466642,2.7475661435309484,2.7530921938480972
bent_forward_4.mp4,chair,bent_forward,858,153.76206098978685,157.86589934344843,127.16350804617284,120.47194918173128,118.85425832047746,117.04717779015327,0.703172629241652,1.868776104698756,27.204409656978857,5.532581132062702,4.420425259570547,5.378882484425636,2.8608607620720945,2.905095801928281
bent_forward_4.mp4,chair,bent_forward,864,155.3138130978248,158.19648995124084,121.99898590229454,116.89913299907542,117.4207798481805,117.78265737129263,0.7504828693411986,2.0183096913925582,26.12108912941635,5.486544238934545,4.710360466700633,5.839021568088831,3.017012008127803,2.969511317640163
bent_forward_4.mp4,chair,bent_forward,870,153.82534615641006,161.00120274312485,125.49836647494188,115.6533592051672,114.56096215384652,115.64127121506758,1.0819897167906136,1.625492293391593,25.44338737447562,8.116361671251266,3.857684585854438,4.813394822773723,2.664923157023683,2.3838125176406817
bent_forward_4.mp4,chair,bent_forward,876,153.23578231396968,159.23071798726744,125.43362164572089,116.1723444043496,119.36771144615868,116.59520698347845,0.7200194456841165,1.7210935702694428,25.29446349067123,5.865749177842704,3.644746170647186,4.622154048257303,2.3774047119895148,2.3502994544112465
bent_forward_4.mp4,chair,bent_forward,882,151.95433432422683,161.0396116173111,125.39605386654844,117.24906448233732,120.07882475114366,116.39685908429419,0.5882247085124022,1.3629833232850717,25.46971610799256,5.900561829718182,3.1398497796052247,4.047247211246055,1.9867856235933332,2.0462483138989316
bent_forward_4.mp4,chair,bent_forward,888,152.40242288438597,162.98232956961397,126.52202009456455,118.16968420735303,120.75164574707651,116.56435845457399,0.5594759249262904,1.1498037336094522,25.95303717711448,5.768763374544312,2.988167917439775,3.757213833995252,1.904322854438202,1.975591702228768
bent_forward_4.mp4,chair,bent_forward,894,150.19361976573782,158.43009214454207,124.18554414961858,116.98047665612322,117.56935254030782,114.79105042821783,0.5428770924549515,1.1873663934160756,26.554542104339433,5.90104871167534,3.103080508570788,3.953815390113469,2.1247551780443636,2.146442739599512
bent_forward_4.mp4,chair,bent_forward,900,151.11324976067274,153.2398645247297,126.32304615594671,116.79940061684488,116.80990422400579,114.63331356615916,0.649402624354945,1.484128178596649,27.13716302815078,6.45383565610769,3.728399575256672,4.5368114696539,2.837320637150617,2.7393293832052237
bent_forward_5.mp4,chair,bent_forward,6,158.79584656179753,160.8715495859491,110.72595832544498,108.58804978944903,107.83047614130484,110.60834591083267,1.283883125970479,2.951812288042272,25.65781862523664,8.105455746408019,9.48543144191241,10.47960309177557,5.587675268177671,5.623198788846335
bent_forward_5.mp4,chair,bent_forward,12,157.95668161040416,159.08988926727255,117.16287137304491,113.80866216732983,112.28275879109619,113.63247485779196,0.6758231770659482,1.6993799137275365,25.39749073669793,7.835048112412588,6.448691911627099,6.665059748434885,3.560263387617786,3.6512964189387014
bent_forward_5.mp4,chair,bent_forward,18,160.47874921046565,163.50524794827058,118.47632764813648,113.35248182017347,110.9445655426915,112.58779557441824,0.8195738784838015,1.9877026100661377,25.339259799297658,8.547573779008156,7.047121120470566,7.51611774870685,4.320726580058888,4.351886690644143
bent_forward_5.mp4,chair,bent_forward,24,158.19323472358317,158.49965733454397,117.55225477901918,111.56986973690192,109.73295395982336,110.95214200774822,1.1534276366391465,2.4501849821964052,25.522768465236442,9.175725607985619,7.952859203877817,9.165221424569836,5.097201070465025,5.14951540822499
bent_forward_5.mp4,chair,bent_forward,30,154.5172627056281,152.53273964229402,118.26456316460498,111.95397411026481,111.82626374348813,111.05224188621362,0.8305346288781135,2.3538577918911487,26.344716596381748,8.029678411220718,8.437701062670603,9.509108756140849,5.037020277556179,5.22261810993765
bent_forward_5.mp4,chair,bent_forward,36,154.70557027898332,152.5606490402033,117.91513989425538,115.38046019330395,113.2639041254684,112.21133973970218,0.711876468544268,2.772384267854035,26.393934818808,8.34417870309876,7.630542637719161,9.163940612837306,4.657427170424716,4.916779500893193
bent_forward_5.mp4,chair,bent_forward,42,153.2554043301304,154.837373697826,125.94356140074163,115.7587508569942,115.15120431794948,113.87828683201762,0.8809972317461843,2.407893191922986,25.6340287063283,9.528207330149932,6.784272508672654,8.221869883131943,4.5964372335972605,4.313039316509129
bent_forward_5.mp4,chair,bent_forward,48,156.29301167615813,156.33688080731008,119.11686118865134,112.52599070097818,113.84084591117248,112.80499849623743,0.8381844384278728,2.309660472814578,25.51380038403962,7.810464717400612,6.28086244992643,7.550968512880205,4.048461051653628,4.102244893510237
bent_forward_5.mp4,chair,bent_forward,54,155.03271136813152,158.83688945037957,115.53159066367445,111.25250327522757,111.15337343773544,111.914764074241,0.8494804293518875,2.1694176068731545,25.74474434717255,7.343767554529855,5.222398824787093,6.345793725266708,3.5735719680182703,3.677484497926494
bent_forward_5.mp4,chair,bent_forward,60,156.87835947976495,156.9782947931564,114.71736820750452,112.71140177038495,109.64021453011759,111.7653208790942,0.6990765616183157,1.8509418460183031,25.935035743128605,8.161987416404733,4.475599377648963,5.341241744703861,3.2251701860308217,3.3701414046652896
bent_forward_5.mp4,chair,bent_forward,66,158.01754771668536,155.7997539329677,113.23588031248977,110.76978109229303,110.23562991877628,111.05647008804956,0.6653759670229591,1.9572529399611978,26.760962499159827,7.7536387959792386,4.737803282430279,5.496350210361944,3.4564816809533636,3.5999973019776834
bent_forward_5.mp4,chair,bent_forward,72,161.29212106743947,156.26198089322742,114.22515033957156,110.9868337024557,108.39612740605364,108.29218947174267,0.7648389598065726,2.1019941239523217,27.852820188896192,8.530125367802535,5.524317336657274,6.243861921290908,4.0362908122698915,4.13028371771135
bent_forward_5.mp4,chair,bent_forward,78,151.51623959100806,150.13803611771652,116.71854108137157,114.3697758914616,106.87002442631177,107.77369064419175,0.8184385256957134,2.090693283175419,28.568607182173242,9.201579076265363,6.574593033174952,6.992575888209437,5.0706475135526095,5.20863769103449
bent_forward_5.mp4,chair,bent_forward,84,151.79233390236973,151.2491983174254,116.64489765220011,116.45468760154982,104.74578411842232,106.2698738175335,0.5179071991498405,1.5461675004372097,30.69964250362317,9.387355513125238,5.214324307769113,5.320865921448673,3.8443532417602153,4.025809191112764
bent_forward_5.mp4,chair,bent_forward,90,151.48293521209132,153.10754346553338,117.20797262257994,116.28306391248566,105.91170101591612,106.66267972037626,0.5266896257629348,1.3383940595649253,30.79857145437954,8.937012642434754,5.051843365342586,4.975572778836742,3.6851857790301144,3.8596071673916312
bent_forward_5.mp4,chair,bent_forward,96,157.83252651076893,153.78237724499394,117.69754060679819,116.60554114891866,106.6635299087532,106.98376109094671,0.6404022469985753,1.6244834548238793,30.886226190232545,8.805061610712357,5.562634118534927,5.709878218359283,3.9220127861857783,4.131694863643744
bent_forward_5.mp4,chair,bent_forward,102,154.66083340591558,152.68950224862056,116.90485631341349,116.41590389184783,107.02790264952556,106.87529203536887,0.8005190900511385,1.95790471397531,30.707493390250384,8.583055718414819,6.896028637195662,7.20603559779598,5.013837111770216,5.313554347142425
bent_forward_5.mp4,chair,bent_forward,108,154.24705912257087,151.86255939458172,114.91468421144056,113.78806378936562,106.53109607471191,106.23210315924476,0.7129437328526832,1.7378904312893089,30.439681145722304,8.007545108037855,6.504596399205175,6.632632588459652,4.567701278559757,4.797484971556789
bent_forward_5.mp4,chair,bent_forward,114,159.81402501548487,155.17474512675687,116.42530206291774,116.22498590406444,106.47843389138455,107.51032878553004,1.0264577752833235,1.9781288686507883,30.38763078645697,8.982729628824428,7.0795831018371596,7.472724091374333,5.127771354394178,5.344478285982683
bent_forward_5.mp4,chair,bent_forward,120,160.49124329569565,159.02949750260038,116.18776719593542,113.94897131584841,106.89156011512083,106.53027933300494,1.164957447685256,2.523147471061888,30.13828764912357,8.40303780902425,7.409547693525603,8.603674372232089,5.729463610443517,5.955993652106745
bent_forward_5.mp4,chair,bent_forward,126,156.6200187799379,157.9074379550397,113.63036653502068,111.96825988134852,106.80816326410412,105.69015576354565,0.9335125253079879,2.349673461241027,29.021001331745808,8.798464368366831,6.2684031041789385,7.467658552736368,4.611744808729188,4.943399418534248
bent_forward_5.mp4,chair,bent_forward,132,162.6943375151365,158.30747398864958,114.73026320790083,112.46472267130326,108.48288826067751,106.57016201520979,0.8107318294764799,2.1044604153866766,28.364521665821815,8.7336426849709,5.655403157313563,6.8047781764107675,3.95169081448905,4.314374856103001
bent_forward_5.mp4,chair,bent_forward,138,157.62765350343955,154.9744965117258,113.66253779810874,111.56094239458409,110.03294218889555,107.94152384236396,0.7488692945599827,2.216940134741558,27.964829186308055,8.209185772750486,5.707938755894971,6.891496207524244,3.8046977289825006,4.074626992094461
bent_forward_5.mp4,chair,bent_forward,144,154.41342676395084,156.18532946373924,113.36816121077946,111.87557557116469,110.76233653803897,109.85539245975457,0.6494898768564366,2.205122549490388,27.12038647930411,7.874064159462784,5.359030336861384,6.427245189823639,3.303294319951637,3.4431459882909645
bent_forward_5.mp4,chair,bent_forward,150,156.85985311054304,156.98584429951416,113.21688280865946,110.56129706338581,109.18172680964575,109.44221353972813,0.8356761920939315,1.835478397094279,27.009558777623983,7.742722041332536,5.358864112256634,6.305612611100119,3.26344024505926,3.3326483157956055
bent_forward_5.mp4,chair,bent_forward,156,152.1717011430876,157.91224421454862,115.56020863751002,110.44282366620337,112.57788610907318,110.74906361084744,0.7601778255932157,1.4567458407901472,25.61125320426505,7.341949408740889,3.9270688557980185,4.960655070227336,2.6325079013372505,2.667859975112587
bent_forward_5.mp4,chair,bent_forward,162,157.7134436029355,162.89373289487668,117.03624565389742,112.9643989433233,114.22066124816703,113.77245660916371,0.8263828546665936,1.5540080050727372,25.009463696528073,7.082693845434868,4.8963625959578625,5.817294899784194,2.802484431988811,2.8104195579303877
bent_forward_5.mp4,chair,bent_forward,168,158.84994701205477,162.6432175528002,117.39018758934495,112.04809758639631,112.9797435377933,114.85004077422623,0.6167208940569026,1.556032795468144,23.412431013102058,7.160453586151015,4.388051013379408,5.448031822204068,2.447102007203647,2.328285111778635
bent_forward_5.mp4,chair,bent_forward,174,160.59123111977686,159.65807207821547,118.4307316588975,111.90421798242924,115.09462488758781,115.13164927629623,0.5122048532074684,1.3741579192957956,21.843889557419626,7.444028628171767,3.868793974798111,4.891430660134332,2.17660373190715,2.1017252930127817
bent_forward_5.mp4,chair,bent_forward,180,154.64802508772055,160.97588795800937,124.43236754410671,114.43963800349144,119.95035685700493,118.20537124021403,0.6196184309959031,1.3706900948531637,21.88776565724472,6.757106540549212,3.8954503426335627,4.76467559536922,2.0578413648965923,2.0947386129511183
bent_forward_5.mp4,chair,bent_forward,186,149.87687015276856,156.89815686044784,122.55907516698295,115.78347885457218,116.47353178854208,117.60632379783901,0.5609660418501752,1.6147411567613768,22.31718171203153,8.42050471202022,3.9401603656024706,4.834116890485361,2.4028940342697327,2.333191758712105
bent_forward_5.mp4,chair,bent_forward,192,151.90431063695794,156.4697938676736,120.90128762568872,114.36587519312982,114.73708619965959,117.09991205438108,0.30599065201178655,1.7003668945472834,22.68203985407262,8.385923803695242,3.929434661999172,4.774778805184721,2.5651915621452317,2.3741382101397592
bent_forward_5.mp4,chair,bent_forward,198,152.87376364155264,158.23284245374748,122.80787852133815,116.51230118848261,115.01003636361212,116.6979932217039,0.5298274045507759,1.5644644473798524,23.385690370543543,8.62601869896467,3.5122923428475907,4.333132481506098,2.2864160644343077,2.1543947746386727
bent_forward_5.mp4,chair,bent_forward,204,148.37707404163828,150.47643067984677,123.88327509700315,114.40082915684299,116.1710934784332,116.99563711119647,0.699679606546414,1.6594143120005258,22.7731036375762,8.350653514822378,3.7289140190435477,4.411577914211183,2.6321453850250687,2.44243474060858
bent_forward_5.mp4,chair,bent_forward,210,151.0018973841448,153.57657032361516,122.26380795983768,115.37849330786743,118.32279441149663,116.6154823054151,0.745121818330023,1.6015301677805889,23.11053789053296,6.634589835471947,3.313628674502109,4.115027668879895,2.130558589810134,2.1767709159959825
bent_forward_5.mp4,chair,bent_forward,216,150.69320473984718,151.25129852171278,122.20826797707583,117.71245246216353,119.34361105917161,118.56519682323464,0.8054425967648782,1.4824883483786953,22.975373908368017,6.41362650360134,2.922160765189983,3.416897343194094,1.9210672725851752,2.0682436191383595
bent_forward_5.mp4,chair,bent_forward,222,145.18140719473953,150.3302183161905,130.97651220411737,118.10110321436251,122.71042371111004,117.16048801769425,0.7327822167444047,1.4273770967806771,21.69880161147418,6.914832764662904,2.510538586268967,3.104678352999579,1.7184897476464693,1.8697769645451856
bent_forward_5.mp4,chair,bent_forward,228,149.30582785798936,150.14435551537514,140.29808880452933,126.88536262272798,128.48991490196633,121.76153974126831,0.6224585928586438,1.3287304764094083,20.91078082435379,7.901564507475757,2.176149037379824,2.9721270609294743,1.509807182431531,1.6377053241504131
bent_forward_5.mp4,chair,bent_forward,234,151.68772259593658,141.77631848677447,144.64217370032245,128.10724331695184,131.6625117057926,125.32029235236816,0.6287233426224813,1.4660023235684398,19.83384872019238,7.208065167428018,2.764792808424282,3.3752643089426173,1.7547344831971035,1.7137819368655323
bent_forward_5.mp4,chair,bent_forward,240,131.80286149255303,139.02074874728362,149.59613771563673,132.33554768251355,136.95429366898978,126.73074898422378,1.2638226307382219,1.355591165975267,19.65138688931472,7.137308461386417,2.941651902846821,3.4365109971905135,1.7463427000583471,1.8767739389270282
bent_forward_5.mp4,chair,bent_forward,246,144.23193191023643,147.55632980900006,145.95279572925327,130.33215896183168,134.25410749782594,121.71039452556533,1.053926088275405,0.9812771982570928,20.4607945032244,8.580579712542471,2.3603369636655223,2.780301512774841,1.4434992135373332,1.6905948043446781
bent_forward_5.mp4,chair,bent_forward,252,142.2687277029206,151.88112546921383,131.31262551945656,121.55468424350448,124.13545474744456,119.60949067242768,0.7321183513356484,1.5199612589390228,21.80032888502541,7.65183644687433,2.9141537214463313,3.771770376470427,1.963338919397799,2.019194385781772
bent_forward_5.mp4,chair,bent_forward,258,140.7714850657863,154.35105588002142,124.47508966356357,116.5016289133757,119.40121002919065,116.4522716882148,0.6434697695041198,1.625142272724201,21.938646315262957,7.941837285324639,3.1488892888660365,4.009443912056821,2.0065918257286923,2.0203278936742888
bent_forward_5.mp4,chair,bent_forward,264,142.75399349446198,149.4340980432032,118.6974838399525,114.0397652132696,118.8797024442327,117.27053813209615,0.7033593591221154,2.01029578518286,19.39919046894018,8.077999797218583,3.6756619242257655,4.876567999607989,2.1225618248672005,2.146476207822779
bent_forward_5.mp4,chair,bent_forward,270,156.7645570195464,155.40082417461832,124.44926882084707,117.1889650614451,122.52904388617456,121.01964216242669,0.5790193857769007,1.689267782492044,19.283490344010403,6.844529483410153,2.7606466039294095,3.6167469823615668,1.5081345931149441,1.4674288485672378
bent_forward_5.mp4,chair,bent_forward,276,151.37931068583703,155.29855259880875,133.38995907522576,119.25005790896091,128.63336884164295,121.74985894675908,0.648855788693113,1.6479484022145556,19.806848989630844,6.465206199432064,2.978264934109301,3.9492743845476395,1.6323561551786117,1.7449948200229568
bent_forward_5.mp4,chair,bent_forward,282,156.11531859176242,152.56044194310752,129.36903385194304,121.50353179002563,126.20873183048347,123.07504390455578,0.688654191831489,1.5627877002788952,20.04347804508919,6.214200844315261,2.8916636171808356,3.8084802507261557,1.6536446547534644,1.7446021877469529
bent_forward_5.mp4,chair,bent_forward,288,152.06745167615844,148.6093856055592,141.03770776884986,123.25860619801414,132.45265321758882,125.5100643742853,0.710199983698141,1.5381290192837236,18.807997333622836,6.182610312230631,2.971305730778665,3.6704898682736244,1.6643867292240058,1.616172550442341
bent_forward_5.mp4,chair,bent_forward,294,139.68636484277437,151.05205165391757,128.03562274693485,118.86597205424391,122.63154686425901,121.0967249029112,0.47027405709098324,1.2581337821376457,20.597338947601788,6.817163183904101,2.7970173548922976,3.0609150243627354,1.575590839753055,1.5234573387057175
bent_forward_5.mp4,chair,bent_forward,300,147.33431202161722,152.17412183505922,128.02581718964126,118.70484603259857,120.84730314892533,117.21820973287642,0.6075913528859679,1.3705276025138626,21.94595616400834,7.9435090226478025,3.2247998511253924,3.6614914322954286,2.0827237292883756,2.154322438377451
bent_forward_5.mp4,chair,bent_forward,306,149.82680717503322,155.65382609593274,135.26850340805032,128.5541701454722,123.23367578269092,120.30556737793265,0.520691990339661,1.4328392172935531,22.088644499476462,10.2570624622835,3.04528160360512,3.6471528085863194,2.1002659430122197,2.1838135383874464
bent_forward_5.mp4,chair,bent_forward,312,149.63781056511687,156.03903866928286,138.29254950365294,128.44630395724218,125.76653126238583,120.03925491080521,0.4520546768034405,1.3065303976124,21.547282762986658,10.545664923207854,2.710443622640735,3.221750920098625,1.7849423916955691,1.9774242433559297
bent_forward_5.mp4,chair,bent_forward,318,142.7430558911599,155.44613866380627,129.0896400541758,127.71378243142365,123.42440561008506,122.16510495325103,0.555940609541667,1.8257235086903747,21.170038191141348,9.222881245175959,2.8003792585981273,3.7273582999294077,1.9763610004269194,2.1542155562916827
bent_forward_5.mp4,chair,bent_forward,324,156.01260518761117,157.7675941710186,130.37553004060754,129.06828226300865,122.39501117562584,123.4838712976785,0.5453465460596774,1.6915470667384975,22.213722648886513,8.454847480956388,3.0053607359581487,3.793311655934203,2.1813938071724324,2.196269472798432
bent_forward_5.mp4,chair,bent_forward,330,161.8013878490165,160.05279889683803,129.70119806238978,127.09611382845812,120.928734981408,121.57850416528642,0.4694162867483108,1.3385830412302104,22.958629335339445,8.553989188540335,3.3113524468075477,3.7064943816266345,2.1156092404783,2.128512751760699
bent_forward_5.mp4,chair,bent_forward,336,158.9515424982528,156.38972773190767,130.02183894271093,127.22323918068129,118.29866752590979,119.85712587792084,0.7815029940353232,1.356505470980607,23.76905214770997,9.795034223617753,3.0966040814005056,3.6431035814033343,2.2628615595985546,2.234283328837027
bent_forward_5.mp4,chair,bent_forward,342,154.0972468767977,152.22735389607408,133.91238268687133,130.5633767486567,118.29620472261503,119.45415039396205,0.7299512010410981,1.2670228695933434,24.58750264706967,10.814594850019436,2.617761867124622,3.0014786180176873,2.052833962869013,2.0993498940624735
bent_forward_5.mp4,chair,bent_forward,348,150.7533568446907,153.82437765837867,132.82705280082118,129.6382347285552,117.61707400177103,117.66192123404628,0.7591520844685098,1.2911578188236736,24.875830275039277,11.437568672436011,2.6694030643697957,3.207617992659189,2.2129239769326485,2.302042728630024
bent_forward_5.mp4,chair,bent_forward,354,158.56337357165066,152.22911122220506,129.19091993174592,127.1085984339595,121.4855816868573,119.67533564041352,0.5958679413977179,1.6476748144749702,23.20366014250271,9.68451431874195,2.920646262774449,4.107429515967792,2.1245868598132382,2.268910437521443
bent_forward_5.mp4,chair,bent_forward,360,155.93784427612812,153.04495336489046,128.83468541385713,127.26739693639436,122.37510592901609,124.90187029049582,0.6133671119359903,1.5698637951345855,20.937312549528443,7.993813927367126,3.998008471028746,4.976329080148163,2.17618597708704,1.9764711746169563
bent_forward_5.mp4,chair,bent_forward,366,149.56166129287155,148.85680618940194,121.86623652658783,120.71965094589875,122.1655325248519,125.82358765894978,1.0248511822712696,1.2455301802857286,16.552714627269957,7.830433660938116,3.8252028177724915,4.686765317372576,1.6727761481204337,1.480545552538969
bent_forward_5.mp4,chair,bent_forward,372,149.43869682080836,148.54254841498337,128.427405390903,124.97671368971493,130.47717512780056,129.91234331868705,0.622737724670652,1.1329304340443491,15.031125087706892,7.501728125995776,3.5997246852416196,4.423768318137064,1.5515842547335612,1.3754761689151045
bent_forward_5.mp4,chair,bent_forward,378,140.90473035945345,140.14778709384765,127.77752308380033,119.37958160038033,132.20914080739612,130.23895486053763,0.364493886469561,1.6011695155636716,14.50298784915514,5.616216373269034,4.061422895807864,5.0556909109796075,1.647106691361563,1.5358608380065495
bent_forward_5.mp4,chair,bent_forward,384,147.99564664304452,141.86221110870153,124.03251952610579,118.15154369587096,125.60967084500993,126.48423455499766,0.27346853489928485,1.1518508701704582,17.49744059537744,5.727185956384667,3.046832251944989,3.420868475949768,1.3367635725402562,1.2303520735942906
bent_forward_5.mp4,chair,bent_forward,390,151.42963158682392,142.5444461370641,120.74356928894147,114.26041088414,123.75778009888313,125.114577026515,0.4473763509583805,1.2105343350469953,17.27526797005509,5.078979597872998,3.6040492512544655,3.9190847787887746,1.5293313064886644,1.3262267283945515
bent_forward_5.mp4,chair,bent_forward,396,150.93024050275304,150.0442540117154,122.5022801809462,116.46677668901937,121.76601615433972,123.34599612021002,0.4123961472455801,1.49431872275642,18.597166578805528,6.759081594496161,3.9601157505819526,4.9387393680920635,1.9766732646689837,1.7638083911917128
bent_forward_5.mp4,chair,bent_forward,402,152.073165738465,151.8661064068801,120.55904543800655,112.59210880670841,120.20144454862172,121.41007661532085,0.5622584123146976,1.7503127731331598,19.26142120591111,6.114359650871128,4.371486892985889,5.506011656801488,2.0426837540486917,1.7430754993007416
bent_forward_5.mp4,chair,bent_forward,408,157.41842749073479,153.7521777789527,118.69640833493388,110.95069609030814,120.21952631383925,121.08638570040178,0.6292723982331709,1.568421654963184,19.071085549047844,5.57102954023072,4.91352513391621,6.015955279304613,2.005819454408659,1.7822317696068852
bent_forward_5.mp4,chair,bent_forward,414,154.79246638643855,151.82636731814029,118.2908421626904,109.21586130659465,121.67062840857899,120.71524105941313,0.4992672696946525,1.4562281321454509,18.962133659130078,4.8515504075685225,4.437922024659017,5.510083294282843,1.7675836900307178,1.640831357177019
bent_forward_5.mp4,chair,bent_forward,420,152.15451323325678,154.22642908716605,118.28527398467304,108.31934521589557,123.83949946949639,120.51003789903052,0.4594871503383698,1.4800251424181028,17.80531954690688,4.610729854066479,4.282981046428159,5.523449491366668,1.5879787477100429,1.6151492020093816
bent_forward_5.mp4,chair,bent_forward,426,152.94979750048407,152.0861376264024,121.65451186910302,110.63327696812986,125.34345149364506,122.22296323587183,0.4451942877156435,1.3949242880938373,17.59194142296468,4.700567945358862,3.9200037978515097,5.048337829380296,1.427374381772347,1.4805476698052735
bent_forward_5.mp4,chair,bent_forward,432,155.53004054550306,151.19415437459114,118.85822888644869,110.33461127865453,122.92719521084382,122.22926170054681,0.49781087163139964,1.4690424029334832,17.985712640809073,4.751873324530091,4.277716804525785,5.349740355910576,1.6552451952738068,1.635378933637807
bent_forward_5.mp4,chair,bent_forward,438,157.0352653650886,151.73691580147337,121.1054262220274,113.24271659573927,125.55124751504027,123.8332662589055,0.48573126466271926,1.45393768539186,18.043706479480715,4.477064167418693,4.024524456761746,4.776205006962873,1.46343988141552,1.452105725506597
bent_forward_5.mp4,chair,bent_forward,444,153.89316972208047,154.61642738992384,118.4587215597735,113.91182677857488,123.02815893408922,124.09842940273498,0.41290359116251824,1.3161815249226325,18.421511920670422,4.505205000595623,3.2743124502002248,4.065159277867869,1.3558818770749514,1.2680643769867679
bent_forward_5.mp4,chair,bent_forward,450,151.29753962411917,150.0120664038168,121.50970649526008,116.25807560650696,123.02391339653083,123.7502671874491,0.43975020906616974,1.171694083516775,18.84559639231689,5.381332179615093,3.187156022894232,3.6147214147529185,1.3366627318001192,1.3443643319411187
bent_forward_5.mp4,chair,bent_forward,456,147.86554421320292,154.68331641743245,121.56384164149141,111.0371707000926,120.91485709104326,119.38438356816211,0.41051587121051764,1.213521080636818,20.394752351467854,4.310937697471593,3.4441256266437645,4.049113620761435,1.5210481362539208,1.4566122044982064
bent_forward_5.mp4,chair,bent_forward,462,148.65863815259286,155.95794837344417,119.78565396518007,111.2205099151514,115.57446062095049,114.75476845848755,0.4402231576051076,1.0666350276918768,23.052210785779792,5.973837059947,3.1436838297460885,3.725150700229,1.6024518383425792,1.6419665155755465
bent_forward_5.mp4,chair,bent_forward,468,150.27323289513765,151.20481772851687,115.00480760772949,108.9563593416122,109.15571645976013,109.86458325234676,0.5515677477502263,1.4292803677407726,25.221938685844343,7.639579340318712,4.185372422592464,4.859367862044066,2.4369255431878254,2.4830776077146646
bent_forward_5.mp4,chair,bent_forward,474,147.28238709908135,150.15906467072176,112.44854900891781,108.18433854653547,107.02604410270087,107.98868388401168,0.6287554057124481,1.4622010626533204,26.342758021956783,7.740018609000087,4.611687197582781,5.318146319980235,2.684849617147792,2.6793997797910123
bent_forward_5.mp4,chair,bent_forward,480,148.26542303612703,146.98792478893822,112.20841886989648,107.28515591435799,106.7354165275287,107.2606778060953,0.6840382355028966,1.5015401769426857,27.356006056252788,8.178184509774463,4.7914310828913145,5.53695398130339,2.9288091104076575,2.8993659735845148
bent_forward_5.mp4,chair,bent_forward,486,152.2285933263821,149.40105098581066,110.14879026103749,105.63293611081536,103.5536974494555,105.27170680589106,0.8265584946441369,1.614503444824506,27.6993458265585,8.267108654952544,5.059228860164129,5.81410459934463,3.134787764575054,3.1497416655620696
bent_forward_5.mp4,chair,bent_forward,492,151.56582600373085,149.79461665313298,108.05917061702539,104.49864272525136,103.096869175749,104.17398631424834,0.9365200195603167,1.5928764530953048,27.790337281621515,8.553050522757655,5.233798459106697,5.837887457940525,3.303982277677901,3.363142994110503
bent_forward_5.mp4,chair,bent_forward,498,152.5741699027187,150.42759908510544,106.00537581250506,104.5199906762287,103.22364774242477,104.12780091199623,0.8593813686739407,1.6143818313728722,27.3549829429015,8.99946376222123,5.39289726428492,6.024571484798154,3.3848659647811363,3.451483305228727
bent_forward_5.mp4,chair,bent_forward,504,154.4715480367227,152.64791824592265,105.2773297023685,101.73334086243507,102.45746282417835,102.09156710676712,0.9042453107669931,1.7079913296977105,26.96679981522157,8.825756302986056,5.1977124898064035,5.9258539296181585,3.2924567665437903,3.3197782214093214
bent_forward_5.mp4,chair,bent_forward,510,154.3212235172643,152.1438143195921,105.00911073739692,100.5881078889641,104.3135909176519,103.26156321004107,1.0054293217915766,1.7574778245397773,26.313790050303698,7.388658473853433,4.915327827327398,5.883728700713865,3.2001608921018634,3.182240501634498
bent_forward_5.mp4,chair,bent_forward,516,153.5296392492638,152.1926381116776,109.94036156651816,104.1808742008855,108.13303815241386,107.6427746170515,0.7423226796113284,1.6715624208587507,26.061534176090753,6.655101029096685,4.326578957921695,5.2971332007790854,2.9140833157809825,2.7890101719626945
bent_forward_5.mp4,chair,bent_forward,522,147.26768327509345,150.66936547286028,109.2699759580483,103.58272690810698,105.9158409611669,105.92566250589697,0.5899454623184736,1.3099088253636268,25.735898675925263,6.979522045561078,3.504109710684761,4.293019494157584,2.2218363393444243,2.177951047235553
bent_forward_5.mp4,chair,bent_forward,528,150.34547008414188,150.54591583864718,106.12457177005945,102.94113811826018,102.95230737589033,104.6526485991722,0.7394387936215681,1.36095837497839,26.429466229610338,8.10452578810146,4.0860872884383,4.707536288070938,2.6555157553449384,2.626946013100656
bent_forward_5.mp4,chair,bent_forward,534,149.6686929861915,149.9584390796798,103.76284110913414,101.64965606041837,102.06034661148534,104.17244196110683,0.8560757582250622,1.3768696713203064,26.780966486303118,7.464898036212153,4.239455850863009,4.925343309952699,2.6086659835049226,2.602140158364687
bent_forward_5.mp4,chair,bent_forward,540,150.64547929646767,149.87083346211122,104.22599489829936,101.79454404856476,102.64310570855406,105.05531177468471,0.912949709359602,1.4097888196207742,26.358594661614845,7.963146259667977,4.508779380127743,5.239391569856405,2.8135579222610896,2.7567236910063504
bent_forward_5.mp4,chair,bent_forward,546,153.63526177383866,150.1087594002804,107.17461157526041,101.93321685805752,103.90053473314853,105.3242030064589,0.9113420945986425,1.5124818985038206,26.259059258924655,7.684305670171767,4.485474592110071,5.112478940010575,2.7680504194635276,2.7240896915783557
bent_forward_5.mp4,chair,bent_forward,552,153.64163336592253,150.54672770707666,107.32221746287804,101.82885826878439,103.29701481925338,105.2580282899194,0.9391991001228871,1.4597890196969077,26.5104497030431,7.4832493184545825,4.500814256191815,5.196222761382773,2.798864531061495,2.735468262748795
bent_forward_5.mp4,chair,bent_forward,558,152.2792291056635,149.44645128058224,107.90991608589546,101.98648875590234,103.51349867900241,105.35120827231002,0.9420690091969135,1.5350387574222513,26.77301586267213,7.197414772872483,4.2769637741034705,5.159897218661027,2.8230437504290102,2.7584726748515527
bent_forward_5.mp4,chair,bent_forward,564,148.83013310960342,151.5369297231225,102.45320422440751,98.91062164580191,99.68364066190966,100.66816529400305,0.9062947470208274,1.4226735435822457,27.603302448529753,7.884658804390933,4.220733263224002,5.376630319390011,2.792277472324512,2.7014755660149063
bent_forward_5.mp4,chair,bent_forward,570,149.24298719967163,147.20064566412083,100.55694927175456,96.13002015887137,99.24197302609608,98.87066318821508,0.9196233627885674,1.5308769677581764,28.21875009805277,6.908993199805388,4.106191171421002,5.0328341497299585,2.851279497334262,2.8047245167237604
bent_forward_5.mp4,chair,bent_forward,576,151.54521866954045,148.10774282961503,101.90842863293511,96.26158821224772,102.19550132981502,99.06060072554219,1.0252087386710325,1.580187336594297,27.22989391763806,7.92369225827617,5.0033361038227735,5.8840626632743565,3.1095642307451064,3.1966175827023173
bent_forward_5.mp4,chair,bent_forward,582,155.3171681734143,149.9995173279044,106.91690554530012,101.15132122833295,107.78978877784385,106.2831887877494,1.052343140568231,1.8533685974931953,25.385230473411088,6.341542721803774,5.935640433651559,6.876517985540248,3.2706157195272416,3.3379440572095462
bent_forward_5.mp4,chair,bent_forward,588,152.82967062801083,151.57014161411362,114.85799195288989,107.66178543182058,112.88214177300422,112.48970282883089,0.901737554375516,1.831749516500696,23.70852500776274,5.732199933765529,5.184462242737575,6.0459537530514345,2.756348147535333,2.684156338009634
bent_forward_5.mp4,chair,bent_forward,594,146.5040997815743,147.89414652821534,120.72921225848268,111.91947089022904,113.9912979218653,116.14159883419254,0.6837612917864218,2.094888925794929,21.513705564024697,8.674108700636065,4.284510166085247,5.401214327874815,2.743312634112957,2.3036443795911534
bent_forward_5.mp4,chair,bent_forward,600,148.69673454688677,149.80578200128173,122.22289567655564,115.36657177750263,119.12511320569317,119.44999519024476,0.5283121833991465,1.6556887033902876,21.089138199037976,6.912658688356697,4.005805987525479,4.950838655046488,2.0814074268742475,1.9270631440639236
bent_forward_5.mp4,chair,bent_forward,606,149.4957575160566,148.14996691392204,121.64266108836841,116.80008373562623,119.4571752720594,120.71909660586998,0.5285604455516718,1.7454569035403722,20.884863494807608,6.587484398953415,4.181480624553174,5.086932559181431,2.190545613201243,2.078212190983093
bent_forward_5.mp4,chair,bent_forward,612,148.0081615219593,150.3570322829154,125.00663561524264,118.32323055974551,124.51550340924166,123.55763827606667,0.5092951238858165,1.4563847681230935,19.589779440877017,5.572910769674421,3.3080547738576307,4.020761815734081,1.6725515145987613,1.6324316737007298
bent_forward_5.mp4,chair,bent_forward,618,150.1438836054629,151.22911194174378,134.9887030781283,125.86151420545532,132.70365663479734,129.56010126055466,0.4424425646926137,1.0429478807515142,18.42167967242387,4.738317742268637,2.9091262558869166,3.1761008566028255,1.2031872796867389,1.2180887267578893
bent_forward_5.mp4,chair,bent_forward,624,150.3777246891902,150.23415314108965,141.72043501714714,126.48346708173423,138.42857920284496,130.45012775472773,0.3487534097843398,1.162211035496893,17.77302744033623,5.142543085787276,2.854994080622943,3.3224878830266555,1.2571945095783477,1.2680151942301499
bent_forward_5.mp4,chair,bent_forward,630,147.3167186671594,151.20967912959685,142.98094877297558,127.17751203923035,139.00292936445678,130.55027354108526,0.31319569088724236,1.2448542947562127,17.786622636550522,5.517176043179266,2.403948773289541,3.1209859067137553,1.2509458831679503,1.2686507478152729
bent_forward_5.mp4,chair,bent_forward,636,138.5784663622331,148.45437749572054,146.64531597003767,127.0002177671568,137.96773269246395,131.23961170048463,0.12729647417670692,1.3233135749828155,17.07963472175846,6.536126185154058,2.5529004098119352,3.290046123588468,1.4562430558148298,1.2909007246500837
bent_forward_5.mp4,chair,bent_forward,642,132.8478945384548,147.09135064962948,132.8679726817088,124.43529845987062,132.25094895203765,131.76541925940214,0.2420145288770275,2.0340646727296,15.947879142008215,5.669018284065882,3.678130508580504,4.589087998205432,1.727008226932623,1.5199181784619642
bent_forward_5.mp4,chair,bent_forward,648,141.22095321499597,145.73692541218617,132.04363956761645,120.0353437051971,131.62938558638638,127.95284652780458,0.26265665674671135,1.876035629541127,17.14411078735024,4.6025264651312705,3.8452559088447837,4.387634999192339,1.588567201229377,1.4482754310857033
bent_forward_5.mp4,chair,bent_forward,654,146.21136684196154,145.8096825084555,131.044839514521,122.53551988248296,129.08149551704716,126.13346610082064,0.256399046000882,1.7596464802756004,18.12312536180847,6.691405080170021,3.526295113153828,4.139813383334464,1.6318172948520755,1.6676850158967635
bent_forward_5.mp4,chair,bent_forward,660,148.5951603960892,147.83353586836856,129.18698787117066,121.02418436523303,127.79102828800858,122.39964553892196,0.32531298828480637,1.3979345934251852,19.414541124720586,6.917572624253748,3.1730682870138858,3.528602122453231,1.4623213338298444,1.6693181868570106
bent_forward_5.mp4,chair,bent_forward,666,142.27797227506625,150.32129829387645,126.20944260730556,121.28006276678039,122.87138827629217,120.38016972281648,0.7658416990615172,1.5770400204489896,20.441022265274388,8.26171240644136,3.3493949577770223,4.031816807767937,1.9612601889818642,2.2013258708596104
bent_forward_5.mp4,chair,bent_forward,672,145.57828908482065,153.40877326160324,124.06697935906007,123.33942470174046,115.38521839126219,118.89652701542373,0.9616270594673074,1.623324670297274,21.17845922077231,9.614212656319463,2.976234400165134,3.683962045419443,2.0964586534329537,2.2583366638106486
bent_forward_5.mp4,chair,bent_forward,678,139.2466913681199,148.10653239688648,119.06890131801258,115.52582189637828,109.62606470082385,110.65751475889958,0.8317377181689523,1.712768170306154,22.747222344553318,12.054580840119652,3.566231625011009,4.289987761952083,2.8055326090679302,2.9337434469554062
bent_forward_5.mp4,chair,bent_forward,684,137.5573318687058,151.4368526591409,119.79489329426178,114.36192181050255,107.20996213578862,106.59895518095796,0.6132533797762466,1.634492906279395,23.59677958788084,13.690562447771235,3.193285457488814,3.9697569195963425,2.8112290275074394,2.9114552057005696
bent_forward_5.mp4,chair,bent_forward,690,142.02126029455886,153.3604353767312,113.21261455122112,110.01702083419711,102.12274105921263,102.08030304887764,0.6092917529391544,1.947015705837585,22.742962460761873,14.828694692318292,4.034898273705316,4.863945122064194,3.305055741657492,3.4025411179117833
bent_forward_5.mp4,chair,bent_forward,696,142.11240247506834,151.37806583648654,111.00539664887064,106.8479155421864,101.95891919991855,100.74043300205413,0.5824238583480332,2.415980688719323,21.24065674044507,15.665520487762176,4.422354283738188,5.489346627338251,3.637576549169461,3.799155023447446
bent_forward_5.mp4,chair,bent_forward,702,145.6318688289609,151.37825756631412,113.85958255161654,106.40099314212132,103.38799845695358,100.99752270880775,0.6566752998790056,2.229310545826948,21.428304697563565,15.024236792250054,4.33128937376051,5.480034659391935,3.533188050216355,3.6507482411479097
bent_forward_5.mp4,chair,bent_forward,708,144.7613428060228,153.58395627506235,110.57929745138048,106.37280623597502,101.36875467605421,100.10487374333559,0.5927899488167842,2.6771028470561262,21.908762221004665,15.377747442949095,4.420065942346802,5.898231732375944,3.6086139200582306,3.7735481623710503
bent_forward_5.mp4,chair,bent_forward,714,150.51577974629186,155.03288464526878,112.79515864363722,107.17446812705302,103.45786793388984,100.54324978988453,0.5858843053981772,2.38585759809419,22.516274478847507,14.799772963974437,4.698683735064091,5.9843679100728115,3.6450066948269986,3.7889758105723046
bent_forward_5.mp4,chair,bent_forward,720,147.62896851870738,154.0809179667714,111.46137323604322,106.85337030085488,102.73850258992941,100.7509194455507,0.730256723664934,2.6175258709567597,22.576709593756586,14.921694557388564,5.165627615583025,6.606370044372949,4.109323969483449,4.195542642657739
bent_forward_5.mp4,chair,bent_forward,726,145.4103553004994,153.40019503162426,112.01807462117684,106.87700799742035,104.08134671957365,102.55601947687389,0.7247646598929994,2.679386752633542,21.911978402407165,14.455529748844675,5.039520752550236,6.5144212593982225,3.9069626333059984,3.9613033225493357
bent_forward_5.mp4,chair,bent_forward,732,145.8562863608068,152.79660105551534,111.84655151733273,105.77025941478504,104.96839646466383,102.57805121229998,0.6320834275586243,2.3826531067674726,21.486242994323018,14.397815147571958,4.627320347304317,6.009600451585281,3.5766072278718752,3.6369733735937566
bent_forward_5.mp4,chair,bent_forward,738,143.8328883773844,151.78093770951472,110.70116303051529,104.78126354828414,104.54756225651337,102.57137950022582,0.5886531957904528,2.5549889584257,21.43699316998679,13.813800391851194,4.860788394371488,6.390934800392464,3.678442840741002,3.770373273368976
bent_forward_5.mp4,chair,bent_forward,744,144.44836223739333,151.592490488367,111.27234897155475,104.86252768550878,105.45355696522203,103.73653871482674,0.5294623766172117,2.2984883100672477,21.285018884911164,13.551416924101826,4.559588044737888,5.949567421658186,3.424512691768034,3.414725922659532
bent_forward_5.mp4,chair,bent_forward,750,143.02065805992066,150.28421162853843,112.80284040496798,105.85610916006631,107.48418160573198,104.98027333915549,0.5567599314821873,2.1993987142538036,20.998190375329184,13.050243707449505,4.644882060925187,5.9678745410056,3.370139532677565,3.3350754604021993
bent_forward_5.mp4,chair,bent_forward,756,141.0585799602184,148.3046583595545,112.50865707251023,105.55015652656624,107.50467244367894,105.49244629258084,0.6392090943634071,1.8613151035613371,20.442109970364196,13.095555783552188,4.010313825899561,4.917248977836081,2.841187463761614,2.7846727433817486
bent_forward_5.mp4,chair,bent_forward,762,143.83842912288813,151.19287167964615,114.49090863138746,107.58601148221919,109.334552890049,107.442042986168,0.7790682964359212,1.9176575705680445,19.714262871337542,12.08182996764408,4.032191187085326,4.9974125758717225,2.6896253922592566,2.787968923576045
bent_forward_5.mp4,chair,bent_forward,768,145.57982793675126,149.39796946482008,114.81180005526173,111.24908009478506,112.34111623117654,113.3438255469876,0.7517377519654509,1.5960323082851815,19.394886910011692,10.651758605588327,3.7786455344855314,4.458760280302513,2.3963675755845175,2.4279486814609657
bent_forward_5.mp4,chair,bent_forward,774,142.80005510544615,150.19172085837516,121.78343381275907,117.18990581526751,118.32770216458219,120.22452885666563,0.844424826516375,1.771744195514799,18.55776051434103,9.119229246815264,3.9538979112541055,4.8092976065487605,2.4776210260248224,2.3427442387261515
bent_forward_5.mp4,chair,bent_forward,780,141.6107613812674,148.31711198871574,128.66133418750084,120.53814284724399,122.29285892220705,121.29445878134958,0.6442889092493785,1.5095073603976683,18.276264778992942,9.193402252506345,3.1023502018022433,3.9496166043472796,1.8746159975980727,1.9077938424658465
bent_forward_5.mp4,chair,bent_forward,786,143.51717238304204,148.8010435967438,129.56512742753594,122.55371531052711,125.53835722739258,123.42029651890033,0.6554846894210432,1.3781951415616995,18.099161274990035,8.229789885455137,3.008822874450232,3.6959682210804927,1.7195039316348968,1.7468626428036882
bent_forward_5.mp4,chair,bent_forward,792,148.36556927632543,147.9467115498922,129.82335470849506,123.64061506587433,125.66968752502999,123.02527225112124,0.5409532439224032,1.2225736729220014,18.277466439518918,8.790580288028538,2.8901806869545736,3.3233724130408167,1.6282458264935882,1.717572349336272
bent_forward_5.mp4,chair,bent_forward,798,149.72410578135487,142.8216314103641,127.10057661988138,123.72719022467466,123.8601775500694,124.2715893690677,0.5313134219477802,1.2221865108666612,17.543347776072213,8.603444372169802,2.7573307240037956,3.156888400304295,1.513656418875312,1.572113128742345
bent_forward_5.mp4,chair,bent_forward,804,148.1521469950941,148.77373758134132,131.06859911942368,126.7234996162242,126.34248265939677,124.72634582295184,0.5529455883265184,1.2048664015676,17.75704725244717,9.72824291949908,3.1094550386733126,3.656596984720878,1.7030192330078502,1.758305786946669
bent_forward_5.mp4,chair,bent_forward,810,142.86816266443884,146.72444127322737,135.9873001664216,125.80686990289038,128.13307081646272,125.44904118565499,0.5183794849405388,1.5568100183413933,17.39609316169499,9.754674541262467,3.427428691430673,4.212547317503402,1.935017587797262,1.8752791647529607
bent_forward_5.mp4,chair,bent_forward,816,150.28513019336037,147.77401262565556,138.04909238925356,125.85352294749848,133.0880429263942,126.57441919290387,0.44402975479698814,1.212689744526426,17.044611218666827,7.88350913798192,2.5601278849099764,3.03847230635227,1.303109084288633,1.39428181564712
bent_forward_5.mp4,chair,bent_forward,822,149.40467304949422,146.9584507064177,137.69973763999045,127.89436524470187,132.0593349007807,128.32112891845077,0.48360738401369635,1.4713501451368007,17.053003348598864,7.314619267122778,3.272574487629619,4.118075485679158,1.636553115025939,1.6169213320531857
bent_forward_5.mp4,chair,bent_forward,828,143.0006010533564,147.65027305399775,139.50707227831026,129.03170620870162,132.59266563466898,128.0839406306911,0.3586213826570447,1.4751044642910691,17.26047036019163,8.077106335048473,3.0403676878419046,3.8489767061550184,1.5662973641267637,1.5995719698952446
bent_forward_5.mp4,chair,bent_forward,834,132.2930571080251,136.63566804223737,135.66064213302684,127.37371048243821,132.6006854179459,130.2482374893792,0.485251166750225,1.587656279716489,15.413032265282776,8.195102551234541,3.9988325593330583,4.860503126931423,2.0769166511884256,1.98863783478007
bent_forward_5.mp4,chair,bent_forward,840,143.87941991778715,140.59632897368098,142.13724381644,127.53305673323496,137.90584455608823,129.09902403344205,0.3453870052626913,1.1076133266980714,16.506294077653628,7.15064674412616,2.748701607153045,3.4027889323766143,1.2808560918071878,1.3371799909700348
bent_forward_5.mp4,chair,bent_forward,846,140.1360406175008,138.93961145207652,144.03853682872486,127.79616488563607,139.88975448405503,132.66365407849833,0.4584216870094914,1.1462695931146063,14.483523002396765,6.845645867879729,3.068774487192791,3.7254901708130754,1.3478026156466172,1.268136921479941
bent_forward_5.mp4,chair,bent_forward,852,144.57625834949073,139.67928459414154,145.61749370199553,129.97932781175322,142.22385382016506,134.17672978128553,0.38010860984845385,1.0821570753515979,15.124889670334444,5.698813105042615,2.6643106970759565,3.2147422340630194,1.1115659457299831,1.0804130105323662
bent_forward_5.mp4,chair,bent_forward,858,124.77218875480882,125.74559656952097,141.41332702791934,135.00220491960633,135.761250621147,132.6975459930117,0.43445994389036785,1.2498035111794688,17.181554410336524,7.047083578049896,1.9691090853395279,2.3985783998963695,1.459264434880795,1.5647307240841615
bent_forward_5.mp4,chair,bent_forward,864,126.15355038993985,123.35504609887786,154.52269939258625,149.27565644431385,140.3979002259787,140.0967280648036,1.113894932069764,1.6168897371541506,19.85740146938599,5.381412787782912,4.021171743412159,3.929702591479377,2.2448059459129204,2.210529378070281
bent_forward_5.mp4,chair,bent_forward,870,155.75598421161615,161.17711301474392,157.58493242995567,154.6061978467583,142.46895201191666,142.28232714014408,1.983789083706474,1.4809754485137931,19.960257479076738,4.855097312224751,13.678208192618117,14.890214146992582,3.7601363317398793,3.773475271010184
bent_forward_5.mp4,chair,bent_forward,876,152.4691081798977,156.39264446410962,162.54186608298986,164.9909298638854,146.34723569349364,151.2851304400804,0.8491487700780473,0.4180497933728657,19.628114579206624,3.3216705378312272,10.262861827002359,11.556823692978282,2.968925097014376,2.6996654417495245
bent_forward_5.mp4,chair,bent_forward,882,124.45877354142084,151.1068722315192,158.8169727672995,160.78439329342345,143.91610563987342,146.16024291099671,1.2637438407853732,0.5170657000916187,20.464268349485117,4.478310993051016,8.349044515598262,9.40700238777952,2.6144374750019415,2.688510900941682
bent_forward_5.mp4,chair,bent_forward,888,61.50805798588683,135.29609328854932,150.5149672645646,151.33348391923886,137.75618794729738,140.69360529014696,1.1302723205748346,5.338189090888774,20.127181930905994,5.87921331877562,1.4853756257968562,0.6685553939104545,2.9844770811568004,2.8682714342471636
bent_forward_5.mp4,chair,bent_forward,894,98.35268094997541,149.87329702012585,156.67892077852233,156.9167543379294,143.48034069249124,143.42687564043086,0.6284003941689599,4.284985592015281,17.814428802061453,7.290701942689583,0.3243314560753221,2.5735437101137224,1.4162970773657904,1.5892790946135409
bent_forward_5.mp4,chair,bent_forward,900,149.1568282726597,136.28693701320964,163.68005959103954,162.31164022491922,153.66137252060338,150.75891467054296,0.5216830193683786,5.051700808223598,14.594196200216853,5.036785360594419,1.4436872496345123,2.4531546324700004,1.0251025786486954,1.2843101469985276
Chair_Pose_or_Utkatasana__image_306.jpg,chair,correct,0,162.25862710963835,162.09582126587844,120.70840706207375,110.92777782213271,121.57837119803331,116.71055577829048,2.5042517992643387,3.50496575611845,15.420401356420104,13.807911987680642,34.71577574835601,37.45595091298593,11.527716999925177,12.380552718307007
Chair_Pose_or_Utkatasana__image_308.jpg,chair,correct,0,177.00206597337876,174.1434924600811,109.98324653883579,115.54977566707197,111.51845148490285,112.70937414542927,1.561896677359489,2.6942945460306538,21.24412768906863,11.850772234232451,22.298635961976085,19.803438305862468,6.495140366487512,6.608816977951101
Chair_Pose_or_Utkatasana__image_309.jpg,chair,correct,0,173.62201403586866,176.8796674531438,93.1092163010769,123.53088038670143,114.43770520804078,125.45285317275142,3.7489174783336714,3.1492465418395144,17.508663633911723,10.327903727792307,23.291963499781097,21.161015714866434,5.846920356382347,5.975135269671278
Chair_Pose_or_Utkatasana__image_314.jpg,chair,correct,0,179.30305908981993,175.73716261654525,165.75475986999095,160.78890785187068,52.40139672272299,52.518613067115865,0.6361879127202146,1.6557018937300252,56.84312984737592,79.3480781210253,0.039946014795054975,1.160628203486403,6.8492619110323325,5.8597826940813125
Chair_Pose_or_Utkatasana__image_318.jpg,chair,correct,0,170.91275259006235,172.75882856546363,128.4951575854614,126.94014339242113,117.01712667669528,116.56395590107076,2.62504491911523,3.7066026405890753,23.36591441967411,11.54573059364069,34.08842551170267,36.614952094527325,14.975578607661253,15.624066625557269
Chair_Pose_or_Utkatasana__image_323.jpg,chair,correct,0,166.72933490227766,167.67618985596465,132.28057561708877,137.08146783511603,134.5293711984862,136.20675450979536,3.1419821679980298,7.309722350926841,16.692717775658206,5.158626118445287,67.00753296373024,60.96905948707075,15.052011185320797,14.96944464088011
Chair_Pose_or_Utkatasana__image_325.jpg,chair,correct,0,166.9044504118786,147.90377551749674,82.49398517571389,93.47474826111628,97.11241838630373,99.7512091040674,0.7467173546608021,3.716004303144182,18.989623227663667,17.39777487238071,13.356338382267518,10.191194060606074,5.233977670507403,5.426311427756063
Chair_Pose_or_Utkatasana__image_327.jpg,chair,correct,0,176.84119397305523,176.58831643194316,67.14685251188618,63.03616713720511,63.387334642316624,63.95666002285632,0.3350784664531012,0.5138423746577425,43.298824832042186,26.634515513140098,5.193756897225297,5.403165365373541,3.9566447501848585,4.485516188218617
Chair_Pose_or_Utkatasana__image_329.jpg,chair,correct,0,138.66139737901452,115.56923876041091,110.79658046482115,97.90942820704342,94.25156125472377,86.62128986699722,0.730101571935365,1.8868247332663615,34.60243110300413,21.31850909054411,2.414413350309859,0.5991139268288861,4.772004551888987,5.526967100252365
Chair_Pose_or_Utkatasana__image_334.jpg,chair,correct,0,167.93250535607638,163.05817098812955,83.75187064420933,92.0378657861256,108.31269266090779,111.82725620627821,1.2523613670684364,2.113923171132116,20.841185148177935,7.316874113090072,22.442185143676085,20.02786500365512,5.414327915885576,5.488941582086424
Chair_Pose_or_Utkatasana__image_335.jpg,chair,correct,0,163.1339076595348,162.70344608943046,106.2058700282848,98.10636603552815,108.40829620539937,105.31126450216195,1.105942291515411,0.6798155338417161,17.59409202305277,12.904183293015334,14.441808178158759,16.069380274437375,4.487068864979902,4.843694356689485
File13.png,chair,correct,0,176.84119397305523,176.58831643194316,67.14685251188618,63.03616713720511,63.387334642316624,63.95666002285632,0.3350784664531012,0.5138423746577425,43.298824832042186,26.634515513140098,5.193756897225297,5.403165365373541,3.9566447501848585,4.485516188218617
File16.png,chair,correct,0,176.29008075023452,175.99770100944565,77.00679702488738,73.5378129633955,72.4142977953154,75.58055716095357,9.914103320547166,9.045881180084876,37.00757808815816,21.201087783898025,45.08531385658408,49.36264752007403,41.50945642230544,45.0361836487673
File17.png,chair,correct,0,167.97418028717385,167.16064024778538,59.2905557478286,64.02084067937018,70.03376534634562,70.00835588733277,1.8392818658711412,0.8603296039655552,32.24198397460448,31.975360372869474,13.048837008135818,11.707611386478783,7.492116750092604,7.464541028061608
File18.png,chair,correct,0,173.3318841871133,173.8922401806559,74.13803500647496,80.52925490616455,79.01797292327896,83.67522447153353,0.4520529104477437,0.9900086690742922,36.277312206827375,23.82631171111331,5.602819166639512,5.496305467754674,5.996963676037241,5.073259931573994
File19.png,chair,correct,0,165.68149071497953,164.23317990760003,86.64559829164418,95.36308153591509,64.60659680130037,66.37343016789498,0.4273443155209796,1.2404190513769762,46.5303910644854,34.995740280655326,5.8378387772683675,5.133429136300876,7.312933877967678,7.098582216375115
File2.png,chair,correct,0,165.41566349933882,162.22700751848603,101.5178817272721,107.80945121362024,102.9467949162244,104.78191762055263,1.4856464419540585,3.25083775732752,26.47771348125263,12.611067741773518,16.74932460601634,14.44849265752676,8.301122071235488,7.847487425160183
File20.png,chair,correct,0,174.44491156846385,171.42622811414375,74.32435394640731,81.9994496045562,67.095207453888,70.14766768025866,0.4704818381942444,1.4675027932137168,43.839461071400386,28.97109244426413,5.410837749657021,4.561388779728119,5.729617241182364,5.615355095944544
File21.png,chair,correct,0,142.80879751690955,131.95271634225318,95.16945607652744,86.8896464441032,60.83645371361347,67.92776927630871,1.1943517872364262,3.2307786864750048,48.941859045436594,33.48621267584085,0.6921556523300811,1.4467528286900821,5.7538837872972985,5.633991887928529
File23.png,chair,correct,0,165.16942985487134,160.21701776881915,68.99032203539416,72.70014615096996,49.62191520352597,50.211035199478516,1.138976572707714,2.4137183846497896,51.94276424781812,45.016647112105595,9.644058059589707,8.132112834292723,12.426806881115748,12.397835453216732
File28.png,chair,correct,0,167.3324740102184,167.5227161902997,80.00548597125855,76.04869234665308,60.31855176856263,58.847081699603756,3.274806647767244,3.91758596321284,46.12821976162575,34.816175805773284,18.82930350684988,21.019028679681966,19.053304571091655,20.051095176623427
File34.png,chair,correct,0,167.37994315595301,164.0362740879055,61.29367928331488,60.07477594554393,52.770237703951956,55.68097507077263,4.088496097602742,2.445538488994486,42.16567694297433,34.32719045898734,30.309064389992557,31.512243060369816,24.26917435615526,26.846384388176944
File4.png,chair,correct,0,171.67541835444896,167.06876950785315,138.7293453754698,133.3702964291913,130.48166876725463,126.26513302778693,2.8934608078505963,7.7220657935479196,17.89988671708712,9.710652432735138,39.57434036154103,46.3424882970367,13.709804471994694,15.115626380730964
File40.png,chair,correct,0,159.7493017496489,158.77295671506963,84.1136033137771,78.57097785158238,65.72222333579548,64.03652338264159,1.8762753940320234,0.6185115191448597,44.32302813927962,30.733558022180414,8.582887508140848,9.558325167405824,10.426289904170407,10.997563091085228
File42.jpg,chair,correct,0,167.02528901521794,163.68115027385082,62.754913764529675,71.30869349629566,65.59916439437299,66.26296407510594,2.0075152252794255,5.644157325843586,44.69507154694029,29.278451586130778,24.786941342730998,21.85773538500981,22.658028469515045,23.99767067300599
File43.png,chair,correct,0,167.21016692940722,176.09671372642254,64.94110649002958,72.86724020665704,63.000189500940664,65.23697334812118,0.3107028974796185,3.553414324775507,43.19617717673708,34.182678841612706,7.821856406120372,6.164201645768581,7.379228730231277,7.294985566262464
File44.png,chair,correct,0,168.0851940936671,167.39198774367125,120.10497514274512,93.75692354506383,97.9470604342883,89.55602824209306,2.049912097898125,0.4938158941297034,41.701939515127044,10.138823483069144,3.0736093779494293,3.2108613693267927,3.0396681399158463,2.6891300430152287
File51.png,chair,correct,0,151.15702120740536,164.55964828966228,86.71314589155361,77.7222442145107,66.25307142784551,70.12717308559606,1.3862006388661432,0.8627011461592926,42.685459333879514,31.097976551975187,11.39755902296145,11.369429137518129,11.270197464325731,11.065862795422202
File53.png,chair,correct,0,162.9484227021516,155.13284940178386,64.61748799689857,50.88540104311098,89.1175133877766,84.40403553062639,1.2663542614070002,1.3938131518297527,31.144876178535554,10.791532519244923,30.99531165984276,31.821067164631707,12.009343439222162,13.89200040609415
File58.png,chair,correct,0,175.51142919443618,172.98714455301044,92.43452234148221,87.95709373376175,94.46875249484115,95.478637882824,1.3638804676175376,0.8765428114295524,24.742724011568683,19.615955951106262,7.7032467139113265,8.67075297519241,4.214079682462006,4.151983235138692
File60.png,chair,correct,0,152.96105059344677,148.95094760624303,49.901070879140605,45.6694632249674,56.12876794005779,53.71704320844708,2.8586252347557752,1.6244489736350838,50.6324844442648,24.21029517200216,24.05254626287115,26.590163482095594,16.67889559826512,18.5936556317719
File61.png,chair,correct,0,169.54326094633825,165.69393229906257,64.1095083439342,55.24027352822054,73.74976976646028,74.110999634833,0.895433925549013,3.4609239508717793,30.68037743564895,21.15398231220962,18.933638202076406,22.050822594223657,8.838207835325186,9.428553918970048
File62.png,chair,correct,0,174.11385047937037,171.14745476769914,43.506935414120875,48.65169554730448,62.676908957547724,60.19530050178076,0.5659879723922931,0.5316465169964627,44.66344769730621,24.10437864330248,5.648389177275222,5.121485909054473,3.2067065577498735,3.254082021735918
File64.png,chair,correct,0,161.77680149321932,162.86821286093502,71.18663708406369,60.598831705403704,68.91047417898686,69.80815639235117,0.1810444597927475,1.5393681808173982,38.65234104162118,33.30955055855572,6.886355584528198,7.875860458047721,5.862889000790363,6.127949113386792
File7.png,chair,correct,0,176.84119397305523,176.58831643194316,67.14685251188618,63.03616713720511,63.387334642316624,63.95666002285632,0.3350784664531012,0.5138423746577425,43.298824832042186,26.634515513140098,5.193756897225297,5.403165365373541,3.9566447501848585,4.485516188218617
File70.png,chair,correct,0,146.689382368866,143.5447958589553,53.93003274747897,49.338668233493024,63.69584478654143,61.53205013059019,2.866550536793729,7.8110625007178545,48.98735232672239,9.13538638241149,65.39281748312202,71.86892517915277,40.82157359316883,43.21550924685728
File71.png,chair,correct,0,167.73187331264373,162.81923719443355,79.55138424070076,70.53954058510135,83.25204862187066,80.20983935641037,1.51011044432842,1.2913720053097706,30.611976672765632,31.858628784073524,11.229457100114143,12.27493374115081,7.813979259836528,8.566560237286033
File74.jpeg,chair,correct,0,157.2542607663385,162.48618482701434,78.19476864515147,83.9426695462771,76.14473093274972,79.05996624285162,0.933104906955864,1.1514974411157148,33.87933819451962,24.35138030099913,10.386082993994648,9.618447942226801,6.551883017026428,6.353626389821748
File75.jpeg,chair,correct,0,106.29421783401398,175.7815305865323,63.043261773430636,61.43508952058393,66.6701355841357,67.28094750397928,0.1131455160858154,1.0200082688833756,42.77879014953095,20.51455646038793,2.329509106916901,2.1720140287486633,3.4337655671040883,3.8501296255242154
File76.jpeg,chair,correct,0,172.42067595532612,173.59246855198066,130.838413564013,126.49834778664676,117.37228074793474,114.39879536094412,2.907118207068497,4.0073861359180025,23.657637857136265,11.7315662664644,39.09615023721478,43.150705029648485,17.44695407405352,18.968408882052593
File77.jpeg,chair,correct,0,162.96030009297883,163.37988376251636,90.67293203711624,99.89969687603285,104.26404615229391,109.09035444551566,1.3284189363849095,4.465402719502585,22.480724055563353,10.981729716936284,20.639040338994942,16.429763909534877,6.74370451873508,6.803851419410975
File78.jpeg,chair,correct,0,166.6736747104937,169.80239440226939,130.94814599372978,125.13091924193469,125.15001498857512,121.22985664479185,1.084697088529626,0.9841996432785268,17.221408186817314,9.664125783122596,12.383752692432376,12.437309998998634,4.81519562411335,4.988587223271634
File8.png,chair,correct,0,178.63660016768782,178.34896213219702,152.03199650807682,145.92199666640462,145.96001135220834,143.90247095126387,1.3197818365512495,1.994785015707355,12.759134778238433,6.511803112070439,18.125953540390878,19.46721413243509,4.179937730151262,4.174494931427642
correct_1.mp4,chair,correct,6,168.75846463638902,168.77251928754416,93.48460117925676,102.48225482054718,86.19553003108199,87.8945006407681,1.7872040363760617,2.8122474847270937,31.543628978797393,22.135749258025147,18.701746222475368,15.41702175952461,9.191869002120029,9.49392049691941
correct_1.mp4,chair,correct,12,165.11619563520094,165.1415680194266,91.93783129838208,99.54451320602844,86.6993386804501,87.77571689682061,3.4751096928425538,3.618416760397949,30.596004085596956,22.32532630895976,28.08302175520578,23.990536514442738,14.219740872544826,14.429430272121358
correct_1.mp4,chair,correct,18,169.7118047915269,170.74746071142792,92.13443705761459,99.04579207199015,88.08425755568918,88.76139228530694,4.239334526531799,6.101582872139331,29.668975893745145,21.80627593469451,32.65951561132507,25.97364738973411,15.344060446592431,15.690725726190742
correct_1.mp4,chair,correct,24,172.89910948494207,172.24191936960543,92.52583804013416,100.66631004125163,88.68108014954612,88.30621483776332,10.79626353428101,21.449928895902826,30.019936174996243,21.764581811499895,121.39973641580302,101.33759358509452,58.93638689360461,60.01365949442524
correct_1.mp4,chair,correct,30,171.94719061314578,172.08223734285633,93.64205213676087,99.9957094932915,89.29321224940172,88.40841623655231,5.582528030458522,7.997177546283287,30.132048338480466,21.76257541856027,43.256248396989754,35.9734399186499,21.32791349875794,21.563638885136584
correct_1.mp4,chair,correct,36,171.62168468938376,170.75569192829948,93.96189629974003,100.64623057490574,89.34612960999699,88.73069919184283,4.562285517018584,6.541232922956703,30.18617368917005,21.255329682575955,38.06365493652482,32.28380769767874,18.9681583113999,18.96842353794807
correct_1.mp4,chair,correct,42,172.35285603480463,170.14736383368182,94.17297740487281,100.38681852087859,89.26016178221964,88.9375148632679,10.517469779421376,14.610116849648307,30.182066207264995,21.46776871103161,77.44480311470996,62.96726599173481,38.22968136992719,38.49841484533352
correct_1.mp4,chair,correct,48,172.83847259076643,170.09997340707886,93.73256404312428,101.06224449010259,89.24749357228414,88.86431164552113,13.446435033786463,20.173936650070434,30.245815349346103,21.169169395894617,107.32408088800229,87.9790232748076,52.216928997216584,53.188844321435646
correct_1.mp4,chair,correct,54,172.82839661662896,171.02551404278873,93.66293525087268,99.07236265664902,89.13815298309838,87.78610798712079,10.573109771289584,16.58706846172948,30.29785693779631,21.046819662399148,86.41307653633056,69.72445786946066,42.58138283243606,43.4784984082248
correct_1.mp4,chair,correct,60,173.65736934654456,168.9720940260591,93.61364648497171,99.21104246408832,89.27691131708342,88.00884050024581,8.877331619935624,11.974179578789816,30.357953666697675,20.85125316739744,70.55624382343541,59.3787720002237,35.406542569576395,36.166486529256645
correct_1.mp4,chair,correct,66,173.76720858075862,171.02531500232882,94.36452866489012,100.35985619359393,89.73655111063908,88.7097877851758,23.98729013461724,36.51832978555734,30.418784658940197,20.732466919172893,195.3568083265683,160.94694631690083,97.02365895931561,99.29464116441935
correct_1.mp4,chair,correct,72,173.3345269942984,170.7785118588029,94.4854854827475,100.37671195403814,90.29845812064626,89.43248580263867,12.833578769370767,19.232456738808978,29.908327486791393,20.51609232955349,103.98303526747952,86.14837152144189,51.13218486340927,51.99753158161466
correct_1.mp4,chair,correct,78,173.54573357073986,173.40331477933444,95.29574625049484,102.78775190338953,90.71064384712123,90.40343839988276,6.7460978361456085,11.927656098181435,29.766128184011023,20.411493269604062,67.59780284900789,56.911604032687386,33.47009272829058,33.92072863355638
correct_1.mp4,chair,correct,84,174.38580127984983,173.09769656688164,95.95541111085508,102.97505009953117,91.19594271164074,90.95434418284944,6.098484649281655,10.718925601831835,29.58304731209827,20.224365499898937,64.12059904740092,54.538618814015095,32.033351033675835,32.37504079138502
correct_1.mp4,chair,correct,90,173.59570677833628,173.87363767785286,95.95673668183245,103.79826093260705,91.45937911570037,91.43411779709918,8.541923720347526,13.855076029366199,29.64952241632074,19.645999356650766,78.25627253847628,65.62215166732321,37.68662997069591,38.424252256485566
correct_1.mp4,chair,correct,96,175.1035570175057,171.24596990198484,95.98164909015406,103.62796083492816,91.23984069398612,91.19382616181127,5.46493093446069,8.073259327702859,29.63357298684155,19.79503065515937,50.52425286778934,43.498585733002045,25.184888147316446,25.62681428334996
correct_10.mp4,chair,correct,6,170.41425701821933,170.5692062920122,122.00388987260358,109.76701724874962,123.50362508702844,116.63815357586667,1.7927410785008793,11.498730251351505,11.694175224904747,12.360730625004354,110.35231118755115,120.96910762912019,26.370967805278802,26.413011375475516
correct_10.mp4,chair,correct,12,169.07367257854173,169.74204360797256,120.61544871917857,111.01186114736255,122.62765169749409,116.725767063383,3.4725821919447464,8.473290489271223,11.733029742658005,11.53926655030395,96.92551310259951,106.22293705153938,21.79282507011678,22.41720943036964
correct_10.mp4,chair,correct,18,169.96094794113841,170.58706737422708,121.57648675291833,111.91960923729522,123.57062036634869,117.88715655781165,1.6664230334891328,12.603458182419839,11.602641891866456,11.332162787669338,111.8704528910789,125.23525789654641,24.619365418845344,25.374460453230203
correct_10.mp4,chair,correct,24,170.03703698584593,171.05901081142005,121.87579765133614,112.60649406566662,124.89874289393319,119.79669886757969,1.8868404973819144,20.43764913648651,11.434200415716534,10.416867395297121,175.12056918416891,195.9019460031076,36.61415083837712,37.49717131268666
correct_10.mp4,chair,correct,30,169.73940249076986,170.91146530400357,120.5141369886345,112.37001641179218,124.74032562261303,120.04039842178031,1.7108562069700008,17.02724950576465,11.236516477752915,10.288564387243756,154.34747347454734,172.1696397498253,31.578582925435533,32.78192666106371
correct_10.mp4,chair,correct,36,170.83185088437526,172.0144536514251,121.07037887382923,112.40669248548248,125.26481878621988,120.31151942105859,3.1929187785728645,26.940339864012152,11.003564805270713,10.361986920962423,245.63692923617361,273.54101542133105,49.45958885852351,51.89707961722351
correct_10.mp4,chair,correct,42,172.2117935321571,173.2551613815603,121.60879218476555,113.58223198645176,126.10866879310028,121.66983929789794,2.1425899163952193,22.334278183443388,10.764404493819304,10.171760365068204,196.81431394390754,218.55492182530452,38.48394630794281,40.69696767568848
correct_10.mp4,chair,correct,48,172.1139046243869,172.8856323144093,119.97619229228926,112.75667537853238,125.48436441388269,121.63719282997087,3.0694844654685327,26.962388252260926,10.543030744147218,9.980504544477968,259.53151741667835,287.3470134458078,49.886940454303485,52.31839714024374
correct_10.mp4,chair,correct,54,171.86978596666825,172.6825088940647,121.87452916102387,113.83867314324046,126.73914750202513,122.89216965017776,3.430675743340383,33.978831041452494,10.531217085291775,9.80453764902862,330.7136367568762,364.37677177686203,63.326425567779744,65.93999066956638
correct_10.mp4,chair,correct,60,170.86589810982218,172.16887971965483,121.97029541816184,113.58373021504704,127.73912303324099,122.82094907040972,0.7920144946549297,54.53715403113048,10.471114657975125,9.51180678742309,529.838929164728,584.0085081447112,99.25457714839646,104.93366614622762
correct_10.mp4,chair,correct,66,170.3663743677713,171.35561398340965,123.19866108730126,114.2571873324815,128.7192875793216,123.67584603952238,0.5081860610818576,19.94172964983634,10.386904918337494,9.226559446327459,183.1897262010881,202.37199753034258,33.621111461088816,35.42860445787712
correct_10.mp4,chair,correct,72,170.17085040005549,170.47406841214797,122.03116461685775,113.46366984254901,128.21417682256123,122.89842850395767,3.116206951797096,66.02336228946177,10.343542988762671,9.194408029753099,664.8537295254947,730.0101024404483,120.97452405308802,129.08680751893618
correct_10.mp4,chair,correct,78,169.57182260367216,169.70040672175813,120.21519136722613,113.02878485646889,126.3972500996026,122.40374165075704,0.9169421242568104,8.221906931621515,10.61137429242252,9.416164453605418,89.23053303793404,97.69519950216889,16.70799475925995,17.45778599051279
correct_10.mp4,chair,correct,84,169.62848655149944,170.08154685025647,118.97024106558158,112.32097725472997,125.33481779262227,121.64174652037849,1.443845271616581,11.893041515413014,10.604685844423743,9.619752433591055,120.74704898438858,133.13371545602521,22.928711856328363,23.943647583203695
correct_10.mp4,chair,correct,90,169.98854815351675,170.4530705794755,120.53428268239296,113.0960201807516,125.91654788481875,121.98604692692527,1.5066164732722591,14.013336989874645,10.757118590779129,9.62366363690483,131.88632276399798,145.9034621342448,25.31558868154962,26.45939057085885
correct_10.mp4,chair,correct,96,169.70880198076378,170.38461001945478,118.68751855246083,112.24780338826031,124.72952778307537,121.55254526950031,1.1112686145076043,11.245012299799463,10.65592324278036,9.806066190872246,104.38568775856078,115.56651459198689,20.16545957553503,20.85740902296726
correct_10.mp4,chair,correct,102,170.3529621756237,170.6333803549977,120.08735857889133,112.61521926536552,125.44861456890114,121.61629711973758,1.3040925484761314,9.995368381300453,10.74958630145895,9.689796126122038,96.67652914913813,106.82934593532568,18.38602423465859,19.354556856565004
correct_10.mp4,chair,correct,108,170.16530246388615,170.42563653537334,119.15371745373677,111.91633985978004,124.86210948005866,120.966652001314,1.7772127086539196,13.124576879656725,10.674071046499764,9.89216823695041,132.6899762814131,146.450637629332,25.405472537990907,26.656448631001588
correct_10.mp4,chair,correct,114,170.5431459157369,170.89437209831917,120.62048958205101,113.6301179962188,125.45045890246134,121.59024638243369,1.9420356442304434,13.84944973415269,10.828716120167485,10.07616376150711,143.06184725612636,157.50035897127893,27.790024306477836,29.38441703754998
correct_10.mp4,chair,correct,120,170.5186733452121,170.8887558914936,119.96690700332195,114.14530705843698,125.07883543041682,121.75677839576826,1.17889046578362,12.328953948622855,10.946274395468011,10.116966568520587,124.85110481036793,137.70726328975888,24.45869581979425,25.8680398751379
correct_10.mp4,chair,correct,126,170.77318904983915,170.93451903136017,120.81188502233982,113.7154214576054,125.9378180684558,121.50310509188084,0.892791130933863,12.86942896629613,11.005462141289133,10.04560048076956,132.64937673529522,146.2954746438791,26.051464267614218,27.548324470600516
correct_10.mp4,chair,correct,132,170.78398978701406,171.11449256203935,120.58270259058636,113.73223550735919,125.73413354776856,121.75123574996037,1.2694951653652597,16.713029863644543,11.211216068460606,9.965305984005974,176.86363260313937,194.40268570580656,34.88246271748531,36.95382156094654
correct_10.mp4,chair,correct,138,170.46973248951232,170.67359379286546,120.03690709145155,113.02232627605667,125.51256318278148,121.59808302493951,1.025703278814031,13.814583792376064,11.164291689666047,9.907636647722924,145.01649883249092,159.69650610073393,28.657681882375645,30.151571172819217
correct_10.mp4,chair,correct,144,170.67094864126443,170.8472491835384,121.03686449658028,113.36895717046885,126.19374657587822,122.03011360857292,0.8709624345969031,10.508198045053623,11.176503023623365,9.722787096638358,115.40331896670094,126.7591048647339,22.516681736203005,23.79836285295641
correct_10.mp4,chair,correct,150,170.33211818470178,170.66563522767765,120.62261697758072,113.36923683369602,126.22632025128854,122.35630561415721,0.8211780621796954,9.48212049324849,11.160246879325294,9.543861054383818,104.20857425808568,114.57446318219777,20.197600972831754,21.22385247786672
correct_10.mp4,chair,correct,156,169.69655438419994,170.23970838204124,120.44028313250172,113.39847160713573,126.6921598282273,122.95644824308695,0.9181099558547501,7.505566058253155,11.02383863615958,9.17785877268167,84.42148581550194,92.7453141205952,15.96556752456123,16.764479249828053
correct_10.mp4,chair,correct,162,169.82162486749198,169.9790940567099,119.6113391023047,113.58275866153426,126.35836818218964,123.09110090406077,1.0327260993531497,6.819185217060141,10.883192992944483,9.279921860650713,73.0735780157678,80.63797663964287,13.71610608941075,14.48135225051956
correct_10.mp4,chair,correct,168,170.040202221201,170.31634336044175,119.1578728112379,112.81945760607849,125.62951720320001,122.28798450791575,1.2559202120888473,7.797906680679155,11.022829137523287,9.228085939889386,84.84928965383689,93.4927102643698,15.809861080176207,16.907889290371923
correct_10.mp4,chair,correct,174,170.5050629661698,170.31719079624224,119.80744328546251,112.43011580154626,125.6751450560058,121.77789028396776,1.2116707003993905,6.604338809531544,11.266837592199181,9.196805004271017,74.97424189866625,82.54820368919042,14.123574066468198,15.106262046100765
correct_10.mp4,chair,correct,180,170.30237324054386,170.37009330092508,119.94527834338271,111.62459326771975,125.33120495337116,120.75370704281825,1.1618367359045083,6.931098297121903,11.436389913978687,9.281240873280979,75.64965892201154,83.54476007820273,14.679614800815397,15.540774062178787
correct_10.mp4,chair,correct,186,170.0896297327939,170.2960632877338,120.45549990399397,112.4715086395172,125.24140389404816,121.16068003416723,1.5196087672027394,8.956082570087617,11.825286227818806,9.253608688893685,91.83734627687393,101.74771408575236,18.184537047502882,19.076776664099793
correct_10.mp4,chair,correct,192,170.063639018393,170.4180774537362,121.26245164691153,113.94902084941799,125.8582989478819,122.4886150166682,2.296518299104641,15.316839003267894,11.979242580098553,9.077354013464033,142.9545145610429,159.15558300100568,29.04004734825187,29.740767450076646
correct_10.mp4,chair,correct,198,170.08172228876322,170.33226492281975,120.7456158232989,113.71222857405023,125.6774974817439,122.47539222288152,3.7634652033039737,31.315318590230877,11.89652532991804,9.104365724368831,270.3074380725249,302.42932123036184,54.90165133991849,56.155764920484586
correct_10.mp4,chair,correct,204,169.95051356346943,170.21359199378563,120.03673999377327,113.37647667564636,125.39679162929106,122.53569985549751,1.8699956904198265,18.26552449507138,11.721933451541268,9.085122250300637,160.4643884796516,179.28482455916063,32.33222249579302,32.90076604915915
correct_10.mp4,chair,correct,210,169.60337606166289,170.16269653138798,119.52234694655628,112.75945789496079,125.14037853320244,122.16505831901992,1.6319469800734556,14.824513068689784,11.466542296581114,9.259233081510201,137.2395977886435,152.63707460104789,27.512106901758163,27.994029467643077
correct_10.mp4,chair,correct,216,169.0567350913694,170.28155511684116,120.20903475823256,112.15802935854028,125.90242158017095,121.90418645967159,1.9067234839179912,16.8413716353112,10.826392670348245,9.422455741546766,160.73017380648196,178.3381432743663,30.94544880961604,32.198292209751784
correct_10.mp4,chair,correct,222,170.02227569599694,170.6807569996357,118.95729574672518,111.97543838359452,124.48518229419443,121.84648161006373,0.8300806675161629,6.324344563988507,10.479444144282468,9.640756325032175,63.784607784357355,70.44855841780053,11.98439796270409,12.645895732822172
correct_10.mp4,chair,correct,228,169.1019429236129,171.5183370022875,111.40648790396683,108.32593045223828,121.52756676048922,122.06908835128468,3.350824841124682,2.8496358166633677,9.426509575486339,10.362521753845867,40.02411600461472,43.10737793078286,7.250360202571886,7.162833704639146
correct_10.mp4,chair,correct,234,170.55457847709303,169.86768121989957,113.82878402865448,107.74064421567654,121.63430316832635,120.00347836483785,1.2502736811854664,3.9776268499010556,9.946170242262955,9.859486721211328,53.90840001533361,58.34459180033736,9.885733466407798,10.039072386980841
correct_10.mp4,chair,correct,240,170.32027568589967,170.70731451753073,114.58689329281569,108.20157833311457,122.05270721091401,119.51112500066954,1.4081829950880225,4.981605081548886,10.16963782808721,9.862605814799497,61.78774150450501,67.41128763123307,11.197465603785275,11.849316606881635
correct_10.mp4,chair,correct,246,170.03281314676823,170.76919307633514,116.15459594080289,109.11699116616009,123.60639123351753,119.57726871591666,0.5394115995239658,5.326271410878259,10.383016644710146,9.865643722457705,63.45991476316026,69.49597358567645,11.564685544678568,12.343561952582931
correct_10.mp4,chair,correct,252,169.75001952807725,170.56096616057167,118.25671066890082,108.54572600740524,124.509841377251,119.02911675263479,1.6991504792498815,7.59399474040232,10.5837281163922,10.093747716308386,82.78722366080228,91.2571059807709,15.313879322480776,16.531979456564557
correct_10.mp4,chair,correct,258,168.83865294028413,170.32976977321724,115.83851825955017,109.07616211327286,122.99888637351236,118.96725180318428,1.6338528368000713,7.336015629133521,10.782122275049765,9.884827128966386,74.90669810047437,83.06040159248886,14.081036799242614,15.017327255140186
correct_10.mp4,chair,correct,264,168.75782163995754,170.03548843723934,114.95653208220999,108.71674458079774,122.28824766807769,118.71193957564462,2.4001984215026404,8.472212989791391,10.816942479291054,10.04386141494573,81.81676827380525,91.08233907024187,15.969013014127263,16.68375064669924
correct_10.mp4,chair,correct,270,169.01602010323543,170.17867981299182,116.2475437416501,109.87465948165016,123.21973731910093,119.79145749387318,1.8786748302341327,11.168333210930683,10.966065501034826,9.807656843788765,96.53475417639798,108.4909698213027,18.56669099102589,19.530014801285922
correct_10.mp4,chair,correct,276,168.30078152012194,169.29867651980447,115.2782177523624,109.37722036388686,122.59306732197753,119.2873868184915,3.045187169170141,10.010806812287,11.007501835977115,9.945047127541287,89.7044403085656,100.49146149418121,17.439493157102852,18.218780526331777
correct_10.mp4,chair,correct,282,168.00432071263302,168.27861188063392,126.31497669680321,117.4734112673544,131.58617150526362,127.07848256987981,1.8307963373969178,5.164995957414124,10.525352586344473,8.765005592253681,56.456901582409415,62.404688233729836,10.880822361267716,11.068234649034462
correct_11.mp4,chair,correct,6,168.51839646146132,165.86816945673255,116.53700799078906,118.2991192485943,116.630067386051,114.39749364333854,2.8968304530054767,4.053186858472134,15.356470867629271,12.8916469437942,26.219427343889585,23.03704515144156,6.805496070094684,6.811820626992336
correct_11.mp4,chair,correct,12,169.13024995107972,164.87488876179944,115.55347315097482,118.53757983749414,114.89241142725034,114.81087909023253,1.2780662025596818,2.6822692515692452,15.57102088147869,12.718924688667173,17.47231961897644,15.780065395104574,4.970307510970695,4.841412828059165
correct_11.mp4,chair,correct,18,168.76822564005033,163.86525100479736,115.79202417938559,114.66013273985529,115.56734616199711,118.21561150310019,3.0886043481904046,2.7586888250703416,15.279913961106992,10.117597336492528,17.80250528118375,16.028331603079376,4.944962717630112,3.8425867905369415
correct_11.mp4,chair,correct,24,169.3670024470204,165.15168181637688,115.46062252109441,119.59601646726817,115.6072362920588,117.7088808718325,1.470458743203846,2.177857403687837,14.981190418785035,12.069009139126907,18.367176728181654,17.190642279787678,4.914319029092609,4.586762496282761
correct_11.mp4,chair,correct,30,168.9004487244807,165.94917933003939,115.15658079991002,117.86033714168596,114.77354869339929,114.29116648371446,1.0619614088707066,2.3739693268282904,14.893916329628302,13.17592489401417,18.16644408616474,16.79249920654085,4.727008074583762,4.586295224181793
correct_11.mp4,chair,correct,36,167.83379058075315,164.96481634623353,116.3284589831721,106.09368309105133,115.83795831932582,115.29604741995128,4.799520929595936,2.388362046499838,14.889601200102664,11.04900545935988,18.757025636511433,17.36838455746781,4.969770480676291,3.623946486982753
correct_11.mp4,chair,correct,42,168.9279701052886,165.3135698249145,116.05960083666972,117.62909291971582,115.97462485497681,115.60189554859626,1.2305551931991434,2.838872448426359,14.697030791572299,12.419485423719667,18.99073684010744,17.140834959987092,5.037478372137331,4.858656254019625
correct_11.mp4,chair,correct,48,169.6807058574509,166.21945925955384,116.66211463637916,118.2556622851787,115.8699294029792,115.37280507636021,1.144847559937707,3.0169651443956744,14.93618608249693,12.700810040965642,20.57455200433443,18.507441645939796,5.42006521291314,5.315689564300775
correct_11.mp4,chair,correct,54,170.1411657738979,166.63474301166374,117.04881256856967,118.9242197618175,116.35696524931826,115.20277044432125,1.2388335052924444,3.116081557651779,15.197429290287355,12.761017259411044,21.18576890988363,19.072634716873836,5.591210226572999,5.555691246601317
correct_11.mp4,chair,correct,60,166.62110387192826,164.76165142204638,117.42490327872248,120.36693240170369,117.31644938327975,116.98871898632132,0.8575725225330743,1.9684617313140567,14.830825654278515,12.466482142667768,16.028716820667768,15.044997597335598,4.301930960192712,4.22427194939674
correct_11.mp4,chair,correct,66,168.18046691863134,165.5231543641381,115.61636207698945,122.3112461192783,117.99242532800707,119.32190421508726,0.9609527432215391,2.2194406570560528,14.335277380356732,11.6160185149696,17.580060447244136,16.343176737434923,4.360866278442719,4.278859288090124
correct_11.mp4,chair,correct,72,168.60203725456506,166.42429860562925,115.66815823443011,122.19963105415195,118.82921234834176,120.96256569810916,0.5971191629125794,1.9451843103033253,14.132973593134324,10.925146557810812,15.836930216553872,14.89473799268407,3.8254199452400117,3.753905335634172
correct_11.mp4,chair,correct,78,168.03260567034877,166.63201801659025,115.00792363268289,121.58856788387071,118.73692719173764,121.1704278091306,0.4900851273319714,1.7266913996583477,13.876910369950286,10.59973118253758,14.999162552536452,14.269969765230277,3.5579755985016286,3.4711257638800963
correct_11.mp4,chair,correct,84,169.7345505963966,169.24207088597652,115.11430593533983,121.7404722811415,118.93874890255121,121.05315586296207,0.3283974031879094,1.8579015774562682,13.977265462950893,10.439227677879634,11.968945996296002,11.11464706170266,2.8093234545882804,2.7546683975362267
correct_11.mp4,chair,correct,90,169.52371832279493,170.4654735140794,115.05163599855467,121.4147225791488,119.12896845626187,120.35020733610013,0.33095389197815017,2.4673875570730193,14.11679472670807,10.350344917275313,11.159479732048846,9.705044522830942,2.6043532050780853,2.6265644101537413
correct_11.mp4,chair,correct,96,168.26883260272925,167.64428984555073,114.72994264718228,121.29117874365924,118.9683196721837,120.55389409778324,0.3249934410531813,1.5365848659432688,14.056317175363182,10.299124282922877,11.857635769453458,11.307873984598139,2.7202276015418327,2.738294316077961
correct_11.mp4,chair,correct,102,168.45887097524866,166.63898805877568,114.37817688222869,121.55479370863551,118.88128269382769,120.99428294465775,0.34570562912308794,1.487577767610911,13.760777967940118,10.3250659383287,13.072937083223767,12.54640405653861,2.9251353499685697,2.9378803309604336
correct_11.mp4,chair,correct,108,168.50776405258864,167.38994310414728,114.12591212686522,119.84433980328171,118.78537969898838,119.96279606677633,0.390919734655637,1.8283109891366103,13.409310168774988,10.467339429430936,15.918665616685017,15.072346551505497,3.5563876542588457,3.5373172006480527
correct_11.mp4,chair,correct,114,168.4625582274511,168.28452675044392,113.98656177556411,120.15556197726536,118.72612144561676,120.39443069587303,0.3059184980807343,1.5805632580897828,13.367525591476793,10.538528546267004,13.206766341808748,12.615928511213943,2.9628727150014886,2.9272881787563065
correct_11.mp4,chair,correct,120,168.3438755582416,168.86340255145916,113.85489517472573,120.38684643948848,118.72881136811124,120.76024532939249,0.29612467391424446,1.4364115151440362,13.274166853306886,10.49641026623832,12.6446770172241,12.176968804627629,2.8636902366614376,2.8168650033711287
correct_11.mp4,chair,correct,126,168.94636442702014,168.7934522848946,113.65594115039607,120.26755038811721,118.77634683687113,120.8170729678782,0.1963404689670371,1.339293439621665,13.307285635852597,10.383109181088358,10.35307768305885,9.98331685584697,2.350588013942315,2.288177923018705
correct_11.mp4,chair,correct,132,169.04922879207726,168.28777921076255,114.91746296389717,121.18006852759228,119.57885221344813,122.00230382563173,0.33425799127552275,1.4592164045090894,13.461201559814521,9.894344364164596,11.400815584382567,10.921643162096347,2.5558236185791707,2.4907469273318017
correct_11.mp4,chair,correct,138,168.51759400376602,166.4647259893939,114.68634713790875,121.25017718375607,119.66602606259677,122.0755782349001,0.2610851192057697,1.4435049671932676,13.393703776776649,9.741723881519555,12.511972917109153,12.048469562987464,2.7219519073420892,2.688058606003888
correct_11.mp4,chair,correct,144,169.0647261454483,167.66135255648723,114.6843094842521,121.11073662869353,119.94774408221012,121.99261859010232,0.23910883186605367,1.531836983814268,13.461373527222207,9.824105099917208,12.252340692588461,11.710391265265061,2.6589886763007975,2.655584291151189
correct_11.mp4,chair,correct,150,169.5394900935068,168.19969624852396,114.71670327660651,121.20325850158503,119.89588597825238,121.99616807754178,0.25967219040728234,1.7136371249140465,13.456873324274797,9.899681662252913,13.028861176828274,12.304530024374777,2.83368431970025,2.828238651490086
correct_11.mp4,chair,correct,156,169.78635928729076,168.81461506720552,114.87631552124496,121.90179174081264,120.11358040736607,122.57214477278852,0.2259107200349322,2.0488928667264314,13.4751443045493,9.889389903449988,11.563851565716336,10.511752572114315,2.549036391338384,2.522853007714735
correct_11.mp4,chair,correct,162,169.866622087108,168.14842423138057,114.81484509629479,121.6944433843295,120.0128781485777,122.42783757751964,0.27186539969098156,1.8675855201137337,13.459127650345534,9.895065224946991,13.239887743086417,12.375699281677258,2.951705947542119,2.9244157468786574
correct_11.mp4,chair,correct,168,170.19045287070023,168.02393764016742,114.80394791183917,121.60538301051996,119.84132205419257,122.23352290503344,0.2893531397230184,1.9831643953237095,13.68548158213356,9.857200097569004,14.155261551427616,13.177872867738953,3.1512914804279397,3.1372695587459716
correct_11.mp4,chair,correct,174,170.16116747977756,167.58724121563634,114.57586769236013,121.58941526065469,119.67220092073393,122.1111398958557,0.3038534027648204,2.2691077731213922,13.719799299082249,9.911751827137332,14.701740185734055,13.448453545421868,3.2921618202166716,3.2839265593468685
correct_11.mp4,chair,correct,180,170.54358987253673,167.35400876102347,114.66898604301512,121.06837920346372,119.5744500753633,121.44962266721542,0.3321653409242148,1.937994016046678,13.8615465487352,9.92598794920468,16.285703654414483,15.343205565176591,3.6102784164463078,3.5956583866633833
correct_11.mp4,chair,correct,186,168.96729872008277,166.17451434200925,113.38634955077387,120.51456201273493,118.4784791117194,120.66376814459849,0.24755432781976572,1.4148106428245546,13.836018486482258,10.19023599026889,12.50504840861305,12.088122778072298,2.859105205074238,2.831586618678633
correct_11.mp4,chair,correct,192,169.76148797292026,178.71757337968972,113.60718043759394,120.31497209634028,118.02761518784413,120.05991240736661,0.2643637612311727,4.490690202441328,14.06479883990278,10.28306686737645,11.31915291698681,8.027803020764612,2.649401773076349,2.602373439510973
correct_11.mp4,chair,correct,198,170.82389061338208,168.52923629017687,112.30617290429254,119.05868220000102,116.04634681587048,118.71330687139854,0.34695963010079917,2.5044642663160412,14.45687105067356,10.483889029986905,11.389812925483257,9.917526715743236,2.7631406986057017,2.6549978797558444
correct_11.mp4,chair,correct,204,171.21302570042462,168.6218401335041,112.71356431844401,118.31782669047335,115.4921184255174,117.68832450816923,0.6125113863903163,2.905118782879217,14.686583413621594,10.882019094969172,13.836164905051968,11.935132971436772,3.385429272696403,3.226825988634929
correct_11.mp4,chair,correct,210,171.0525156455562,166.9956707465964,113.56846470221824,117.22036447478924,115.2963225356485,117.58922904390292,1.3901525123718128,2.714816345438448,14.760436101690944,11.33028985648582,15.8616129179753,14.146162197899837,3.988102873980654,3.7159681521213246
correct_11.mp4,chair,correct,216,171.3263732487304,164.1294427472641,114.13039228800673,107.82150203633192,115.6620103373145,119.26798611992716,2.7628878067032026,2.3821082469804975,14.903222037374691,8.638147594737916,13.442352581179952,12.052881905303298,3.376971276722839,2.3537673914403965
correct_11.mp4,chair,correct,222,171.6099809683865,166.56033356378728,115.27801060276639,118.21260354815176,116.46753542665401,118.95231649536007,0.9901954479158724,2.3882531915099956,15.212150381267366,10.454526117208578,12.966769566239527,11.570770119053115,3.239670870037478,2.9295849041043045
correct_11.mp4,chair,correct,228,170.43684876533288,168.0997694792343,116.15244528638465,120.47348415957313,117.2603256736208,119.5261961399569,0.801264999058789,2.6506031322983583,15.258097362780653,10.398935752133278,15.804406554886103,14.141286128067716,3.9635447821113603,3.7372327717461813
correct_11.mp4,chair,correct,234,170.29805318360232,167.8061586863222,116.21010232390326,120.96377183656057,118.67714120554082,120.32178824340153,0.7642022910546807,2.9419775200586127,15.151094470484635,9.961466832211668,14.781500864282036,12.829767297058192,3.620850778152139,3.4856479957192077
correct_11.mp4,chair,correct,240,170.73335595330306,166.99601113203772,115.8439333503809,122.77433597644864,119.58055588915656,122.18400207587534,0.5265300729458522,2.966507111208115,14.962581677934303,9.440988064152021,12.271708558309752,10.30387169766288,2.9536953807261592,2.8755810876383476
correct_11.mp4,chair,correct,246,170.71341261414364,176.1227904749011,115.52298367870182,121.55100140434514,119.44172771561672,121.67827072466679,0.4754412524544311,4.775036112888071,15.061586582870891,9.146990193335602,11.773880227755633,8.105546788471003,2.78796812922791,2.670769376612287
correct_11.mp4,chair,correct,252,170.57467570910117,167.4602972264683,116.84141728429204,121.72823938626432,121.89755545608764,122.54562783482852,0.45132639658224327,2.216684360747746,14.598831013165945,8.51874827884546,12.048804158468363,10.83215337153601,2.718551770179364,2.7080974261514412
correct_11.mp4,chair,correct,258,170.48546571170482,166.77916685684923,116.55722891267,121.50701220771177,121.74099212551275,122.59116138396121,0.4009942594367197,2.0592079079205163,14.52661291230174,8.610172727150188,12.159167592016791,11.099025861435791,2.7319533248506227,2.7193068818380914
correct_11.mp4,chair,correct,264,170.27558803328986,167.03358464283795,116.33590559291115,122.70803212136387,121.54017734558496,123.35817711377236,0.371830955228924,2.239938611829282,14.562778398417207,8.612671168104177,13.255791241125863,12.026382230256484,3.015204522484449,2.9904797157072136
correct_11.mp4,chair,correct,270,169.98430695452006,167.05658716736238,116.36370483339006,122.23808496815188,121.68618788951665,123.3125436134223,0.357753146053405,2.2395201906445927,14.40258228703754,8.633042299374397,13.292482355288648,12.055985022133564,3.0112625332213336,2.993717352999291
correct_11.mp4,chair,correct,276,169.54966634938455,166.5795129302133,116.7960325778135,125.22415992479516,121.82987695913442,124.37657193228256,0.4005495239210807,2.1749753014638142,14.449635361279087,8.730240490039437,13.186843212868999,12.003948542831115,3.0428043958332913,3.0366931622154962
correct_11.mp4,chair,correct,282,168.8678717122259,166.10810450796703,117.17030430943682,125.2847630789733,122.79561465815962,125.4741155034843,0.4231136933514667,2.3803718484832657,14.206600605332849,8.149412787324412,15.534413152738532,14.139463706029899,3.500480365885366,3.4765066084143568
correct_11.mp4,chair,correct,288,169.36099796852426,166.34967893066118,115.98349946463816,124.4813852771088,121.75799804846922,125.09581753505228,0.40984808012096763,2.328356960265733,14.076791092173668,8.200050510584411,15.998361002984446,14.66023139787668,3.5532700373459396,3.533403090989974
correct_11.mp4,chair,correct,294,170.32806157148184,167.2633693775724,116.52110969354123,124.53025512333278,122.30442496094896,125.50658476827704,0.3770379235631833,2.146093718060729,14.155073356538663,8.019849616855506,14.574295452453724,13.422854230627175,3.22854239775735,3.1669229614744645
correct_11.mp4,chair,correct,300,170.07111180241031,168.01119336357584,116.39037675223894,123.8642446175295,122.18754494350082,124.85175907964513,0.4136187159906213,1.6191009464559392,14.230282917557442,8.28998422044859,11.186778415835064,10.55481673376749,2.549855644110717,2.4945287079214573
correct_11.mp4,chair,correct,306,170.0420624524389,167.41409581461517,116.455428616181,124.04971959503327,122.52916950117447,125.23699018980406,0.42731672409236177,1.914574257433335,14.038852085810133,8.167006769049232,13.433023241668126,12.494400873963418,2.9922827452078584,2.993097783136907
correct_11.mp4,chair,correct,312,170.45395020203446,167.62339648173278,116.89378199113195,124.01217703447544,122.91133261393803,125.01668260555033,0.5193112030830493,2.094477281228944,14.000008016696958,8.266038714067415,13.62570087897823,12.509619614603928,2.967504636494264,2.9878369686181747
correct_11.mp4,chair,correct,318,170.42617647664719,167.06316795733278,116.33816498864054,123.29423344370637,122.43024355517771,124.45996332591274,0.5420159823060248,2.0841393978512097,13.853078489407842,8.496154734159495,12.156007392712763,11.038388540930889,2.6744834477005908,2.6755172422061606
correct_11.mp4,chair,correct,324,169.68007117293723,166.86580210111012,115.92689120399343,121.81865300783194,121.53576648775402,123.3419590628015,0.45471867907970764,2.140518802552465,13.798478577366097,8.56064182817154,13.51631873382758,12.308180770846919,3.05681792574346,3.0076398187087365
correct_11.mp4,chair,correct,330,169.73729451975956,167.17795466138202,112.65548214331073,118.23945657418308,118.20887456464125,120.33862437211003,0.35812629512772254,2.2966409338366796,13.987724445052358,9.14408211195765,14.374601122741057,13.07371519386052,3.217340563518945,3.1837103258452366
correct_11.mp4,chair,correct,336,170.39506884981174,162.52835749847063,111.79680132373801,118.38153083857416,117.14132296305422,119.88263127695382,0.3556423872208976,2.4997544666033784,14.44131199207843,9.341942522943041,13.607750194839037,12.10216246942718,3.1070027601138785,3.03779912811649
correct_11.mp4,chair,correct,342,169.91029349981062,162.28145833274039,111.3266477516803,117.12350625634038,115.77727488861763,118.09779370278272,0.7103677239910053,2.443727969119547,14.872272737210457,9.839456698906524,15.900498653667558,14.439197815751717,3.8464488426177974,3.72808796295071
correct_11.mp4,chair,correct,348,168.87470562967562,163.30649089758788,109.74554723258343,114.21369400147388,111.95495620194589,114.69156964952559,0.7642489784131593,2.912329505430265,15.243897013052369,10.929926671607529,15.768915643664382,13.851596738409723,4.042560615673174,3.7252991316731245
correct_11.mp4,chair,correct,354,170.04650044951063,165.05618547558214,108.89519476390679,113.7458503075409,110.68005804075153,112.70121934854322,1.1016577863636254,3.976529786774526,15.649963458325919,11.621517974275944,22.227986079041912,19.24611211637154,5.657974823577424,5.488457804908825
correct_11.mp4,chair,correct,360,170.06281123092887,168.30311865699983,110.75692558992925,114.22918741515332,111.47573928632306,112.57412152770164,0.9482531357259296,2.6069062329310095,15.6290891396645,11.586174117263486,17.176219242732365,15.56783982281937,4.429687938626285,4.259125181556676
correct_11.mp4,chair,correct,366,170.12360505805373,168.26154456658412,110.0628892265441,114.2104977494149,111.36344187348911,112.672100218967,0.8696040377963113,2.75506283830644,15.539444491301316,11.744034115123462,16.196265725005105,14.443864239455618,4.190515944564108,4.024397131728533
correct_11.mp4,chair,correct,372,170.35956462860062,167.8903747857808,109.5570319460669,114.73034245222591,111.05865281919976,113.48226395995619,0.8797475098457667,2.946314368172882,15.609827841163751,11.837224162255444,16.26724456028444,14.323976816612758,4.197953982670074,4.014046793452649
correct_11.mp4,chair,correct,378,171.1726232461727,168.38178400225857,110.14652495623638,115.77204327021113,111.60848761131798,113.70739040438202,0.8826523752384932,2.792962370175231,15.597720782965785,11.634983719650565,15.521891619585993,13.703566145875165,3.924546753253015,3.7355897029801577
correct_11.mp4,chair,correct,384,171.2173260173007,168.48660445473743,109.97711900917925,116.44623413641625,111.72188320894595,114.78810523941301,0.9179862762201548,3.084457130603581,15.716205174301628,11.585833762348209,16.08889184638239,13.999865839760966,4.069504683621922,3.8833972547660642
correct_11.mp4,chair,correct,390,170.38524313333576,167.64510895303982,111.0624546399358,116.3417416731132,112.61192758495496,114.8607317553869,0.827042155126975,3.2209941196204634,15.939495303114589,11.562007276510263,15.071194439896624,12.830162451497197,3.8383540659360573,3.656967014685602
correct_11.mp4,chair,correct,396,169.64507549007698,166.03841658805325,110.99647922869089,116.08311786954438,112.48813919900452,114.60590928345043,0.8515758019714614,3.4120893923605666,15.986627883131261,11.561999519047948,14.900179662715122,12.469158650196363,3.795668446094738,3.61132202011395
correct_11.mp4,chair,correct,402,168.6759219829421,165.99071602793376,112.74483783456124,119.27711173452614,113.07928622166979,116.22666344911158,0.836053890266616,2.9934478888090226,16.368140453174902,11.461960150274779,14.012996782243848,11.965679815052475,3.621218831278527,3.425815695716809
correct_11.mp4,chair,correct,408,169.3744992549568,164.8770515193151,113.1529296197153,117.85683660846723,113.70938349405434,115.56311321905025,0.7813732106468487,2.8958611550030464,16.139085110025576,11.283837770985503,13.568068859132165,11.57008686458297,3.497937070932984,3.307066469774702
correct_11.mp4,chair,correct,414,169.51206639079953,166.3028361353552,113.97337007830525,116.30730742904895,114.517211578141,114.97537100105451,0.7451538700944071,3.0084171855669193,16.300700025948622,11.091250368694853,13.90982900187855,11.861817071179265,3.5953772015870427,3.3679354290546915
correct_11.mp4,chair,correct,420,169.35625706992286,165.98771785384955,114.47280379855634,117.99089030623405,115.59808499445548,116.67755292530255,0.6689286672416516,2.7805731184060325,16.31866418851684,11.199487950780185,13.176335181457556,11.371936985373916,3.4006666824582643,3.198646178143124
correct_11.mp4,chair,correct,426,169.48264651353404,178.4601910178369,113.60310396506027,118.1160090556625,115.39623902404777,116.63390063588206,0.6172250032163544,4.8710251065340495,16.3375378974742,10.97859570556173,12.996638833204752,9.14654718326636,3.336862537819041,3.1743982587642687
correct_11.mp4,chair,correct,432,169.46324085659447,166.10695999561912,113.94758567209449,118.58639941612577,115.74450698532254,117.33208480271158,0.7287280483830954,3.2726036695338747,16.27999241903379,10.720919733324003,12.99286277033908,10.712796289129987,3.3105544691615187,3.1370755948698825
correct_11.mp4,chair,correct,438,169.35589551699076,166.58960245243554,113.73169339534836,118.36358569377731,115.78742275273082,117.3299290458267,0.8085207483971054,3.053176885762401,16.267646340356684,10.607515298013103,14.024701440685464,11.969348929147472,3.556143326675922,3.357285716506961
correct_11.mp4,chair,correct,444,169.5856274141019,166.29745510198924,114.15961175247718,119.07892464071594,116.39095542522011,117.77614187730208,0.8460611915040106,2.4740247188951185,16.323353057951774,10.61121083273122,13.854407298824079,12.384888298288088,3.521974672500494,3.358631633500097
correct_11.mp4,chair,correct,450,169.39844955276598,167.10027389531461,113.8232785097177,117.47519135688138,116.21619187468241,117.04232648109242,0.8142565701977014,2.5436311594902863,16.25756395945315,10.681108688076499,13.982039090709215,12.445590354996364,3.5447167808710027,3.3882941475885193
correct_11.mp4,chair,correct,456,169.67370080378285,166.65795556481416,113.87229217142942,118.35990977355206,116.36292896110494,117.63445296229169,1.0821333894234613,2.9437863086541176,16.244765335699537,10.611582872812646,16.806957364703145,14.8770568241395,4.233296782854406,4.066594322510431
correct_11.mp4,chair,correct,462,169.38509324537705,166.57971790472774,113.66046747296322,118.73680045244092,116.15828651126131,117.70116121367388,1.0751193813771402,3.1270451623257856,16.185320748928678,10.669029604103356,18.184875803753663,16.06988848430858,4.583140792525679,4.422483767750778
correct_11.mp4,chair,correct,468,169.71531457793532,166.0704477866008,114.18881394342367,118.95644732937501,116.63305222398898,118.13944402438506,1.2856024207675463,3.3702653159295575,16.13138299344172,10.616746063535032,19.6462638143367,17.290100930573164,4.944873909035561,4.746245067984763
correct_11.mp4,chair,correct,474,169.68372106719278,163.86591660364746,113.62795169064154,118.02759757166605,116.19962752531944,117.5761747062273,1.069448794994478,3.108400758589493,16.06211164407972,10.497234629406696,17.75253270183671,15.65143338570695,4.44890000085614,4.240694385715632
correct_11.mp4,chair,correct,480,169.98172302395048,165.21201927460658,113.51845470123324,118.60530525965113,116.16347962613577,117.6196515330829,1.1212467279849248,3.3041172997585604,16.1158989347959,10.700977609978846,16.558224113741232,14.25972191316407,4.140232141792251,4.004256455212546
correct_11.mp4,chair,correct,486,169.93700781861517,166.44298281069922,113.5412579428859,119.12155042097876,116.25674452395485,118.15664516683592,1.3198298780947328,3.948271141936567,16.13554304872384,10.532078064782542,19.231446072592437,16.28325777625358,4.797017969059137,4.62582036153693
correct_11.mp4,chair,correct,492,169.83716050724163,167.06235604540188,113.3706144121138,118.94894416889446,116.06815330520286,118.12551320956558,1.3175836697181442,3.553912907448261,16.172560708790332,10.582385698409873,17.23608739386637,14.682014841370403,4.303644808955267,4.12966990432351
correct_11.mp4,chair,correct,498,170.06805896420965,166.66224007893155,113.68779455689139,118.96752316861736,116.33952633635495,118.12534786259228,1.2304956452989937,3.1804036674592218,16.207927278877882,10.555962442306736,16.198970827581665,14.027675124841569,4.04453374653593,3.8846982171236646
correct_11.mp4,chair,correct,504,169.75975689267688,166.63491457668596,113.4445851694072,117.77401910915688,116.24126228369833,117.44456968571706,1.1884050176184995,2.912400549162504,16.133009920247876,10.779717717509154,15.913731919043517,14.011413230338954,3.968554669909766,3.855543725874481
correct_11.mp4,chair,correct,510,169.9138759355121,166.74652025315646,113.94447493092038,118.5878555868762,116.73697046341671,117.93213745755826,1.33892331959207,3.1406631972836716,16.161878510797333,10.598671762444392,17.602735718945333,15.476048965048598,4.373710150944881,4.252490857847022
correct_11.mp4,chair,correct,516,169.42426776106836,166.59478435442324,113.22568345218393,116.93758414760752,116.07064839109415,117.03548418048004,1.0615268704561314,3.0357234864019027,16.14697153472957,10.496271714537782,16.710420264941924,14.677795542152218,4.202842693726761,4.0378161295101895
correct_11.mp4,chair,correct,522,171.6392911100415,169.00061224713545,114.55049474605316,117.12437017479549,116.77168137542901,116.76248705834598,0.9928455055423921,2.4849790031720818,16.436188262957444,10.60525001009816,14.827739591962407,13.317408184794685,3.859009674642506,3.682988863071438
correct_11.mp4,chair,correct,528,170.7082422874492,166.89115499014022,113.29312457762866,117.20885822984879,116.068473427959,116.90344703222581,0.9895574794086056,2.75633285729337,16.17063114441065,10.546473877022246,15.33637117295549,13.5666686026483,3.932508137835717,3.754669936830459
correct_11.mp4,chair,correct,534,170.41308678015378,167.58095930901527,113.40667541899231,117.9077545014449,116.27155307244072,117.2452300922589,0.9666212265659815,2.8385754050232097,16.16212898978723,10.544575377542982,14.23567941975564,12.397589600557195,3.6253511606944064,3.490095865046006
correct_11.mp4,chair,correct,540,169.61088974047314,164.30843612002144,113.14032205607786,117.03860060367681,116.23581846168067,116.81858392197553,0.7499956722302964,2.8834650584212493,16.1406637370244,10.341665061115005,14.698441419729676,12.819901347079549,3.703558049119252,3.5876177593372436
correct_11.mp4,chair,correct,546,171.64762423136412,167.7569815187144,114.84323300423443,118.19190796588951,117.16461153740349,117.9937916283556,0.8840907979482026,2.01108608745893,16.383055673561746,10.466328878807985,11.824692988716903,10.739303117577835,3.05421908661649,2.9016689422812822
correct_11.mp4,chair,correct,552,170.2926845933524,168.04328942933188,113.17697858347677,116.61843433350816,116.01654400603894,116.4234637250247,0.8367950700533526,2.3365227032299636,16.15134032924638,10.64394035959973,13.73794188659405,12.408421873983347,3.4873520428778852,3.3835900083885875
correct_11.mp4,chair,correct,558,170.7121860562515,168.20581252507245,113.83070981848284,117.55334679661635,116.1455052203328,116.74494446206539,1.0398046267807373,2.819646729783965,16.365059589234598,10.891424399407597,16.518062924515046,14.712179869286459,4.185205447491612,4.098527843314156
correct_11.mp4,chair,correct,564,170.72230270402312,167.95088307717907,114.28663124585039,118.43489154303721,116.73808223113603,117.77691408197835,1.2866557644178276,2.9151095855697755,16.41900635941085,10.568690062050688,17.5821533697218,15.685452710838089,4.454065980722074,4.314591720885771
correct_11.mp4,chair,correct,570,170.26691398989254,168.00782750419444,113.53846061385616,116.6290227726622,116.15838131944423,116.38998045409281,1.0401867573587982,3.0140670690976665,16.271593862260723,10.583230736769409,18.179126789482545,16.18707298962437,4.590744233789585,4.477170009622268
correct_11.mp4,chair,correct,576,170.6237538022108,168.0479433955587,113.81460432099968,118.10712125956988,116.30664402035912,117.17636138226366,1.30356136256707,3.1738101241410144,16.425717712309265,10.545275560802937,19.656323562800946,17.50902316258586,4.966487001145494,4.892544035712336
correct_11.mp4,chair,correct,582,170.32753152164204,167.74107041578395,113.66349431826016,118.66110688764113,116.33553094900574,117.77568221568744,1.1060919994089156,2.982998168098286,16.29473965716328,10.467365993209762,18.137528422366305,16.17587461073641,4.606567188008517,4.465608346441768
correct_11.mp4,chair,correct,588,170.28070821921136,168.06356247853776,113.48187850000096,118.47416872480231,116.21744610383104,117.96939220207064,0.9675128014265285,3.0341201250902636,16.265400443937352,10.172922393363393,16.714043192554787,14.689970399689411,4.220780813547614,4.0127168312557595
correct_11.mp4,chair,correct,594,170.25050763947092,167.8399797268175,113.41680031965299,117.09171114534414,116.11694407439603,117.38415997740324,1.3069503766049175,2.9624558069275584,16.27592778561542,10.094124660065694,15.964731710952194,14.013688333654308,3.9943495985068216,3.7676050728620334
correct_11.mp4,chair,correct,600,171.03922033987155,166.4266185438121,114.33316762811944,117.7983851310945,116.58917289691693,117.87921340858432,1.2214196198980392,2.5996821847237626,16.417968348878137,10.105514649620458,13.932253404455107,12.310611331347772,3.5444071622294193,3.345384554510188
correct_11.mp4,chair,correct,606,170.5104290419769,166.8339395857124,112.97581130759856,115.02976396387623,115.4579102254526,115.51246484252552,1.253935735773199,2.5168103098535233,16.23317371024987,10.707069664869381,14.18670664514526,12.67545470225877,3.606199891683311,3.470855694474244
correct_11.mp4,chair,correct,612,170.98835862675196,168.04911565142154,113.43786664231244,116.10146732244874,115.49158261449669,115.75675701180302,1.4150794938319702,2.7177355185363123,16.397926197421057,10.56941827041495,15.943385540689698,14.234936859562563,4.027461286058889,3.9257536309057355
correct_11.mp4,chair,correct,618,171.1976480327165,167.72950684193057,113.89369477932662,117.34534993714253,116.16767536694715,116.72293977783896,1.3722374433355293,2.6182902234735486,16.343841989677472,10.360315407633397,15.432445557536722,13.818531701905759,3.828716624098036,3.768095524631099
correct_11.mp4,chair,correct,624,170.97494554392742,167.20666586385536,113.2835295147468,117.21503548798698,115.91177331377264,116.77175651689659,1.3558922950444148,2.6996033822707877,16.303517551880855,10.078865423874158,15.828601277493812,14.132413078219042,3.894866405462097,3.823318465093656
correct_11.mp4,chair,correct,630,170.96525517392203,167.1303347074197,113.35204479685774,116.63375952257732,116.0011648196042,116.95917947878567,1.4014985328634586,2.4609594378889605,16.284783866335967,9.986207867255263,14.663449401663732,13.20186968514534,3.6365937884004755,3.4923954138663684
correct_11.mp4,chair,correct,636,170.58967210091078,166.3555153569459,113.18898584098393,115.93719475236487,115.95127984549673,116.61944236740715,1.4634020425911458,2.7794769647771607,16.231862080842543,9.929591187344904,15.039402777585304,13.267575962613286,3.7044943391845964,3.5410910405729137
correct_11.mp4,chair,correct,642,170.73156904687823,166.31978449548066,113.40145104641033,116.60029555024053,116.17360838980814,116.06285278612822,1.4119664051356993,2.7315489157477084,16.332305874970682,10.227198355349033,15.337076453510852,13.605361898047205,3.7747620485400284,3.699039010988732
correct_11.mp4,chair,correct,648,170.2356308973436,166.46286721835276,113.34554748041586,117.65994558191298,116.38961936152317,117.26662215602886,1.6683573857708658,3.36507834231126,16.193177524961225,10.226726749799584,18.976743122155398,16.633442837412343,4.640874601711035,4.55129971602445
correct_11.mp4,chair,correct,654,169.7645926442111,166.42819065255068,113.00621231506982,117.5489159468273,116.25140409032112,117.23266151417916,1.5375541007601665,3.0528546046516207,16.146590157960816,10.206483793929747,17.44844607315359,15.413331350023036,4.259065496510768,4.166950093049063
correct_11.mp4,chair,correct,660,169.7405751694665,166.32809814842997,113.14193563713707,118.35681278078474,116.39150340612854,117.71081644097126,1.5049399251746658,3.2447535639119365,16.11586202639986,10.250707991582821,18.56316768915924,16.3362914496674,4.543889535092222,4.466544646935305
correct_11.mp4,chair,correct,666,169.68191795925216,166.1481892144203,112.98123998011854,118.51636926453058,116.20935748723423,117.56739064086004,1.1484655585188768,3.0339506854522034,16.106998466202516,10.16116375195965,18.137274151872703,16.12110105249548,4.473947436520606,4.387863564251166
correct_11.mp4,chair,correct,672,169.6920869206463,166.27155426234822,113.18094096754827,118.91111064031115,116.40519720417156,117.85187596019395,1.0817520858989578,3.134090996746806,16.115053552199452,10.136344178456065,18.646692706430038,16.531223835096903,4.6057478720805545,4.511814809769773
correct_11.mp4,chair,correct,678,169.70346793507437,166.3182146154761,112.72807521748993,118.05214197665708,116.10363042393578,117.50795516823557,1.0878030594217778,3.152221360837252,16.06894548500174,9.954512413901709,18.01302287756853,15.869466295995693,4.415165610481412,4.286711437324094
correct_11.mp4,chair,correct,684,169.6062035643034,166.51053018270593,112.72101019968464,118.38022856297971,115.98975670365328,117.5652067770843,0.9541273545180585,2.959081307765989,16.1204036453851,10.049428616220233,16.709728833241567,14.760532218390324,4.1204102899522965,3.985634292083786
correct_11.mp4,chair,correct,690,169.63386460425428,166.45944442553747,112.8360516547926,118.63163667988277,116.09149764738854,117.77111105322322,1.2524760009350775,3.3357745212672594,16.13381880857378,10.16786404510678,19.16414888870531,16.83905177937126,4.720976307961727,4.602519721485358
correct_11.mp4,chair,correct,696,169.5779449619905,166.41489820616798,112.91787091357554,118.96109917364167,116.19283102963091,117.93816059687772,1.143292523085372,3.4635546178304324,16.120285145776588,10.10981009453635,20.057407501940283,17.602886821226985,4.930093256735568,4.823656064477026
correct_11.mp4,chair,correct,702,169.54813258389024,166.32918441955724,112.89132342906362,119.0471109251111,116.17783345566762,118.01085993073974,1.1234100458575018,3.561970765530265,16.128829626331868,10.05584746768924,20.74974387708906,18.19434141967505,5.101317779594889,4.98596507184508
correct_11.mp4,chair,correct,708,169.52822136805256,166.31919981705224,112.93953532705994,119.15028116144539,116.22375425673685,118.09463129535386,1.110711279720499,3.5939882845387663,16.12275904501137,10.048223728036433,21.002054790556056,18.413516852025783,5.161124498259955,5.047832395823554
correct_11.mp4,chair,correct,714,169.53131975246274,166.26858163487165,112.94283917118683,119.19721766948855,116.22477129585953,118.16754975448707,1.1172172154813813,3.670538508975399,16.124729853665286,10.017941235428893,21.514385900890915,18.8488359225141,5.289631302145914,5.16482777664802
correct_11.mp4,chair,correct,720,169.50631947874953,166.23025655152804,112.96691780042201,119.24028044170869,116.22235819117763,118.20547104402598,1.1274939429549333,3.6488325488273987,16.12624434448458,10.026269281244023,21.890489550248102,19.247504295834986,5.402730053396599,5.275815760001596
correct_11.mp4,chair,correct,726,169.8402877756771,166.33756857596703,113.06022406504012,119.32688429154913,116.33975715924834,118.28440852218189,1.37264544098065,3.5376280965910443,16.124904136716044,10.248417007464322,20.98471895277249,18.454073927897625,5.18218753542839,5.091458530202554
correct_11.mp4,chair,correct,732,169.84573131265967,165.97763989890538,112.8027870601748,118.30345801530376,116.21097568858623,117.86601958854831,1.252590289673568,3.348031625028091,16.041483536430583,10.037947819362197,19.399044515302897,17.058264135309965,4.755396366332697,4.6167958723737685
correct_11.mp4,chair,correct,738,169.680069463873,166.3799810555278,112.70058726290378,118.51141093464109,116.02166290943377,117.77671068536421,1.0203332726701169,2.9900756761782326,16.12241382987146,10.090703296926767,16.97013140996917,14.987732517876507,4.182570191718567,4.044780878503032
correct_11.mp4,chair,correct,744,171.50418600479497,167.07146272765715,114.3672533382759,121.34285606832184,116.87798597125561,119.67172652094034,0.9236180841746376,2.0858965983546103,16.234464198997017,10.307268015554625,11.565739769801413,10.372262276014661,2.953367025851701,2.77063858006022
correct_11.mp4,chair,correct,750,169.45327588347968,164.36779363990584,112.19107976319223,114.94319460255915,115.36791098970484,114.8696123645725,0.8626170703871269,2.644323800169259,16.06282283409726,10.711752270725583,13.349514061358068,11.711869437829591,3.352060460482993,3.277194014510151
correct_11.mp4,chair,correct,756,169.88920475858194,165.7863017531042,113.51535596401806,116.14144250438163,115.91200340749452,115.34161717346922,0.801094796104371,2.7257114557430504,16.27409215463684,11.012280279340445,13.835444533803837,12.118983741240578,3.486499774472765,3.431640478324616
correct_11.mp4,chair,correct,762,170.05839682962,165.85072155680808,114.42136397777436,116.32726017708352,116.66732599159059,115.42733544512521,1.0454877727095566,3.1436419470170356,16.221133019743533,11.12347055265633,16.766960786934956,14.635213496970486,4.201857276957865,4.129619169910515
correct_11.mp4,chair,correct,768,170.00063002368813,166.61123448877262,113.5234429301788,116.38352449665224,116.24200312353003,116.1020330399592,0.9638195066855977,3.16866878022023,16.138926988942316,10.382918429885923,16.332224143362698,14.163171749018295,4.054898521772917,3.8815234320894043
correct_11.mp4,chair,correct,774,169.8788467823816,163.8393125950491,113.38916044542165,117.12707276076671,116.20808388321248,116.77902619318489,0.9973439066848165,3.151606948103982,16.12028556881541,10.261057372819657,15.679238589288317,13.527894198451989,3.8826499644919448,3.710215269198583
correct_11.mp4,chair,correct,780,170.0697819109942,165.30296875118975,113.38614440525858,117.40725983771108,116.20291129512653,117.23759176738696,1.1610147655366907,3.0831970260648984,16.16260674741267,10.244479417493464,15.482133628502174,13.393265383161038,3.8547990265169774,3.6713958821258705
correct_11.mp4,chair,correct,786,170.08039102016212,165.33312204962363,113.46313329095044,118.16589985963444,116.27334864006039,117.555130317202,1.178145704248958,2.658887628271133,16.156928160084686,10.554802932002218,15.226016429991516,13.565462914635148,3.8235635383537603,3.687415558688512
correct_11.mp4,chair,correct,792,170.115281936252,164.9813443377001,113.91464949443456,118.80258698486848,116.63519847989842,118.2438828999155,0.8510249108310676,2.505096742026125,16.003112997203193,10.323928463969724,14.757310456009273,13.223652969938536,3.7097900506286017,3.502811391466059
correct_11.mp4,chair,correct,798,169.760854228565,165.61103397229854,113.26368161505972,116.76044913460854,115.86948479845162,116.5143465549332,0.7862672515805869,2.5485088128750517,16.03344112201788,10.507934235601917,15.137846506287566,13.586378083309633,3.8186696052224685,3.6581191488148224
correct_11.mp4,chair,correct,804,169.9210811158736,165.59998001417927,114.49549786159126,116.45162538602432,116.64995079678648,116.45245804804104,1.3038439883330957,3.050543664987208,16.028387860655577,10.58372414020999,18.154812195121824,16.098184424318664,4.572118923786684,4.370636900258872
correct_11.mp4,chair,correct,810,169.7948117970134,178.83260811013346,114.27666795952055,117.47731476197114,116.7023546176046,117.33138490228808,1.0761988429561697,6.492700803186159,16.06391824133048,10.174177875380416,16.938923067140006,11.509716921910726,4.21485198789884,3.998293933944685
correct_11.mp4,chair,correct,816,169.8306981828933,166.00531147188752,113.92108737022512,117.74133195278411,116.58012044051004,117.79817711835487,1.2538561468510658,3.5399631502128455,16.09236608825946,10.0751694840221,16.55792237480327,13.997537592529769,4.114058704148667,3.8894063204269007
correct_11.mp4,chair,correct,822,169.59496262187608,165.17850032119728,113.50696850558037,116.6333033197041,116.24066865532468,116.87641297189239,1.0822950885975442,2.9150349401192557,16.099473944503096,10.340219230724133,16.25840520259681,14.343092710597439,4.049897899368894,3.893586856424435
correct_11.mp4,chair,correct,828,169.83727787883439,164.69305948181278,113.9587213683201,117.78954660494121,116.68656264403211,117.94769597119414,1.16051912073099,2.6793642622710827,16.005904215240697,10.34378932901066,15.974308809806633,14.264552106038861,3.9844750762237235,3.8018887120097737
correct_11.mp4,chair,correct,834,169.67203205317318,165.26285859851572,113.4496986670636,116.71962249617032,116.1016087813533,116.80765089612325,0.9779142656041363,2.695105385889537,16.06611846359129,10.424016553642096,16.278713835069244,14.577123900696765,4.0756095746608105,3.926728306397174
correct_11.mp4,chair,correct,840,169.8279864950933,165.71965679200642,114.04695377785318,116.59179752881668,116.73232176756541,116.45603296072971,1.3115378464659435,2.9926912530907415,16.150062023439865,10.461023452428915,18.28706146172143,16.293673059047464,4.58922193681578,4.4401868850435875
correct_11.mp4,chair,correct,846,169.7318235259568,166.54187893756801,113.86245493556355,117.71075042051383,116.62362298927071,117.46635811296345,1.1815815581891616,4.139593979297025,16.101990488402976,10.286499775125174,17.14289033402789,13.99227721278185,4.256559655645375,4.081650073461363
correct_11.mp4,chair,correct,852,169.77050720810686,166.50008209276666,114.13860224000601,117.86424904913079,116.94405301065177,117.820409638577,1.3065446694390659,3.6815553440054374,16.118225343240496,10.224889160148953,16.419039144803715,13.723886067804166,4.068762536282171,3.886486603542911
correct_11.mp4,chair,correct,858,169.73937612444735,166.9723020411701,113.84460345342588,118.58424657966097,116.5896856019983,117.98472490414457,1.0237379057813838,3.5600222512052886,16.075328979569676,10.112003491376926,16.395801584436047,13.821540816811321,4.062726409362314,3.8855907764643214
correct_11.mp4,chair,correct,864,170.00015483075126,166.32932242709836,113.75420031036853,117.15398141880509,116.47293609796138,117.60499576061376,1.2266766411184167,2.775030154080643,16.15345151291523,9.79107103922149,15.476399919083283,13.688865787930485,3.826494713865952,3.587068467010301
correct_11.mp4,chair,correct,870,170.12168297581238,164.7772029220059,113.91512003116732,115.97655481166386,116.49578638970617,117.23813454532255,1.277781533142132,2.4845090988492564,16.18755753566975,9.931221820911883,13.750840071547502,12.185696935171876,3.435100614653375,3.2044052142459165
correct_11.mp4,chair,correct,876,170.01014500118924,164.9897168128197,113.6261320079104,116.27701497336753,116.35464568038192,116.8971267701623,1.1999837075872548,2.4824355529348305,16.2438655315357,10.190100642619495,13.785098057726676,12.251134830609566,3.4499078313926757,3.281634569316265
correct_11.mp4,chair,correct,882,170.1153489102835,165.49364640868876,113.72177125189795,116.799484190008,116.30661764577728,116.27682718418332,1.1495654971535951,2.529097387361075,16.24177444456921,10.57276204837495,13.961442927105185,12.386013202067268,3.5191371865169185,3.3960633165169134
correct_11.mp4,chair,correct,888,170.22809747726194,165.49371062262998,113.64322632960662,115.49367361820272,116.32984320036569,116.59018708368714,1.292641441307595,2.408329587134166,16.27373335952388,10.155008099100355,13.374874081114456,11.921920333515601,3.3892757488014067,3.157877992361506
correct_11.mp4,chair,correct,894,170.26031511269434,165.46855207138648,113.73820377754036,115.97892023187403,116.37868472917646,116.69813103265031,1.2773843818405122,2.4255318735064564,16.288375921852452,10.261698549068704,13.582496904869942,12.113416202442627,3.4375676932665193,3.2339473927306375
correct_11.mp4,chair,correct,900,170.51569074195575,165.579588118127,113.52959405888232,115.11471244194315,116.24276195376925,116.74743251073595,1.5712392093941503,2.4536795098566273,16.364324598325506,10.210243267100305,13.898722380450808,12.408869158457248,3.497420231682201,3.243017779399191
correct_11.mp4,chair,correct,906,171.44666622215294,166.3782606687607,114.03667860034624,115.43295760568034,116.7471934347923,116.0101614117991,1.643580933603386,2.314057990193231,16.112562122135365,10.276891063816782,13.032976081575223,11.545125929877637,3.2082582930483765,2.985786384945647
correct_11.mp4,chair,correct,912,171.0896470228887,165.8558361626575,113.0442371755549,105.89941456193263,116.31246855771388,116.58119358265898,3.117755087795159,2.265266944448836,16.20603273351359,7.5514065023302805,12.881043255726476,11.510431384942741,3.218088150333159,2.2343309520295604
correct_11.mp4,chair,correct,918,170.1585824043786,165.69812801013342,113.78726731659785,106.07716405632885,116.39420219688694,116.59957546269524,3.811772870383201,2.4219921873346797,16.186696698722837,8.087223454162567,14.34300024476346,12.879663063979756,3.5857953037214836,2.575575961263709
correct_11.mp4,chair,correct,924,170.22525643925238,165.7169693900541,114.27943530735234,116.93350423713477,116.5677079279957,117.11581291198556,1.8834764147144667,2.4155968390301665,16.183901837314078,9.790660788671381,14.04130945401894,12.58435067325194,3.5248280775822995,3.189739620225893
correct_11.mp4,chair,correct,930,170.14190208053884,165.54100297584256,114.47907063404152,115.83733414576653,116.64388087968956,116.42512342411331,1.7999456803705862,2.4344526232554626,16.204574657709152,10.020086873439872,14.674524713116273,13.20985496074403,3.7065009996169724,3.435619778122196
correct_11.mp4,chair,correct,936,170.06220810556727,163.20031612373663,114.44375135071226,114.15747377765345,116.43742120101727,116.2266438747404,2.0972594367707043,2.661603057322531,16.274539519365888,9.96455360871986,14.755713547840752,13.069403019990306,3.7433539060848307,3.3801598481000203
correct_11.mp4,chair,correct,942,170.27125855890546,164.77510498875984,114.67774212962108,121.11411137731464,116.53486166217127,120.03003420335736,1.738482072117373,2.5120488410091495,16.337608865440647,10.082363702449012,14.050471990020933,12.512389745829754,3.5835470642157103,3.2881550274439677
correct_11.mp4,chair,correct,948,170.28913766239546,165.2666430197141,114.59520613479152,117.80656656064141,116.48871051178847,118.298720041457,1.7005588477714946,2.4557003126754946,16.335196125787537,10.131401818379711,13.749574328659149,12.270522059315395,3.506752007034128,3.219412018461961
correct_11.mp4,chair,correct,954,170.48251885637953,165.98364401222773,114.34368069648373,118.30253893703444,116.49416656821542,118.14582307550016,2.1330315334241896,2.302391998212884,16.35809976236944,10.637597538871129,13.767392182118598,12.43619695491858,3.500978281621952,3.2641006745588337
correct_11.mp4,chair,correct,960,170.56250327705774,166.19407956442762,113.9752758386882,114.13449448264991,116.47749529138143,117.65189292456881,2.216547489259637,2.2913614383769856,16.356658215235814,9.819834260156599,13.627712741379936,12.305791689724135,3.4488789094880627,3.0222403182800748
correct_11.mp4,chair,correct,966,170.46967985931644,165.93010117713354,114.17870930131393,117.44126158028442,116.85298582993445,118.05011909133026,1.5352454744423347,2.2358119057411017,16.258038913066564,10.135728172296579,13.649059249459487,12.37663074553549,3.429610523554803,3.1940111089320045
correct_11.mp4,chair,correct,972,170.12399990440412,166.1500913280697,114.19159458680035,118.3111378896983,116.84759964032767,118.1818507665826,1.8797334717505922,2.9668165413658967,16.230208159686548,10.395911930135245,17.99404845891512,16.020639545171377,4.510042469917473,4.312116149022589
correct_11.mp4,chair,correct,978,169.9146054899167,166.20999831812463,114.13699467977611,118.48397318747985,116.80799127499412,118.17170144039572,1.7411987870094425,2.826539185981904,16.210866838812702,10.477844577382184,17.032962379113098,15.207992848874397,4.26174966983022,4.090100093689214
correct_11.mp4,chair,correct,984,170.0885186241047,166.44650012700055,114.01602642106562,118.54515576226538,116.87548283773688,118.32045433314799,1.7329457106333548,2.915073314550679,16.190596087617624,10.436476059305875,17.44184108876318,15.540083322968151,4.3662987632674595,4.211367070927014
correct_11.mp4,chair,correct,990,169.82776145763495,166.13175245933758,113.86946572889475,119.36368056567215,116.89579076700038,118.407414948333,1.1925148534439567,3.2004931548749886,16.09955387624078,10.16802947219407,19.171413861776326,16.985692951966897,4.771673938165948,4.63866954446726
correct_11.mp4,chair,correct,996,170.06408380203283,163.53335205820457,113.42487389185784,118.84531682843581,116.58905189861984,118.20985362644376,1.0341125774511173,3.1580672290888714,16.15979910796838,9.953146375646789,17.096671022839477,14.947735608518744,4.2090053310544615,4.048196160507078
correct_11.mp4,chair,correct,1002,169.96671907428149,164.42819489288667,113.40489179439469,119.12034389077115,116.51489902014215,118.21111299147238,1.0985578930662805,3.1094836767399245,16.100297644786256,10.194920372240388,17.173418670914117,15.074385110263172,4.237795825181525,4.098530228852583
correct_11.mp4,chair,correct,1008,169.78964085230703,165.07301412013663,113.25949461350795,118.54069872256467,116.41398378092244,118.20880747351883,1.3472941854162388,3.175397633442078,16.091674418650232,10.170794864684677,17.002874434871867,14.832363002012102,4.20786217650941,4.038798015858143
correct_11.mp4,chair,correct,1014,169.55058649515334,165.32370939653381,113.36750786847475,119.23220256681486,116.55686496798914,118.43721867074873,1.0804486487259148,3.4138697539830476,16.048167924969665,10.059401449943401,18.24551466022943,15.83631038369119,4.528924697139734,4.373190866235054
correct_11.mp4,chair,correct,1020,170.88872001445932,165.49994431077494,113.470942843944,119.11007207505598,116.05971363887602,118.6749917992588,1.0772187004686218,3.327892006194259,16.27693625344687,9.809974979112377,16.884257837525986,14.501643409864549,4.20833361630209,3.954410167497427
correct_11.mp4,chair,correct,1026,170.59866889842377,164.8424473663316,113.64118056009289,117.79623022977238,116.25176186887137,118.00333187812107,0.9685085657188834,2.623239027833402,16.088753247777408,10.09792253440979,14.87805582315253,13.009831264495515,3.7178687773945933,3.539017288140057
correct_11.mp4,chair,correct,1032,170.6092942202438,165.60023128295003,113.9176967345231,117.5806814066921,116.58960367483712,116.9673828409594,0.8259122672507937,2.8501973178959017,16.223273335507734,10.882549464097222,14.265980887489418,12.249754159828932,3.6123361871162194,3.4836721299557407
correct_11.mp4,chair,correct,1038,170.4877931335022,164.9553311180089,113.90607016055274,118.0022320761958,116.44661717834745,117.33928387670386,0.9859529197557511,2.999190461527679,16.31015180591115,10.79424170655553,14.62642327502426,12.49957397291666,3.708196512608112,3.5683302759211464
correct_11.mp4,chair,correct,1044,169.7959345690795,165.56503231568806,113.6577008655412,116.3891873178377,116.50569087694754,116.71890272479207,1.1470248909798806,3.1062965617513445,16.312760035989825,10.615685905883899,15.789888473377486,13.635437178267109,3.9567211725270144,3.842842826922294
correct_11.mp4,chair,correct,1050,169.7591717427462,163.81378834128347,113.81666076670244,117.25437085732871,116.6987300447108,117.2898996538022,0.9657026674973544,3.2409983409633236,16.268633801582197,10.184870002216732,15.919119044313506,13.634851766064534,3.915619931704875,3.7759926452353367
correct_11.mp4,chair,correct,1056,169.33979912138437,164.2785635418406,112.73726972891771,116.62085800865574,116.36514939034224,118.44640665967941,2.512372380524313,3.4150486979824612,15.968403087993472,10.006335933535961,25.54607045263764,22.98569893647142,6.292776048816077,5.96060747496086
correct_11.mp4,chair,correct,1062,170.14507031331252,167.14852949514844,112.15520241524882,115.93964130496974,116.3008673062274,117.073263061179,1.8948655083578108,3.0631760107229096,15.871846196783322,9.527793768692819,23.724730495964174,21.660526563206307,5.823135360057737,5.546105218310849
correct_11.mp4,chair,correct,1068,169.2039299450435,166.6742949567747,114.07416412286928,117.70309104718194,118.71476107729815,119.19032852895036,1.1457107404950007,2.3180434624952677,15.611189475879579,9.134164856703546,17.721150578549032,16.37930618570263,4.164468157897146,4.026435660979156
correct_11.mp4,chair,correct,1074,170.32958434200577,167.46028658592482,113.1162471365391,118.73339848698511,119.1794014879331,120.90619310834455,0.8129015028384625,2.2586529022266775,14.721224577707433,8.87949569443601,18.48948267876892,17.102406342949983,4.2860342145410595,4.13021117740038
correct_11.mp4,chair,correct,1080,169.77791788326303,167.22108008101887,111.98376104170093,116.47002704338917,118.73827584334437,120.03288158205228,0.6577747510754934,2.328984758785626,14.256464045437273,8.955993310302228,19.86474259636196,18.53160966082765,4.510687794945944,4.402581457408471
correct_11.mp4,chair,correct,1086,169.81522467724136,166.3919478105113,112.59066281748056,118.54579718625003,119.5474606481113,121.77117119410195,0.4586299628768305,2.3584372865026886,14.031541743699082,8.877632805573032,18.492434225517403,17.08919167144183,4.091963043076917,4.033326973045168
correct_11.mp4,chair,correct,1092,169.4694913899073,167.21106169573426,112.27147552969691,116.268969842503,119.75268957612975,120.80898065499524,0.41678847936601454,2.11049864331514,13.488581992283514,8.948343565769314,17.385982715549734,16.27513425080115,3.749582258751236,3.712682001592613
correct_11.mp4,chair,correct,1098,169.46093805328172,166.82647424404328,111.74949637310414,118.1150558493594,119.16479324579643,121.16584818538671,0.36549144369680114,2.0686206751100453,13.573929851061887,9.125836030302152,17.57623226056466,16.503336014862306,3.800298368934553,3.8705232596283787
correct_11.mp4,chair,correct,1104,169.2815514172987,166.99735483029247,111.61165451372094,118.42076599870275,119.05820000940248,121.10545300866562,0.24688944984674543,1.9501283986084397,13.634323789712461,9.179036676618981,15.65526114749327,14.707772628112254,3.3795150446351405,3.4476794184178376
correct_2.mp4,chair,correct,6,173.20627556784268,170.33865376756296,110.70122752504108,119.11748699222355,114.63500298690624,119.5889547364912,4.928696023911896,2.7593648969863507,16.043928349661442,12.69285426741815,28.75658305464678,27.12113804940599,9.02013826941858,6.80839392708936
correct_2.mp4,chair,correct,12,174.25641993468307,171.29270112906838,107.400834579528,133.4356965903319,113.71024589151384,179.0317030730827,34.002927105353905,2.703136997674701,16.5022108220524,16.48214774405737,28.467708861565256,26.84431420506989,8.287064149491037,7.745245090572349
correct_2.mp4,chair,correct,18,173.67316247085262,171.72371623079346,107.87975233840453,127.95148183973693,113.95471134379595,178.26458244953827,38.19768174270485,3.4184132843444424,16.867818349427537,16.002031035140597,31.989770438500766,29.654125946226326,9.198632541006456,8.050520106166518
correct_2.mp4,chair,correct,24,173.10681191048013,170.22089285942016,107.89167582733467,128.0665554271678,114.4000454112866,177.32609697245684,150.33803497271114,13.877409121344908,16.84242880101773,15.674321298277903,126.96844059427474,113.36377153341768,35.605102485784165,30.548894518785673
correct_2.mp4,chair,correct,30,172.34225442359906,169.76975727624634,108.33088226828232,131.3730963004731,114.63571428199393,175.76765932887326,64.64432666588417,6.101338377244505,16.503090016440826,13.180386884112448,59.26831433787005,53.60102102092066,16.576679966781544,12.389558291906141
correct_2.mp4,chair,correct,36,170.37262747737807,167.2242888783114,107.74052781026786,127.55239691632484,114.49397473380343,177.57602342263624,54.15020255338201,4.709274961000169,16.509189159263098,15.614289350078819,46.23266081912778,42.261777902977265,12.751949701743797,11.23232192495931
correct_2.mp4,chair,correct,42,170.6783927779679,168.43719352827097,107.10175580055545,125.24920073257455,114.91748281567465,177.08341976096375,30.51550791113259,2.548350236626655,16.578961662655008,16.271288331557155,25.689365688029774,23.7950963491323,6.98415715631116,6.381166681667736
correct_2.mp4,chair,correct,48,172.14358039593614,170.19532968710936,110.17778032553996,123.79033597306598,115.02597605435905,119.22761591776485,1.8315645174837414,2.147388392767479,16.68044193404855,12.982883942887467,22.710991559676362,20.578510275568384,6.427983851475627,6.679084100799192
correct_2.mp4,chair,correct,54,173.21264464120424,170.1370175644371,110.35423916963424,136.27094128285484,116.58049571064996,172.05598999130447,22.92725003378857,2.3362615523676773,16.683412226567892,9.258315248879555,25.68771144276867,23.0637275491685,6.787028248202167,3.392319087730986
correct_2.mp4,chair,correct,60,173.13886422766151,169.31850188175622,109.95923946565112,128.95551878931457,116.71236973124539,179.06464142764665,139.75748117976812,11.415773993386404,16.690010640512245,16.582451490914558,119.32305600158922,107.31808106755572,30.7598273794812,28.534827282418235
correct_2.mp4,chair,correct,66,172.32873770942936,168.79232851980487,109.48666362024512,127.63512481598251,116.0219285017901,176.0208273198883,816.2380239065866,74.98956857416074,16.814581908321593,14.362557522093734,750.5490587965304,677.3248278724192,196.2975766470097,153.85587100559994
correct_2.mp4,chair,correct,72,171.78575871178535,168.56339396946174,109.89154906638478,132.3885339247047,115.99058043243416,157.59835376526837,96.95524084868018,15.475076752885938,16.79580845622256,0.5581435935918654,152.00894167051055,137.73971065964707,40.96405117574188,2.098765018239591
correct_2.mp4,chair,correct,78,170.8095380819582,169.2599483396585,110.39686128851517,138.33298458454024,115.72252183240332,155.74544197687916,30.900675800999085,4.719307948794621,16.75271546994111,0.7370303011303723,50.204032041623286,45.984947561539414,14.050263330094808,1.5249688001844834
correct_2.mp4,chair,correct,84,171.64459757226732,168.99277268606633,107.25114900579001,126.6168536727914,114.82202716403994,178.07135269840938,39.42945565585049,3.0969715909774274,16.532740413693187,16.57194472592009,33.673585334494184,31.367219418938227,8.927326939722246,8.233767686011902
correct_2.mp4,chair,correct,90,171.7914601198929,168.80254179478874,106.32451370563906,129.31794409549715,114.7160487882281,179.33256860492426,59.44583084206678,4.724063741998536,16.606345169483763,17.16588399499808,51.029530787077164,46.52909639152126,13.154839990246407,12.728327839761056
correct_2.mp4,chair,correct,96,170.65646735361273,167.8790319075798,107.28504300718146,130.02958240050444,114.23119310548998,177.7966909931323,57.92751905001274,4.626222776952491,17.025237933007606,16.193493028566866,51.016230926395586,47.04102192807234,13.305103081375727,11.5179235276342
correct_2.mp4,chair,correct,102,170.85614429718868,168.60841647904738,104.98872353119773,122.23131721453824,111.4982900723549,118.4737847711749,6.109744727388178,4.809081864897145,17.33209747145658,12.844456228854398,55.12682988049358,50.61138459063478,15.259985577532927,15.589688735035516
correct_2.mp4,chair,correct,108,172.48149401757632,169.62207538058377,104.5409519500778,134.7763802228259,110.58417854339604,172.5829811469187,51.14216365856233,4.943215640538362,17.947453811292068,11.896715799588707,49.56137999057159,45.19498307687853,14.657403548024899,8.455494239269704
correct_2.mp4,chair,correct,114,172.19257664384108,170.27926226940232,106.78612304140472,118.55553067233473,111.80038326958967,115.27868303487642,1.9708862794418218,3.3720658315523506,17.33208466941772,15.334093882641685,32.81490199388471,29.39398578419273,9.912630688641775,10.192474359324331
correct_2.mp4,chair,correct,120,172.09140904236185,170.86796367020852,106.73468070942894,116.69407799562738,110.43356341906258,111.863345226221,1.196632974345673,4.315205728836495,17.555695689724523,15.44886801427978,42.22115681296483,38.10326896521754,13.21973546741757,13.410718524490106
correct_2.mp4,chair,correct,126,171.6224498312545,171.76006957182912,105.95193646627018,116.96589833058371,110.67813981088321,112.66088819991963,0.8232860303707724,3.150405087080795,17.44121802879176,15.297788260847113,31.066282390675617,28.22789440517358,9.673629648420329,9.697308064305124
correct_2.mp4,chair,correct,132,172.21159148037654,171.48238113498965,106.84494473832478,116.44003095824861,110.45166462542588,111.45517188961153,0.9378179472607706,3.787177524989277,17.77340414159279,15.24508830818789,38.578265681969526,35.3157249406898,12.259141202856261,12.436987690641065
correct_2.mp4,chair,correct,138,171.4526221409791,171.6185986024523,106.78867134750725,116.53669446513412,110.50682009120077,111.8595105798948,0.9868131159714775,3.571690860835125,17.703536833284733,15.19206791684033,36.57906013556841,33.52760287105817,11.513316076665365,11.589416964490168
correct_2.mp4,chair,correct,144,171.19614976171485,171.62141569462946,106.77946873917593,116.03757406211123,110.30897896127877,111.50804983772453,0.9481933731527603,3.3390070106860463,17.6429556418784,15.239143451506633,34.4527012232899,31.724407836884637,10.857633603573328,10.86991677004004
correct_2.mp4,chair,correct,150,172.09950511529644,171.9368492955511,106.55266801595963,115.85928682087075,109.9574875474717,111.42580078791072,1.0274653505407896,3.1280359266832445,17.718025589857636,15.272373428349683,33.294175676357945,30.822308012648392,10.811298665880702,10.741582217514962
correct_2.mp4,chair,correct,156,172.68994588058843,172.44572158505653,107.1339008522488,116.58493626693176,109.98319040224182,111.74527477674422,1.2591337386868922,3.1259303230155737,17.816027159373697,15.640794541583741,35.0332147933247,32.580359431725476,11.457672656722675,11.35223416418293
correct_2.mp4,chair,correct,162,172.75480572247693,170.96048043021764,105.87978014511167,119.3281585174799,110.38477120541917,114.72086814387497,2.52609312804827,3.0967931856261925,17.58557381030256,14.18164777837438,34.985916151150576,31.600184297305745,11.104172105237101,10.650267089590786
correct_2.mp4,chair,correct,168,172.28763233800086,171.52750667958983,106.99542632687348,118.32122490988138,110.60941568831842,113.29217161196128,1.9841724760793777,4.6548878681907615,17.609267363967657,14.943271252850584,44.29663284769529,39.43101341922012,13.813156445979219,13.92380459436308
correct_2.mp4,chair,correct,174,172.332213788929,172.02338472413317,108.19591982601273,118.71636862907312,111.39505530056908,113.46440736867845,1.6884332925790975,4.9486810277855255,17.53513855309446,14.948519942334594,46.065172000243635,41.193942067230424,14.388184091684847,14.53380211840445
correct_2.mp4,chair,correct,180,171.65184169073063,170.39213857246483,108.3643935049991,119.34734546596975,112.38978948207088,114.64817366111357,1.531197340247105,3.4448179188521695,17.219258324941748,14.271954976491248,33.286420525837336,29.3512815178721,10.093004959873216,10.110685979438285
correct_2.mp4,chair,correct,186,172.22348956428868,171.35577921936422,108.34647611050475,117.94195540296738,112.38899964973612,114.0982301392991,1.6520059486763883,4.293113926446177,17.151801036878176,14.103992149604768,41.19850110614251,36.625865236951945,12.492395977727911,12.564304290396473
correct_2.mp4,chair,correct,192,171.847444040839,171.7494059525246,108.13778820924593,117.7897275984031,112.1409611841548,114.09664826406866,1.4757136929993508,3.8920396046998427,17.03594465676215,14.037959020034457,39.2948581188576,35.488055522713765,11.819187175060947,11.827066410733368
correct_2.mp4,chair,correct,198,171.86528709932023,172.18326466490882,108.23782344198214,117.6852171052844,112.34905621990455,114.38926448843043,1.2938751896744134,3.5948986472361555,16.892137060638706,13.841539766842557,35.960199098640665,32.524788115530114,10.771925249854206,10.671948917575778
correct_2.mp4,chair,correct,204,171.5139585378226,172.2066565348105,106.48983583247752,116.13172336277736,111.79811106226684,113.93008731712962,1.0837524690485834,3.720456034225822,16.828089830861533,13.617572970138623,35.4352893541238,31.952093139027188,10.361375144918133,10.254697666098073
correct_2.mp4,chair,correct,210,171.8177745796466,172.4448867961153,105.96419682704011,117.78846421961335,111.81425086967548,114.74528285118652,0.9023870393364293,3.702235570020706,16.949592852995735,13.549449473842934,38.353472481629254,34.988862932612214,11.119486081546356,11.058825309194242
correct_2.mp4,chair,correct,216,171.34503329725786,172.20878550566212,106.29222353074347,116.48876718813983,111.69347686495729,113.90709883323169,0.6881261797540492,2.7806197479057975,17.231774428761238,13.540524649790218,27.242309724612472,24.841895123850897,7.99049990157019,7.958882111672112
correct_2.mp4,chair,correct,222,170.83441872617965,171.64818461806405,106.62087375033988,116.15334444240742,111.36204437907634,113.21513568191577,0.7157768589377956,2.957682731939101,17.448566929804166,13.689726734379976,27.80585896121113,25.370595878135966,8.23833772863722,8.193202286878037
correct_2.mp4,chair,correct,228,170.92519707316544,170.44903271198794,105.76469136555852,116.07531607995465,110.18468899865212,112.6119120224334,1.0784557669678367,4.16905659895517,17.66256176565657,14.131755371906117,41.90916406768907,38.37662366587443,12.822415659315793,12.776539899854864
correct_2.mp4,chair,correct,234,171.47941978037252,170.8933246856486,105.24066392854708,115.34023883989127,108.93366083318695,111.06312448967378,0.8816821665224871,2.544889781724569,18.2483164821404,14.464400999423017,32.07782692455325,30.143307475591293,10.141239589782852,10.100746510465875
correct_2.mp4,chair,correct,240,172.08405116791758,171.3853507203433,106.06693219271122,115.65437532619451,108.7075988656225,110.82380269062837,0.9424911427920206,2.5962076904138973,18.627224417822458,14.730146327907175,35.604056664667816,33.32814013608698,11.589433526841507,11.512053749829938
correct_2.mp4,chair,correct,246,172.068604742541,172.29118886209528,107.2389235096883,116.05394455851223,109.44332339511975,111.03453487093995,1.023487829341477,2.5087193754696253,18.81408324036972,14.833791821442764,31.278361751206592,29.110000770522646,10.194834430968234,10.162526258384661
correct_2.mp4,chair,correct,252,171.92683537185835,172.13524112964646,106.83022971760046,115.69033392253019,109.1304627093292,110.82063576054854,1.1961062822170057,2.5946734052059726,18.816793005927856,14.995871776498593,32.3008577609234,30.081140976957162,10.592257907760937,10.553741434460788
correct_2.mp4,chair,correct,258,172.17505672368276,172.37671248785543,105.88400286241752,115.98605976348297,109.20501443739028,111.03571131345281,1.2939609732502513,2.8145443894033257,18.780460542384436,15.016613186375166,33.24831588310296,30.843817149702687,10.8769360853482,10.86198862343632
correct_2.mp4,chair,correct,264,172.28128358675318,172.23272664681875,106.2860338600922,115.59424008073266,109.31067817250981,110.73317089967473,1.1925441380765445,2.5198669979870782,18.838611858594053,15.032460306421735,30.05545872455913,27.998548753894912,9.86597439823703,9.85294344462299
correct_2.mp4,chair,correct,270,172.25375481558856,171.94952749426284,106.1002971770442,115.37684993790782,108.92234880136022,110.48385441840787,1.2228146705112446,2.4777230465299316,18.911137522581093,15.079908663580534,29.845858294259322,27.796019184092113,9.802017561239033,9.780703886433988
correct_2.mp4,chair,correct,276,172.21641124847952,172.09354992466095,106.16282324657229,115.59650531983786,108.59379331558041,110.13508339068638,1.1079019199195255,2.38206382200581,19.040387440481595,15.375187406134794,27.33404543845419,25.375922209129715,9.03885304615586,9.040385904823703
correct_2.mp4,chair,correct,282,172.72794122828566,172.2853696855146,106.40011590203216,115.7700020041747,108.63428929651381,110.30261432540857,1.0112329463241956,2.418783821161969,19.10786468661901,15.456627984178409,24.957974123438856,22.554788835516764,8.260506000994683,8.315517160951325
correct_2.mp4,chair,correct,288,172.50148882373074,174.21530801009717,111.39269000427932,121.78773136372611,111.75992599887762,113.97795770539645,0.7442022445864908,1.9648608034307333,19.271947870592932,14.832717838298692,22.493788365930747,20.52570523084579,6.729213140609657,6.847778377415301
correct_3.mp4,chair,correct,6,172.0489059194449,171.03297744821361,142.21311766903816,141.05521565966703,138.47044654371783,138.3365800457098,2.340720052396542,1.68268094672544,10.726553815898502,7.805612567774937,31.77967974378507,32.582984344712706,5.861000145359344,5.9566664357415435
correct_3.mp4,chair,correct,12,173.15828946392693,171.90754403480977,142.9557442569098,139.88189975782254,140.11341830595993,138.35592322073703,2.4269105232179067,1.4263107196371623,10.261761131321375,7.717580894946779,33.65617371060426,34.18180799301387,5.814463172222542,6.121001509382241
correct_3.mp4,chair,correct,18,173.70437390234625,172.10677048001565,143.12646130114072,140.33206524672784,141.22341643410513,140.02448773682946,2.9191899849028276,1.978096604979788,9.714764004511837,7.309073210608646,40.91565498315079,41.994744213649206,6.801790825389402,7.0790390262069645
correct_3.mp4,chair,correct,24,173.67368824487403,173.615895385197,143.4591881381208,140.7309480964899,141.9994192134898,140.75426316245665,2.9261805526153637,2.387741984362233,9.345875895965822,7.350202648890069,42.59650213175307,44.08042502192981,6.908494354841817,7.306726700149038
correct_3.mp4,chair,correct,30,173.95075725870362,173.67188613758708,145.1653921901491,142.302279073872,143.15897083216413,142.45201022535883,3.4312576168961426,3.1776750249076886,9.171260869613258,7.355372784393486,42.523179256228126,44.76077459526359,6.935940917218343,7.062003779925324
correct_3.mp4,chair,correct,36,173.5337918976611,173.3187123998829,145.38518632610393,142.48942418467198,143.46552709396153,142.74408157384127,7.890720091039814,6.5666798499949826,8.842480798687584,7.503235847259735,75.45283726361862,81.14556853140152,12.306722825084142,12.459988508949223
correct_3.mp4,chair,correct,42,173.18609737773457,173.09668463518935,146.29319317485272,142.53131062595344,144.33813631573634,142.75055466089063,18.41341119205008,13.972764002641796,8.552514635461941,7.359486828296815,167.15889402389627,180.83100710357033,26.55666059691499,27.336661612829385
correct_3.mp4,chair,correct,48,173.75042713701475,173.08685484536872,147.18705413571993,143.31922072195553,145.09483449510256,143.52852125080614,17.25905638224119,14.368412838281365,8.39215632238256,7.154049909331918,182.23903955650457,196.15339991975068,28.518497165943206,29.35996786148919
correct_3.mp4,chair,correct,54,173.27820221786757,173.41492832620443,147.7181822530132,144.08503990211977,145.73158513779,144.14858728690808,34.41776084539685,25.396619657721413,8.2201943744969,6.942295852662462,304.5547654569833,330.54268765920233,47.48656685669235,48.851226583122894
correct_3.mp4,chair,correct,60,173.52958132566442,173.5709282054399,147.88566490840483,143.2807802488347,145.90722996840188,143.7155643129446,16.949709707919233,14.244688956320694,8.24764432670424,6.787238703069603,163.23579317557352,177.97008258858202,25.246159083938817,26.214368729660336
correct_3.mp4,chair,correct,66,172.40713947678907,173.1223795805692,147.82693231772592,142.81414273412304,145.93163437393943,143.5630835103349,10.510152845401036,7.245341073227116,8.349406567104422,6.910828470888173,86.20786943775609,93.47342221421744,13.559522201772078,13.954126910830981
correct_3.mp4,chair,correct,72,172.35779992317572,172.89019666713983,147.23892456259773,143.6990422669434,145.86793417266986,144.02909210200846,48.25035966064308,40.66556846192908,8.38523551426318,6.6791276546287275,464.8288532943886,505.6730121564804,71.02939067555164,74.66220202909298
correct_3.mp4,chair,correct,78,172.42788719452912,172.85853599102998,147.54729514130375,143.43588543335588,145.90776352907562,143.9205003277015,29.73239605944903,27.966070308602543,8.440533794751815,6.6593747194088095,304.973603487244,332.1246264618139,46.62325467898936,48.89631028071128
correct_4.mp4,chair,correct,6,170.26367337862445,164.92015855152343,130.61188207848798,133.64776351585783,113.22487193416715,115.05751971623336,0.9549383184388819,0.8437280428074035,25.56305349444614,14.146777000464914,10.28130904826671,10.300493940796885,4.716758436326858,4.322943578467893
correct_4.mp4,chair,correct,12,165.43939535557945,166.69358107733635,131.86950877668798,134.20020465880305,114.84991178069468,116.61326188958488,0.8771934883978277,0.951094766831591,24.911102164022523,13.335318421804793,7.035335383892766,6.98024414521924,3.261418196983957,2.9132478791096355
correct_4.mp4,chair,correct,18,164.23658551151053,167.98673379008233,130.32636075221737,131.21136737951377,114.54753584492299,114.7179243631226,1.100924657053848,1.2656559955577071,24.347065282170536,13.630637677363993,7.989354055865974,7.590374494132146,3.6056790529026053,3.3219681947377944
correct_4.mp4,chair,correct,24,164.19002982314277,170.0575191954321,130.24306010160834,132.2828552817101,115.16069369415217,114.88578194540659,0.6574874082185423,1.2101008570203837,24.466483788053793,13.375102044649747,7.3593332429788,7.031323280180977,3.198725123938862,3.0184375921592688
correct_4.mp4,chair,correct,30,165.1929801810753,170.147098954656,129.5866048811002,131.80468543173743,114.82801816663792,114.60883744942521,0.879265747134006,1.578399490946693,24.286793470322188,13.761766534486043,9.356266807113911,8.657768393686485,4.01285057140169,3.8183426992976344
correct_4.mp4,chair,correct,36,166.18581819410616,167.60686109535573,127.68276838965154,130.9196755627454,113.76562695148063,114.2070857336928,0.7578731450069066,1.7956132561023883,24.046926027883195,13.584990936496867,11.137503993956047,10.232906495249296,4.686533758181238,4.519316605579377
correct_4.mp4,chair,correct,42,166.39568619527975,168.08648672514371,125.93325270098116,129.57591285874983,112.47816941278896,113.36387593069803,0.9264997783997504,1.9504351792710535,23.89615983597844,14.081638608706104,12.1454227908272,11.137975074351068,5.19501802063382,4.978100594004189
correct_4.mp4,chair,correct,48,167.7195717558655,172.9276633683928,127.2112266493235,132.90119106428807,113.14387699312583,115.02959260967593,0.950547383208548,2.3448620337717303,24.419345888318087,14.086734755812445,11.3706346329572,9.946137410448447,4.953768059959042,4.703179495992833
correct_4.mp4,chair,correct,54,167.57884385563878,170.5389238585477,128.81882496869528,133.6839735055092,114.47413232190634,116.31414973025137,1.2425718928520473,2.0304890169959844,24.340498755967577,13.742440321985427,11.019122532592753,9.881324523061187,4.82816504743808,4.580473559581928
correct_4.mp4,chair,correct,60,168.83677471250115,170.7730089692213,128.03210180161324,132.5892871107949,113.77652746001694,114.64162096242515,0.7550034979473075,1.7764395726405442,24.421911307309212,13.89398925213639,9.210941274404606,8.35917890039433,4.086719500228252,3.916811185739674
correct_4.mp4,chair,correct,66,167.37114923167127,169.82301683876588,128.1653260519358,131.78573638187225,113.51673048215245,113.77906263923704,0.9022393116122046,2.012623332828933,24.433326810689888,14.541977111098243,9.842226050754018,8.746720261422572,4.343339742792269,4.182660867039339
correct_4.mp4,chair,correct,72,169.5635138657464,171.4356839998756,126.98382616663766,133.13843346064436,112.5222946774284,114.05811396913232,0.6921735412593003,1.6423252058910331,24.662406955040563,14.619701356764697,7.6653338425815205,6.958996778263156,3.381335604028212,3.2429735982923282
correct_4.mp4,chair,correct,78,168.09430822775607,167.09024944850748,126.57064456131377,130.7934043042175,111.73440583619742,112.9195455556715,0.8063097007090793,2.1836721386058677,24.459324419489008,14.448333861722768,8.482189360660216,7.1408515258622325,3.676572327950766,3.4209239540825376
correct_4.mp4,chair,correct,84,167.50299938770178,166.24850111993578,125.94581573472202,130.22744553818686,111.36504794711621,112.61415747977703,0.6822115075038571,1.7697968045757977,24.76014242357831,14.318539987690146,8.69040608503393,7.776611485555909,3.7991011894296105,3.5260155265028317
correct_4.mp4,chair,correct,90,167.0509903802615,168.29374802893562,125.69695483110584,128.7265408769807,111.07778050409752,110.458142283393,0.6764536493584629,1.6039261829287945,25.25490883963911,14.674357095404766,7.8052744332305455,7.005781326611856,3.448152365792327,3.281865796678562
correct_4.mp4,chair,correct,96,166.8760619208502,166.41680240363598,126.89263408577409,130.8806618526597,111.31696258748768,111.58851040830842,0.7157616449314176,1.7653724813878333,25.246601889949265,15.090470884107923,8.052973114397439,7.094605708091915,3.6392280219650344,3.4572334647626217
correct_4.mp4,chair,correct,102,166.6668333721463,166.97212120415855,126.67515483281734,130.52736074242654,111.55718691430339,111.84290089926252,0.5679359641054522,1.4231944055113877,25.032107541789138,14.806541850852307,7.726012642327608,7.11938609045169,3.4844679013487165,3.297031957648731
correct_4.mp4,chair,correct,108,166.20891497562786,166.97827539335822,126.80621960718757,130.76192350106658,111.69731305802068,111.4657969728857,0.5571095299229009,1.7259693375888563,25.275045120978085,15.015737447133056,6.530047287692609,5.663957702180649,2.946541336458366,2.8034229767642582
correct_4.mp4,chair,correct,114,166.11703369982322,168.6190896433026,126.95864852762178,130.91868351491178,112.00648487397628,111.59588149766789,0.563295607365041,1.8282029533887973,25.129325893312778,14.941764796235322,6.64611682633857,5.692674786059955,2.955536347180452,2.8370334388798253
correct_4.mp4,chair,correct,120,165.9739463017241,166.42490779594024,126.62261159652299,130.18241810756874,112.39737260370553,111.83311998103183,0.712329217843218,1.561653636841797,24.95418160152015,14.519868144931397,7.464444989835065,6.743247607039657,3.247587332549112,3.1458732334851676
correct_4.mp4,chair,correct,126,164.709390945113,167.1576928215221,128.00094132195895,132.2484527240311,114.96566846150728,114.98395091492627,0.7919053233718962,1.565556744231821,24.161737299715348,13.760513327673921,8.10999515586892,7.357490634415503,3.56373928837926,3.468942273525981
correct_5.mp4,chair,correct,6,171.78492096249923,173.00777960995657,116.98093232669204,113.67568816659514,134.40368703590858,127.42129066078444,3.3991056942822033,2.264236875729645,5.6208209655695285,1.8348954310555656,17.387828689396635,14.523398866447147,0.4473308807994188,1.170123086740057
correct_5.mp4,chair,correct,12,169.3840158234993,171.4951766876342,100.87062095528013,107.75851853879213,111.50952369617998,113.36101715936937,0.18475816152687305,6.6378693676963865,10.375702400350557,8.82909206247441,20.315067621880196,13.092191127462772,2.6316512472683193,2.976717926681383
correct_5.mp4,chair,correct,18,166.426762996094,168.3223177415916,98.30160387280536,105.67477591166548,107.64803265046741,111.42665971366097,0.21738946602765502,4.008301915580106,12.44917721771029,11.593488555534698,26.650762689044413,22.441004448159347,4.5662618880879515,4.885967138135673
correct_5.mp4,chair,correct,24,167.00482375017006,167.70330008206736,94.22238788539775,100.7077505878178,102.81891329135296,104.99344217980186,0.9177847414142201,2.7920765937205045,14.401052638871464,13.171006017678517,19.9460886284841,17.20489587127293,4.034165768874689,4.190572099292492
correct_5.mp4,chair,correct,30,163.45975641832172,165.5373400261458,92.18971584535758,97.90508619965469,100.39625169030035,101.9597151076205,1.4672332198907918,1.7395559638294387,16.503484497375837,14.370665500900273,16.838664178898053,14.687055084514638,3.759533494860785,3.8428029916694637
correct_5.mp4,chair,correct,36,164.80946025791252,166.04625789938248,92.85438066597308,95.19569556601391,98.99351665524465,97.35762145599759,1.7589642351254449,1.5694393887052749,17.28005495555103,15.08752275584626,15.403700574246912,13.53396803781745,3.6761257659137883,3.670090065047328
correct_5.mp4,chair,correct,42,165.5449502807289,164.79404250933996,94.7507225412042,95.2033228163422,99.55706454634931,97.7341399197531,1.8178959544718978,1.4919795559925138,17.78125189857675,15.396065063727006,14.036706060854867,12.052406789680328,3.4633550075527504,3.417442846898615
correct_5.mp4,chair,correct,48,164.40981243923872,164.3233812479871,95.97873012484182,98.99348021715956,98.86764494703503,100.11641390824566,1.5736986548717828,1.381485027763303,18.777393465723684,15.742985090694287,15.88236423201617,13.95892928128965,4.416254484845025,4.203020942432871
correct_5.mp4,chair,correct,54,162.92659470534807,164.0962506633754,98.04829733129078,100.96713547084157,99.75089421536866,101.21710015197067,1.0334665467419875,2.0709712909881004,18.666167649007726,15.90750304518265,20.054939443061578,17.45402106227977,5.688531777473545,5.382181183376144
correct_5.mp4,chair,correct,60,164.46558462791737,164.57531508451098,98.12032203479578,101.18429827088283,99.61666796314806,101.92126134053645,1.429276892971461,2.415468644701792,18.729743215752475,16.033974628609013,22.859914949116266,20.012272477565613,6.500076467050926,6.204910252607984
correct_5.mp4,chair,correct,66,163.73584604708591,163.97015913769349,98.53971473678703,101.27531363036998,99.95950907511704,102.23140359177921,1.7146421388459805,2.5408744679351565,18.685675895511718,16.03410164695358,24.083261165242835,20.989550755413582,6.781672127528476,6.507246536558045
correct_5.mp4,chair,correct,72,163.89324289847582,164.01102533394777,97.12702548551096,99.87786092554931,98.13753466507238,100.91235372964441,1.994678043372309,3.223915320533846,18.754220070080308,16.226221317475627,29.01582697396533,25.740963182601988,8.297888123464173,7.870244583140903
correct_5.mp4,chair,correct,78,163.20247699154643,163.91377907247164,96.75505073841302,99.40629297154221,97.81785844859957,100.21305692738517,1.9483304459529274,3.2011346790937862,18.805723674332512,16.372064821127875,28.719836057780427,25.492065258063885,8.139808084210852,7.818625997499257
correct_6.mp4,chair,correct,6,172.5558188772033,175.4176090806226,145.3147504730633,137.8175934305969,134.0030192524427,129.8076641615482,2.091728216992538,3.511257032585671,16.10968427216072,10.059293804900792,24.74709234126435,27.233287957860956,7.4251086574962715,7.702664869647919
correct_6.mp4,chair,correct,12,173.82541955221447,176.19679818630448,144.5113057629545,139.50490488274568,134.40762913873942,131.89364096239905,0.8558451584502932,2.653533929377533,15.899867962274163,9.320648848452603,16.508487653068908,18.133551682767,4.765764013739106,4.973443707869084
correct_6.mp4,chair,correct,18,174.8102605809099,176.3692145360371,144.8299113095048,140.14122432986392,135.31382013135834,132.6070506732114,0.5441629200651562,2.290554113219478,15.422378709756698,9.1777684032923,14.038279507183882,15.311681634406051,3.8821418770192846,4.146969830489257
correct_6.mp4,chair,correct,24,174.94041875818428,174.2345967270523,144.903063387257,140.67069030625697,135.64955874301063,133.20089615124357,0.5096549827923306,2.144416847322104,15.119239137057491,9.158793891855147,13.15886656705941,14.285650412972364,3.619865489762929,3.854555059770499
correct_7.mp4,chair,correct,6,176.44589303190432,175.43536143548667,141.89356164400874,140.68494101874708,156.39046592707797,155.72402923746435,0.2726380846653837,2.222209619590769,3.3752853401289835,1.248947219223711,5.475298200400572,6.3354281322956165,0.17027323759770407,0.3020731590501349
correct_7.mp4,chair,correct,12,178.27826849832465,174.5915032690516,141.12610524135474,139.55360207605776,156.09988778211772,155.17374527790224,0.295993787804339,2.3154691253720743,3.459682830244169,1.6574403099131474,5.581095637345232,6.467978856400214,0.20431990070362777,0.31703854917210234
correct_7.mp4,chair,correct,18,178.22453192084447,175.95195803202913,141.0223045542595,140.15869820170107,155.99822916836632,154.98620901139364,0.4607120660915875,2.6004265177966577,3.851181381747691,1.663422583694941,6.117175834152133,7.165463138594385,0.23648713309178018,0.38551567751702975
correct_7.mp4,chair,correct,24,178.97621919824527,174.7046046320949,141.02126845077814,140.48330564968833,155.58745819520422,154.6605198709645,0.539198724455731,2.7859695681706294,4.300036195593718,1.7257116416257803,6.644973138667416,7.773249390984662,0.28639785592095307,0.4581869171113661
correct_7.mp4,chair,correct,30,179.2295889684199,174.14209881675015,141.72778685394374,140.47767551919975,155.72087683476573,154.93342853142627,0.3831631762802549,2.6217641813086843,4.522164968840057,1.2429365340296574,6.580081952675501,7.671359811051905,0.2777084091937398,0.43710456893877797
correct_7.mp4,chair,correct,36,174.0821768124363,174.08268879663459,142.0130020940435,140.35491125592011,155.83825981052075,154.840122340503,0.3952315684616697,2.3970711608886757,4.572549365883407,1.2651880251422092,6.74114379887254,7.805247208105371,0.29217407017517133,0.45127922826844896
correct_7.mp4,chair,correct,42,171.76975906738082,175.60949837531578,142.1805325228448,141.01447595538832,156.34313300400484,155.4942408729204,0.5374716317741677,2.223859292375888,4.527429896080585,1.193121799283292,6.962493983669526,7.984156375644665,0.3105823423229511,0.438344705234537
correct_7.mp4,chair,correct,48,172.1880651554997,177.87246995273514,141.93567679202985,141.3773662955171,155.95311463033943,155.64318336223047,0.592008645370334,1.9236877662463592,4.66425829810524,1.1063936686281095,7.323668309888507,8.153720048742148,0.32863712860744765,0.45012204196737343
correct_7.mp4,chair,correct,54,175.76831235862429,178.26641912563684,142.7057774933894,141.63440788637504,156.19358632381972,155.67529461136567,0.5122791810346442,1.4523843854093141,4.63107950432028,1.0674498884444201,7.467213263838738,8.09187983888731,0.32209868547633075,0.45600970769616417
correct_7.mp4,chair,correct,60,177.17177747625735,179.30521194667668,142.23781230325312,141.56170801062683,156.30953585767227,155.82282044177845,0.6219090544706175,0.9079043316791707,4.379058876081021,1.1653562702305995,7.301558058337357,7.628326379037155,0.3021467611414438,0.4210134486011382
correct_7.mp4,chair,correct,66,177.32272300157666,178.7063610597749,142.55622536650307,141.76875827863316,156.92030707026765,155.97362291424275,0.526029860417999,0.7464079220990152,4.184953030314274,1.0348518706757033,7.628845957133938,7.901819901977499,0.2730153569490392,0.4365075711378679
correct_7.mp4,chair,correct,72,177.8394886787928,178.20915266597802,142.5952056683903,141.52596616189084,157.09581111128702,155.95219490664888,0.4068979208515947,0.7190907914539834,4.009471043189729,0.9465379034719023,7.431624550375107,7.6986565534455,0.24111643790286655,0.4166312580317139
correct_7.mp4,chair,correct,78,177.59817942612688,177.4584170977899,142.54705671707126,141.24489634736545,157.61004347057414,156.12879882198737,0.323040221835068,0.694072265114127,3.7302246184448586,0.7326003208302856,7.374454565797667,7.651024286122481,0.20457719786766326,0.38557316762583954
correct_7.mp4,chair,correct,84,177.8508955930897,177.1155727839543,142.50583557789312,141.6024433393513,157.9776519973128,156.56402525172433,0.41303622200272366,0.7449305282942559,3.445395795937376,0.5801122380931434,7.984566597370922,8.30047183688525,0.19471889747491192,0.3817459226989724
correct_7.mp4,chair,correct,90,177.6814377909852,176.89215263162194,142.694780870653,141.64408128181665,158.0098248363555,156.58421923940622,0.4017450539043035,0.7613032890605076,3.52313207831409,0.4590476818620033,7.845244398150123,8.177835572315422,0.1950408058827336,0.36632560124213714
correct_7.mp4,chair,correct,96,178.30452896410623,176.5968077576227,142.60570601366592,141.33967547293372,158.02590250272954,156.34602038086348,0.4241243890681959,0.8497800651333446,3.522301209752785,0.4596265694293259,7.905766835750162,8.279574400255768,0.19783306757597469,0.3792866352024404
correct_7.mp4,chair,correct,102,178.35058814779833,176.71361760191414,142.41048378199406,140.62149084870998,158.06002029435294,156.0485223472565,0.4371992878655419,0.8883704378766042,3.5453884375213076,0.36770199378375096,8.20734024686475,8.60120961608425,0.19611560290649638,0.39412701217706736
correct_7.mp4,chair,correct,108,177.73409145734587,176.6573338136151,142.10393961944797,140.5244669427879,158.1195236139269,156.25090867262657,0.424790424991332,0.8684777243416937,3.311800387101592,0.3975034415415899,7.975704699679236,8.374738726619263,0.17951165682951675,0.3654618098647339
correct_7.mp4,chair,correct,114,178.01634567763435,176.6417060620502,141.9871111156203,140.56725365055198,158.39492954638925,156.54055791921553,0.43282487213906856,0.8535774078506572,3.035221431196221,0.46730946508773696,8.158436696449398,8.539961024104082,0.16718092920971045,0.3576653750855122
correct_7.mp4,chair,correct,120,177.5764642300001,176.55215014700158,142.24951202024099,140.6259449033691,158.52955130531694,157.03225040691083,0.33624080552344016,0.7698878384054371,2.8981858586312237,0.3916219513010041,7.443628402093402,7.771505578565442,0.14927766830602093,0.2993049898822265
correct_7.mp4,chair,correct,126,177.64072991789752,176.73971212300182,142.5262033787359,140.62800693875593,158.674477666467,156.8640939834177,0.2872518174240186,0.8072561399679097,2.825179530157193,0.3830504738320681,7.785616534780357,8.162675869828814,0.14242111229068338,0.3193795382627741
correct_7.mp4,chair,correct,132,177.1929787786596,176.6711048441202,142.87603347274103,140.7834934081448,158.5905274960845,156.89523269058637,0.25039091949832293,0.7697139709247993,2.9551074046539187,0.30430334035399825,7.428403407931152,7.773476300562479,0.14374884823912074,0.3042164036261615
correct_7.mp4,chair,correct,138,177.54427724570948,176.4753618345397,142.8774777142747,140.80614856538247,158.9596125802644,156.97883683535986,0.26641106176644397,0.7787618837723956,2.786330568601478,0.2690393541879979,7.970109998656303,8.339659841346627,0.13033882008469785,0.31985956921988
correct_7.mp4,chair,correct,144,178.1543564085804,176.33996419043712,143.01381839525777,140.93089671123477,159.05434775692254,157.00164677483258,0.27064204714405093,0.7691316474155167,2.7218785538342285,0.31726643252412495,8.20422008486736,8.577445056830642,0.13143465466159607,0.3288071103343216
correct_7.mp4,chair,correct,150,178.49997163953262,175.9239422519675,143.02763436422487,141.06454355645235,159.03593348805592,157.01159883505173,0.26597605495703686,0.7822917221003994,2.6956257523684233,0.34328459045203913,8.254732195174675,8.637365099708193,0.130721525169858,0.33231986610773084
correct_7.mp4,chair,correct,156,177.47638306621425,176.232819492433,143.60462116763347,141.41684715801208,159.08369915293153,157.18713448113994,0.2329484595595326,0.7312859600810302,2.9595482281865477,0.1716016830181995,7.756002859884315,8.098365388447583,0.1349037699446913,0.31151230666598084
correct_7.mp4,chair,correct,162,177.7018599141662,175.7436497152897,144.72568872217113,141.74512909182909,159.9110734479128,157.6146728464122,0.2502559194659386,0.7488855699472536,2.7754522340115138,0.17564989767233297,8.01059645396468,8.441549983983206,0.1325004164305099,0.30877863753743556
correct_7.mp4,chair,correct,168,177.90188116729243,175.98394135216589,144.75132442025566,142.34610077946948,160.12666510953852,157.92590592596085,0.3053180776553987,0.7708192959106644,2.807115231372576,0.29805442505498025,8.255938543117454,8.655953046143473,0.14705488675891154,0.32996482585353837
correct_7.mp4,chair,correct,174,178.05213078380032,176.10015787703824,144.5965912571972,142.594866419916,160.32569863917618,157.96772505420054,0.33073329575339033,0.7769995416261612,2.8014209094442064,0.1950258140803924,8.392435033398694,8.762493620013233,0.12827187214582358,0.3370970772284807
correct_7.mp4,chair,correct,180,178.01697880206612,175.6527878746358,143.90076541634346,142.40109435559813,159.93306144965615,157.96365821799594,0.313109464377198,0.7542735343269164,2.727470136174851,0.2175178339283201,8.338122594069299,8.731366870408557,0.12565865110611346,0.33371252147117747
correct_7.mp4,chair,correct,186,178.07720027786692,175.40580805409613,144.13177538870323,142.72189977474625,160.2316172869145,158.39255465727578,0.35643563684423996,0.7640455445171963,2.5630510633780745,0.2557212266256748,8.438815632770162,8.839412161656146,0.1261278187559289,0.3208447656172685
correct_7.mp4,chair,correct,192,178.26078020283646,175.48466981739116,144.1180532266502,142.63278076462785,160.20970360322625,158.28075289088116,0.3651652165304922,0.801470238716222,2.6049694508783396,0.3183133231838384,8.463372366643272,8.879248344495474,0.1330201808634806,0.33031473365619385
correct_7.mp4,chair,correct,198,178.68635528872926,175.19009420325222,145.03968926561302,142.29548131238997,160.67262599634486,158.26362560894984,0.33260525113794565,0.7820145382494433,2.4613772796668703,0.316532670959839,8.688136085175614,9.090085774832252,0.12142033577775906,0.3323796516773611
correct_7.mp4,chair,correct,204,178.63521855238045,175.50957894681267,144.95792593186553,142.77971756130862,160.82397747930415,158.39594684460184,0.3604960689415177,0.8120101761717776,2.5254462564343494,0.2889328301767977,8.75084892828891,9.148977597257291,0.12047736496581202,0.34152504487106894
correct_7.mp4,chair,correct,210,178.64787728136125,175.82520239387773,144.97428034807484,142.96667117197873,161.04976504047445,158.57302307030045,0.3678640948775019,0.8186158910778533,2.506720785895395,0.19191982873626698,8.90790096611785,9.30508312489898,0.10632721932105278,0.3411894025840234
correct_7.mp4,chair,correct,216,178.59424002282745,175.38144774401007,144.4709194498575,142.77175596003278,160.7544219625781,158.72962363072676,0.34227694750847265,0.7967697817260616,2.375168921764545,0.18227745455870162,8.689405292905224,9.10390405449818,0.09952480558216224,0.31388969566922015
correct_7.mp4,chair,correct,222,178.64040124846557,176.07064072146056,144.48187288756768,143.10647971394482,160.63921150550723,158.5549915682055,0.38387883010094753,0.8623233682592739,2.5128274030981976,0.15298668931921958,9.05766637625763,9.4962779394175,0.10424394311569356,0.3442878421489493
correct_7.mp4,chair,correct,228,178.78724455275471,176.14330942674877,144.77676798396607,142.74427555751012,160.66361397459292,158.48420383069626,0.37279958340333186,0.9108063470822982,2.5230629609841095,0.3285721544474454,9.606092114677983,10.084391105187272,0.1294308684993699,0.38020710587563517
correct_7.mp4,chair,correct,234,178.4285334409687,177.0210033213452,144.75553534440593,143.13903238475038,160.8330748100667,158.58056359676357,0.3952026064415734,0.8918198603107615,2.512390522189007,0.1452925334556894,9.193398518472053,9.650571792635041,0.0965692564779198,0.3595323405634492
correct_7.mp4,chair,correct,240,178.33370780518143,177.31758981738966,144.7190827131607,143.1155135625577,160.91828463391508,158.67201937210476,0.4043728829121063,0.9388038026974692,2.584190317645762,0.12839807176376505,8.867624033492064,9.419308862693402,0.10290540861736666,0.34213222794061243
correct_7.mp4,chair,correct,246,177.00195503588878,177.71688726949407,144.61837960347998,142.75757439222198,160.12151038625566,158.7485565487596,0.33497621493722984,0.870007322514671,2.978092980293146,0.03149375379192021,7.717146836332478,8.131990310912197,0.1384584507943677,0.2904825700602796
correct_7.mp4,chair,correct,252,176.1879901984518,178.56163926456279,146.54124412939444,143.76021270296908,161.56089341404518,159.50507643289765,0.34708144653834266,0.9285534533039809,2.799018512341165,0.027041524931981392,8.174343894492802,8.836530900877419,0.12741231289214192,0.3132174548199522
correct_7.mp4,chair,correct,258,174.81999817066122,179.33912897870596,150.88507807963057,147.69269597621513,164.612016627452,161.48826250247706,0.29496930409284966,0.8667475622921437,2.7399844275084013,0.6093278868690035,7.135839458449551,7.570122693921842,0.04978943234420188,0.23010089963411234
correct_7.mp4,chair,correct,264,174.63974186360306,179.26320908106837,158.8510209528285,156.7192568226809,170.7621181648197,167.6838145369108,0.36774645934244693,0.7309020159912832,1.913752312515688,1.783806098884362,6.59613915699587,6.897970955281492,0.09104825414452124,0.10717140107344733
correct_7.mp4,chair,correct,270,174.95328092271643,179.21102290567458,164.6053476528369,165.5779384032233,175.53454124696407,172.9137121344129,0.2960440867784444,0.6208111909596385,1.4685264490795849,2.513714023325192,6.07932226984808,6.330587336921176,0.17439283498655547,0.04339079952218694
correct_7.mp4,chair,correct,282,176.3007873119404,177.89817688818252,130.71290252956518,122.38865957707885,132.23863447739564,128.45756515933755,0.488114818832274,4.015352613776993,11.479800332593813,7.576558250151394,34.60444761379655,38.92191117984873,7.169823168636229,7.203153693057352
correct_7.mp4,chair,correct,288,177.71110584240492,178.40831548470422,133.93269929415644,123.56246611623304,134.70032290037375,129.40064287786407,0.5160224895397691,2.8903876344433415,11.24295479907258,7.469527352505401,29.219406336407797,32.39291757248666,5.719086798725416,5.973263964585878
correct_7.mp4,chair,correct,294,177.6482242692663,178.35399460192494,134.45341062383375,123.78459916847702,135.43524212653543,129.48730008922897,0.6135305517517121,2.939181152743672,11.069469160469762,7.370557888692867,30.83868757878563,34.06233622118534,5.806322634606481,6.257835093883566
correct_7.mp4,chair,correct,300,177.79486686570934,178.34843851745552,134.4009298639401,123.64344741077817,135.37153448773185,129.40300980204904,0.6526923576880004,2.841268533367739,11.102014769022302,7.376436377894328,33.71603868902672,36.7155710991836,6.289220524396944,6.719153635174882
correct_7.mp4,chair,correct,306,177.74368090410647,178.2036655425667,132.7164333584234,123.85389529810094,135.40382020014943,129.67195096118752,0.7279503282350741,3.3501708712047695,10.916563882779812,7.257782239353895,36.965722616388305,40.454449423673935,6.70441701880105,7.3414682828895135
correct_7.mp4,chair,correct,312,177.6866169138133,178.16723956680076,133.88898744232557,124.39286756607383,136.40507463805173,130.2545255868461,0.7622360770478336,3.0829407039160746,10.724522198037073,7.155474955758012,36.71561907818873,39.94090835770259,6.494743790076905,7.171179235298736
correct_7.mp4,chair,correct,318,177.78067579240235,178.27883066027624,133.00765675369638,124.85739596410413,136.47707301729938,131.03637233087082,0.7784093978556433,2.8470797707110203,10.592960536232741,7.104944587770747,36.82850902622002,39.78577290694265,6.398758719077007,7.071865706757826
correct_7.mp4,chair,correct,324,177.78765279292756,178.10198504953914,132.5155401461637,125.16026922382102,136.36376528207953,131.318054977101,0.8515610606370375,3.0242703834348306,10.60302002082045,7.094963747729657,36.568793467173336,39.68791661797206,6.382120354798751,7.063885653574616
correct_7.mp4,chair,correct,330,177.1942982774527,177.63024725383835,134.53771834354333,125.7966863989262,137.69687851315888,131.91061989962688,0.831941830892945,2.480329532590621,10.406595058316439,6.9132685840170085,31.417481219052366,34.260536998931286,5.406092413116334,6.022972452194839
correct_7.mp4,chair,correct,336,177.83405449908278,177.77782989471632,134.87600517649912,126.10280445046668,137.66865532056525,132.28185320089221,0.9761783295140408,2.5449736409584913,10.686702176356311,6.84947114163887,31.996203893441194,34.65295779400726,5.627491711949695,6.139060930200789
correct_7.mp4,chair,correct,342,176.94596159992554,177.7519812413297,135.46902144457218,126.38690328550159,138.10327925938967,132.57860695484626,1.044378834434131,2.923434794786097,10.825745132342243,6.630723447855185,36.63304465441844,39.63184945261367,6.404804282967797,7.058562222293097
correct_7.mp4,chair,correct,348,177.2078100496697,177.8644905844949,135.95550170007917,126.92361239969972,138.81053780588215,133.33060917221323,0.9353959162685402,2.391211685369516,10.694811672079119,6.477731056541193,30.62663748019408,33.15420591463734,5.275779854067381,5.845382171519307
correct_7.mp4,chair,correct,354,177.96163241216183,178.68608434919625,131.81721795514642,124.96998085945995,137.1166262290342,134.99078854908527,0.4372330583520575,2.2907057464616094,8.282882003929426,6.395041292291537,6.632578487569941,7.434794167548153,0.9231036423718013,0.9731719159295016
correct_7.mp4,chair,correct,360,177.34338982905362,177.36437707693943,139.3547623573565,131.68300296180513,141.80418761061128,139.08695272256205,0.11585373406030311,2.106383365442528,8.32687060777204,5.720281184669859,6.822883824980353,7.482234852848391,0.9750734080192915,0.9519683530913585
correct_7.mp4,chair,correct,366,176.69633672966734,177.34450610927448,141.6840807198442,135.11373963245043,144.26732389355195,141.12998636513828,0.08814963770629675,2.003421480212473,7.930854369310662,5.7477123843162765,6.721397055583928,7.263093953879674,0.9173729300162338,0.9454465880081016
correct_7.mp4,chair,correct,372,176.7146243049747,177.45437825680028,140.13577988678625,135.78343026322122,144.00001146614042,142.09153059359284,0.20292414512495408,0.7459350266742742,7.525764199355023,5.591676526528077,7.186028473260547,7.49892851053081,0.9554236117416375,0.9874900923511704
correct_7.mp4,chair,correct,378,176.7279416323887,177.09716098212164,139.8415029063786,135.85794631669003,144.3980824183055,142.53211899202432,0.2181958691320639,0.6471971578547007,7.38219819161249,5.593068305755861,7.595283402582829,7.886423462708295,0.9849270898957272,1.0561182534359947
correct_7.mp4,chair,correct,384,176.34074873899377,177.67560899001208,139.90193606053444,136.5863250322836,145.30456959990985,143.46312062108498,0.27567980103476425,0.6609216435573236,7.113815639293712,5.296751100167599,7.789642010774874,8.124608080111935,0.9487228485678288,1.0465161673837438
correct_7.mp4,chair,correct,390,176.22481443352984,177.99871039247023,140.52129292384384,137.18739583786902,146.4229107612159,144.15317666001175,0.31361533295398186,0.6465168283428522,7.032680876638701,5.027472388551986,7.907191651155184,8.261490573930574,0.9199410987956824,1.0442258659493475
correct_7.mp4,chair,correct,396,176.20147358846282,178.64109274006407,140.4996709908631,137.4874813697835,146.20245482605333,144.50781595187215,0.3241656085060682,0.6999576734664491,7.023460004513181,4.892042716510099,7.953827942071116,8.33769746217295,0.9327950141873769,1.025488860461529
correct_7.mp4,chair,correct,402,176.16709611833178,179.21612123589077,140.7145150661304,137.53885641097946,146.41821698894583,144.56840428261407,0.3160243390979554,0.7338316644310334,7.021896050708342,4.772899257462324,7.863104543215925,8.278293607292063,0.9051314154440442,1.005733551129414
correct_7.mp4,chair,correct,408,175.60880091616843,179.26098989955548,140.73005243725822,137.52113518686193,146.50703016223528,144.63494515658905,0.30789928583363296,0.7728947151290032,7.002560518694945,4.6977232447422255,7.986733997411513,8.436945833457044,0.8968708978193329,1.0017719321876484
correct_7.mp4,chair,correct,414,175.72150050553864,179.26852437132877,140.96824118169224,137.95661575527615,146.82714992700411,145.12564014819097,0.3072624207834756,0.7816243580969936,6.854929647263144,4.550765559755275,8.095919149800364,8.545943978427298,0.8859678171777727,0.9847410887484631
correct_7.mp4,chair,correct,420,175.91371758728985,179.21769388106085,141.31710195289455,138.34137869918948,147.29724371432334,145.38246452877524,0.30690551237048697,0.803547425854246,6.786567299416321,4.435655875960075,8.18041141448127,8.632682400680094,0.8684911884422142,0.9899836137873887
correct_7.mp4,chair,correct,426,176.21496346962994,178.9735995882239,141.51538764650394,138.54254950510327,147.54425481610846,145.54748282609052,0.30317547964439795,0.8427746301727294,6.763736581379365,4.3933356185880434,8.215207152327523,8.699801372901723,0.8539501487964599,0.9856473108103966
correct_7.mp4,chair,correct,432,175.95034222828855,179.13143007054953,141.99508916117898,138.64568508838073,148.04269800544884,145.6581322329985,0.3010636449763001,0.8463830494434998,6.764331788508329,4.34711382849167,8.267391372967392,8.764288582243445,0.8541707944806272,0.987927848277108
correct_7.mp4,chair,correct,438,176.1794777532471,178.96476072596295,142.24549891282405,138.81703850724568,148.30608940521168,145.97592957173342,0.2995116270418643,0.83693186840167,6.705270998268024,4.258286329405182,8.227155443728078,8.697642896887645,0.8466551498368282,0.9668546067615238
correct_7.mp4,chair,correct,444,176.2155909618207,178.90956013163762,142.04491557793042,139.11820445698538,148.3686214114676,146.35771639610553,0.3084241979377519,0.8597393477592885,6.558657942649958,4.315645383335135,8.565094005543395,9.030895329556477,0.8638441393107874,0.9989531690401436
correct_7.mp4,chair,correct,450,176.26337807739415,178.8601708083499,142.31717917904177,139.5521473998214,148.72407658322726,146.89742891299133,0.2987727469260696,0.8888199749351988,6.504455106042119,4.3338102210538745,8.574222604484094,9.049713742871104,0.8581478165225179,0.992451678122246
correct_7.mp4,chair,correct,456,176.0076843853315,179.04288914655754,142.30023361254285,139.65764807741317,148.57388228431375,147.03318990293764,0.29610383648489036,0.8673132654855261,6.478602664806985,4.424478349487124,8.705626507246894,9.190690858153467,0.895188069010512,1.0096629943495186
correct_7.mp4,chair,correct,462,175.99225075371723,179.26642080050217,142.13283173341512,139.78045992271456,148.33835271912608,147.18137215392395,0.278421576258293,0.8444398243700919,6.434508630607873,4.499787731281249,8.573975150334302,8.97311380628,0.8872164712895753,0.9836606708702713
correct_7.mp4,chair,correct,468,175.91409983868522,179.2725585176075,142.21982048701972,139.92794839923775,148.55428967785966,147.46118854972087,0.26999861767192107,0.8148322491074137,6.243742477579119,4.475561298076885,8.35195810868274,8.720388315904485,0.8457618165531282,0.9373156205362818
correct_7.mp4,chair,correct,474,175.88402714086786,179.24185591667256,142.4364474492343,140.07250739771794,148.93047001288414,147.59219189859323,0.28696234779181506,0.8571795246993089,6.050057935454717,4.549458036265988,8.726807702930893,9.179120554650263,0.864806847223138,0.9792232847185056
correct_7.mp4,chair,correct,480,176.02258297053928,179.19260531950331,142.50047350571896,140.17592795039425,149.0422898416896,147.77262563848285,0.2912038899660476,0.8334424912869814,6.0111436119293185,4.568005706470986,8.827079542751546,9.25131975939833,0.8635009428347789,0.97937544977024
correct_7.mp4,chair,correct,486,175.93196436360225,179.11626674477526,142.68309642942836,140.09544502069681,149.20279471967544,147.6735291019859,0.28889989163861907,0.8265278843780984,5.982417393295021,4.617482722382485,8.784160799558705,9.196913433997382,0.8597002930225288,0.9776597409298271
correct_7.mp4,chair,correct,492,175.53730409013826,179.1058792615697,142.8333496574298,139.8845640933444,149.24497485801825,147.26679103041445,0.27722109524679844,0.8328883753626681,6.055294616178416,4.662767991836812,8.50109942163192,8.928114604019813,0.8328358136213179,0.9608799923189354
correct_7.mp4,chair,correct,498,175.49754798648956,179.1962832526353,142.836639991219,139.86055998335317,149.26636135576894,147.37600804918443,0.22453991067725412,0.8062824272570146,6.046593535566732,4.682255619386564,8.475538882808852,8.870673991298316,0.8309572189066115,0.9599326246823338
correct_7.mp4,chair,correct,510,174.3049099828757,178.99434884409592,148.13333734249053,138.90126631140416,157.12053679190475,154.31465277570587,0.8148374319390295,0.20311042260866657,1.7232753949878714,1.6269438668357292,6.129041673536179,6.200068930156439,0.14290794762320502,0.1491876805286367
correct_7.mp4,chair,correct,516,175.83421198152487,173.51219118545393,147.58684891142303,126.623365263975,160.4324531214268,143.6697652721864,1.177908040219392,0.31558664975341244,0.6043562320427889,2.6894216060111025,7.418535746779168,7.656977000879241,0.0913760183705265,0.24740886130217984
correct_7.mp4,chair,correct,522,177.23432243325038,176.50547222752127,172.45014816584174,178.93206198753245,5.94461894329398,12.59263926296284,1.471338036216701,0.4076050341494291,0.6821541596496734,9.025838708116268,8.887318504332569,9.33511764476509,2.972192884080203,8.11269514419349
correct_7.mp4,chair,correct,534,178.49326289705357,179.14940750688848,141.3770359703027,136.17328936662238,148.05987576598298,144.80405194374322,0.11743875673344006,0.9257537179569884,5.65731727584165,4.140952189918038,11.730751459368143,12.231352051960174,1.1096185554817732,1.2243091487624704
correct_7.mp4,chair,correct,540,176.68746919758942,178.55071957783653,144.34512218367766,142.0688205632447,151.49354762443912,149.4219524971591,0.2615613575827811,0.8691524617449097,5.18388839939375,3.8225388425325617,8.768656778373977,9.362387543918349,0.7260069137547176,0.8711682065976319
correct_7.mp4,chair,correct,546,175.94986192449622,179.0468727202314,144.76596847133584,142.5075034105044,152.02193880877903,149.90032952615596,0.23514976835648507,0.8427414129543717,5.2756987485029265,3.670069698935869,8.330284506914703,8.882321038345735,0.6811242144549542,0.8234749205068188
correct_7.mp4,chair,correct,552,175.48796866508894,179.2230855397939,144.88820314538756,142.6181826746664,152.2321344337112,150.04237743134547,0.20072112934011244,0.8185102071931497,5.310759304220956,3.609670769693085,8.187203999032512,8.696799547026652,0.6634041145654145,0.8112019545625908
correct_7.mp4,chair,correct,558,175.13758655614103,179.26399324450966,146.33232548852396,143.41670490194142,152.85615331680356,150.4843905461905,0.18518483851827053,0.8080053260342196,5.395016541750012,3.6297174502880347,8.002832446311379,8.473597019956884,0.6496725376259611,0.7972224344421173
correct_7.mp4,chair,correct,564,175.3382085868287,179.24524050388598,146.91780275232216,144.45196132609422,152.65093873709884,151.0593444685992,0.18765063509895066,0.8050563334646773,5.567189532558871,3.7504111559370266,7.91215524961199,8.3424666898557,0.6778995286200925,0.7918109834542058
correct_7.mp4,chair,correct,570,175.03084982404582,179.27544623916873,148.1179503532118,144.91511272835857,153.2246502474721,150.539869776828,0.183493815069449,0.7821351582731978,5.708675596901384,3.82140064438449,7.75610580545676,8.157897955386373,0.6657548155457538,0.8173785723494997
correct_7.mp4,chair,correct,576,175.93927881732137,179.23136630439714,147.55042148530606,145.22959889087917,151.95397756311812,149.9482134068473,0.20065954094278027,0.802591680507889,6.038122114610407,4.120207441083104,8.219721158970488,8.588029620279546,0.7649138846014304,0.9196525864740083
correct_7.mp4,chair,correct,582,176.25930707214812,179.03617749319125,147.58681014891707,145.30155351913015,151.11901248268077,149.5307555332231,0.162370934796896,0.864108084144705,6.24503599739579,4.29112756311613,8.248503455848727,8.674796542640772,0.8231640094881137,0.9455932274846269
correct_7.mp4,chair,correct,588,175.42681178790968,179.276046432825,149.50254755227522,145.89064781180787,152.23951609206136,149.420022167358,0.13615562890236027,0.8126125107257628,6.308583920821965,4.386533917302585,7.72150445262539,8.11623772156397,0.7685107877852317,0.9177358289900673
correct_7.mp4,chair,correct,594,175.20506804417892,179.20183533624316,147.94338503731177,145.2899238786255,150.0961077697387,148.37130035365283,0.12925070406618225,0.7412579379297309,6.716845313994445,4.862930966194962,7.472826183966209,7.825642497058424,0.8339624577595192,0.9316930056380361
correct_7.mp4,chair,correct,618,179.14708096232934,179.16592402244407,139.65322980757733,133.37543741999724,142.39628032851869,138.33414678088184,0.36388940343207277,3.7461618680662467,9.532310291605238,7.153292068739909,36.467702769594126,39.82140317179343,6.173132192376175,6.737602085462902
correct_7.mp4,chair,correct,624,178.9742134745044,179.2635863482598,141.64237587776176,133.36041213708535,143.10130198760945,138.29623539554132,0.5068620409988591,3.3489570661600676,9.562306300448947,7.117060594687828,35.47345454444687,38.40562535900897,6.006971076681348,6.557095596189827
correct_7.mp4,chair,correct,630,177.30485101192613,178.9365067509297,142.15200823092133,133.30620015192795,143.0464954822937,138.29095937763995,0.7010678600461714,2.9803465036480605,9.514761366006233,7.280202837497195,31.55174140966268,34.358735538831354,5.524305422719987,5.889761110288028
correct_7.mp4,chair,correct,636,177.84505186879124,178.8205602524759,140.90264965295543,133.563537775774,142.73873609421506,138.45421636728094,1.0327998584851104,3.7191381001365595,9.49147206389102,7.078980918972478,37.95580703542216,41.41895766099436,6.493146757805573,7.022965662540652
correct_7.mp4,chair,correct,642,178.01630870615227,178.7120612753728,141.86686141044225,133.73737929090296,143.2903606009549,138.686732991464,1.207904173462573,3.853639242569675,9.404583861067877,7.001072778606114,39.15020146703317,42.681061408622114,6.649634064553394,7.204209645240327
correct_7.mp4,chair,correct,648,178.21788224965252,178.87379479285062,142.29778740346256,133.97493145981443,143.76209740437335,138.81834292070604,1.073430238818122,3.605738063647902,9.37338466270978,6.744646971112409,37.614467330179394,40.80636150893677,6.183029729763973,6.848974831296468
correct_7.mp4,chair,correct,654,178.2763046508296,179.05928637603225,142.26458411631327,134.01657275447016,143.72282673158006,138.84411530053978,1.0120155230796182,3.3478474488219767,9.358730849043447,6.640317872019333,35.7983671993327,38.68630899520678,5.8473735688268595,6.4905248736768675
correct_7.mp4,chair,correct,660,178.48081716656873,179.07224030819228,142.4502435440556,134.1185286909132,143.8148168045238,138.97057949257479,0.9468436612222747,3.4193273283660437,9.433708401292956,6.505255201151427,36.224727042373395,39.14714799272419,5.891347608028768,6.5152074232646005
correct_7.mp4,chair,correct,666,178.40817084846168,179.21170493309856,142.85781220379164,134.2895175101119,144.0338381323,139.02877849744576,0.8300611233251309,2.9854267327856774,9.45762352679234,6.45822030379803,33.81559786425145,36.31083084960069,5.504538484374943,6.088721617548012
correct_7.mp4,chair,correct,672,178.8087362209143,179.23477168172636,142.86623672247057,134.2952479403503,143.98988099559418,139.01230690628628,0.815464754656857,3.1764217775452237,9.512301665534364,6.400560435218958,35.80583021135264,38.42849822767286,5.820679759764362,6.434351487255923
correct_7.mp4,chair,correct,678,178.514654778957,179.15500001209327,142.85613806923703,134.26654749196362,143.9919221062853,138.9912334374003,1.0420282210609793,3.217957798508693,9.494322771468399,6.446311029089131,36.58047243905671,39.277675575916255,5.998417656927079,6.612520019684351
correct_7.mp4,chair,correct,684,178.62010236809,179.11693706697878,142.74904980490138,134.2329066743159,143.87691038100334,138.9037449943688,0.9093008507062308,3.2523579478881155,9.567869496828125,6.3989693753238654,35.854216220267546,38.546671441225605,5.869447011102374,6.482262305276902
correct_7.mp4,chair,correct,690,177.61517607759333,178.52857288877576,142.700759853514,134.24224350501706,143.89316245591095,138.9424239913565,1.1663222907566613,3.64020393129237,9.568197260093996,6.44488049700347,36.67183818579704,39.775199573784754,6.08102220659657,6.696295631941993
correct_7.mp4,chair,correct,696,178.3852844052488,179.21812406830543,142.725158419041,134.50625763813764,143.4198215057576,139.0607161403823,1.2085151641566787,3.388859192741734,9.777400943044185,6.558026617928484,35.77343173543583,38.64233699782039,6.143937598802176,6.518724624338304
correct_7.mp4,chair,correct,702,177.68010791642044,178.8856560360028,143.6241005803352,135.28046605578538,144.10428443458167,139.43627665477652,0.6707198296936768,3.471889934133086,9.682089851671446,6.5254497946450565,35.98017248671424,38.90515310224453,6.100869091583619,6.622686028951785
correct_7.mp4,chair,correct,708,178.43732668583428,179.2087492250039,143.83286213252035,135.21571438458147,144.52193643580506,139.51258917370924,0.5103749338710962,3.516083908604487,9.63903265529406,6.2829148022992705,37.70742509498887,40.6594598235402,6.2164583278254755,6.8331934820670455
correct_7.mp4,chair,correct,714,177.9181467783246,179.0711724944409,143.91002158285917,135.236690093972,144.82276804254965,139.70689047938126,0.48740862104420307,3.5377602717809946,9.56521618815478,6.1248669442696215,35.74926936974724,38.712967358761006,5.823307125866379,6.440480809998365
correct_7.mp4,chair,correct,720,178.32847629822544,179.25096544577264,143.50426778738375,135.07264053817968,144.6171019855447,139.69652723938592,0.5059102862092697,3.453187513689702,9.53527648960634,6.073317841363078,35.47213479327898,38.35055487551547,5.737524286158558,6.348684278710988
correct_7.mp4,chair,correct,726,177.4401074057303,178.62438579587544,143.59324096175092,135.1708888003467,144.76779796423685,139.8679340189978,0.47815547822814664,3.6336339488532503,9.460023159992156,5.990948311987051,36.453120485599,39.518985472539605,5.866319145239957,6.492694250450094
correct_7.mp4,chair,correct,732,177.96681247535423,178.95240994015424,143.75655247192827,135.4328552711798,145.05511376929965,140.30846399108424,0.5177173948242267,3.481984340845338,9.430929529994767,5.911667623598987,35.869486393388726,38.77249911434035,5.736119346374738,6.315102859999685
correct_7.mp4,chair,correct,738,178.4995215957624,179.23987733555262,143.68003967236982,135.30652002814358,145.572015851167,140.7066145467296,0.7479315464906217,3.096344003038469,9.314953665075638,5.4282459410582,34.90314097943142,37.41726406906743,5.316780299572069,5.8723456066548305
correct_7.mp4,chair,correct,744,178.73187347067145,179.28591465858918,143.81921434775438,135.76798972841326,145.96900348420738,141.16710033267532,0.7385862380571523,2.8589434219610355,9.271294085327119,5.3243830715807485,33.54333837172113,35.8171736389089,5.030584595659554,5.555652418869442
correct_7.mp4,chair,correct,750,177.45412108698835,178.8861912440931,143.79603498392277,135.6906430345586,146.1712694976548,141.2938253479738,0.7103889909018117,2.9493167422886257,9.106354655845015,5.289753532510796,32.001262867493914,34.479277184356526,4.826758976975511,5.35133198246802
correct_7.mp4,chair,correct,756,178.3552553111342,179.2249412845758,143.90558691207832,135.93191667078776,146.3624464626411,141.62001681320314,0.7398394672316387,2.8152508707295474,9.056654163565558,5.23716427177872,31.366852963211144,33.684839117248465,4.667081122978494,5.170394272041843
correct_7.mp4,chair,correct,762,178.657362944866,179.2809472595081,143.7276565241917,135.86199899628016,146.32127726806235,141.66688561379328,0.7563688476203797,2.802147120647101,9.041712550086935,5.175142757429015,31.392623612360335,33.68870259641399,4.644652253556459,5.120745282950365
correct_7.mp4,chair,correct,768,177.67313181575116,178.79615292201527,143.63395355296785,135.8290509261509,146.35830036693383,141.8304918047902,0.7597710787609447,3.1641974482018727,8.882261987037916,5.1560417474707885,33.23580458599434,35.891414640760566,4.920749263780865,5.4085897331571315
correct_7.mp4,chair,correct,774,178.28857148696474,179.0541631030501,143.68105033946807,136.0982555301897,146.45899415533376,142.0256283923189,0.7530665192718913,3.031763583449937,8.88348124471644,5.160037985592536,32.80573333023822,35.306241440184536,4.832935808923766,5.308151669983443
correct_7.mp4,chair,correct,780,178.1795291555522,178.93659007011345,143.8609907454264,136.60744756847342,146.6881176113071,142.3670910562417,0.8227496386760704,3.3476891255328485,8.804128678023837,5.098302168286768,34.855699934465974,37.68787320558375,5.095927080887593,5.619987072674219
correct_7.mp4,chair,correct,786,178.57658852150416,179.08422652622937,143.97468499815457,136.70093909058454,146.8462748762471,142.56058337016674,0.8316759759099764,3.4464763144330908,8.849816490819556,4.991847057759214,36.70591849879072,39.55511048617352,5.360684079228738,5.838473506229236
correct_7.mp4,chair,correct,792,179.00791919480372,179.29209012750903,144.29299864455726,137.1811750315537,147.03329507803542,142.98441920309867,0.8470027381062922,3.3546697129452347,8.965357720231147,4.839324147769329,35.78390782466766,38.5130873467533,5.223056372206894,5.655868449737435
correct_7.mp4,chair,correct,798,178.11396747157266,179.05946133303098,144.42224490858945,136.41109247136254,147.32700367356247,142.8023499058721,0.744676892215964,3.2891654125178453,8.971284697283009,4.658208918813407,34.835535285644966,37.50011240119167,5.035633730597201,5.433649188110217
correct_7.mp4,chair,correct,804,178.78585975228353,179.29599707888462,144.37911523771524,136.5961469813086,147.30733693415894,142.85692655674345,0.8521293674007515,3.0843770910559374,9.078665648184478,4.60831130697646,33.55660503531936,36.02768811837593,4.8246802602942855,5.2346865734883385
correct_7.mp4,chair,correct,810,177.60072502581497,178.8396626892326,144.1908228505846,136.40802333764867,147.16180834464814,142.78946668523758,0.8350447590202675,3.1400239182695935,9.121134291420153,4.509054969863882,33.98314246395317,36.500460782897676,4.859900318239573,5.286543336446379
correct_7.mp4,chair,correct,816,178.44724682752877,179.20213252638436,144.36882616769591,136.377285276526,147.16099539215398,142.79327603646706,0.7964337907524703,3.4000117536701158,9.295767241360704,4.401971338433622,36.211784648225745,38.92159341192958,5.231278420913653,5.662210509097376
correct_7.mp4,chair,correct,822,177.97316272077305,179.06264055164718,144.5173388726934,136.45265208431093,147.28910985806007,143.01203552492584,0.805515706168759,3.5787284095239973,9.318295299016208,4.269804892457021,37.308434559912996,40.24045835905663,5.3840207985415365,5.7675116363130865
correct_7.mp4,chair,correct,828,178.5462102614183,179.29489515815328,144.67273273899426,136.86189287804348,147.50556373844253,143.33279338340725,0.7471154604053878,3.4130477001413606,9.290475586569842,4.208983176310163,36.198029151244924,38.97934687212137,5.174776349457371,5.553991899604514
correct_7.mp4,chair,correct,834,178.95560551658002,179.07748495442087,143.89569070668477,138.35530677839137,148.42428345733123,145.9178261790343,0.16459807703324522,1.1126971315298932,6.686571242746909,5.461084449259396,9.425178145836457,9.932355863009255,1.0493676514478192,1.1374385113613523
correct_7.mp4,chair,correct,840,178.17636352426302,178.88304316926755,147.04840024546505,143.89737802084608,151.61890915901637,149.7335729823527,0.24873744034177114,0.7638995473132699,5.888821500345746,4.563143103911079,8.196606802467862,8.608119993362289,0.7915121525837976,0.8872419986140709
correct_7.mp4,chair,correct,846,177.06304382786007,179.28625672768183,148.291834162622,144.2944316610372,153.12646462144275,150.56637553601502,0.17858927882526882,0.8045970251629984,5.456928396133844,4.063670278109182,8.064258241539836,8.420171082803016,0.702918285533357,0.8273568253344787
correct_7.mp4,chair,correct,852,176.51628616096545,179.25039859005904,148.7021753713167,144.32341213678046,153.62733556878644,150.67286236063308,0.1502353383561411,0.7838506454430063,5.299664906328826,4.000176364069163,7.975644656925852,8.262897333079344,0.6648101525320356,0.8045939174579988
correct_7.mp4,chair,correct,858,176.24719179809148,179.28105970400628,148.19946275925577,144.6516289319644,153.2218786947239,150.7021915095512,0.1488781477219559,0.77493380500211,5.301351044540197,3.990204698511617,7.800074905229066,8.076981276386821,0.6450727719200304,0.7877983149827776
correct_7.mp4,chair,correct,864,176.10792709109148,179.28614210152702,148.3586152076815,144.7922404022998,153.37285371713256,150.87978806837995,0.14782057440147925,0.7359395996055589,5.250950590530306,3.9923832882110917,7.810010511414025,8.069544189429362,0.645260754550515,0.7772247098334507
correct_7.mp4,chair,correct,870,175.95576211595557,179.2874493452062,146.94385730677683,144.94150621226177,152.5950162159526,150.93270436064995,0.15220908992228438,0.7496065476959495,5.241719540632246,3.9885626432000993,7.820120144486836,8.097647253241881,0.6430200793890544,0.7822468375645653
correct_7.mp4,chair,correct,876,175.9014740303345,179.28315047319452,147.49486058858307,144.98989837378093,152.9780289350926,151.0186370457699,0.1543287568633963,0.7333884400519919,5.205815124815037,3.9569564325802755,7.859506037869967,8.123139739050313,0.6425911137676188,0.7756390739222787
correct_7.mp4,chair,correct,882,175.80878863772773,179.28702732001435,147.8371095711512,145.08564208176395,153.43543264131415,151.18769345390547,0.1567721418805788,0.7521707893962725,5.134523765775647,3.9151159557501964,7.860213100503588,8.133927714072138,0.623458504729995,0.7721340637399913
correct_7.mp4,chair,correct,888,175.68791386036767,179.26102811702023,148.25785257754632,145.1802411240713,153.8369686171897,151.33267876152095,0.160360629926848,0.7419585391958683,5.082026700568115,3.876933666453204,7.821492506821184,8.104909382229298,0.6128150410273158,0.7640993374867671
correct_7.mp4,chair,correct,894,175.6284253856035,179.27465904303608,148.41001825330972,145.2736697664497,154.0679419889887,151.46237186110835,0.16007004293919108,0.74733492459373,5.038886059128736,3.8541149510662134,7.809183362089279,8.096019588219594,0.6046833283828122,0.7611461933725409
correct_7.mp4,chair,correct,900,175.8102252281811,179.27316658523773,148.41340699152695,145.24608345110576,154.03617254542812,151.47745014214175,0.163273557714696,0.7572042346297526,5.025025464748782,3.8052725718654763,7.878083082178604,8.176931377627843,0.6088915525789572,0.7609176401698498
correct_7.mp4,chair,correct,906,175.14425603820092,179.29416038856607,148.84238697971253,145.8677278234,154.45059571002673,151.87523017714975,0.1630968022347219,0.7456388926458052,5.034007778859775,3.7070947940947288,7.7216882997275444,8.00776048244147,0.5797995154550863,0.7415523065476289
correct_7.mp4,chair,correct,912,175.3483304942269,179.2770397041885,148.8818984272625,145.94570388840737,154.53222610821288,151.9395693785027,0.16756305750889214,0.7573344309457364,5.044892717909636,3.6666620838623514,7.72768220324245,8.034012788756487,0.5794261122892871,0.7466223830730656
correct_7.mp4,chair,correct,918,175.5036858524633,179.1208106527391,148.99112127725894,146.06415893170683,154.58827473622796,151.95216587576246,0.1697592346853939,0.7770952566681266,5.035913006024557,3.6948398284359683,7.724496055807923,8.058232422477786,0.5798737693406635,0.7500096189372302
correct_7.mp4,chair,correct,924,175.46986365356835,179.20954492314138,148.99072267566555,145.9138449566079,154.59152982077518,151.87421646323426,0.17132033603519176,0.7243570160596119,5.051578094088995,3.656778363752523,7.697357202530679,7.9793035470385885,0.5805448766219982,0.7494847356507309
correct_7.mp4,chair,correct,930,175.3795058047033,178.90321915603525,149.1559490663841,146.07669966544668,154.71475309968812,152.02927389859644,0.17745716017448118,0.7809424780470261,5.045284555562986,3.650250861596967,7.680111551047221,8.022264831416,0.5784830250598106,0.745446948868913
correct_7.mp4,chair,correct,936,175.4932293400606,178.9019002204052,149.09726370052405,145.92726950481256,154.6685653338845,151.9726719179253,0.17675552477446174,0.7866267687025176,5.033451302189943,3.644052871541917,7.668579588393667,8.024653234989948,0.579858870653279,0.7427040970877439
correct_7.mp4,chair,correct,942,175.61383475092433,178.6108031519999,149.25876031060932,146.02642863481148,154.74235640655158,152.03550947841165,0.17351570004518335,0.8210659959098254,5.07484684363115,3.63832809491934,7.807305569065349,8.216387207473804,0.5950146590683394,0.7594677138180235
correct_7.mp4,chair,correct,948,175.77502014736146,178.7708699222687,149.27750867824088,145.928956492206,154.72998692416746,152.00457868487177,0.16812008994621747,0.8252259048630916,5.064720390374588,3.606843338470088,7.760486674389059,8.177954783051213,0.5962861337011168,0.7542914190439383
correct_7.mp4,chair,correct,954,175.63692402157648,178.56875465677376,149.31658281866805,146.01085121868257,154.75809435001779,152.10002030231243,0.16706105176655517,0.8693736819354736,5.079184622385947,3.6022766842384595,7.804318691034118,8.264194671200412,0.600371047083086,0.7557444769679671
correct_7.mp4,chair,correct,960,175.7033283472407,178.68275112853422,149.30028533384035,145.90279671918842,154.75494976493775,152.09411916617185,0.1676780010711299,0.8265749534877832,5.03397452599955,3.601151172987648,7.721470611287638,8.154953178071048,0.5953922646869482,0.7433260005656525
correct_7.mp4,chair,correct,966,175.01789372030032,178.83852434682643,149.42298181421637,145.89218274291463,154.9120044541133,152.15870691468763,0.17373715870883313,0.8072606735410561,5.009009179963464,3.594470645512155,7.74983630447418,8.164640596648715,0.589822789281159,0.738734915250677
correct_7.mp4,chair,correct,972,174.55889640157807,179.13261467888123,149.3467245227044,145.79188472660348,154.8359736741789,152.0271261696308,0.17512694812707544,0.7977384564598057,5.013812136536221,3.609479405417942,7.75087635851536,8.157962912533478,0.5874188089085584,0.7375811018209855
correct_7.mp4,chair,correct,978,174.2829324960596,179.17372371093884,149.43792025339036,145.96111703153235,154.9063085431033,152.13325251296413,0.1755004628818226,0.7855025702444294,5.021838677721932,3.590207975825311,7.6839338365734715,8.072956866008276,0.5797502432925818,0.7330622530300208
correct_7.mp4,chair,correct,984,174.48714568803703,179.1134246435302,149.4555022468769,145.90729356052228,154.91388213084122,152.1963966779892,0.17842499725030503,0.7984654427492938,5.008275003609914,3.5595609399266213,7.570717749511707,7.95988024177966,0.569997365878774,0.7137760076655489
correct_7.mp4,chair,correct,990,174.1930201459414,179.22482435949283,149.7101843848024,147.016418046041,155.1259175756618,152.7945344141601,0.1854036698287865,0.7482304755338354,5.004381960325007,3.568918613592923,7.5913516658326845,7.966197722935392,0.569912450402672,0.7165552408255007
correct_7.mp4,chair,correct,996,174.33978639215837,178.97960783895712,149.68858437617905,146.72723035375412,155.0913248621064,152.5755545681361,0.18553778134021634,0.7680491158855339,5.027047582227496,3.5809676411109135,7.702138020790619,8.092193885194002,0.5772430813726834,0.7285060389486981
correct_7.mp4,chair,correct,1002,174.16093122818108,178.95873036286596,149.82828758606118,146.73503852914578,155.26635980629825,152.7214573176813,0.1829553125250979,0.7426951180480826,4.959073596277347,3.5574613567615416,7.498463842918566,7.8703074748226065,0.5580337118541195,0.7039351754873201
correct_7.mp4,chair,correct,1008,179.27571069828178,177.14678474861668,139.4792125955207,135.54043942503947,146.19866837981704,143.37664636814733,0.15799483667630165,1.1629198971351056,7.150315842172686,4.602267897434233,22.728169178481092,22.96638339534675,2.6838956337073197,2.9342037476184895
correct_7.mp4,chair,correct,1014,179.1932657687365,178.40551844200724,143.21173001589068,136.48917253546662,148.0253960099305,143.08625250490894,0.2857523134288699,3.2616924255084507,8.02405001028245,4.727980765324107,34.62389397158202,36.99192779962071,4.385733892166915,5.141870014552044
correct_7.mp4,chair,correct,1020,176.39462120297785,177.95319758574595,142.47259152137198,135.22963101757884,147.49890053159692,142.9808434737331,0.39914964491164495,2.4057872078426628,7.761177827873325,4.437454254370366,26.437462642520924,28.437445963243967,3.3810160621763514,3.766943921064886
correct_7.mp4,chair,correct,1026,176.49889736464314,178.52570688412757,143.2649364380531,136.30712457813425,148.2691221316055,143.9195285371655,0.46268767262779187,3.032814688699318,7.904422544255092,4.31438190556498,32.11978478995218,34.609098624932024,4.082580457100848,4.547502867288711
correct_7.mp4,chair,correct,1032,178.07271752516831,179.05850736895584,143.2022864741843,136.20127096697757,148.34327595832548,143.80096903004429,0.5452147417303409,3.5566248595766083,8.08263008072757,4.182301285156544,37.80403676723119,40.66302832564435,4.777231627043075,5.414881365972996
correct_7.mp4,chair,correct,1038,178.23482472828437,178.93348705778195,143.35335295523066,136.2466333589641,148.507995391945,143.89584872409523,0.7301496367179118,3.7740247118047145,7.980053797916985,4.155688584720451,39.7083988359709,42.7816456046245,4.99315539669473,5.666836135967248
correct_7.mp4,chair,correct,1044,178.39028168091505,178.87589934660735,143.44593344354806,136.42324641374896,148.32007197946132,143.88283521192457,0.6283967099657668,3.637708215147502,8.050766415883086,4.246753502035156,39.029792257957574,41.93849827588392,4.954650290742951,5.608923139686806
correct_7.mp4,chair,correct,1050,177.96278137137503,178.69829591415217,143.4111075272745,136.39388770387706,148.3269449677172,143.87012820467822,0.6253411287311301,3.7546561391903164,8.037922528326254,4.237086043808343,38.76800521745785,41.79982834552212,4.935382230689215,5.590441475231385
correct_7.mp4,chair,correct,1056,178.4377862555768,178.91399276892386,143.3793129558479,136.4801874386231,148.33671043754322,143.90471244401456,0.6676774887500839,3.7862455008242515,8.070405331951477,4.2415224245043905,39.63858740815899,42.67917519970576,5.053594697659215,5.722449468137406
correct_7.mp4,chair,correct,1062,178.50221478048033,178.95160971016472,143.6561034924959,136.6331373975986,148.6586501822402,144.11263047960583,0.6953622942514123,3.9177088715453827,7.963218730939729,4.180786874329988,40.140869881889635,43.295505221969236,5.047733760084427,5.74936507755378
correct_7.mp4,chair,correct,1068,178.4473544386017,178.7769958023173,143.86598626754613,136.78980841599176,148.75297123820954,144.19966480923696,0.40657015404527946,3.1198269709141293,7.934955676007005,4.197718237708837,34.04510269478408,36.338870515195204,4.247416190860258,4.829770647059764
correct_7.mp4,chair,correct,1074,178.72377679158785,178.97795167874193,143.98474994705361,136.9156955258647,148.76512961661982,144.18867208947344,0.4461917009410424,3.3443003900242214,7.963399363293949,4.166272195059997,37.71843968599916,40.281329827871275,4.702483688974062,5.3431364376135795
correct_7.mp4,chair,correct,1080,178.83141502241924,178.86435863752067,144.00840463397242,136.97701334260327,148.74676588578424,144.3287356518449,0.41706854455458703,3.470834272143463,7.873877825699188,4.2457377731439685,40.595193965097494,43.30314852268816,5.072783976809092,5.680050723215763
correct_7.mp4,chair,correct,1086,179.18797907638998,178.91936126078534,144.11978880605972,137.07336619595884,148.62645426282532,144.0479229428473,0.5383905990643584,4.033507056943715,7.919034447779962,4.2776819028997695,47.01386889422316,50.392330726179026,5.964831192530916,6.689876246834364
correct_7.mp4,chair,correct,1092,177.57896140866458,178.1640431462317,139.06095380885202,132.36943944959285,143.36627630716623,138.84744528675049,0.28172977870376653,2.4047978702942694,7.980322316276341,5.900166356846963,30.88194033568365,32.775808722789044,4.377252627637549,4.969503748491072
correct_7.mp4,chair,correct,1098,178.77423334895548,178.40495459543163,139.926630726851,132.361514582197,144.097387416919,139.48467829633796,0.0650905626758579,2.586828713214721,8.22500599631964,5.870185975986708,30.471312888608526,32.34874620754508,4.352391517192341,4.933974625650398
correct_7.mp4,chair,correct,1104,178.9908858512967,178.70137322284495,141.04304798683805,132.31723893283856,144.67488114980446,139.7407191050074,0.22704330919188148,2.862756862620216,8.347870306449115,5.791721395958674,33.644253305228375,35.78961470425637,4.8106008798509965,5.33904777381154
correct_7.mp4,chair,correct,1110,179.17498068546993,178.75454920375256,141.17838995025485,132.31256160986703,144.82583112070833,139.72967806238512,0.20035131581587293,3.093248085292334,8.408995655778025,5.817294294723739,35.56414038221399,37.955963141259474,5.140774700369672,5.710300367559113
correct_7.mp4,chair,correct,1116,179.13491737923394,178.85334727262142,141.01675882401216,132.12403888137607,144.6745585439077,139.75809507257046,0.19599873617749677,3.0981331292526564,8.436114170637957,5.937200167991861,35.829568407607404,38.246899207854035,5.2092250139255905,5.751781238128936
correct_7.mp4,chair,correct,1122,179.2578082638894,178.95717990773556,141.19636530421593,132.13432992068329,144.7365355206283,139.71056189822602,0.21624084537950902,3.253837015564282,8.510704292431072,5.931255699042021,36.61406228533702,39.1305123445821,5.3871258798080515,5.935673489942848
correct_7.mp4,chair,correct,1128,179.23327317072892,179.00011730884225,141.0905663241963,132.14269201910824,144.64672930622115,139.73131299117023,0.23588779217922362,3.127138303637196,8.49132782325406,6.006115229230614,36.41225393983518,38.82310171542203,5.330239754980034,5.8827469617693
correct_7.mp4,chair,correct,1134,179.2578077194468,179.00178730138916,141.2491605295518,132.3777109830842,144.81173677244595,139.82786928056944,0.39719012134182585,3.252355736689193,8.536256651855313,5.812738033982211,37.59559796932156,40.09655487630752,5.498337827180229,6.031929289995673
correct_7.mp4,chair,correct,1140,179.26396072887448,179.04662685425606,141.3334679001133,132.32255852928088,144.81792666641607,139.83674075286828,0.2498632388860961,3.1982488292718743,8.539122943984486,5.976943765284293,37.36877153288651,39.83138850821127,5.48145942247033,6.020473876350931
correct_7.mp4,chair,correct,1146,179.18256157156594,179.0963113626403,141.41272122199,132.41235196396977,144.8182340657475,139.80972455158377,0.3535567494306733,3.3801606618815185,8.580066717197765,5.916925853555853,38.37509197883984,40.98329101580842,5.683179933700357,6.214839159714532
correct_7.mp4,chair,correct,1152,179.2598260645929,179.10063394882002,141.42868222155627,132.34865060769508,144.91086719783416,139.83855349045479,0.2851262137441913,3.288750906014692,8.545313614025252,5.982904360436043,38.464718170039845,41.01523052990997,5.644502794045671,6.199432746942792
correct_7.mp4,chair,correct,1158,179.1839611062417,179.1184305415948,141.4564257104262,132.55552491942777,144.9125948739447,139.90375436666605,0.4709723599192781,3.4190713433575306,8.584837478195983,5.801304531863571,39.18689733680934,41.839537237079604,5.75543130596099,6.28914408895771
correct_7.mp4,chair,correct,1164,179.23707247906208,179.14039807128157,141.24777646228017,132.3593090491012,144.61407152374653,139.80470163895953,0.2745442974774495,3.3245893636195696,8.567958891513403,5.93559646686022,38.622288965138516,41.20033447291528,5.659827093170568,6.209918581074501
correct_7.mp4,chair,correct,1170,179.0111771938964,179.21393172999575,141.68427972586707,132.93446370434452,145.18186418443713,140.32154528245147,0.7159701985278548,3.351765206636839,8.443474597963965,5.721379875390902,38.29876168412694,40.842708485800806,5.522112227698593,6.084161757841424
correct_7.mp4,chair,correct,1176,179.09159243337876,179.23899738413107,141.28107779651918,132.600164890814,145.3922391947937,140.61558601598577,0.810167757613426,3.1340339299471895,8.14233304192426,5.554095127997575,36.18761309615616,38.580714814320565,5.054567901609698,5.521700607070599
correct_7.mp4,chair,correct,1182,178.9899418449708,179.29926282587004,141.39502639110742,132.47763812513813,145.6330385245296,140.82313414713096,0.7914939300999259,2.9802090285463643,8.0209093884379,5.439276114770731,35.10343004694584,37.317606377331195,4.8464530106144466,5.232980427125453
correct_7.mp4,chair,correct,1188,178.96930628525254,179.299093719913,141.53245467086052,132.4959702264312,145.98688218780848,141.13741630864988,0.8084103596528227,2.900992679970152,7.905903948564899,5.304229147341163,34.65489735729382,36.79992399885564,4.705705476269274,5.068266916159591
correct_7.mp4,chair,correct,1194,178.42335625895063,179.20794533547328,141.6934309929916,132.5206121881385,145.97987103808322,140.969062542703,0.6902275986811892,2.8666231378898854,8.153194296874881,5.242787844401405,37.10145697211652,39.194109320595864,5.079652083613204,5.477163410515243
correct_7.mp4,chair,correct,1200,179.03702135294117,179.2935367289188,142.01694194086423,132.72887317350052,146.42241539357488,141.2649310924046,0.7142469189571375,3.286900849824459,8.235371644017093,5.12099862455948,41.89459765787128,44.362882529714035,5.6864124820467845,6.178899259732682
correct_7.mp4,chair,correct,1206,179.18813298567488,179.29699171926057,141.98039485578622,132.84656429449558,146.29091254609105,141.1916591465399,0.5215890205502102,3.3432864175112105,8.453862830233582,4.998763222592267,44.66745494672197,47.228478052547146,6.07165348389258,6.616174393455942
correct_7.mp4,chair,correct,1212,179.2105266418488,179.2843559879548,141.8200368408811,132.9733388748726,146.3114584643028,141.28995041116008,0.581558396648598,3.247401153923432,8.431652449033932,4.981223401887791,42.33398311152,44.75923918132009,5.742650588196287,6.319569501873889
correct_7.mp4,chair,correct,1218,179.21895401442504,179.1442199344066,142.35098183896497,133.28035685790346,147.07579453615358,141.8914794282118,0.4456824162712232,3.5070943044153116,8.368529876688084,4.732755216629716,45.18177419795635,47.8365617016349,5.935452435226153,6.598701277622734
correct_7.mp4,chair,correct,1224,179.18371237929065,179.14385074201587,142.3360199750798,133.3184883868491,146.9840592577287,141.91315445278119,0.43621544896868264,3.7044740429022758,8.308041027219204,4.682677935587384,47.9337426508821,50.828193514716254,6.261826562702497,6.963349771519433
correct_7.mp4,chair,correct,1230,179.13129036293702,179.0038604333055,143.0219865439561,133.86037025167636,147.75715286262516,142.68484086785193,0.1735009428960708,2.9933977792808535,8.230319280713783,4.571597506103669,40.099809543091325,42.23803512114553,5.123116746522595,5.717469279912003
correct_7.mp4,chair,correct,1236,179.03432562026705,178.8034314153361,142.7626980682942,133.80365772856976,147.54262415511548,142.5575140796771,0.16031929653561855,2.7306158928989244,8.115548065128626,4.55740255621821,35.02133024577457,36.855827326965034,4.44992596550276,4.970517605286842
correct_7.mp4,chair,correct,1242,178.97118816995098,178.50294458551693,142.71335620488523,133.66251748694256,147.66474155545083,142.63859555455358,0.1540447080467172,3.145253023060279,7.8899267612854675,4.5657810747590695,43.193022467953234,45.419036132031394,5.3809134443767075,5.987697978560631
correct_7.mp4,chair,correct,1248,178.97864137888527,178.14704875813604,142.97979268615333,133.7475215579204,148.1326473842483,142.93048690825844,0.14347539911256696,3.0613744985679783,7.697800600805444,4.503403069482054,39.750582307126855,41.873834656170594,4.862145209714785,5.45859532526236
correct_7.mp4,chair,correct,1254,179.21485245256164,178.930534913551,143.1321648660338,133.95992879259504,148.44791814159476,143.17353028838895,0.14261174820970057,3.1353112009632063,7.4992019766571385,4.48372600423374,42.31644305402818,44.58046524465593,5.0238184000579995,5.730482958740466
correct_7.mp4,chair,correct,1260,179.23195714223326,178.77123135826585,143.697937721475,135.0219835176388,148.8087303730653,143.71059631167614,0.179560430405351,3.2436855089133774,7.404849411465207,4.32517084206629,42.1286125230691,44.50272611807935,5.029063190197648,5.690218143217471
correct_7.mp4,chair,correct,1266,179.24589834101374,178.76111567792321,143.98100231701005,135.71623754178776,148.8307355650561,143.8820014319837,0.32676996961837046,3.51139007161061,7.3325939750891145,4.4259757267577635,46.691566368602416,49.37139282724708,5.627907490516755,6.280721200406938
correct_7.mp4,chair,correct,1272,179.25024704839817,178.77247551710536,144.06712872875087,136.00061851248523,148.81367473532472,143.87665294459129,0.46950267000517454,4.1921538367562485,7.328765361834801,4.534513175229312,54.46584134702931,57.94716063571978,6.680496047100085,7.468657164438985
correct_7.mp4,chair,correct,1278,179.24270454918468,178.92851548994605,144.07470314208845,136.13376475315124,148.8286669191546,143.95352375098074,0.40095680385195,4.249241088474668,7.318788190633223,4.572017321773959,55.212097489517674,58.76209866665035,6.775234344270137,7.566984938568497
correct_7.mp4,chair,correct,1284,178.70177093692573,178.76673356484525,143.93849115669926,136.15213041934382,149.02829289534685,144.06521484819842,0.10850698730278811,3.3803152559564995,7.384877287017218,4.428464794927009,43.28276662346421,45.9030665850593,5.242321830122611,5.985449593145055
correct_7.mp4,chair,correct,1290,179.01512233985514,178.64891156234853,143.54319209377417,135.52447045919723,148.8199823201431,143.85345600589585,0.28794073572882317,4.212935547812998,7.510551962345419,4.215944263525872,53.30196982025967,56.70517593846428,6.425977351530173,7.262504147341924
correct_7.mp4,chair,correct,1296,179.06518849760107,178.9380763562041,143.505465376971,135.0059844950553,148.77217624368322,143.74154260440844,0.1414123232847211,3.7964743466917428,7.478863496292876,4.2578460210419085,50.0986209731321,53.1523001042999,5.995641944329157,6.767396888611897
correct_7.mp4,chair,correct,1302,179.0617415078423,178.86269538667995,143.50107118101988,134.79834251744654,149.00263192401968,143.8830568702768,0.04565148759023595,3.540037454437514,7.401643560726405,4.232763843177378,46.56026759350906,49.291546852094896,5.511073375260041,6.254016080457
correct_7.mp4,chair,correct,1308,179.13046761230055,178.9241149478392,143.28116217411358,134.80775003881652,148.91770946763256,143.8852196756054,0.04148529780347921,3.8867088593614856,7.432230538067799,4.209367790319228,51.546783281812765,54.65299405930056,6.0707606607470055,6.904127731845977
correct_7.mp4,chair,correct,1314,179.0808774395885,178.94518133079018,143.44372524610762,134.57996370357753,148.91312500173714,143.7676363474942,0.06325677445207177,3.9586982291502357,7.463000989500642,4.224855224422334,51.89863457762899,55.09902562560948,6.146815019332018,6.946278666069014
correct_7.mp4,chair,correct,1320,179.03582736082166,178.88530753118988,143.34232762730713,134.40972261173528,148.89557993100422,143.7893504385275,0.057421569049984134,4.368837256675209,7.466955557126388,4.209911563094531,56.76919205377318,60.38717013850673,6.718906154486678,7.574535404922487
correct_7.mp4,chair,correct,1326,179.12544216429728,179.0084163179699,143.27832067348547,134.26353539492473,148.78010421811322,143.74724652526893,0.10145512637434939,3.812871450330348,7.3959180171260295,4.286316270256118,49.461515114321635,52.57544724271382,5.857449332284415,6.555397457135985
correct_7.mp4,chair,correct,1332,179.20843587226832,179.04172567414295,143.1608544769636,134.20944471756056,148.74831653857936,143.74309253956014,0.09995863315338438,4.256369890301334,7.446028034250642,4.262891747791784,53.63707919286873,57.21933785160094,6.410116441998329,7.169569623880261
correct_7.mp4,chair,correct,1338,177.606461496194,179.11369463271697,145.9021002452049,139.2218199281753,151.9295506796667,149.0242954690557,0.09736357344571007,1.0469951443685843,5.181835519909852,4.856326842403629,8.569581966553567,8.972824178160886,0.7902009555163519,0.864816268669776
correct_7.mp4,chair,correct,1344,175.4697964839672,179.02644132041735,145.56619726980543,145.23977056318503,153.38346435462014,152.74160826134508,0.3833944973257779,0.8480297943295472,4.455167653459548,3.76287537276976,8.507905129558035,8.931109993205043,0.63234643295591,0.738563134098553
correct_7.mp4,chair,correct,1350,176.0093327982982,178.96294228949444,147.85769852624566,145.13972219565133,155.0065205207224,153.53270734666404,0.2767186281906267,0.7948782395950508,3.9955502464396884,3.535852021558047,7.696822237572549,8.007044579348314,0.5283768741546014,0.6044940872853343
correct_7.mp4,chair,correct,1356,174.6278196525316,179.29670050819564,147.76930715107432,144.67660191071894,154.87797477472702,153.07562374681996,0.27028026684882994,0.8224239443636511,4.030177999724405,3.621469218380543,7.65376859834207,7.996941402818881,0.5300613596003033,0.61935891859914
correct_7.mp4,chair,correct,1362,175.03423262561236,179.0862882104795,147.6183127575681,145.72273241463563,154.70263690281368,153.74041805635065,0.26098614962193534,0.8034923474001717,3.9348112070320655,3.6338048553013853,7.394083999621871,7.740136742764971,0.512120426477866,0.5865724957620605
correct_7.mp4,chair,correct,1368,174.8327895733388,179.14438660153053,147.64960696226171,145.59014191414403,154.757034721849,153.66393602722243,0.23600066504327977,0.7644710490134409,3.949982359934034,3.645743387478657,7.557305524306215,7.877444088666947,0.5191987743701045,0.5985084785409609
correct_7.mp4,chair,correct,1374,175.1726745958292,179.18872725314665,147.58680218528374,145.42632521208395,154.98664742255963,153.63234436650737,0.2146726888037536,0.7811280113412188,3.879625611062683,3.556447272411119,7.655271465755034,7.98337363493602,0.5091954776399196,0.6058980243302067
correct_7.mp4,chair,correct,1380,175.21848008549924,179.19889740993705,147.77063901351377,145.18729859158012,155.1259846456849,153.587497010287,0.20684737110001605,0.7610601469135304,3.825600430747646,3.5204234570396773,7.676109058238535,8.021737399710752,0.5105063773879001,0.5985720658022303
correct_7.mp4,chair,correct,1386,176.03363375875804,179.04890431813718,148.80703533667977,145.7994679933162,155.82295015098677,153.89023982375534,0.2233007355410639,0.7818508024666998,3.5877025804030844,3.771697243080452,8.172770232157784,8.5900399286416,0.5519055013642021,0.6502993589613242
correct_7.mp4,chair,correct,1392,177.38236352806973,178.98535924106312,149.01447790949055,145.78974248801225,155.91502759249764,154.0267957579672,0.23026161442542423,0.7968860204981069,3.4760953625817512,3.8942377159392945,8.337409983741834,8.800657020348805,0.5738771534348385,0.663184097610081
correct_7.mp4,chair,correct,1398,177.1680111626945,178.99521769397046,148.97570236411025,145.0449873766515,155.9126012905114,153.4040861609036,0.24477948200011934,0.8299313446869735,3.5498486454428226,3.8551370820336834,8.582136776860258,9.077818204655808,0.589117309434677,0.6915551081673841
correct_7.mp4,chair,correct,1404,176.50243686797606,178.9411283125755,148.3842317596841,144.66357223513316,155.54826409929132,153.25503443004916,0.19185302062303625,0.7733919549319626,3.7918148923264665,3.5598241439176097,8.089033608256228,8.537633371695643,0.5550803134673111,0.6406581578080708
correct_7.mp4,chair,correct,1410,176.51666416888014,178.87138768155322,147.92554767432225,144.208854903655,155.35185535295648,153.09868876569084,0.1730491855299732,0.7800601463602957,3.808573830155239,3.381290380279526,7.973221907065527,8.3886658273614,0.5286319784732133,0.6144386500264349
correct_7.mp4,chair,correct,1416,176.1202846652671,179.11156365907675,148.10998803689307,144.2822293591159,155.49093260347667,153.27743860275527,0.16951276733867648,0.755949545253563,3.785097358233508,3.3345186475261066,7.752352629904829,8.12194446654542,0.5094202410117944,0.5854560961115438
correct_7.mp4,chair,correct,1422,175.98069261152645,179.18494997695416,149.03139708762916,144.92123095563016,155.65322385339752,153.41400648335954,0.1915467969514263,0.7319692555965301,3.763145531668906,3.711814584188559,7.726722548841903,8.089065760832849,0.5394002970305452,0.6077415549658383
correct_7.mp4,chair,correct,1428,175.58125508740798,179.21859210768207,149.28848531359148,145.16595857164845,155.7465851558695,153.56607674002882,0.19308922919240512,0.7200440973106718,3.757582845816624,3.7656658840808603,7.6072905760228515,7.960643161529327,0.5349976652149051,0.5998667510531562
correct_7.mp4,chair,correct,1434,175.57466425816486,179.1762133637924,149.01060684475564,145.13355399077193,155.5387221867332,153.45763565725412,0.18910732850967615,0.7015027574829116,3.769051787317138,3.7177874321740494,7.4550066171571885,7.761120089352555,0.51851824672158,0.5850107536750322
correct_7.mp4,chair,correct,1440,175.66575486304234,178.99975374959126,148.8963687061976,144.82189960860435,155.44456611368096,153.10324882940083,0.1883457118503766,0.6868495776981277,3.7254939699438085,3.7087550572808783,7.48832222045268,7.775163683747513,0.5071091419732782,0.5870739057475294
correct_7.mp4,chair,correct,1446,175.34561226826517,179.15275264226872,148.93746719765952,144.90422447503096,155.47632869785127,153.14292188822898,0.190050224568815,0.6707171844941404,3.7797950148549617,3.6745594292347907,7.4173201507313316,7.677117841151095,0.5016888806086581,0.5829946959271698
correct_7.mp4,chair,correct,1452,174.89229919483253,179.19114583749587,149.01165678415933,145.02271830642297,155.43648895040843,153.2328606924322,0.1874778237471483,0.6707484233729594,3.847601380673627,3.6687044165989646,7.31011401711329,7.564062512188855,0.5027378150003479,0.5751088673338646
correct_7.mp4,chair,correct,1458,175.43525931387282,179.0582230454258,149.12993658634366,145.1870248517092,155.62229192945762,153.445178801496,0.18858015587880742,0.6802612747564294,3.777483293324169,3.631983113167146,7.342163077559323,7.603010941015129,0.49792641664451137,0.5702488498722503
correct_7.mp4,chair,correct,1464,175.38806685742327,179.08647878716965,148.76833120411024,144.8254069650856,155.2969605045313,153.13006299879078,0.19980216970206985,0.6677494048724943,3.7352819062233427,3.6887299045830413,7.365656296298212,7.616238898612324,0.4984518527678996,0.5716562236687717
correct_7.mp4,chair,correct,1470,175.15725329208325,179.1794379787721,148.6759961600983,144.50466954301496,155.51681543481112,153.0928833490833,0.20139192710025577,0.658325792898083,3.634663247649115,3.558915490538076,7.285896144765642,7.534010646447908,0.4695015604574544,0.553093134389097
correct_7.mp4,chair,correct,1476,176.76458541589648,178.40165690210947,143.32702345998692,138.50982109963707,152.82352047906053,149.66701876179621,0.4480343700085877,1.1659149793205137,5.104394814230266,3.3007659285816033,21.175782354483825,21.431668217921178,1.799330446932912,1.9905485919076558
correct_7.mp4,chair,correct,1482,178.73372372905123,178.29604901284583,143.21912610511885,137.09534344909102,152.62525604793578,148.3740399670685,0.8376810606013648,3.22396746360644,5.5822973232191915,2.8688497285972123,38.843177119444064,41.088943240755306,3.309388925007909,3.9070069939475145
correct_7.mp4,chair,correct,1488,178.94562038925625,177.74935238662826,145.64262482242268,137.02301183415113,153.95963323464318,148.51802348862748,0.8225981155345022,3.141341653414426,5.656379892058905,2.553049532677145,38.79379264711244,40.9830743334429,3.173242589569528,3.8020814455373686
correct_7.mp4,chair,correct,1494,178.52727046085906,177.32796780028582,143.8666257564993,136.3275346820844,153.28609356355446,148.53205011276265,0.5653854700203664,3.2000841350430314,5.700236919505519,2.2740079570955403,42.07652447135407,44.314920129895725,3.3104136119600196,3.9978221280956547
correct_7.mp4,chair,correct,1500,178.7024863538679,177.3362253195101,143.98136378490975,136.19821819070037,153.37333485658382,148.44220003827093,0.3943400287977386,3.053190603184441,5.739098220160903,2.3526625147017417,40.26041871976146,42.34134528085058,3.1745859101855394,3.8991763286369605
correct_7.mp4,chair,correct,1506,179.022961226996,177.40129782058224,143.86687401616936,136.25233151457684,153.40123886211387,148.46367286878862,0.4481977013053495,3.1275910898501906,5.703815735364435,2.343550357052453,42.288549509833,44.4456998000268,3.3049393789788,4.103445920739612
correct_7.mp4,chair,correct,1512,178.9320727358656,177.30935901023506,144.3603895876482,136.14732616490247,153.77494349692697,148.53202025512718,0.347603441912185,2.9175141705937344,5.664957137102129,2.3499385548038845,40.03209926891062,41.98967917818199,3.0842244092982343,3.8719835579906934
correct_7.mp4,chair,correct,1518,178.8056040936782,177.03960547774156,143.5814218408949,136.11162706999727,153.40161595832663,148.5529877575351,0.3478432672217346,2.9776900123821917,5.655534542825701,2.349980768463442,39.94774720734491,41.96915097206988,3.0746404021037206,3.864735107393201
correct_7.mp4,chair,correct,1524,178.7729390343454,177.65515129023413,144.40366886472037,136.0140928752543,153.73802301981684,148.46362970742467,0.3295641804538887,2.8182275338236806,5.641136602069062,2.3635844160806654,37.34307999123004,39.206131039640205,2.875190014004132,3.6139341394643028
correct_7.mp4,chair,correct,1530,178.3028097772921,177.34027354499725,145.11427263793092,136.76388081783887,153.92488936900526,148.59352125931258,0.7641495690443969,2.7523439483424603,5.546403256448598,2.5815936111793674,37.272870373946866,39.09981867109629,2.957485977740746,3.6479479850907035
correct_7.mp4,chair,correct,1536,178.49341103512333,177.86397754075875,145.2754348331361,136.96773825453946,153.99456145921766,148.70393259188359,0.8481967928240111,2.911199267703456,5.532340253935415,2.5685435387174165,38.666238192572365,40.65544054922889,3.0690656265039955,3.773590513608422
correct_7.mp4,chair,correct,1542,178.4603861230745,177.53877225779368,145.5700395583446,137.33857560419082,154.2537688379377,148.8947995178592,0.9777735100677709,3.0332398586517817,5.505666207136424,2.5595156846729696,40.20860697098716,42.33522193696832,3.168076338167036,3.9229469562960677
correct_8.mp4,chair,correct,6,173.1439704484269,176.66816417660502,130.6050939149981,124.34429292542183,129.83043296382394,129.81391037880454,0.6622275126867986,0.5237886625828606,15.747605166369596,5.597147603511011,7.794880803478958,8.140120687571176,1.913856397638532,1.7060880517258077
correct_8.mp4,chair,correct,12,171.55919737563366,175.30781053434376,133.93395831493913,122.09327748947938,135.0237018078062,130.28650799515088,0.2798898220327827,0.5062786184587738,14.686019896219738,5.299065761935799,9.224379808349765,9.685327353094317,2.1010984338479917,1.9216636783393057
correct_8.mp4,chair,correct,18,172.8202278209106,175.81989767205474,132.63309256270125,119.92213824029679,133.9324830256669,129.6085843517201,0.4327981743577833,0.4343208947768257,14.272311801866877,5.265279098502906,9.57551408983007,10.110345697929661,2.185666688843696,1.9632295423130202
correct_8.mp4,chair,correct,24,173.32855875198814,176.32490523242376,133.2174763674982,120.8216796835235,134.15180756797562,129.71847852450423,0.3965911870103411,0.4064794739753451,13.72625519447377,5.778909786178349,9.363272749490111,9.737855011389613,2.120191231836052,1.9337579437312633
correct_8.mp4,chair,correct,30,173.55554158647362,175.9729875517025,143.1378469645849,120.60372153323615,141.4961288797231,129.5090916972397,0.8831176863510544,0.4310461306426496,13.57057079323639,4.919470865282169,10.606236706935853,11.005198128024208,2.1871306516651816,2.1296660543586734
correct_8.mp4,chair,correct,36,173.41097869506228,175.9250113937795,147.33781014135167,120.62659606813115,145.3390033372512,129.97171399358822,0.9257451748609642,0.413303935698262,13.356597176608895,4.620037832532988,9.777758069919546,10.162171419472477,1.9449255725862509,1.934310865045647
correct_8.mp4,chair,correct,42,173.57238962116105,175.34192081871785,147.95224193219184,120.78686358751642,146.91142005571763,129.93719010736177,1.381662678967263,0.39137365809187435,13.304055662953981,4.0179113443462615,10.149468640188315,10.55665793210884,1.856189716411776,2.0013919694557516
correct_8.mp4,chair,correct,48,173.47133369554797,175.64358895875597,136.70778780642462,120.8533533529426,138.67788661588168,129.54063926567085,0.9314032230821394,0.3761125002446791,13.331039108323203,5.319691997587843,10.13622465211976,10.574909288884008,2.1180941871012284,2.040225086905444
correct_8.mp4,chair,correct,54,173.50807711223604,175.505860217333,135.979642483762,121.03214536470061,138.73912333748703,129.90487029435516,0.9959337110858645,0.4454681545664633,13.31232572131535,4.697667037199683,10.450696079659823,10.919108488596986,2.1068326379495645,2.061923107920945
correct_8.mp4,chair,correct,60,172.79931770307533,175.2512329587363,132.06145972215631,121.02990241962655,134.53096460815138,129.6801285100057,0.823800053058094,0.4105684846576972,13.257780497224228,5.045515739653406,10.468575527735702,10.916169450319984,2.1719684784660855,2.0732285023149664
correct_8.mp4,chair,correct,66,173.74497927425233,175.3142058521396,133.13899666368167,122.0133082905199,135.7642642387805,131.33474070322265,0.741904306188434,0.39662526538180476,13.248368132929759,5.086809226327284,10.205057765815473,10.705136582225432,2.1508851591123843,2.0297962552563824
correct_8.mp4,chair,correct,72,174.29668101497904,175.12138093937946,133.7864535440374,122.58800481846295,136.11266124288332,132.25029819770413,0.7721843550851154,0.43470479877689955,13.339353188264072,4.964906431304827,11.144074665197037,11.617203296280822,2.379594677300793,2.190975438482751
correct_8.mp4,chair,correct,78,174.48441846494495,175.07421543865948,129.98521407544763,123.03616059248783,132.89967830373348,132.5973603011461,0.6172495891589362,0.42102267603599525,13.373629582780138,5.495226016095822,10.59703478002805,11.008844875095754,2.366541648215669,2.088142310813392
correct_9.mp4,chair,correct,6,166.81297807508105,170.3154113727755,122.33193868449776,125.07529993436576,116.68587391344303,117.7280030283207,5.341473994770182,9.61426896613036,17.51046975655657,10.45899619387437,58.12612427397738,49.79101551477526,15.724742158236792,15.306862903860626
correct_9.mp4,chair,correct,12,169.3576007154698,170.157158034526,127.6245685449401,125.98335324112546,121.75763223812406,119.4676292266146,6.783000296222596,6.4404545990300734,17.272712386746495,10.380245262757182,48.208160334870136,41.147036062426615,12.897433974722574,12.680919920894125
correct_9.mp4,chair,correct,18,168.14372213592696,167.19211065563374,131.21785078596488,129.9520065036773,124.43358264919969,122.02017380522591,4.851787742724818,6.253424023837034,17.478590305595258,9.687754328383017,50.34208059479443,43.32434375527793,14.154597078929356,14.051457425189172
correct_9.mp4,chair,correct,24,166.99276049702672,171.24852789689643,131.26849049964733,131.42753603276532,124.07295805053742,122.47901358315619,3.7669642416536244,5.0709021703758115,17.525337121889237,9.662398129650063,37.28029537966879,32.286971778472015,10.880258284719392,10.677911550036328
correct_9.mp4,chair,correct,30,165.96838809434934,173.45353322185358,130.01508448398417,131.5986613755272,122.7011657289151,122.14326806317287,2.7220210109837235,3.33069498337698,17.50979991464476,10.13918999969282,26.002278013224917,23.14871639293067,8.009402865525294,7.729894650993209
correct_9.mp4,chair,correct,36,166.64288285843318,173.2442502861861,130.56512403492982,131.14068284275592,122.9741606502961,122.28872722466686,2.7534091373621137,3.5549111451659408,17.52656555360124,10.056079385545907,25.70090319469665,22.913491562275706,8.05763390495447,7.67523404931879
correct_9.mp4,chair,correct,42,168.18605601058343,172.64532998257314,131.08811540727888,131.36930601979893,123.20403365199861,122.38441415425041,2.3964007851088374,2.9713118778718397,17.638973079401154,9.996903159072067,22.591328807886153,20.285699912517163,7.00317561781616,6.653484236625457
correct_9.mp4,chair,correct,48,168.42621063592821,172.68169785810124,132.91871820385364,132.49138159520388,124.15403039804562,123.57771857425612,2.0687376273557927,2.385406220808197,17.642509737067407,10.002051564893504,20.138057586512893,18.570230085695737,6.248554950064258,5.829931542520782
correct_9.mp4,chair,correct,54,167.73524267660727,172.12054528485413,132.21958527717075,132.51011162172568,123.73577446971848,123.43564006662908,2.0857457175950307,2.2136264456582877,17.685671596371268,10.029564177866703,20.149973876800036,18.68995102586482,6.290019562266349,5.907209159138226
correct_9.mp4,chair,correct,60,167.62211760953133,171.51420463906558,131.8916652068824,132.0235220039594,123.14045819277284,123.0303828866374,2.4185305780597903,2.5842226755716293,17.741999129340773,10.19900946833742,23.286312047092956,21.42012089920092,7.288338260121575,6.792915163797178
correct_9.mp4,chair,correct,66,167.74175078551266,174.06245041680106,130.3143612027788,128.8443769107092,122.0006764474573,120.21352840732077,2.187559490365178,2.0865468643206357,17.80236330628868,10.39823887279188,17.014811295525075,15.63281162584733,5.297323111394729,5.007470039554154
correct_9.mp4,chair,correct,72,168.67606613528523,176.04987749890535,130.62891905675997,127.63724726632248,122.07507105639054,119.6194842150614,2.0086653999397175,1.5293339098846974,17.861123348510425,10.441814509624939,13.936900849786236,13.187170638813871,4.43331594064053,4.12651459264663
correct_9.mp4,chair,correct,78,166.08191649902113,177.2407277684583,131.65748714699907,127.83055027217925,123.7023180383958,120.26542250136744,1.920983378978759,1.603757151105695,17.499447629524717,10.185286674467458,13.07611274504343,12.165230945726494,4.106164069060754,3.866784144357905
correct_9.mp4,chair,correct,84,167.43803389088268,175.433045490769,131.3604717877079,131.44741679526408,123.15163735842684,122.14970095506385,1.7217657902992551,2.665605701768701,17.416896553497832,10.10484373692217,19.40777801047975,17.62781483623401,6.081297919336954,5.705588686214499
correct_9.mp4,chair,correct,90,167.84743538577132,175.30180220943532,130.7884754354953,132.01697769578902,122.09975717234344,122.50541858002683,1.751511332634155,2.532316653879785,17.801954745811273,10.365079989183473,19.649279071978356,17.75523176864425,6.269684503707217,5.82904579257962
correct_9.mp4,chair,correct,96,169.19740057488292,175.34297328159747,129.78514850412168,129.46674180003956,121.51493505947435,120.70489753562772,2.1721805594349752,2.071209912384085,17.741249795890127,10.641141663860799,17.371950308844653,15.95553167663607,5.4704202370278425,5.063481972461012
correct_9.mp4,chair,correct,102,167.1793388984955,174.64117983786335,130.11957399644965,128.05681046738053,121.79593130074282,119.80598872328213,2.1674998432295633,1.9423159670458734,17.732495962795607,10.660714021981846,15.643424039611066,14.588402305585902,5.009862881257918,4.572825543987734
correct_9.mp4,chair,correct,108,167.25542737917573,174.37108365046325,129.57932728991713,127.96142480617073,121.26312367656749,119.47553987123756,2.24953786899518,1.8039204923209973,17.890652027118826,10.681228485915206,15.754599655282734,14.78039463904195,5.116582934781079,4.720260655403017
correct_9.mp4,chair,correct,114,166.348515568248,174.77330645951525,129.9996645199782,126.9679876971948,121.49918466762617,118.6961414467557,2.0574047761026546,1.4525646033531499,17.95954852941517,10.652865607252881,13.5730964353262,12.956978017749295,4.533686896743764,4.180986866004985
correct_9.mp4,chair,correct,120,167.85577790657513,176.34871869482268,128.7472528516833,126.5680748839047,120.14631733023681,118.19189965629968,2.1174829672849325,1.82465693611294,18.11303403759523,10.665045732012016,14.959879557572787,13.692675329311744,4.912103982132177,4.569416985536795
correct_9.mp4,chair,correct,126,169.47398636906962,177.98493204327283,128.26533433156578,126.70786076331129,119.51199847157446,118.40043701767858,2.427925463561035,2.3726330333920083,18.188803441419783,10.66364237264839,18.14417211284839,16.21511011327908,6.022007149867102,5.556213992398205
correct_9.mp4,chair,correct,132,169.67792268013525,178.75245835805453,128.23225725146085,126.44432869047935,119.48170007069248,117.6071294288585,1.510072835185495,1.707725503191914,18.407652339396503,10.665000797474766,11.618021262484481,10.750384408659535,3.8922639367793352,3.591673415230922
correct_9.mp4,chair,correct,138,171.4777575698315,178.34160910886442,128.26715655999044,126.87251582763024,119.28472858520576,117.93908457422182,2.152345439183177,2.322375988695285,18.729116022045282,10.569895573322501,16.549107819457898,15.010548801596947,5.4508972993611975,5.010304321844352
correct_9.mp4,chair,correct,144,171.50771816266445,177.3736291770496,127.07915483657177,126.71481844924062,118.21084743164103,117.63530314858176,2.8205325466195768,2.0912238212497156,19.108641635717586,10.544515190071829,21.68702135714938,19.849206516542747,7.109961111169465,6.576111912877892
correct_9.mp4,chair,correct,150,171.46737399064494,177.82819790220995,127.02983974344741,125.88601943117605,118.65094055194066,116.64226176907981,2.2637677989935474,1.7018602209665894,19.03763745413737,10.85432487315131,13.49914211227572,12.395916321685954,4.329034076263631,4.082409803778999
correct_9.mp4,chair,correct,156,172.0625401357587,176.8388816735226,127.05268693144062,126.13497722445737,119.05486597210219,117.60588603802435,2.5713259029824527,1.6083937461555244,18.642077710729897,10.910013099566784,14.947006098065122,13.848487661887281,4.752063303143321,4.449230712150368
correct_9.mp4,chair,correct,162,172.29442703110502,176.3085492270789,127.27527733885115,126.59017866881518,119.73064005074198,118.19554423465226,2.3488656704397455,1.9567158960877788,18.41139782104633,10.440904618433851,16.73383091362478,15.562830768108618,5.336353542562876,4.988204503739532
correct_9.mp4,chair,correct,168,171.7395135514211,175.75094768419874,126.45669737968288,126.2333720758937,119.13738526940871,118.5151006794254,3.4812036029182063,2.375920999513456,18.050628754368454,10.55240196294129,25.684990843329516,23.47158460467849,8.07375385231591,7.515371524160707
correct_9.mp4,chair,correct,174,170.54762883650557,174.4383749842471,124.21973240621202,124.5098671884922,117.97217211215285,117.61232144168093,3.5661934531839137,3.9779478437883933,17.506321631277604,10.78283847339952,25.84278661433895,22.73277106502562,8.041615929071286,7.430151943091262
correct_9.mp4,chair,correct,180,170.41131897937456,175.2575130907615,122.68281673964094,122.7389438337045,116.99116728351002,116.21404190593441,3.1529089928585488,3.6109814567813165,17.18350069153215,10.883782595211855,24.836349143769887,21.88563948697754,7.60115107863305,7.056288869572118
dropped_arms_1.mp4,chair,dropped_arms,6,163.0816916799028,159.80068335281698,116.01410118444282,99.57823206481656,113.28090047959493,108.09363512183278,1.0346437593337718,2.6144602157183505,15.101942285076465,12.359415174413884,10.202518612631023,12.023136854013886,3.962756367249098,3.8055912732562622
dropped_arms_1.mp4,chair,dropped_arms,12,163.3090566426988,160.63941785064551,113.24410685994658,97.99758835261179,109.28755366370405,105.4768918613548,1.074986721279822,2.2989136967731763,16.759579553250465,13.327122723321791,9.215052926082873,10.727140024909366,3.994157176278045,3.841274008490001
dropped_arms_1.mp4,chair,dropped_arms,18,164.44715400101964,161.77117607456765,113.62468466561216,99.33951452781096,109.18656754330992,103.32248723791615,1.797970390678753,3.386392369717119,18.134305031510923,13.38144586283553,11.460339535723945,14.11920372925236,5.156032020537153,5.564754825503859
dropped_arms_1.mp4,chair,dropped_arms,24,163.94065455986996,162.37010995344534,107.04384569967323,97.85701544887893,105.15115654220423,102.06456660999402,1.7290582364252862,3.524009283449467,19.317040388807783,12.924087671552304,12.394419863673303,15.257743426405264,5.617504566613977,5.978719450815473
dropped_arms_1.mp4,chair,dropped_arms,30,173.09380085920532,170.407497683697,109.50597417129606,97.10458963681903,104.38319115835702,100.58464077808266,1.488653348686762,2.513798496847214,19.612800812881808,13.278505798406457,9.314321726989709,10.871639087798549,4.483355653767289,4.7067899791899315
dropped_arms_1.mp4,chair,dropped_arms,36,174.36114167761406,175.73780476472038,108.91488847161908,96.54513149840211,103.69643239984794,100.53225502519808,1.2341996140753737,2.4638548625440766,20.279139839367847,12.898917910939737,6.440358309151536,7.63876335992874,4.043471719043299,4.094231022784057
dropped_arms_1.mp4,chair,dropped_arms,42,170.73972028496362,175.9054009699049,109.26423948695819,96.01591246568515,103.31775818385783,99.25276804163985,1.3317535368033382,3.2387420638997315,20.467967591037223,13.497866264795798,6.734879936376351,8.694787397489197,4.682839447758367,4.782390031007539
dropped_arms_1.mp4,chair,dropped_arms,48,169.5173900298737,172.8426980271812,110.69548816821391,97.43163756158118,103.99681236010598,100.57623458920055,1.2057472120920436,3.049891703655151,20.918674312347434,13.15987912072009,6.758091971008274,8.30909533730228,4.719990631889099,4.788693750868614
dropped_arms_1.mp4,chair,dropped_arms,54,170.45051999735708,173.24222955000815,111.82555007102137,98.90217495166164,104.1997411534343,100.25195668938868,1.598289591165772,3.7147347922869565,21.502503263625282,13.820943507887533,7.706457233083989,9.890341154253269,5.800772604887854,5.931436192527605
dropped_arms_1.mp4,chair,dropped_arms,60,170.7339252391654,175.94099790574194,115.26024823319328,99.7949015639579,107.20912353265638,101.0165326904763,1.2176715869762558,3.2487982663646235,21.070834951762112,13.887601691389062,6.132675551001634,7.738690280148506,4.576540429949009,4.766744760430524
dropped_arms_1.mp4,chair,dropped_arms,66,165.60528871039716,170.79224842696473,108.49723331971286,98.44360946780554,104.77992810657204,101.97091776300486,0.8803641442164002,3.2698506227975597,20.354787365696748,13.81058336860032,6.4616735432666035,7.9521051184367835,4.409503311633862,4.5279188268516295
dropped_arms_1.mp4,chair,dropped_arms,72,171.2842122048496,169.69150732318994,107.03601381407375,98.24617332796778,104.61335847365974,101.91730359784991,0.8963202073902308,2.6207678515260246,19.89363526699959,13.729956531219969,7.243787403220499,8.400025647452171,4.38062094396162,4.52334457855538
dropped_arms_1.mp4,chair,dropped_arms,78,173.49421499274126,171.0948689468832,106.08612191077931,99.19917514875884,103.93014097970334,102.65776999553722,1.0600450465696092,3.406714552229153,19.27150619637041,13.65324909308403,8.137061677992952,9.927282439563816,4.851344314580322,4.878996896598542
dropped_arms_1.mp4,chair,dropped_arms,84,170.1086790950011,173.9255499525412,106.83466441828303,99.3102834735035,104.81057918989048,103.58060238943985,0.8730373070758094,2.963259665207004,18.83607786580471,13.323045936656012,8.291361616066915,9.57751128146471,4.554593747356905,4.531756745795624
dropped_arms_1.mp4,chair,dropped_arms,90,171.5176119705407,173.86683960822162,106.06876962860343,98.78590407019904,103.19605394853768,102.85850724531196,0.8195388904163416,2.7305895956598802,18.50677084326077,14.01461133684163,8.183199018846258,9.464297378781525,4.544087494302053,4.434933682303257
dropped_arms_1.mp4,chair,dropped_arms,96,172.55507872874225,171.5042439189167,105.92790205397095,99.42937039940321,104.97177218555663,104.34480825505975,0.5859678425533363,2.613620689694044,18.28858698746739,13.03109620542487,7.676240196641588,8.917552951548133,4.014595378539475,3.954182639489307
dropped_arms_1.mp4,chair,dropped_arms,102,173.50115214852627,171.0498536402937,105.18547146690958,98.52183082174689,103.95400078589768,103.83755252970502,0.5195822242390503,2.60954336152574,18.24627841972907,13.150948460716354,5.998205293827753,7.194670099728835,3.3080405534896133,3.2614655705278603
dropped_arms_1.mp4,chair,dropped_arms,108,173.8869875147412,170.81410137593483,106.59779183858214,99.73088185923731,105.60054788294404,104.38956379788786,0.5051662152686256,2.4655114383420296,18.540301065468597,12.94595932383164,6.14580744798536,7.296007477943782,3.365320918945567,3.341183025818267
dropped_arms_1.mp4,chair,dropped_arms,114,169.07849943513386,168.65186823956125,105.05557543002298,98.70467938301358,104.79140811901927,104.41305407043716,0.5365568376097981,2.3487613441248105,18.006733815533966,12.63898641740735,5.831672598264284,6.751403222864424,2.9795911339820145,2.975228260966575
dropped_arms_1.mp4,chair,dropped_arms,120,170.3431997839409,167.56274927679422,107.62414007497527,100.60667852103889,106.18029768312157,105.72147727648665,0.566777253010996,2.330570347671568,18.053159338285436,12.55497308294846,6.075896226111228,7.0340051782135955,3.0913646454893184,3.10001595631052
dropped_arms_1.mp4,chair,dropped_arms,126,172.81554835151798,167.83296826892976,108.53813029739054,100.9967650407452,105.71141563805422,105.03707732103682,0.7105700508292123,2.1889191950188063,17.890802914103162,13.479124659354179,6.649575643566055,7.490475683136814,3.3564401890814533,3.407684158498189
dropped_arms_1.mp4,chair,dropped_arms,132,169.31302997820052,166.79913682749742,108.29588608902432,101.50573240403094,105.71633412065866,105.70599819146425,0.8152070855821743,2.1747285226105384,18.336361637092057,13.089885990843356,6.531350759675817,7.450996213134025,3.483736636087551,3.477873842582087
dropped_arms_1.mp4,chair,dropped_arms,138,164.37332720073945,167.50158059563822,107.64301773843161,99.64990017046482,104.74524275645608,104.76135521537074,0.9199708435035159,3.6139237779364954,18.12934490037495,12.811639492852423,7.109580401769623,8.90734419491163,3.9608089057690234,3.9119416482480593
dropped_arms_1.mp4,chair,dropped_arms,144,164.77477299335305,165.96171727550887,117.33972582140917,100.04394423301204,111.98000177297337,104.5002132218075,1.1689212374388223,3.0112070989353104,18.192126754277734,12.98339796724726,7.823384985112218,9.632456580853642,4.299521039085233,4.3182407268187415
dropped_arms_1.mp4,chair,dropped_arms,150,171.01277885662572,167.5331854312871,106.56761010827044,95.20642385182755,102.30899361875804,99.89346763688378,1.0295614707029792,3.0960360733231114,18.723050418030923,13.739026267243199,8.666842511313503,10.413091920934129,4.724857813952893,4.69742021901647
dropped_arms_1.mp4,chair,dropped_arms,156,169.79090494275687,169.79256412882887,106.23522149923923,96.36301699804997,102.12798136673804,99.8133679995572,1.1286322018523511,3.281688116301335,19.011333067184136,14.225573583074242,8.845855622249326,10.559457820939466,4.929929779279339,5.06941446885359
dropped_arms_1.mp4,chair,dropped_arms,162,170.52359918735777,170.7527719600115,108.62663191132067,97.72600636462923,107.00238915145732,103.00708376357912,1.0059135328103654,2.4736495696451772,18.079519478421552,13.458230830762082,8.12439315255955,9.217643451428076,4.097300613154343,4.262242972539264
dropped_arms_1.mp4,chair,dropped_arms,168,168.99439309333374,166.2572497658826,108.84983368040015,97.34409612054287,106.59692120588639,103.44244078164208,0.7385645465377629,2.903367298366254,17.2691569817823,13.70849207147746,8.277236524706415,9.973307439952977,4.06692528483315,4.010053314893892
dropped_arms_1.mp4,chair,dropped_arms,174,168.45264824675988,167.71984412875506,107.24170740857944,96.67399516664108,106.21654381438223,104.09682884874347,0.7254258376875197,2.659599989724553,16.407098681371533,13.795778037798009,8.136305423027823,9.62865484554532,3.804769515085009,3.732741655236103
dropped_arms_1.mp4,chair,dropped_arms,180,168.10430626620575,166.1943747440422,105.31468993700211,95.72469996026051,105.20551624257125,103.89778307700851,0.8678358690731491,2.6898919140320223,15.759430656141605,14.073396390704477,8.613925703061422,10.099695485103787,3.9712241248352496,3.9279669471615977
dropped_arms_1.mp4,chair,dropped_arms,186,167.73030941010938,165.25532840830473,106.34722712355936,97.54323325558784,106.335447346871,105.11882355104393,1.0301583413747746,2.731422754188712,15.715732084270408,13.890461046963548,9.804234551158453,11.29515794918788,4.361029189958374,4.416991328459413
dropped_arms_1.mp4,chair,dropped_arms,192,168.8691102422483,165.51379400202723,105.59799019183501,97.68297971800955,106.21026558222066,105.08718366715219,0.9555191912360772,2.9268880877346573,15.848856242066116,13.771052799403021,9.470851628576478,11.215021480008254,3.995774113052766,4.1220542325996306
dropped_arms_1.mp4,chair,dropped_arms,198,171.75265493687067,167.38207092241518,112.48016735582769,98.6855358587461,110.41895772263501,106.38028730742067,1.1290802044990593,2.6851125615798574,15.822307433634547,13.03468836182972,9.033257387212483,10.479320237442543,3.6231209954235344,3.9073422264627484
dropped_arms_1.mp4,chair,dropped_arms,204,171.07769902405886,167.39768982853678,107.112565706468,99.27312631368149,107.37708747859769,106.66650686928087,1.069396801442867,2.6997190583833537,15.834505197300572,13.440396696222786,9.31941800324237,10.767520310068,3.8305241137329515,4.051895326664066
dropped_arms_1.mp4,chair,dropped_arms,210,169.64778547822928,166.56566978713204,113.11246739618662,100.24567637424711,110.00377383423623,108.0947360944778,1.0469173317120695,2.5082228015019874,15.737688235559105,12.94170369441978,9.215480924930446,10.517478918604098,3.9965453738242176,3.9188222292144155
dropped_arms_1.mp4,chair,dropped_arms,216,170.44981488912182,166.1288812030676,107.19693114063305,100.14781188704713,107.3225893023139,108.38723980079082,0.8062856921437309,2.5387095444448566,15.698156024636225,13.218236175167211,8.32227917366386,9.624027950935682,3.737099364955026,3.5975585128043672
dropped_arms_1.mp4,chair,dropped_arms,222,168.41937502827818,165.17823709073616,105.8341268602412,98.85465206773658,106.93784919135001,107.81941305364556,0.7651540570153921,2.3454933501926964,15.64776500457285,12.968383413068837,7.387426830581147,8.502216042940029,3.3231446424223483,3.2211919462344896
dropped_arms_1.mp4,chair,dropped_arms,228,166.34836315121842,163.79366977593878,101.31790506193437,98.70356657894091,105.60523426796682,107.48331145675579,0.7593711622627332,2.6102376701521792,15.720807194225145,13.123544092216571,8.243511103609102,9.704885909171685,3.5737095748944907,3.5220514634634674
dropped_arms_1.mp4,chair,dropped_arms,234,166.30613037095193,163.45752866712812,108.03262217603329,100.08537008959364,108.98597380976106,108.7463008757908,0.7523339795874352,2.457092174094928,15.579613438060596,12.787515126072313,8.154825235610033,9.537232916106323,3.526183635301055,3.373050614384691
dropped_arms_1.mp4,chair,dropped_arms,240,166.77857527825623,163.8052353322469,107.86588622573701,99.7698079011774,108.21247295628525,108.26644615707555,0.6750847423611467,2.5086015963209882,15.66163815095091,12.789366269953163,8.103062480233826,9.476710255752277,3.5325613115705123,3.369603175412639
dropped_arms_1.mp4,chair,dropped_arms,246,166.00461285968865,162.58666856671087,108.8717281833169,100.01593743685778,109.0043698913693,108.12443047473776,0.7854442620138085,2.5859632945667466,15.592084239325185,13.044139920721827,8.696366958823605,10.149522003135107,3.8054303084925967,3.7439307176424697
dropped_arms_1.mp4,chair,dropped_arms,252,167.3126558245381,166.3235486632382,107.76558728494919,99.27966676531629,108.19447862775235,108.02089431696628,0.8252481851698938,2.724671176332555,15.508652502013007,12.749590684002664,8.82966520320458,10.27623440784231,3.89106204738575,3.680507380463826
dropped_arms_1.mp4,chair,dropped_arms,258,167.0917829856873,166.29866355100282,107.85038019280081,99.42576898410766,108.75487332731684,108.14921013108463,0.8557398962034195,2.4402787198972824,15.496853002018723,12.730571389781412,8.19733343730843,9.37268856490329,3.6942911907830234,3.570643045995943
dropped_arms_1.mp4,chair,dropped_arms,264,167.22165903354983,165.5678422845164,109.64860441331471,100.56136858656619,109.04484285719442,108.39034439246255,0.7038904771408188,2.454788810440523,16.392605064885778,13.131624080042931,7.5094189131304585,8.78444920010441,3.601740655814863,3.5041237486510997
dropped_arms_1.mp4,chair,dropped_arms,270,168.42324507839896,165.8493845899311,117.50788256034126,104.72776495832619,109.48067015720545,108.76682053271172,0.9248937839676449,2.4687782034781334,17.982423712913402,13.470229119334705,6.781008371844842,8.024023172856447,3.726617466737767,3.629991640953305
dropped_arms_1.mp4,chair,dropped_arms,276,168.62223896859575,167.4586790392634,116.00804841804143,104.78347103102244,108.35707765428167,107.15946536162592,0.9071147168457738,2.3261242759404386,18.68803382022759,13.779960389862914,6.209102242353815,7.311404927231254,3.5191702685957695,3.517347099418983
dropped_arms_1.mp4,chair,dropped_arms,282,168.22867972958295,166.65812005810565,115.89452546472265,105.48202372112529,107.63865568734269,107.80100177710739,0.8461479693545803,2.8266770432268453,18.420556390910487,14.083314601664352,6.20438081815818,7.714294236015214,3.654417376861086,3.5488492995289227
dropped_arms_1.mp4,chair,dropped_arms,288,166.4156890563379,165.961134822534,119.86642507258713,106.27612202722182,108.48660326367622,107.94516850133579,0.8677312848106803,2.4538204403730797,18.445676254332028,13.872612890004593,6.866519294985202,8.051323644143707,3.805299017924274,3.607085566717798
dropped_arms_1.mp4,chair,dropped_arms,294,169.03671560534943,167.28745812205224,117.39385996845564,106.58193266026939,107.81068980161938,108.45862351881084,0.9350635489821054,2.4280596448998817,18.445935122435213,13.527172412556956,7.07929877109456,8.164152812079012,3.8178740136911458,3.5768803606586763
dropped_arms_1.mp4,chair,dropped_arms,300,165.57506127994623,164.79729056700074,117.48711584642767,108.49742697951612,108.36436044913621,109.52467900901567,1.0698740507414783,2.3695885930152727,18.186137402346542,13.527775873405297,7.2650934819819355,8.401142865589549,3.8669300102735247,3.6465788635460226
dropped_arms_1.mp4,chair,dropped_arms,306,163.91828164397842,163.6507390330488,114.89131258837865,107.56567718564713,108.80635386039073,110.05873322101034,1.212083561343477,2.7569267747054402,17.533912211340034,12.489110223930957,8.373763699499765,9.890952731248595,4.300210581020432,4.1085468364813575
dropped_arms_1.mp4,chair,dropped_arms,312,166.1609002667332,164.78610872267421,112.38922645091547,103.7172130046074,107.81097690654525,108.04533514919554,1.2230240266655643,2.614519101623749,17.783300548533997,12.605852186441378,9.667332862243512,11.062432179709477,4.853237706345079,4.716283889393478
dropped_arms_1.mp4,chair,dropped_arms,318,169.99088888988572,166.56620380679124,111.46080102978962,102.32833507868537,107.02951161709137,107.28372174274364,1.423863189777952,2.8454510737477237,17.645166940390315,12.652520375474664,10.203276664572641,11.873518764393719,5.342961628200016,5.092299637001515
dropped_arms_1.mp4,chair,dropped_arms,324,167.83924762225166,166.13872466731564,109.67921479018912,102.96875943800906,107.04786758923973,107.65685476109272,1.1987954760117565,2.856404832711627,17.379825993682903,13.129925987813383,9.019291270252873,10.802450917308638,5.085890236937207,4.8207428240327665
dropped_arms_1.mp4,chair,dropped_arms,330,169.26675961676324,167.52164739558822,108.05646390043455,102.5798672770869,106.22329164133924,107.39276329430405,1.2081204898893496,2.876419429078504,17.501196753320123,12.918411590491305,8.544636035976952,10.297800285247895,4.680568687425151,4.438084974731899
dropped_arms_1.mp4,chair,dropped_arms,336,168.95769174578797,167.74632253029247,107.79620859008038,102.05486665508703,106.02561080814937,106.7569999099424,0.912819233129077,2.470888405107147,17.59942469126602,13.214983033155216,7.551723998719531,8.906804278484682,4.019040642954338,3.8421101835712523
dropped_arms_1.mp4,chair,dropped_arms,342,167.17004346917665,165.91369594779914,111.72459811159878,101.55054000816111,108.15211630326478,107.63252426933197,1.0187782415920548,2.6567113970875362,17.224861132087334,12.746426034442964,9.019275785047174,10.602662698528649,4.432202379328144,4.1491906253783295
dropped_arms_1.mp4,chair,dropped_arms,348,166.67454886082072,163.9274548285178,112.25134936327879,101.91988563836448,109.993201154411,109.92669891545954,1.19254319894953,3.176321587441888,16.31790723688205,11.709941008607352,11.463465171578981,13.740274956498688,4.9499342241803985,4.565952990212855
dropped_arms_1.mp4,chair,dropped_arms,354,162.47530163147496,159.92075160563286,116.73774011079662,97.17331221137728,115.38729334882956,109.65377562686042,1.1444849812561557,2.898750756845975,15.49078754284036,11.719762122258143,11.219613353702826,13.294701883706427,4.398583335981437,3.976489622346375
dropped_arms_1.mp4,chair,dropped_arms,360,165.16085918805953,161.6598220539031,111.74605928446057,97.28146846502761,113.17142060891312,109.6072296640168,1.2650073675886904,2.9436391611697506,15.120697178289582,11.767006461234176,13.180447473378836,15.464948152387885,5.17076205188014,4.698171819320866
dropped_arms_1.mp4,chair,dropped_arms,366,166.51667222049193,168.79542556901401,113.80197695719245,95.27901906443076,110.28376442747494,105.8170606052514,0.9934331505936023,3.0164632840280197,15.978143838552885,12.699389501731323,8.10957062787389,9.7973517215711,4.149795517280144,3.8214019835603734
dropped_arms_1.mp4,chair,dropped_arms,372,172.4613702064123,171.39025197164952,108.75489394694371,95.41996967926656,106.19499442232721,103.58101961756506,0.6672052206454124,1.937176763973822,17.35062716999993,13.669177734949525,5.041217010662132,5.5727421879365,3.8788229850093106,3.68992572472484
dropped_arms_1.mp4,chair,dropped_arms,378,168.51327673900673,167.87754921913637,107.40460496587565,96.08753432350787,104.05154031656446,102.06327696577739,0.6605678663922444,1.748100690564493,18.199604491498533,13.878507311361554,3.7766023566995366,4.202890629043208,3.5623395375578055,3.39869895269938
dropped_arms_1.mp4,chair,dropped_arms,384,168.07338603729337,162.52619900098446,107.70674903348261,97.6614352683597,103.13969384286573,102.19127995378828,0.7522313728719917,2.318269050960595,19.07606654921495,14.179847324605925,3.782501409450293,5.066729245353051,3.8031200504402847,3.6917327279096646
dropped_arms_1.mp4,chair,dropped_arms,390,154.32445356049814,171.66720524476062,109.24292247808974,100.30068839698235,105.00044772108856,103.96509524119419,0.7876298912944231,8.435759196795255,18.597809524445434,14.121866465250795,0.41681895118380213,7.776686576056772,3.311128524325894,3.307671850402894
dropped_arms_1.mp4,chair,dropped_arms,396,147.7962616776023,169.66744127390294,111.17188528636774,102.59386719694234,108.22309780222173,107.55634266219815,0.7426577673378947,10.555874453911873,17.804830200998364,12.940647878262535,2.091801037928714,7.393339229322436,2.7079569098024607,2.7691089341011335
dropped_arms_1.mp4,chair,dropped_arms,402,163.86360535727653,168.45501853930034,112.26885020337929,104.15168810904574,108.81151498769421,109.42082280615493,0.6625270894613774,11.35787570707027,16.952016994361486,13.228332798591948,4.296466901820346,6.059113311591508,2.2455128803965057,2.3036685388510327
dropped_arms_1.mp4,chair,dropped_arms,408,159.39194051938955,166.60125233103324,111.33583790968187,103.9931338391236,108.67012247080264,110.13726406852254,0.6330298285597535,10.3623098101798,16.374675274128258,12.745821001292004,3.880293719848588,5.501299680613137,2.0016805094240615,2.056360571814375
dropped_arms_1.mp4,chair,dropped_arms,414,142.8237654933413,166.8540041523605,115.15982544256595,104.28469375729175,108.8516012058868,110.15740578943432,0.7492736757525236,9.402420568873204,16.90358797042214,12.895372692315437,2.9259360635672476,5.513966243820998,2.0702450425853223,2.0913585839104125
dropped_arms_1.mp4,chair,dropped_arms,420,147.64437235437987,166.38731305289224,113.78591769702402,105.01823848406056,107.16361067897711,110.469026341586,0.7233309590227989,9.489259014109553,16.783878393907933,12.625429650151023,2.230937794555174,6.279770415820356,2.2755836955205706,2.3249258026830857
dropped_arms_1.mp4,chair,dropped_arms,426,123.00323594990523,165.88378579296335,114.85645041019272,105.38510147484259,108.98313138426862,110.86467747782528,0.7886195316404547,8.621491402818814,16.937733575391686,12.697483469499263,0.43371536450586334,7.220109701930876,2.7041597223898193,2.6005909869908637
dropped_arms_1.mp4,chair,dropped_arms,432,151.5346668913355,155.24766021936563,113.10761321984036,105.05732276939901,108.98323938553231,110.30226070693597,1.034120656424126,2.6843485071895157,17.179888060045464,12.844035196480363,8.878835271563872,10.524020875479762,3.8426612061257845,3.7339665372972797
dropped_arms_1.mp4,chair,dropped_arms,438,154.72978290257515,152.54066244273918,111.81363608738098,104.54956231582068,109.19465170936995,110.78118911301472,0.9863760141605359,2.415096909266456,16.584230349584743,12.500355936165121,9.955955946565718,11.277028811916116,3.9444325570544745,3.7876057563249383
dropped_arms_1.mp4,chair,dropped_arms,444,158.115680952191,152.6950692043878,111.30275201942166,103.88778277927251,109.15684964990113,110.26739228711308,1.1106332864426318,2.9991607226458017,16.64737331278154,12.463034782418859,10.148730952546188,12.090223192441309,4.16219695024506,4.086664729053715
dropped_arms_1.mp4,chair,dropped_arms,450,157.88515231133604,152.62860459381125,113.15167448424894,104.38373323756625,111.47737225902885,110.73744597981268,1.3138201194950705,3.2499894158563065,16.5627705919179,12.226318155849102,12.07088995734686,14.250474704380075,4.82753147386137,4.842972571720109
dropped_arms_1.mp4,chair,dropped_arms,456,157.70461317707208,152.46614685872225,111.53559668717558,103.81614187033637,110.623130600344,111.19472106740967,1.2517885872404457,2.9246414704307035,15.874279150480373,11.869273327555378,10.7199796813463,12.642030523744832,4.190723782995439,4.059753112024259
dropped_arms_1.mp4,chair,dropped_arms,462,168.0980876787744,159.6283108889318,128.54180889183291,105.95230716413187,124.12417225796449,112.98914369300056,1.1774295476712442,2.4082947331344555,15.617193169530593,11.817813265622204,9.223637531859854,10.600846852797828,3.477523094290306,3.5122804203485325
dropped_arms_1.mp4,chair,dropped_arms,468,171.76585488615734,169.38591375998007,132.10739511261548,105.97326281080355,127.56357647507937,114.69208474938416,1.3185121936713118,2.2952054789140415,14.73412449035255,11.184774331057667,9.709168726308455,10.667815475866472,3.637436867686421,3.507236848963593
dropped_arms_1.mp4,chair,dropped_arms,474,162.21014938061015,175.72759748138336,121.05110291918308,100.07906067161245,121.19166478128744,111.76069808020682,1.1646118045666949,3.3193143739514928,14.77677035804488,11.341523270014761,8.776291483369828,8.838974117841197,3.46954071596845,3.3585337263835497
dropped_arms_1.mp4,chair,dropped_arms,480,160.935300121548,177.2735949030252,114.31434483631641,100.4326414665881,116.86162766516539,111.52594342126014,1.0415799634245655,3.751873137856044,14.866628632767458,11.596828204359465,7.835253880353011,7.8012277900257825,3.5241292443897563,3.4786342887516635
dropped_arms_1.mp4,chair,dropped_arms,486,159.01526664409678,174.94112508775035,111.33104784841412,99.72074695397443,110.23063116563773,108.6650660875015,0.797134289029372,3.233442723181801,16.144172008842286,13.184144267859075,6.712647836038462,6.551244498679036,3.40845496774493,3.2672621278336025
dropped_arms_1.mp4,chair,dropped_arms,492,162.19831268492268,178.83913045630956,107.10999916511244,99.89815536442586,105.99311895139437,105.48730342306676,0.8085380174768769,3.816721888080968,17.079058773613056,13.237477253639844,6.115235545550911,6.085517847369531,3.5871981299011724,3.5526060363572136
dropped_arms_1.mp4,chair,dropped_arms,498,155.84564076123982,179.12215620384728,107.53446360332158,101.04028367799026,106.85760132581467,106.22133365686032,0.8730453228386568,4.2335128845961645,17.13969556160286,12.927422997528208,6.664847969410481,5.729497805733743,3.7838296123224735,3.8402934435783607
dropped_arms_1.mp4,chair,dropped_arms,504,169.5865304880533,176.2946053122967,107.34047309111841,101.69601859386404,106.8090689324619,106.62443724323369,1.0983093608009606,3.1220910555165062,17.311189419903496,12.972958414507541,6.53071107551447,6.100999195094381,4.138554053407767,4.209850713367034
dropped_arms_1.mp4,chair,dropped_arms,510,146.19075521281596,175.50714504949087,108.03044970547656,101.17432488593764,105.12113490398454,105.35411517178008,1.1425444840934895,5.331662888000605,17.815072159967293,13.39521563209523,7.010350825396823,5.834656190164605,4.148730671016006,4.1389752854601065
dropped_arms_1.mp4,chair,dropped_arms,516,143.81323539829927,172.5992243025936,111.5308682665775,102.53291758309184,106.96933089095089,105.77487883457783,1.140547174247821,5.329099272356223,18.38825375851819,13.233541173450362,7.249100420980697,5.944244798885311,4.372364016187867,4.375763092769857
dropped_arms_1.mp4,chair,dropped_arms,522,146.20212034441272,171.3174524692768,109.9224153523238,102.35889514988435,106.98712450859298,105.88359482551054,1.1264072973701955,6.086867719823581,18.357490308773354,12.71253901881219,8.104233466832383,6.275709849880571,4.454900143755833,4.518153347370202
dropped_arms_1.mp4,chair,dropped_arms,528,149.97574799473148,173.88368251380123,113.16122446743863,103.05638542404328,109.47445109521144,107.3670939899194,1.1551691491292941,6.007578951383922,17.89808892252405,11.966881919089388,7.637476287417621,7.278731604312507,4.385189771007651,4.419421877414769
dropped_arms_1.mp4,chair,dropped_arms,534,155.93078367074835,171.20099928394018,113.90476560077211,103.53548339100591,110.23478105197908,107.71053119066922,1.1141459457742173,4.489286806615165,17.776449881952754,12.184442383478103,7.274627558131899,8.480911447830286,4.134797890006808,4.2389153033741085
dropped_arms_1.mp4,chair,dropped_arms,540,164.75940880762258,168.8294532507199,111.14347460879007,102.98073424913498,108.39858763154366,107.7944404853445,1.7790420071016688,4.306783927587894,17.5522224043579,12.152461492050614,11.863584981148556,14.352247982684055,6.262989120819276,6.09230855333473
dropped_arms_1.mp4,chair,dropped_arms,546,164.5429675314951,166.83123635081935,111.53861247555072,101.87940596071068,108.71699520892992,107.87346946236974,1.908050804237533,3.994937237585094,17.125246415449215,12.251849034709004,14.511842432198668,17.247560468987224,7.308368169155303,6.974687308806428
dropped_arms_1.mp4,chair,dropped_arms,552,168.38975789516314,167.98763288890106,111.59921134549639,101.23407964203939,108.98051996280329,108.1187946064581,1.6244677738483693,3.722451963245358,16.828398576579037,12.063699695595858,13.956075274660355,16.473749100733308,6.725078850625286,6.261993317856866
dropped_arms_1.mp4,chair,dropped_arms,558,175.1785803074876,173.71952189207104,108.93280118528645,100.48436287306535,106.58406234797684,107.13541918211475,0.8717948487391566,2.139904706307129,17.11643261506243,12.500023974366448,6.232368619599078,7.063378378491496,3.4725501361538504,3.3291269991997687
dropped_arms_1.mp4,chair,dropped_arms,564,169.8520993152248,175.5307889559317,107.66508725481583,99.4650617938929,104.08504000353003,104.6299863013254,0.7638460981128555,2.060604590267999,17.79211680056895,13.552401646226658,4.52002253799956,5.408430865892674,3.3454478169514736,3.2715559962571024
dropped_arms_1.mp4,chair,dropped_arms,570,168.71552736485702,169.60415680565194,107.79470988336047,99.50990627558915,105.29773692606996,104.06920579755847,0.7477636411142068,2.140951988760436,17.694319142402374,13.067269471574635,5.251849160361461,6.220493752153279,3.6521431760453273,3.720742665381066
dropped_arms_1.mp4,chair,dropped_arms,576,167.54315663228843,168.71421913834035,106.09829816880054,99.8808787205208,104.99160589809586,104.47036383011465,0.7120768238100019,1.9666386700341296,17.65039458246355,13.030203064806829,5.272543983818844,6.034138025335769,3.538484020495173,3.6536962490805585
dropped_arms_1.mp4,chair,dropped_arms,582,169.77237763752402,170.28870377055011,105.05086012586521,99.45220826935955,104.37291204136953,104.20970741085802,0.8418801470557158,1.6453429314265833,17.510432942734194,13.155659191844462,5.150864739885359,5.485227302466474,3.6329313592996724,3.773546220345983
dropped_arms_1.mp4,chair,dropped_arms,588,167.51800937732273,169.33059076966987,105.71900075199649,99.3746836919427,104.44604925676185,104.19827403585336,0.7489441640381382,1.648573282080102,17.86236917105353,13.31074931359913,4.125359351517842,4.290494187413787,3.89797599620739,3.988220037632669
dropped_arms_1.mp4,chair,dropped_arms,594,166.5810364567013,167.07863194824202,106.07914906334778,99.24329354000606,104.55761868212603,104.43960191462487,0.6663028985290618,1.2919774815449143,18.153568504803978,13.200057813735263,3.691124249708938,3.646179356613862,3.269180291680475,3.384320314931557
dropped_arms_1.mp4,chair,dropped_arms,600,168.9718249488508,168.20998884246495,107.7584846819484,100.1413674862162,105.53511907296787,104.35162315908195,0.6797287672290464,1.3828175593362,18.351791069859946,13.38511539757743,4.069998182105754,4.029289327579381,3.5536115406802926,3.6738358964693556
dropped_arms_1.mp4,chair,dropped_arms,606,165.86011122651098,170.01879047881647,106.43701449575802,99.60273556616028,104.37313514335959,103.4761247170188,0.7053260472174917,1.7182288491560844,18.310147921435117,13.374580866313394,4.788132314705069,5.172412094285092,3.643627672940292,3.7975160906343195
dropped_arms_1.mp4,chair,dropped_arms,612,170.66292941929785,170.95487825278633,107.3925926554261,100.37580580643211,105.93990402552848,104.9782155358363,0.8263341240018696,1.925144751838596,17.51149841995991,12.771430881859512,6.273158774395217,6.800610832100538,3.79623058892257,3.9334892687825342
dropped_arms_1.mp4,chair,dropped_arms,618,167.74754515543808,169.1022933900359,107.65162426851177,101.20365234703642,107.6568813514612,107.5705472800568,1.1589096786824586,2.3787254561903275,16.782886322131038,12.671401250050204,10.191426903950166,11.286057986309759,4.723647167368942,4.782872160338521
dropped_arms_1.mp4,chair,dropped_arms,624,166.38450573265987,166.25424060275282,107.31654517725714,100.86432240708285,108.32714267018018,108.30026259868283,1.0331468967410644,2.9385398415560915,16.04360948006259,12.481903431188881,10.187520117418616,11.96724924326574,4.509841429741151,4.506566713732437
dropped_arms_1.mp4,chair,dropped_arms,630,166.94748685593044,165.77788746678283,106.44284333590656,100.07871526278149,107.46295545837464,108.21465768039754,0.9799471971323624,3.0527578892340363,15.50921429319934,12.691898040674406,9.786083336391894,11.78034321674396,4.369363832598945,4.1485524776377485
dropped_arms_1.mp4,chair,dropped_arms,636,164.28078253863393,163.95951599051224,108.76087414377135,100.07476814547627,108.70175322046262,108.5797352446521,0.9604708139022675,3.1046816065946126,15.411301659024986,12.746128164608914,9.662160770584643,11.74380064753899,4.297149172388786,4.122012218578936
dropped_arms_1.mp4,chair,dropped_arms,642,171.0115189851883,169.4773090147836,105.04507040122465,99.21736939594683,106.46348669364977,107.37625457407358,0.8623635431772758,2.12990244825528,15.58250757428799,12.971399179942969,8.202623411607938,9.21860522176263,4.009450036159937,3.8672256471892967
dropped_arms_1.mp4,chair,dropped_arms,648,166.69114924644336,172.84223270612011,105.73378495787112,99.00137839458418,106.39783557891228,105.8996800316736,0.8159609364105055,2.0994498560677965,16.524211552554036,13.222189203750565,6.2440639590453895,6.856088654299493,4.117495435355516,4.108030399529663
dropped_arms_1.mp4,chair,dropped_arms,654,164.12246170046308,174.01794422470036,104.45041770731031,99.10429410979974,103.11720282837008,104.02407791777054,0.6252067041964218,1.5397066295897628,17.772979179436124,14.164451350405923,3.485691636269527,3.4265713978151546,3.253597521724124,3.2697462648371998
dropped_arms_1.mp4,chair,dropped_arms,660,165.81229665102592,172.20662342694504,106.36793986738789,97.70063609180717,103.88197903024684,102.0581237664407,0.7590825945751707,1.3502428149781014,17.700968953199443,14.25900648113229,3.6308743475753027,3.4869289959585594,3.7315739857387964,3.7262316837258926
dropped_arms_1.mp4,chair,dropped_arms,666,165.47562971024328,169.6328215558933,105.57664238889875,95.3696315363154,103.17014937653207,100.45631002344129,0.6303679678876724,1.3087871962948536,17.921684964553567,14.31664459989408,3.7487488953158037,3.6281304034024546,3.473261071613721,3.5547241439692545
dropped_arms_1.mp4,chair,dropped_arms,672,164.124415121318,168.8589530453934,106.41631883351079,96.4369339226321,103.56145415981648,100.12161629430054,0.5828219145666497,1.6202011370972293,18.73790817248144,14.031979060380054,4.574652324166588,4.94518270012799,3.321313599260072,3.4709644011064116
dropped_arms_1.mp4,chair,dropped_arms,678,169.6312823507322,171.33445846699604,107.44895071138025,99.38124229707806,104.44914466478812,102.86529460842111,0.6560079344655817,2.061695274856654,18.59520634844239,13.57480788472132,6.307545394134208,6.9981881838260644,3.825472702833036,3.8664580777528315
dropped_arms_1.mp4,chair,dropped_arms,684,169.2591578828368,169.6631052961078,106.21760480339071,99.58464847045381,103.88829909119113,102.8205788009597,0.7948005066242808,2.178309806735677,18.5347137083808,13.814841124943943,6.579205841659276,7.418724872620213,4.1553830786041495,4.256314244375892
dropped_arms_1.mp4,chair,dropped_arms,690,172.1329829054738,169.52334627660684,105.56704040009767,98.26516243529994,103.42521467926726,101.7305517754303,0.928159993154444,2.173281002289502,18.643762518520525,13.768764711860838,5.988096746292784,6.918195439104526,4.269319744279153,4.4110202873584905
dropped_arms_1.mp4,chair,dropped_arms,696,170.0747014989154,174.0976499228826,106.00336712743805,98.29212471511698,102.97814341282336,101.38180820355197,0.7291818129438989,1.9425146106067042,18.81179118464147,13.685353400743786,4.523945614355777,5.076041951033918,3.67652348954086,3.760643848061683
dropped_arms_1.mp4,chair,dropped_arms,702,172.67030586585247,171.5520536698456,106.47530135034552,98.46626246086028,103.10930395497768,101.10764989515475,0.5888348861820264,1.4087741734045074,19.163769347422495,13.92761348677176,2.8549611116375977,2.7978666881879497,3.2326748463566215,3.325587109004779
dropped_arms_1.mp4,chair,dropped_arms,708,167.3616037730958,170.67509540969544,107.95136356445168,96.01843695721097,104.68163019735526,100.85792276340477,0.3686316508840098,1.3691501848070096,19.114681512391954,14.04972916425132,1.2366986497445336,1.116109498658267,2.9627359747520545,3.051732946771603
dropped_arms_1.mp4,chair,dropped_arms,714,161.76223349213237,173.3987282312088,103.06513313188724,94.98839555789645,101.78254788350797,99.66511667314533,0.3732649042715578,1.58631800763887,19.001839567198857,14.357869475325046,1.6128518035897765,1.2572220571042332,2.8069937428142357,2.9182738088538156
dropped_arms_1.mp4,chair,dropped_arms,720,172.45701642441585,168.67034015994753,104.14817303580725,97.7301601446239,103.39753053416393,100.97495443063269,0.4124440796357776,2.0603482159844337,18.71889413925688,13.977984585881291,4.36716893454003,5.004163480964289,3.192610678619169,3.371670418175942
dropped_arms_1.mp4,chair,dropped_arms,726,169.58954578774083,159.0664745096534,104.01294323257424,97.98640435502983,104.65171811326708,102.48188797160267,0.6825561624241911,3.9535668950585503,17.945974971256774,13.368336997967749,7.129979131834129,9.852485459328856,3.9721068691169075,4.157111214258037
dropped_arms_1.mp4,chair,dropped_arms,732,178.4342013769411,164.82341461149807,104.37947290802033,99.30849898879553,104.14787338510585,104.06873434300427,0.8087427882842042,7.38188004260474,17.988281015016444,13.308844828936088,2.426555483013926,8.809307722663583,3.601747106210175,3.6660651875118138
dropped_arms_1.mp4,chair,dropped_arms,738,157.4116004957559,170.8539764187593,105.63034035624662,98.65889337388178,102.91558416731155,102.81321277730395,0.562978815582169,7.556161420893576,18.727205962471313,13.349017224695853,0.18172812134777383,6.742252357174637,2.8721262491378643,2.8781091787355217
dropped_arms_1.mp4,chair,dropped_arms,744,160.61271131345555,169.0311657841254,105.44126838945529,98.68370907973039,104.61068556908282,104.48862145545804,0.49678649962502613,6.921273975032981,18.05475194701018,12.82209208071606,0.3381260711690114,6.274904380427852,2.6418508506374403,2.6415515508640786
dropped_arms_1.mp4,chair,dropped_arms,750,171.0743389367634,169.28365295959176,106.57252056442512,100.48226783620585,104.48426834619004,105.2990040186158,0.7585959854100497,7.756282918130917,17.88063765243809,13.803445579873797,0.6310454169251717,7.390613887908611,3.177238362825574,3.2465306340798588
dropped_arms_1.mp4,chair,dropped_arms,756,172.21921808472243,171.80178599805345,103.68108832174848,100.05737307400366,104.19951993050923,105.28850119115776,0.8138583256365648,3.0082757775473477,17.52807725469848,13.341903125586086,6.264758957073434,7.9551725022520525,3.697156833743963,3.786141248874187
dropped_arms_1.mp4,chair,dropped_arms,762,167.41452451848804,171.4896649972828,105.23805733427932,100.9079353124826,105.51860794165039,106.2982124337623,1.1013486629148004,2.663796752949063,17.695338476759602,13.099687247806928,7.110837130767942,7.015137749700804,4.250418529219577,4.34474920936517
dropped_arms_1.mp4,chair,dropped_arms,768,170.32850249618076,175.1168973640859,104.29653248673789,99.41213315807674,104.47809694813625,104.50859803681296,1.577803870666931,4.437528481872705,17.959322814128285,13.1342643099032,9.802647979882828,9.137948077567785,6.159390693394897,6.33304120381934
dropped_arms_1.mp4,chair,dropped_arms,774,164.81581460119853,172.6912518066201,109.4740624614822,100.18712251567335,105.1410931790472,104.69022533970035,1.5633142695369968,4.538435106222782,18.83147413460249,13.372467181600172,8.85257565917788,8.625459876019402,5.886455535810318,5.795803883039513
dropped_arms_1.mp4,chair,dropped_arms,780,168.98929634836455,173.7962267738517,108.7728581536782,98.67597482067826,106.63074850738982,104.35897108748007,1.155743619950817,3.967236364316775,18.452803919569796,12.464104420051353,7.956079690711889,7.918721103671082,5.034229872603869,5.218726061158378
dropped_arms_1.mp4,chair,dropped_arms,786,168.40161350356595,173.27284894812604,110.10293594033435,101.34818552709146,108.67407697874816,106.28198634623726,1.1543706974893615,3.9203066645143774,18.37378633180782,12.196710248691417,7.866068119192129,8.2601244956865,4.709783399562266,4.844605929367758
dropped_arms_1.mp4,chair,dropped_arms,792,161.94557367469278,173.06505316214398,111.72576286450564,102.30446636618215,108.90823602811973,106.68911690917386,1.0879931455641934,4.2411131873464525,18.758882476791044,11.882121518982133,8.350532799349049,8.184020055885759,4.687660407295925,4.740069691282489
dropped_arms_1.mp4,chair,dropped_arms,798,160.88920600647066,174.90998899462372,107.66622624085237,100.38020261398306,107.29486713638414,105.49031154939696,1.0875727931275676,3.8685997288402767,18.726589870720673,12.07674224377034,7.173770164956487,7.312637202304086,4.272138037935776,4.367124418713823
dropped_arms_1.mp4,chair,dropped_arms,804,167.46886707878596,171.62201225197293,107.68727862230965,100.42480718763039,107.04473510077997,105.56994914428161,1.1113180176493038,3.5186710306688274,18.62475641566678,12.384046927099629,7.6599226549135055,8.957471249735097,4.509989768410025,4.4850698656316865
dropped_arms_1.mp4,chair,dropped_arms,810,167.5030754739818,170.05886987359096,107.13289503056257,98.85685833842278,108.03363999777977,106.61860455836334,1.247904983764662,4.066859008427363,17.30129826771304,11.85328924024098,10.366932858784155,12.840165170396935,5.398438175541425,5.170262910809196
dropped_arms_1.mp4,chair,dropped_arms,816,168.4035741068728,168.62465779992567,105.79685571860153,99.2937865103957,107.64394413365332,107.98044073403054,1.6079140435645676,3.4122319732899595,16.892842026175053,11.905474534444728,11.354042115361011,13.766655575402861,5.610690776632456,5.287022702574228
dropped_arms_1.mp4,chair,dropped_arms,822,167.72836818798885,167.2322327381459,110.14042671578656,101.14938883905226,111.44693450505835,109.02353558428771,1.3028511761897152,3.527877916142806,16.342434142182338,11.9562507860872,12.047101427338578,14.685028908037497,5.3360846749184425,5.170761700663499
dropped_arms_1.mp4,chair,dropped_arms,828,167.24109445179437,165.44619147023917,112.84121272273859,101.45915435561439,113.38216904151314,109.77822377579054,0.938427707383826,3.3021719101562423,16.280730821711195,12.185317655861104,10.934986463352583,13.278764816625397,4.680857798449882,4.5315388836923205
dropped_arms_1.mp4,chair,dropped_arms,834,159.22666419008056,149.0837257995226,111.73569642816665,101.31654924929661,110.6082784672987,108.52448749027737,0.9767757759203981,4.664773297688408,17.261385193775723,12.65916129836742,8.53823907156927,12.30374213729408,4.586358333771504,4.419380879914848
dropped_arms_1.mp4,chair,dropped_arms,840,159.8581719934864,164.26134840782146,114.37232712831893,101.18371841818986,108.73085797405615,107.32624130127081,1.2472728604569874,8.736713594660616,18.115639856789443,12.32774114246678,1.732279604677659,9.539840692974176,3.6899523649965404,3.7105870301317903
dropped_arms_1.mp4,chair,dropped_arms,846,167.2157800677514,161.36120611933143,107.25717579933576,100.80548298577742,104.24941920089105,104.59038687515458,0.9265095924955602,5.5004092385755285,18.694848134404243,13.601787786465787,2.7907320398034225,7.0919297401969965,3.742135965396116,3.851939566549237
dropped_arms_1.mp4,chair,dropped_arms,852,157.21007267214722,168.98451563270248,106.65362516462889,99.56722668657771,103.69626192862951,102.63363626755624,1.2112530862234445,4.391660588074111,18.88812692177066,13.900024222594503,5.315050423557646,5.249556132561019,5.508733794619337,5.579816970032733
dropped_arms_1.mp4,chair,dropped_arms,858,157.39607066522862,175.43788794241564,109.72247000040683,100.57154589366976,107.58011425983838,104.11239561330353,1.036634081500924,3.6711621435044806,18.454404630948464,13.376771170457204,5.033142539025932,3.6507047229697576,5.112292072196885,5.153776917094714
dropped_arms_1.mp4,chair,dropped_arms,864,176.74185508739023,171.11240959598246,107.31152900823356,97.50377074127778,105.89595521912375,103.73975471898083,1.051119420180989,4.340177511335245,17.958215939571936,13.026179279395526,5.492157766136057,3.411772550010165,4.983947294512119,4.842750973881988
dropped_arms_1.mp4,chair,dropped_arms,870,144.12380454595066,162.0665655775846,110.82674392850072,101.76280020745702,108.05252090761586,106.0852035856924,1.1256133850517236,6.117516492787253,19.084969840101532,12.65111445976902,7.643871626437994,4.51587926568214,4.787621267601129,4.713055639357086
dropped_arms_1.mp4,chair,dropped_arms,876,162.98697295777686,171.0930136219254,107.89262472489249,99.99743644953737,108.5775427948426,105.35728420653042,0.9302640452109379,3.6128281424863258,18.77564461918355,12.344388457073315,6.084042686657702,6.578207761493188,4.537225838174867,4.604765613720557
dropped_arms_1.mp4,chair,dropped_arms,882,171.06175231893545,171.2833550804546,108.47518365329292,100.57416255673225,108.6529311427527,105.9999209667983,0.8504490955307407,2.775518882179044,18.603144423513566,12.349041585049584,6.426912014624489,7.909646522978872,4.129565769479719,4.187634534259537
dropped_arms_1.mp4,chair,dropped_arms,888,164.17721238516725,157.95675352337102,112.31839254048904,102.05817781738592,108.12330892279553,106.12165039983101,0.9348004612151405,5.419431390552364,19.02406126493571,12.614112592383023,4.005119071377721,8.437011295373885,3.9468697650440534,3.8982339874546827
dropped_arms_1.mp4,chair,dropped_arms,894,155.23596633436065,162.25857604679925,114.50407196803692,103.15956935010448,108.7866465808732,106.74861917886055,0.9273553588724897,7.055306605447085,19.55619239853901,12.494628593553577,2.12333790519627,8.153885821355582,3.7925487830311093,3.873160838035604
dropped_arms_1.mp4,chair,dropped_arms,900,150.63910454981698,164.3694030387561,115.57726611049024,104.14668293721219,109.5113021108803,107.3818727826509,0.9780972306892343,7.030343326934465,19.640598618101826,11.97241081842609,1.6999336755996628,7.651587757665391,3.460317650906816,3.5863486094147876
dropped_arms_2.mp4,chair,dropped_arms,6,164.05268675594277,162.07587826913874,110.8400973342528,97.18460099285008,121.79105421398879,114.50552864381392,0.7122152515282357,4.970935578988016,11.157182635329567,7.909388927663445,14.36700610501693,18.613986133022422,4.319778622919581,4.603232928214099
dropped_arms_2.mp4,chair,dropped_arms,12,160.2894432143858,169.53448365950513,108.61445708948744,97.46785028224167,117.59265299706297,112.97090752282375,0.23225435458687502,1.8767973400981102,12.595954082099409,9.132674524896327,6.021095207013763,6.692101013678294,2.4866946690978073,2.504546342437461
dropped_arms_2.mp4,chair,dropped_arms,18,164.6698777389067,168.95587435651512,108.17945426695131,101.06425214162493,112.87910121018659,110.92058036432802,0.23273587832553577,1.6881171441476084,14.135016383175444,13.249637664340339,5.229382245778231,5.753675417607301,2.743308541220714,2.7470607244865137
dropped_arms_2.mp4,chair,dropped_arms,24,167.8868635695639,166.5030734727661,109.10509841083395,101.81550089120462,112.64811891660489,110.76367615867699,0.22855118918675438,1.4511903628547893,15.288080393834276,13.187850155594116,5.0716770245395795,5.519624352052356,2.7883842792547013,2.8779054933492976
dropped_arms_2.mp4,chair,dropped_arms,30,170.52037042041346,165.80246353923118,109.59534567095919,105.85489402572381,113.2759249906533,112.14905028590688,0.7967817267032519,2.4584990109862312,15.582640725196468,12.851546245401378,7.64779302876169,8.85396456118189,4.400652666365115,4.645240410679377
dropped_arms_2.mp4,chair,dropped_arms,36,165.2599590587757,163.92427681679112,109.74906765084513,105.24961183346223,113.8572080171387,113.46217313022964,0.5941383286284743,1.8853442533353142,15.617987358386712,13.009342919422453,6.024450309085962,6.873785482457417,3.519753869706919,3.550259760792826
dropped_arms_2.mp4,chair,dropped_arms,42,167.60019940736848,168.80702830573767,108.38315000742688,103.47874937772102,111.99269442667313,112.64306882705989,0.6879736471356321,2.2732038096749125,15.357312819284521,12.85418485315189,6.583416470327605,7.810338603483823,3.9321118429949133,3.862445317387159
dropped_arms_2.mp4,chair,dropped_arms,48,167.65953440888586,169.39306169628787,108.43003902968157,103.6820179227294,113.21942541360804,112.64957881561554,0.42411447513889483,1.9573621574901545,15.098926422959078,12.633678996123654,5.291656657935003,6.113952985558894,3.038184814023396,3.0847661316958375
dropped_arms_2.mp4,chair,dropped_arms,54,167.53676534608945,169.23944549563004,111.30328532290943,103.15702376333216,115.13429561757924,112.61734838004831,0.46670229830164767,1.8071905125863075,15.374018304182046,11.974080335164475,5.071612620488782,5.830173633583427,2.8086359251405564,2.925855254677276
dropped_arms_2.mp4,chair,dropped_arms,60,167.56857313573784,168.20164625119997,110.39697630673277,106.34926810698782,116.9201215623729,116.33480381263819,0.6043008870782527,1.7917265044630508,14.659213545117382,11.671787998402378,5.345902405469695,6.062495716073165,2.796058665769174,2.943337373866415
dropped_arms_2.mp4,chair,dropped_arms,66,166.4791593853463,166.1686148688475,109.79924567731828,103.81498694049364,115.4578561103768,113.8087077639232,0.6056918318884674,1.713572604171825,14.60006953082668,12.13201834025122,4.856833423441134,5.553824444013573,2.56121607568197,2.7091004842725144
dropped_arms_2.mp4,chair,dropped_arms,72,166.13316857699422,165.23678595255106,107.69609071231315,102.51600820007097,115.77369617640626,113.61238276110376,0.5672984572648107,1.6644661581659186,14.119644512232611,11.412928961976588,4.8650865501660245,5.5427198962749324,2.4401371478887692,2.5898165096870494
dropped_arms_2.mp4,chair,dropped_arms,78,165.2174745382359,165.9811487018714,104.89567028678948,100.78837002782242,114.04166194803202,111.69886745915282,0.513516751332402,1.6759614423964144,14.471085721351706,12.052779609668526,5.084464196254468,5.7701466674225355,2.5189235387322984,2.774420483652851
dropped_arms_2.mp4,chair,dropped_arms,84,163.6102998228667,160.98902276115112,105.4578117528855,99.75321849497442,111.99375077453932,110.64136648529353,0.5165204318362023,1.5501869172030311,14.824075220190046,12.592778798337505,5.053323796374879,5.601508125578342,2.624717037232751,2.8026485502079006
dropped_arms_2.mp4,chair,dropped_arms,90,165.00269185160965,162.3037846969265,105.76336598938691,99.10485823022381,110.83716448447363,108.44748564417715,0.5585930735667983,1.7421785593345345,15.165565626906458,13.140261236425044,5.123936995469353,5.845553311985816,2.888853916314244,3.1409466383207274
dropped_arms_2.mp4,chair,dropped_arms,96,162.2712556294924,162.3721024927578,103.42837929795336,97.88280179403894,107.97856960942936,106.53667791521883,0.5703023635897045,1.915960393361705,14.963184367997307,13.943046180548109,5.234492706517067,5.989496921795089,2.8943757229334777,3.203527931810514
dropped_arms_2.mp4,chair,dropped_arms,102,161.21221500907737,162.4565362729037,103.25547674024673,97.51692573198815,105.73712738211772,104.61926707456452,0.7248855365660807,1.9297380943551672,15.718641869896635,15.196351399409808,5.9832652194198115,6.9926624288477885,3.5950810108754157,3.7859551547044874
dropped_arms_2.mp4,chair,dropped_arms,108,162.18618891567297,158.12424138949248,100.9958381027863,94.18174625967988,103.45759619693085,101.70027723812211,0.9421616978887295,2.5462834854468768,15.442797892458987,15.290688174190267,7.905704113157086,9.02907315775068,4.7228026783734585,5.00083601775096
dropped_arms_2.mp4,chair,dropped_arms,114,159.7184784680005,160.49742554178994,101.0866747164666,94.73333578724096,103.43021581884685,101.99186030080625,0.6815835276531769,1.9683079756018913,15.845695538278747,15.988814905475039,6.538083417257393,7.3910972508673245,4.084402752087403,4.258243616700963
dropped_arms_2.mp4,chair,dropped_arms,120,160.05175736758252,161.65364179680847,102.52319256166084,96.12213936212098,105.1254366320773,103.04189433565097,0.7148173019182941,1.7252704263375869,15.676604954096097,15.634970177668526,6.705864357803844,7.379714211984707,4.140729567419579,4.3755080476078545
dropped_arms_2.mp4,chair,dropped_arms,126,160.03101582649393,163.3788815882041,106.10749708839153,98.8208521517324,106.16946511300148,104.56558313027847,1.1440768234253353,2.9965371838396178,15.758102293449667,15.304918392460626,10.946779836590823,12.66950742743702,6.410507640770146,6.683983582890027
dropped_arms_2.mp4,chair,dropped_arms,132,160.85805073949837,163.5923294817716,106.65865993509999,100.77771411354277,107.84681239919617,106.84080022374242,0.8509604306341639,2.4743984741552416,15.687027662540393,15.180103149362262,8.479829071238507,9.859635787926766,4.902117126352708,5.0638127455918225
dropped_arms_2.mp4,chair,dropped_arms,138,162.39637175410795,163.63430437543784,107.32207451680135,101.79097649247174,109.2926377483797,108.31700376155395,0.8175164805898976,2.4445633804014126,15.661474197978986,14.882546606309964,8.379135799511364,9.651765893000249,4.712111639882288,4.864679919759001
dropped_arms_2.mp4,chair,dropped_arms,144,161.84684567784163,161.71838205830355,107.14954055323892,102.56184645986299,109.75901967061425,109.32330339753348,0.6163346203217474,2.016598630347555,15.364775130132843,14.574833605415732,6.614996023842609,7.461556910591683,3.7360626980974314,3.83351477946205
dropped_arms_2.mp4,chair,dropped_arms,150,162.6763157111941,163.00987060876068,107.08308205415997,102.81343813347772,109.58075861686596,109.39536364780078,0.6387685870355067,2.0869917144714707,15.722279202436866,14.288332130297555,6.577870150763529,7.453585953462247,3.752276290924955,3.884626366133743
dropped_arms_2.mp4,chair,dropped_arms,156,157.9455110302946,161.5322172207545,105.87840507479453,103.55896002377011,111.55396450716607,111.55306335066736,0.6835914450030468,2.4890152082836123,14.854724374180158,13.549265799979159,7.41492779048066,8.57978564178803,4.1328443793007645,4.231176668857545
dropped_arms_2.mp4,chair,dropped_arms,162,162.59319197463853,163.1581275594337,104.406955419399,100.52780254797078,110.74979660372188,109.78986088726336,0.5976286918874512,1.8429045379165498,14.798060543173422,13.69565930510896,6.0271770300548635,6.699841868052375,3.0382176169030553,3.1850617510879995
dropped_arms_2.mp4,chair,dropped_arms,168,162.61029024999536,163.9831869982874,102.8016181833186,98.14986928291825,108.28791762529892,107.41329560937959,0.6617014579532631,1.955375800745474,15.194088374442922,13.90102747307811,6.758104891583448,7.572761665061154,3.455892117800348,3.5705479315685107
dropped_arms_2.mp4,chair,dropped_arms,174,163.47064240000122,162.8740106063979,102.16490306680285,98.70537961574844,106.8265172945239,106.54112060252453,0.8403301828473702,2.0432167503328986,15.199902669700075,14.699698345472537,7.558821353386628,8.462208864956516,3.846576450876226,4.12534457885137
dropped_arms_2.mp4,chair,dropped_arms,180,161.2981603348779,161.6889150949379,99.22742323114258,96.16690774611614,105.61732689407714,104.35203832667514,0.8050443699764201,1.9133223663550218,14.643487316054218,14.288306968490108,7.122482633284644,7.974428496571929,3.4823304726716833,3.7721903868072335
dropped_arms_2.mp4,chair,dropped_arms,186,162.886739242222,164.08137121857098,99.16368338753568,94.68791275793261,103.74530267450419,102.16136071729728,0.7856376439589058,2.0815532451194616,14.93900252099865,15.297855298339284,6.453250485693559,7.431728667299237,3.408505564033488,3.633864859729523
dropped_arms_2.mp4,chair,dropped_arms,192,163.83864281804253,163.38455153386448,96.54130919832579,93.40460235375268,102.4197780599904,101.89265322329695,0.6147284957146351,2.1983133977078,14.82138139539903,14.401591503996551,7.376546264358447,8.480978987512904,3.6784576003338953,3.94024268037616
dropped_arms_2.mp4,chair,dropped_arms,198,163.79500072490396,165.0662098785023,100.63475235436775,95.8092584210056,104.69268137664542,103.6764039499684,0.7201859499508685,2.323278141589946,15.241701083172309,14.26377466866674,7.981505113891723,9.141560317933557,4.0092672833562135,4.334263775149717
dropped_arms_2.mp4,chair,dropped_arms,204,166.73439488382078,165.2634589973527,102.59563444374595,97.93145207797068,108.92877988222925,107.87236761469356,0.7191994470063567,2.1686334175292554,14.889852066975351,13.327661774529625,7.430098317625026,8.551435456878496,3.654489827028863,3.8748285812955143
dropped_arms_2.mp4,chair,dropped_arms,210,163.47726194987325,167.16163420267938,106.35286362403282,99.70648138785191,110.48281024566484,108.09869844241537,0.657787567080471,2.2937095753683936,15.034866137784515,13.553685615271577,6.489435447719456,7.829993732562814,3.348432531237253,3.594096721039345
dropped_arms_2.mp4,chair,dropped_arms,216,167.73940848282152,167.56198362521573,108.26261602944575,102.34087689630799,111.75326696037214,110.756336227976,0.32096647378794513,1.9458486107212098,14.542802556522155,13.343744078965278,4.872028768188936,5.76675870379991,2.6857659670484852,2.735349592595043
dropped_arms_2.mp4,chair,dropped_arms,222,167.61059837145316,164.5069602720064,104.41145448495668,99.25262815297572,108.43065301681207,109.70416338890031,0.4645450311906187,2.34774691499944,14.03713937634107,13.678938728270642,1.4741018979052438,2.7326060284844598,2.4063697858175344,2.4703738439023177
dropped_arms_2.mp4,chair,dropped_arms,228,157.03237301519152,157.87363454675798,99.95187123431211,98.27990081538194,105.54665418959868,108.27421676293855,0.8805252460004028,2.3987766194685696,15.021020667339663,12.988190507634034,6.740450897380444,7.793890064600152,3.5994715545206946,3.876041677404432
dropped_arms_2.mp4,chair,dropped_arms,234,173.42032701301366,179.39049095179766,102.8190695220327,103.32046465820062,108.20201395605696,112.04551928583194,1.7117848040189407,2.7507072434163278,15.597769223814346,11.800782954649707,14.517232782010936,16.245653033792887,3.478404073527945,3.4853183778888477
dropped_arms_2.mp4,chair,dropped_arms,240,169.85973013684264,176.74933909890066,105.49485485831075,106.74414501472175,108.53272510962401,112.91272135225388,1.1835306590928456,1.6525623906158733,17.829547537516714,12.219835769560662,11.507578395131352,12.487294399484407,3.13284351488608,3.0215070285800145
dropped_arms_2.mp4,chair,dropped_arms,246,166.41937628753777,177.53857410808675,103.41087237563849,104.67497857689602,107.16556177163633,111.14456857754526,0.8337074048268391,1.3182062535023342,18.762625053901555,12.384067672629184,11.454481778666212,12.45960456907017,3.216056526766784,3.0857714832560528
dropped_arms_2.mp4,chair,dropped_arms,252,165.35391462059604,176.15072599642593,104.01048163172031,104.62226874510353,108.44532403167439,110.60379977020195,0.5972120243722798,1.1460261579347408,19.116249821964132,12.1074622920793,12.051966008646582,13.13307976278882,3.3164269740165824,3.3007583614178526
dropped_arms_2.mp4,chair,dropped_arms,258,165.5010791856894,175.53557058403902,102.6533489350688,110.4385185705156,107.14135895148019,109.89929923839985,1.5374819883432067,0.9408241228155124,19.190801428642985,13.610353818244498,13.087734134260975,13.99652109710477,3.502718653366319,3.9497066823624634
dropped_arms_2.mp4,chair,dropped_arms,264,176.16586456296926,175.04104301923374,102.07529885715675,102.74710477210762,107.94554829320894,109.03348568651151,0.8279236379865651,0.9434883465131468,19.09019787074027,11.853173239620336,13.63377828955187,14.667703674117394,3.607540896535409,3.7376553324613897
dropped_arms_2.mp4,chair,dropped_arms,270,164.46336137436697,173.7438764580402,101.8711961129308,102.66869471518766,108.49788594253837,109.61128804530252,0.5807229149058722,0.9974102424149364,18.9451595671613,11.480362374845885,11.437739664675957,12.473929162423337,3.00215923514416,3.104755211254535
dropped_arms_2.mp4,chair,dropped_arms,276,172.07223539127338,176.08993877926267,102.83052518417578,102.07047862302768,109.66707805730857,110.17545544323343,0.5576182243610451,1.033214686887606,19.081751556252183,11.470863178437682,12.089750812300053,13.2166852447118,3.205959865411553,3.2759577898097554
dropped_arms_2.mp4,chair,dropped_arms,282,173.72018839862196,176.28228735688583,106.82144615755797,104.48765949523553,111.2324642704597,110.91328678794162,0.4960123208459242,1.1742328995133167,19.17753533871848,11.37590779624925,11.904833015093995,13.121000092910009,3.10525009259054,3.2290847534878653
dropped_arms_2.mp4,chair,dropped_arms,288,179.25784743126826,175.26837901108303,104.04184157450908,102.49637719590847,109.45173409056191,110.03662774510529,0.625901141339643,1.4655658363491553,19.387400100552785,11.064058884187457,14.145927053088434,15.673060030486285,3.6621865270524334,3.835804280438519
dropped_arms_2.mp4,chair,dropped_arms,294,177.47298768445694,175.32564013634843,103.22316624370903,102.69911227383747,107.82459116653664,110.06101524649111,0.5913985993016051,1.2955968182182163,19.81043981515987,11.174948587236555,11.209346137611723,12.568930929898503,3.0634742501621433,3.118611543646119
dropped_arms_2.mp4,chair,dropped_arms,300,176.0287889748371,174.18586473385844,103.97642491865122,102.9214238021474,108.23507184062686,109.19072752585386,0.9247281904665244,1.2021685854075024,19.939505797072183,11.433887836101905,12.60642198002816,14.054360566812571,3.388417066428718,3.4997784413100987
dropped_arms_2.mp4,chair,dropped_arms,306,172.84412419063693,179.3933107361977,103.07957804683495,103.7913365592769,107.65875183253925,109.71881075998708,0.842872846798903,1.7631270208358143,19.95108400007138,11.186352441406457,13.057353153066412,14.973928886951722,3.5380907088169433,3.777674499222085
dropped_arms_2.mp4,chair,dropped_arms,312,174.85198135718997,171.1438145244605,103.10169295688584,100.80747454478525,103.3481767277223,105.51697329905659,0.728924783368247,1.7990233864777592,19.648427322763,12.576190003045289,6.807852065473264,7.827969441324539,2.3966486566608984,2.5858347348997466
dropped_arms_2.mp4,chair,dropped_arms,318,178.83503451324677,176.7156712435111,108.03298386486324,103.79082315455375,104.30295410247945,105.84147497291245,0.6132288922283671,2.14296327122737,20.9617206653826,13.249022459800976,4.964749430180408,5.40257131863699,2.2187950495008315,2.327572912724425
dropped_arms_2.mp4,chair,dropped_arms,324,176.1260514281837,177.4335010791437,112.67500573099804,106.20488967694044,107.71943063397202,106.43638705353163,0.26888465341813883,2.3456057854989054,21.166320318280388,13.39019313840869,4.593456717113549,4.66333295818624,2.039336743018616,2.2556028457638164
dropped_arms_2.mp4,chair,dropped_arms,330,178.36644664994924,179.24163471495035,107.08706691835087,106.23704346674589,102.58971847493862,106.79070250289315,0.39700810664362146,2.4665621909214006,22.047915124474063,12.972892416133428,4.425010715588728,4.529871255689682,2.2460832053752724,2.3981109750222274
dropped_arms_2.mp4,chair,dropped_arms,336,178.8591226760221,176.83577365154997,107.95793464962212,106.29294252296093,104.33902498645395,106.30657975295807,0.3719253846176905,2.3392620880412736,22.682114394915622,12.957339630258586,3.7121511787595636,4.454792461329126,2.2034544057468617,2.4270039973887165
dropped_arms_2.mp4,chair,dropped_arms,342,176.13769501538343,177.7815051948423,106.89778990703947,104.60867160606125,104.3687128931089,106.19650422331421,0.3733008030350779,2.3885225417688147,22.426949658589397,12.35912591277523,3.581740190823783,4.494439376557243,2.1648806575646393,2.3937323192918702
dropped_arms_2.mp4,chair,dropped_arms,348,168.4237441305259,177.55110636852172,105.49491399571723,105.94628803982795,103.09764999617568,106.58547989735291,0.546460600843693,2.0561345922422545,22.085582520677573,12.604796076243712,3.7950943029593454,4.387321368963785,2.2540143809104114,2.4553179463384067
dropped_arms_2.mp4,chair,dropped_arms,354,170.53781013513975,174.0352502392428,104.07161992735863,106.6251312604423,100.90474431903552,106.36259707281059,0.5867839828584894,2.0816129074220946,22.488627556079226,12.991791223257891,3.708525254807637,4.5942937850603,2.246140735942066,2.4316955229394415
dropped_arms_2.mp4,chair,dropped_arms,360,177.8522509598583,178.68219080915514,103.22878251530963,105.47454528700263,100.5866621012079,105.05353444716746,0.6825246153332035,2.323602458399798,22.27807985975489,12.930851799917159,4.832875425803562,5.33809841891859,2.574683407851369,2.83343621110013
dropped_arms_2.mp4,chair,dropped_arms,366,178.00399746049595,177.10926786610673,102.88615933349983,105.15398340606423,100.49540572168634,104.3719201759395,0.7210766590282083,2.541168776238684,22.295800298502133,13.037663854533259,5.509561562592344,5.875233898814633,2.706270040470477,2.990916325812948
dropped_arms_2.mp4,chair,dropped_arms,372,170.10819759621714,177.8857116072423,103.35738613215979,105.88094836301335,101.02984540574873,105.76329111327233,0.5621591234710991,1.9232864682206388,21.98456401325548,12.474777236019284,5.124446747216962,5.426696140686571,2.1505681122561975,2.3345150184812664
dropped_arms_2.mp4,chair,dropped_arms,378,179.23095551818398,179.19647190029823,99.0056216077946,101.50089726057628,103.22738981865444,106.47278099518219,0.6668277388201155,0.8795095869384991,21.27572477589838,10.898690662946315,8.87971301707949,10.263467113867002,2.648313469554241,2.90900349033506
dropped_arms_2.mp4,chair,dropped_arms,384,174.99535294062684,175.97365140970425,119.48949629219243,117.9800399924252,117.22219134121103,115.85791889172116,0.9087883969139161,1.0920048166107494,22.34262256082269,9.454843326111828,12.744527391716025,13.882112150325717,3.5290529449244223,3.8247466700465207
dropped_arms_2.mp4,chair,dropped_arms,390,175.82600528194232,177.2060912018502,120.35675831515275,119.86928602779733,117.45622710244115,117.51986301710478,1.2520452538048241,1.8008090877616387,22.123291354928018,10.202370390631689,14.672981391078467,16.490569579690707,4.287912175584143,4.503931269184431
dropped_arms_2.mp4,chair,dropped_arms,396,170.01421087107943,176.63659516599193,108.73895162361553,110.60084048050943,107.49068771154529,111.46785629729267,1.7147465567146,1.3931647277180363,21.730801106073567,12.015036255980396,11.781737832804238,13.501718529584496,3.7326883755441878,3.8053728261136106
dropped_arms_2.mp4,chair,dropped_arms,402,174.13028481233334,169.8122910104604,110.76953164946399,113.52837512006961,104.09802016966957,109.69084238933235,1.4849232826549639,1.7709922826477713,20.8684666659478,15.834553152712449,7.332966526214094,8.205503265742147,2.6711705311078546,2.7428706866665253
dropped_arms_2.mp4,chair,dropped_arms,408,177.8296362540375,175.73536255971035,118.65883251079916,116.3015434819387,109.30413786083632,111.3410420259748,0.9015448860870497,2.145325929730261,20.33806143447414,16.0132398124342,5.002399558626334,5.670836135049456,2.179751077233016,2.2859512559707507
dropped_arms_2.mp4,chair,dropped_arms,414,156.60938161989205,167.95438206447326,110.11570728481271,106.85453410006566,107.61685654834407,107.99371600239571,0.7515537167874121,2.1054046664468427,21.10710172115293,12.125956242965326,3.12752096989864,3.628356137845418,2.2323174701510977,2.348094637744243
dropped_arms_2.mp4,chair,dropped_arms,420,158.87852099978966,164.34483878380942,112.18232028058394,107.37264729781694,110.75932192790783,109.19084426452953,0.3824045912949985,1.8950691304341898,21.52785504091225,11.813031868958097,0.8738889178350864,0.7627814711093329,2.305718303215062,2.4586692356518323
dropped_arms_2.mp4,chair,dropped_arms,426,160.50185842297157,159.919448373176,110.84690650739718,108.01441700711308,110.16679035725969,109.88962752785282,0.32236140576435174,2.039269272757343,20.03887029904997,12.225964843156648,0.9861838898254542,0.5559187907806117,1.9633189041801036,2.1610985666866007
dropped_arms_2.mp4,chair,dropped_arms,432,153.68754982219642,157.81837940830454,111.31238669211288,108.28072563828735,110.07239235307698,109.98689159487243,0.29576635387871814,1.7957976338458885,19.845476025377693,12.531247640284349,0.20102307347199902,0.12891342140229306,1.9954227857412916,2.1984195838290304
dropped_arms_2.mp4,chair,dropped_arms,438,159.78880912570884,160.57557403227523,112.60932327787681,107.1859359309847,111.71217147538684,110.28749566834487,0.17629577917399472,1.3730971562613588,19.024033713915404,12.740246441897071,0.3660967853699155,0.3440548647288634,1.6748053672420158,1.816696182435848
dropped_arms_2.mp4,chair,dropped_arms,444,158.82412115228408,164.7980668942169,112.1624656208556,107.67110634852322,110.7385783920163,110.17560377862418,0.19130811162750136,1.0781099942740138,18.685680146831714,13.56131063287421,1.3513843769177496,1.0495780574514697,1.8756070193342211,2.0379458584975736
dropped_arms_2.mp4,chair,dropped_arms,450,155.7942273994016,161.32660069268223,110.53481530657486,108.198558483472,110.40314680852778,110.79925332886836,0.18476474834445938,1.1732487212364604,18.487151931673974,12.848819540568357,1.5391674678410932,1.2983952933964535,1.8468803380927787,2.007846634468957
dropped_arms_2.mp4,chair,dropped_arms,456,160.80317477445092,160.227232219041,110.85940910930378,106.955513960386,110.99121846872585,110.1382462151295,0.22897361319905638,1.1369403027334173,18.18527006200937,13.005391329525326,2.0781904024271967,1.7964277424474702,2.002173552660089,2.194585882009339
dropped_arms_2.mp4,chair,dropped_arms,462,159.56985507146803,160.05430039725823,110.46788177900228,106.69927615921056,111.36036193103247,110.24322750581368,0.21348986788725433,1.1383806438405832,17.882234413708833,13.116376355121343,2.5883881724618183,2.31895539159715,2.2693226111482567,2.455412910908353
dropped_arms_2.mp4,chair,dropped_arms,468,166.45444129109708,164.61822623803494,108.58279003525892,105.71771268966828,110.74393312873964,109.93620136650492,0.21169602728866416,1.342481037188838,17.504599727149106,13.217100508694157,3.137530622138226,3.140974097457832,2.631145227441519,2.873420037562538
dropped_arms_2.mp4,chair,dropped_arms,474,165.64830349625424,165.21608550508316,110.07565300421831,103.90534079324243,113.26889005112996,109.96305751404199,0.21613544177200722,1.328052538551875,17.020443671622754,12.667987517732398,3.3212658602883933,3.2795013571334493,2.6540967956191595,2.905727919509771
dropped_arms_2.mp4,chair,dropped_arms,480,165.76598572227212,164.27318208900226,108.1542107825364,101.87302344021836,111.93542679292517,109.03877798250255,0.1621600715424428,1.2936851597124315,16.46366280603127,13.483729266955846,3.0642372801911018,3.027211129968357,2.579432267951784,2.7333928825264624
dropped_arms_2.mp4,chair,dropped_arms,486,167.11493028710922,164.92936213655886,107.14431786482893,102.47897428074805,109.94636614740938,109.66814857952193,0.30092788243671903,1.1745604864697277,16.03318488645843,13.294122575930293,3.171327280374892,3.1060310005450784,2.526139065653266,2.6564575075447006
dropped_arms_2.mp4,chair,dropped_arms,492,166.22270194048275,162.7556822629865,108.58834353040496,104.4514172556144,110.92474070050605,110.75325681158826,0.38775665696813516,1.2794798609265854,15.831280257485524,13.283781433020094,3.092485905703317,3.1563730201583104,2.4183251844148392,2.537043494781205
dropped_arms_2.mp4,chair,dropped_arms,498,143.7061030894572,156.79686372710754,109.1833866391545,104.26088035497239,111.85522466423667,112.0175478092514,0.3644764360731589,2.934413790266373,15.856700234885196,12.977342746132873,1.2585649782494233,3.2827767218047796,2.200760121985296,2.2901915441290353
dropped_arms_2.mp4,chair,dropped_arms,504,158.50581095396186,164.88678281296103,110.43197446745522,105.54414173790786,113.5699577356859,112.83854876468219,0.2602941275318574,6.622714762772189,15.654497373765961,12.588602363162924,2.7710763666563545,2.9436240101050823,1.653473086804393,1.8025840519483103
dropped_arms_2.mp4,chair,dropped_arms,510,157.64492329305878,168.11772987844353,115.0156635653373,108.06741115749703,116.56908837186867,115.1250517313421,0.3236592445530992,7.569193501397477,15.253018249672335,12.194490404439987,3.5763424442489775,3.0242094669351576,1.4437751372735945,1.6026149844501463
dropped_arms_2.mp4,chair,dropped_arms,516,155.16585255407674,168.00202701107477,115.91918112582051,108.63549587337398,117.57328422848371,115.83859692210511,0.3458721357796802,7.760930732880121,15.008204553358313,11.98917141868032,3.5877342466236946,3.204129248416674,1.4504724315021216,1.6064675130129793
dropped_arms_2.mp4,chair,dropped_arms,522,152.87542135327914,167.4839336144356,117.46993414759429,109.58897082060085,115.67705693360008,115.69390904526014,0.43567302332911373,7.251307745745165,14.780404118034978,12.422474997879911,3.3147030286855577,3.0106964481770557,1.4014881223549014,1.5146271194990244
dropped_arms_2.mp4,chair,dropped_arms,528,150.3183953765902,167.67487453359325,114.72921626240237,109.11997135591554,114.87450524251827,116.20167678222072,0.42396986937758013,6.5970981991573385,14.637718447883922,12.162852512386046,2.7575488904034082,2.885309311491827,1.4036149478813862,1.4846638107076038
dropped_arms_2.mp4,chair,dropped_arms,534,123.06474425047469,169.0013298558553,113.36804159573347,108.56764079439864,116.77740557823668,116.36491777045255,0.37671125282117834,5.130635869886744,14.648462407319652,11.376195495498763,0.8370700966240744,3.288416924647645,1.5764002497745506,1.681182449631938
dropped_arms_2.mp4,chair,dropped_arms,540,155.86959526645114,162.55628171499802,112.74238792446165,107.051930581358,116.99882852894198,116.14072637188225,0.29477505338877263,2.747378019615083,14.854607200311463,11.546850863305265,2.4566997029297633,4.289619358875979,2.132223326333237,2.202315966535653
dropped_arms_2.mp4,chair,dropped_arms,546,167.53265575195564,165.05064834035267,112.81401499180723,106.23480571663663,117.39476529835464,115.77994181834387,0.30348755454412135,1.5358367218479354,14.672289159835445,11.513561279022138,4.687516857612691,5.109696111270201,2.4016947739139884,2.5008259462861546
dropped_arms_2.mp4,chair,dropped_arms,552,168.05299985600325,164.20311898702366,111.93367855094539,104.71639520441066,118.10375488493818,115.32485170286482,0.31924768934560804,1.6403984708289086,13.647807403265167,11.491611900835569,6.179760372070351,6.745249831258411,2.617071347979826,2.7646155780441592
dropped_arms_2.mp4,chair,dropped_arms,558,164.86265385979203,169.7345778896235,113.93007099648834,104.9986022497151,119.24523178821634,115.77143091585347,0.5103314528677171,1.7785546817850446,13.420321168757152,11.498998764361723,7.492937282354216,8.338669272400374,3.011225090716469,3.146615091160655
dropped_arms_2.mp4,chair,dropped_arms,564,168.5748382322344,169.87973631083256,110.97127842950552,105.17452051975974,118.85256287112348,116.35381737759806,0.862953388209844,2.347143895755719,12.700536859488741,11.72748093542025,9.079874200884756,10.50646550758828,3.573226939793265,3.845848780102254
dropped_arms_2.mp4,chair,dropped_arms,570,162.51212119023765,169.32979369612949,118.31906166023073,104.95520540207063,122.40646075702719,115.21660447757597,0.772239464617996,2.0092317780131257,12.70607823503895,11.371838390299907,7.32287555251507,8.463627304012439,2.8049478221269184,3.1271240818461616
dropped_arms_2.mp4,chair,dropped_arms,576,164.14303389905047,169.3798071056796,117.51738924760852,104.95191998487574,122.84623398092783,117.2186973695342,0.5541087288801211,2.047276814277817,12.578308403443124,10.717491211551806,6.706424051058183,7.664865440822661,2.589815664223222,2.7345318790345816
dropped_arms_2.mp4,chair,dropped_arms,582,160.06438211509965,169.74976467666121,116.06595423555322,104.16135256266682,120.94748460172887,116.14532730776314,0.5157242173311486,2.326018489415772,12.775815447974546,11.643725548053595,4.976904214240198,6.126461101891076,2.3287888783066863,2.3664864093840228
dropped_arms_2.mp4,chair,dropped_arms,588,161.01541614961408,169.91432897194747,115.87401200443804,105.48441712709638,120.56771727274156,115.95095589143116,0.6365702286754089,2.3576691309800673,12.864731964638404,12.219107133184629,5.303991684924267,6.488820285919074,2.526299442613007,2.6584407450632224
dropped_arms_2.mp4,chair,dropped_arms,594,164.7047470860707,170.05476762112517,116.36544637620389,107.02340100809415,120.24799355411128,116.27916950171145,0.5367740738891832,1.918897306924163,13.254656464158561,12.253080351546377,4.707276879848433,5.449825078957087,2.1986346363134457,2.3049482379166735
dropped_arms_2.mp4,chair,dropped_arms,600,162.3141675507397,166.28476129618613,113.44093812072241,107.46602964840226,118.70722596968834,116.55804549740093,0.464016049808678,1.7996830520632359,13.375947451680785,11.990217691244657,5.4663461706885395,6.012364805655276,2.6123394322512725,2.7286558483304746
dropped_arms_2.mp4,chair,dropped_arms,606,166.30226928999093,165.79022713506163,117.84414075134774,108.87427786885763,121.49368259790268,117.7211253464661,0.4044987222684201,2.2934690683947316,13.083006737793198,11.82194216234776,4.720279004582202,5.69641590382373,2.348900348757872,2.412773272496508
dropped_arms_2.mp4,chair,dropped_arms,612,165.03926306701035,165.9040711730818,117.74310021499878,107.19948026083561,121.63067541707099,117.35062094354171,0.4766433592857791,2.328822523867259,13.242476025415863,11.626680445927734,5.76862130137059,6.714014008855844,2.696577359602862,2.858885253944013
dropped_arms_2.mp4,chair,dropped_arms,618,164.42909305366067,166.21248049465254,116.75530563566052,107.91068340517589,120.9730293136071,117.79955083569597,0.7517799719903513,2.2785118620216216,13.07490261227511,11.733487973376326,5.84797691802114,6.791402443159375,2.7563375854189074,2.8371415962108175
dropped_arms_2.mp4,chair,dropped_arms,624,166.63489753114226,167.22468908035123,117.94178785948158,107.6657426645475,121.71682621904056,116.81546161162339,0.6568575789867586,2.1574045531858013,12.864104304163865,11.713338241845033,4.673347266179426,5.641237322163067,2.178135496124973,2.370527301520697
dropped_arms_2.mp4,chair,dropped_arms,630,171.5388683229072,168.32731165685243,116.6310956300975,108.04115442932728,122.09537139497571,117.83433447791364,0.7676379548817862,1.763309807341195,12.689840542660749,11.483994668092214,5.559129639966718,6.256263431717825,2.284620051198129,2.5424995661132126
dropped_arms_2.mp4,chair,dropped_arms,636,169.27185614383714,168.6322512260511,120.04173203367866,107.0962791908402,123.46763429823525,117.78142817233346,0.575316279105312,1.8213794441389681,12.650951122120818,11.05409477682889,5.449500483410141,6.181197209786058,2.257684783651104,2.4577882878573147
dropped_arms_2.mp4,chair,dropped_arms,642,168.89967938981437,168.6527707475292,116.3239673337311,107.94516468288128,121.5804401989365,117.65421440184667,0.6062720814938862,1.6409278041234239,13.009232242771848,11.266744276702447,5.397358409188823,5.933500560132313,2.183864456005717,2.4270415091269304
dropped_arms_2.mp4,chair,dropped_arms,648,167.2901494292244,167.88675749137167,116.77970688337685,108.33903965350146,121.29315561792892,117.74136871509724,0.5319125627858518,1.720160979021179,13.234678975586057,11.5561216353961,5.667631400277069,6.202773884265682,2.5020406279405263,2.7189706933502693
dropped_arms_2.mp4,chair,dropped_arms,654,170.50719145885765,170.17875715519438,116.82602138029053,109.75111811265342,121.7342107861426,117.92009787254212,0.6218303552580953,1.8475412781128757,13.037611489454227,11.551977960344537,5.26191121173013,5.942777102477112,2.402095277244847,2.7027792817140046
dropped_arms_2.mp4,chair,dropped_arms,660,164.4917774143033,165.37869677168104,116.69002837346765,107.53286231566325,121.558374438453,118.13988413718893,0.3527474304864133,1.9336365137354539,13.066244130238323,10.73077853069426,4.883844846924031,5.712219860739128,2.335560073905348,2.4385497931611617
dropped_arms_2.mp4,chair,dropped_arms,666,134.1141615716868,153.19672205855255,115.61025320101548,108.15869215141406,120.14158403873144,116.88186332891138,0.6523129841143931,6.939143655922481,13.509393525758766,11.666533741970715,0.71250569126898,5.168945941909667,2.1361680794670117,2.352091344387537
dropped_arms_2.mp4,chair,dropped_arms,672,149.00695416291515,165.30210556008217,116.71898376111176,107.88721918435635,120.4711016399485,117.08645406431313,0.42059591639603683,7.856631146437488,13.8010417289259,11.105225193659466,2.189447464317205,4.713024481244661,1.7906840264110695,1.9551860791848692
dropped_arms_2.mp4,chair,dropped_arms,678,149.8864372591863,168.2814229050484,117.70924129492404,109.7207757093961,121.72550538104647,118.14918956512727,0.3584032815721622,7.632408493536483,13.629887254469777,10.902132787355464,2.497067791805764,4.269087922017459,1.517198372548264,1.6813335165460368
dropped_arms_2.mp4,chair,dropped_arms,684,147.23387456998242,168.14691645475565,117.51315964559768,110.49789715219401,121.50276142032808,119.13735484298178,0.3189796932774713,7.124449001614936,13.253011393244103,10.875320272610885,2.3388938149466063,3.8792931310838763,1.3305448726760325,1.4503643377473547
dropped_arms_2.mp4,chair,dropped_arms,690,150.72684973949313,169.07600096346354,121.35711955192897,111.90981366789529,122.24791870488573,119.09613992786551,0.34157078767119087,7.335012556701233,13.230935951089158,11.794447315230382,2.5145455050180576,3.884111725050755,1.380997850868992,1.517866538729348
dropped_arms_2.mp4,chair,dropped_arms,696,150.9516529451621,169.0405465184694,122.40348498228505,112.18330709076064,122.73471033857824,119.38565104107914,0.353845282405261,7.24595585182705,13.327538159999927,11.654900586086539,2.433282188531154,3.8850737484955227,1.3759739836415343,1.5083560954692252
dropped_arms_2.mp4,chair,dropped_arms,702,149.55744271179682,167.46218600047723,119.24540311034252,112.35877517357216,121.5790162923116,119.38637366727642,0.3106184052460021,6.696441442822749,13.350896307491173,11.694885444066486,2.212223291677119,3.5380872542935364,1.2570825476848588,1.4270642310835324
dropped_arms_2.mp4,chair,dropped_arms,708,147.6573775473793,170.71198750624978,117.97888596096855,110.31689062115105,121.00143362542723,118.67362600357544,0.3169481328377363,6.715410315000626,13.222056788128874,11.338581409188546,1.7881019801621394,3.984009525581415,1.4135885890571953,1.549262790830943
dropped_arms_2.mp4,chair,dropped_arms,714,136.8246555646104,165.03170300057837,118.91172744766482,109.53361303361879,123.71862509195856,119.4247242547391,0.3482948767386409,3.3737152009438947,13.030229027169415,11.096679084133127,2.3062341645340703,4.3819037414023745,1.6315445349788678,1.7733042594257986
dropped_arms_2.mp4,chair,dropped_arms,720,165.8796439020304,166.9694407326236,119.23387316380521,110.04941821692528,123.96967649132569,119.47172407236518,0.31984175237997914,2.3626516805414535,12.798931023352129,11.05883556459182,3.91181628379764,4.911671469553444,1.8295292857497887,1.998663797398664
dropped_arms_2.mp4,chair,dropped_arms,726,168.04273932366397,168.2117628641473,116.54088283462129,106.88242090501846,123.69252741491502,118.40461837484132,0.3667432888222303,1.886840577745395,11.908392312129797,10.473878168301262,4.637492035717832,5.384616993280571,1.7873580744449071,1.9389846001060398
dropped_arms_2.mp4,chair,dropped_arms,732,165.7611161569817,167.9784872351107,118.71608899121819,104.94084263613561,126.66914667614333,119.78976872231038,0.38312838496107077,2.007043654761341,11.413078476753277,8.919440115868667,5.152879623435438,6.065388996351134,1.82026152261407,1.926024331992405
dropped_arms_2.mp4,chair,dropped_arms,738,166.83853790423748,168.31066604623584,114.8354368474981,105.26034197007408,124.53012547026272,119.04154458286772,0.41552080945507314,1.9673048140255216,11.248204383006813,9.677664448692882,5.038961975766115,5.882957666908923,1.7826006300077233,1.9906881991927738
dropped_arms_2.mp4,chair,dropped_arms,744,162.1252305750049,169.03173247017145,114.22564668420867,104.3189054921767,123.95497170120639,118.95319021665073,0.347656146467051,1.6898106962163022,11.597684346029334,9.551176405934045,5.176232146777434,5.095943950010594,1.924208464215919,2.0825626889151665
dropped_arms_2.mp4,chair,dropped_arms,750,106.24504812321275,153.17832313368956,114.58883859797457,104.05222303950835,122.01685909618665,117.2016350491875,0.6737419547928403,7.9174274505263575,12.730624901997908,9.509917453764967,5.350582299184485,0.10788454401474343,2.724190153359807,2.876518078880117
dropped_arms_2.mp4,chair,dropped_arms,756,94.6479098417632,170.0787088365777,114.28342705043866,103.80198889284739,121.98026774575311,116.15937850899857,0.36943382482167547,8.804347282125459,12.953182681123506,9.442617846055951,3.155531679065499,3.855845723952291,1.8988140320254145,2.1077831220944834
dropped_arms_2.mp4,chair,dropped_arms,762,114.22573910434043,172.08458533467518,111.21959595501878,101.86791546262403,118.54878800124295,114.0196637539533,0.372209188815349,12.267050388361294,13.74174949813974,9.551162177248539,5.22384582437672,5.333763818756881,2.585966219304595,2.8115997479134758
dropped_arms_2.mp4,chair,dropped_arms,768,110.71879235414563,166.12764762562819,106.95721771891365,100.88915311080221,115.7574353986214,112.85374745394269,0.5572745900157728,18.428758683368116,14.24480903569213,10.170949898288946,8.258996525089195,7.3688817119617305,4.411008314606401,4.9778364229505705
dropped_arms_2.mp4,chair,dropped_arms,774,119.4421753261559,167.26545318196142,109.10747086847229,103.22389875307805,116.89103878355839,114.46118802894435,0.5276416465522193,13.998900292957593,14.543924019386136,10.4873349314825,8.003586691881443,3.041610336023509,4.227501669604499,4.688068057015993
dropped_arms_2.mp4,chair,dropped_arms,780,131.35830356715073,167.67579192878404,112.410264642947,108.33599152225705,118.61463599004304,116.20325461565179,0.4058764475478995,6.499812429070989,14.723125051782809,11.1967787029167,5.096536445982798,1.7381767719149177,2.8105053979103487,3.1410265979544585
dropped_arms_2.mp4,chair,dropped_arms,786,128.12392051076,164.3791014493668,113.18886972750981,108.86393390820047,120.67376547452236,118.52070144243058,0.39153990726669535,5.407151190197448,14.20916527465028,10.752267313858479,4.830874223941688,2.0343273188381543,2.5018818824006197,2.7681950996133833
dropped_arms_2.mp4,chair,dropped_arms,792,129.1498773832571,163.7664048689669,113.00699183715301,108.85003198962042,120.52852471983057,117.95045745924038,0.36354255462978313,5.071270284940452,14.12219453233552,10.691776249146292,5.091136901933322,2.5854660497289403,2.5150729214779,2.7770350886398134
dropped_arms_2.mp4,chair,dropped_arms,798,133.74411192217548,161.45399798969356,118.77084008189006,108.38992238191815,123.59104856641152,117.7749761925056,0.421081117173595,5.156959406624504,14.334612554411478,10.436291416603984,5.354791870471936,3.5829289987430313,2.964369407381637,3.1991210078103
dropped_arms_2.mp4,chair,dropped_arms,804,160.727622349855,166.72506491656418,118.0712027483036,108.56966039379408,123.915846888516,118.16162348830574,0.3548167791943571,2.7915624863656645,14.150854220457585,10.051992058816886,4.7591595603508345,5.757084015076774,2.609489099521212,2.8549080234285973
dropped_arms_2.mp4,chair,dropped_arms,810,171.70247847680005,169.16754817728872,119.25516332949083,108.62577839458079,124.64112231690606,119.53848195728887,0.3024458077160254,1.9163342089277657,13.42295328281846,9.829360287903103,4.631921801262835,5.6148950085438205,2.113418929409055,2.2290064901995996
dropped_arms_2.mp4,chair,dropped_arms,816,173.05574969355288,172.24008613542665,118.91288324662045,110.15737167579995,124.90646787072258,119.82182452429868,0.39596112778000353,1.6408595134375923,12.214249618700745,10.315731884043739,4.383998605059392,5.16411507020836,1.79416839301617,1.9693382289558041
dropped_arms_2.mp4,chair,dropped_arms,822,167.2696759414396,173.46479267931682,117.76036909591804,107.55950962586016,124.2977242537238,119.10893066433682,0.38714137490018563,1.6926516512991103,11.776176377959779,10.557525279719641,5.208483914713601,5.914112416750574,1.9840507586974132,2.13787469647157
dropped_arms_2.mp4,chair,dropped_arms,828,162.38227514042444,168.58506714619065,117.7228306807843,106.69773724681228,124.01350919106297,118.60134798432263,0.37272822800969463,1.600370102316946,11.955998648987041,10.728289255350104,5.332970028858836,5.913301332529408,2.1191910870287884,2.291221624785747
dropped_arms_2.mp4,chair,dropped_arms,834,167.0354920166521,166.63788127442564,116.92702284164017,106.20867553813314,122.82694282606258,118.23671350742674,0.3283118988172898,1.6710702610641568,11.96307253737222,10.485260962628876,5.442679356593444,6.137546072607842,2.150319580346477,2.284057141366835
dropped_arms_2.mp4,chair,dropped_arms,840,163.77267431721268,165.49458239913238,117.58470018128213,107.86119044467257,123.56687212993486,119.49638773186379,0.37432073831508245,1.6027605962629832,11.676358299637036,10.484549491798305,5.108440220043347,5.580065937926213,1.8718377669919988,2.0777864400363093
dropped_arms_2.mp4,chair,dropped_arms,846,163.04221927727284,164.56206123924474,115.39683799408576,105.13792583320557,122.45240121066037,117.16229195470358,0.29913813321627397,1.6244422524055666,11.418197790906163,10.258356067583614,5.685953429689127,6.323660216037812,2.0741397751126707,2.242063479220953
dropped_arms_2.mp4,chair,dropped_arms,852,166.37140102861048,162.77733804787977,115.18848995629052,105.98246777912689,122.32916028617502,118.19581510553718,0.3089309047652974,1.4445290084035787,11.583411020160222,10.138747116817404,5.223862908834293,5.636916470981316,1.8822953721073632,2.071978722045924
dropped_arms_2.mp4,chair,dropped_arms,858,163.73099148286752,162.95498999434693,118.44101816631715,106.83761656886271,124.22317300513076,119.32353383432357,0.2388288169887642,1.2815831759943788,11.780859523884365,10.132888474211441,4.613807420660653,4.797086221302925,1.681409352632261,1.8206262725491593
dropped_arms_2.mp4,chair,dropped_arms,864,168.05648131998547,170.0315185568932,118.42634776537382,107.69538064746361,124.28078638459472,119.04550646247971,0.3069412534478656,1.6930259867333621,12.043324335356901,10.22441075085752,4.564102896662539,5.051168130550239,1.9403407820554732,2.1398331959776553
dropped_arms_2.mp4,chair,dropped_arms,870,165.13547053645334,172.92170686448233,119.50055869542231,108.0258672592214,125.30312284609225,119.7759072981413,0.19276298499010333,2.1413548018823128,12.06484826236506,9.894089617402601,2.4651829589642396,2.8208974489565435,1.745919479538628,1.8808974965462528
dropped_arms_2.mp4,chair,dropped_arms,876,154.9445062799598,166.82902166966048,114.05320045551244,107.12030611584002,118.42392918058981,116.9050568566249,0.15502608149163732,1.0079717684630538,12.511172691797412,11.381305006386947,0.672402895105007,0.21536105339857908,1.366361328403474,1.5204120594299941
dropped_arms_2.mp4,chair,dropped_arms,882,160.275648702052,164.56926717173255,113.80793483667074,106.6139714220406,118.97345164389702,116.98320546957554,0.1391301482589611,1.033934497329097,12.621496664241992,11.50475226053929,0.6148352434919688,0.3092005830743177,1.3592251255451213,1.4939866821965655
dropped_arms_2.mp4,chair,dropped_arms,888,159.75537662896582,163.00567183812333,114.48456850177838,106.92477454803506,119.93441234867566,117.05160730570358,0.15434982211910112,1.1591679486044657,12.95460280670028,11.193326317701972,0.6493445827916259,0.32221393013086913,1.3583111072882539,1.4936584079576638
dropped_arms_2.mp4,chair,dropped_arms,894,163.46749159268393,163.55004607727483,116.8416160766143,108.44267684988134,121.82313988339125,117.33784335904022,0.14718145186417908,1.4087842506365558,13.224695243705405,11.342595637217457,0.3127973219735884,0.33791033128921677,1.3590984284524465,1.5193800188448572
dropped_arms_2.mp4,chair,dropped_arms,900,155.7060932449274,162.83615848118149,114.63636685120012,108.554754873116,120.44452943048249,117.68684054327173,0.15180108248437915,1.2103747441756023,13.316313003559715,11.388593418726046,0.6839629314992173,0.4035506746677793,1.3947904312510744,1.530250036838636
dropped_arms_3.mp4,chair,dropped_arms,6,172.46529598077774,164.75776828945675,123.43512195771461,112.22829952596331,136.2309369564802,133.27779674369276,0.8471037431503765,1.926867026649342,9.214170973081705,6.861216900149892,9.57151353639409,10.482692639508842,1.5829653269551662,1.7802382409836184
dropped_arms_3.mp4,chair,dropped_arms,12,173.45418367647278,163.97267080250174,133.87647690428997,117.04715387722132,144.42461796116584,136.74922953341562,0.8438023958951162,1.8911803501580056,9.330851703644186,5.164058543896413,8.937548702542058,9.923383705225898,1.3453137373757873,1.5490851899939109
dropped_arms_3.mp4,chair,dropped_arms,18,174.77591834938139,166.6688247978612,133.71847408979633,117.6586783079085,144.62570414860897,137.33349946471336,0.6879444533498357,1.621335372629344,8.973477236450584,5.805699525480231,7.239609483526209,8.007788434476945,1.1130476232552171,1.1967416671597462
dropped_arms_3.mp4,chair,dropped_arms,24,176.0343417884282,168.8116302887094,133.91340516874752,117.048230727795,143.7247706502563,135.99703206236097,0.53099744074125,1.4701823724138077,9.195174445232869,5.87190050435529,6.546487412165642,7.180993893086282,0.9950923814456439,1.1136995498458298
dropped_arms_3.mp4,chair,dropped_arms,30,178.45099865053038,170.00232109845172,138.48186927865908,122.68889214023694,144.26790418040244,138.58579091800357,0.3394861013759245,1.25245692753049,9.895476745846281,6.121267879944692,4.842327484072635,5.270808512747878,0.8028358262911114,0.8093384402648395
dropped_arms_3.mp4,chair,dropped_arms,36,173.5570676814024,167.1297874694739,139.207530795371,123.78270411338758,145.80135000677473,139.75014945259147,0.4574658136447095,1.3931368147364902,9.60305607925388,5.260234507758562,5.351419381642456,5.924412097306976,0.8106943948386436,0.8671202135366689
dropped_arms_3.mp4,chair,dropped_arms,42,172.9964980365426,166.85068545592105,131.47338460215468,119.24786380474818,143.1533502342396,138.0871321126639,0.6472619121981287,1.477420609494152,9.113887734664909,4.34022645542543,5.604684113501716,6.278964506905287,0.7096223713667095,0.8678982457179522
dropped_arms_3.mp4,chair,dropped_arms,48,174.60677491157008,169.9372812046329,132.89833414012907,121.6208899989653,143.7475808911623,138.7187334309293,0.724607305863859,1.4287543916479652,9.135789286529183,4.287375574684812,5.322162451222423,5.9774347163754875,0.6478495588974243,0.8653735672268091
dropped_arms_3.mp4,chair,dropped_arms,54,177.97310557528297,165.46273022749688,135.7508002300141,121.00624314594187,146.21624906497397,136.5395891166113,1.2964052295796586,1.633098922211313,9.34188277656918,5.003629707152516,7.199008022478449,7.8166107086235925,1.0826068272566471,1.4057933892199435
dropped_arms_3.mp4,chair,dropped_arms,60,178.85731474413728,166.323821377772,135.51600518453486,115.0234719757981,142.598931610981,131.89548271603843,1.1336350530992978,3.727761320517457,10.367669749997416,5.65659592072293,4.04407422008796,6.57792364039411,1.2130820705906187,1.4941744369228165
dropped_arms_3.mp4,chair,dropped_arms,66,171.12821631756503,165.53903200417705,124.62695220905974,110.19068674246253,132.62863566274132,125.94336548715253,1.0207523644813494,3.6761885597984056,11.736018490398896,6.932620542209474,4.190475815568124,6.659883416941789,1.479837526152946,1.7970803042101173
dropped_arms_3.mp4,chair,dropped_arms,72,166.0524165562477,165.19572038818697,124.07760851522174,111.16035303990023,130.84635034463554,126.58300776089425,0.8223891200588833,3.751870050594436,12.398608973472724,6.776862631679484,4.329100358045723,6.851784105791435,1.652991406073859,1.8847815840374813
dropped_arms_3.mp4,chair,dropped_arms,78,156.76250940297575,163.15070393132405,119.85190373456037,109.69540627497499,126.1162755166529,124.33260952636184,0.9755819648138312,3.6489135646828146,13.48281634948873,7.283298047634069,2.8515995224376796,5.374221755462164,1.605247938667109,1.7614105523838073
dropped_arms_3.mp4,chair,dropped_arms,84,152.0785084422015,162.05228785095207,117.66006639427923,108.93614326390261,122.28049853045874,122.4368787817648,0.7501525874281733,2.4558166688086303,14.563826803027188,8.262827858349803,3.354012051350239,4.6457606583922715,1.7581636401624388,1.7604765959445206
dropped_arms_3.mp4,chair,dropped_arms,90,158.4118589204628,164.37594681362245,116.38060556349703,108.53131975602942,119.25037679505401,120.4947187208637,0.6285814758281042,4.244301297009549,15.547065831663373,8.207023747256057,1.3758957889814332,4.495322852830061,1.949768827402196,1.9301494105552
dropped_arms_3.mp4,chair,dropped_arms,96,133.3661584616798,165.3658326357978,115.6682714077891,108.96843859094783,116.137031737423,118.47931065400108,0.7175198090403457,4.639265336046373,16.84820905790037,9.111770995968925,1.291435929969537,4.783880007533073,2.3713479161835256,2.2673537817852742
dropped_arms_3.mp4,chair,dropped_arms,102,161.65535773266052,167.98042883880223,114.86377780467993,108.47550092370797,113.8082785379052,115.25875348181036,0.9434028729365515,4.1316147589021,18.41381091065123,9.8627941116754,1.6198450502782982,4.557454523562756,2.6448942508533335,2.7469759238548592
dropped_arms_3.mp4,chair,dropped_arms,108,175.17155043290754,167.6956415717794,116.04239557695624,108.66979397986024,113.73491045228164,113.93277339020351,1.0175952963128714,5.475820079294535,19.11885002463582,10.02432935752627,1.380946764154483,5.506589027417536,3.096988532535328,3.228000587939563
dropped_arms_3.mp4,chair,dropped_arms,114,129.56689519995612,170.21870066853177,115.47225929266523,109.6611077177816,113.94866913551469,113.8056376382003,0.9660220088741204,5.6644614872283245,19.598302249345373,9.629879883344543,1.3313131610812863,5.439787671712434,2.671241961009588,2.91144636109715
dropped_arms_3.mp4,chair,dropped_arms,120,164.97290589218724,168.65857127720508,119.74433794533002,110.66017253113309,116.4898056856798,114.70242262385383,0.9823807213892718,2.5252590916088513,18.97687601703274,9.681105161575166,6.427579974059527,7.407124471926677,3.2787047162416565,3.4764338264600694
dropped_arms_3.mp4,chair,dropped_arms,126,157.93581115552493,168.65265839067214,122.74351775138969,112.30686758204286,118.08810303599232,115.95594020673691,1.0322873081968955,3.6187414987439275,18.956788041304822,9.181736491528767,5.418561943998937,7.645371782471218,3.2106203100904245,3.4171700823235005
dropped_arms_3.mp4,chair,dropped_arms,132,150.44628734518434,169.9211353243124,118.11326445067667,112.85903763731989,115.91813017175902,116.38871382637521,0.8341611642202922,3.3492880456229024,19.011614939270412,9.038273151895728,4.2149438141436715,6.250166478012365,2.623774745079939,2.8159018337140194
dropped_arms_3.mp4,chair,dropped_arms,138,136.73628001700195,167.79946288821264,119.71032205104763,112.07324989345528,117.34521011602594,117.6570255075335,0.7781875072213916,4.076119408964011,18.82404619666098,8.65870534836213,3.288606674467356,6.081952357127207,2.6202537189345545,2.665513450993161
dropped_arms_3.mp4,chair,dropped_arms,144,135.18757583778066,171.1143329734644,119.50242574166165,111.34267647897983,117.80154162818323,116.61683698333341,0.7156102361696356,4.961146638693495,19.122212544159037,8.720574925069585,0.4775736713993643,3.9559005503670317,2.390564510785141,2.537790481405487
dropped_arms_3.mp4,chair,dropped_arms,150,154.33269758797454,169.20882192381197,117.83605005659867,111.73300573174077,116.65473349931496,116.75582582966659,0.796332572928032,3.272442602675537,19.209438453900493,8.56417027772614,0.8733560883754277,2.9807545329823455,2.185087073578322,2.3528742941965533
dropped_arms_3.mp4,chair,dropped_arms,156,149.70145008944797,169.0112749255134,116.85758336629802,110.37078248597984,116.49411087550871,116.17354158580935,0.7980622523601268,4.719840614197288,19.051177884201827,8.839013219438948,0.22991073090018077,3.478467903519555,2.397021104401722,2.58006152919671
dropped_arms_3.mp4,chair,dropped_arms,162,143.46911201657866,168.0431402544415,118.63759956513096,110.82123977313836,117.49012088002299,116.88870164379769,0.7182610464889251,5.335251814176998,18.564226831987952,8.939471624124678,0.22859421394887086,3.976903707024045,2.440426307212392,2.569188379304938
dropped_arms_3.mp4,chair,dropped_arms,168,141.96097946750865,168.6483426800662,122.560040180093,112.67879914425268,120.59806875451085,118.18632321883365,0.6048929043114581,4.66762051124661,18.49058282426076,8.141147373721083,0.2981707812127829,3.4299876466417385,2.048669217340012,2.267441419234867
dropped_arms_3.mp4,chair,dropped_arms,174,133.52753970019654,169.56093644900773,120.07350389465563,113.28818905217844,121.28356495460037,118.2460802752354,0.4427270352572355,4.671264139345567,17.440183555161845,8.433522372237292,0.020513929789914287,3.132703030284258,1.7214520196668104,2.068204998480559
dropped_arms_3.mp4,chair,dropped_arms,180,149.9156057650953,171.0078130044659,120.86973369291252,113.25578619307011,122.98584389585089,118.92979032930376,0.3296352767957116,3.610882095072697,16.736447712024507,8.597380729118228,1.3223731895794486,3.5482116381972735,1.6684003977455542,2.051847188810847
dropped_arms_3.mp4,chair,dropped_arms,186,171.58351851916896,167.17515342695998,123.64182492875011,114.11392018838305,123.16873998811717,119.7120294060867,0.5682884217216586,1.5632083564922197,16.95863092612715,8.25130476218404,7.123181137328379,7.228604410352884,2.515391123409868,2.8147730572161147
dropped_arms_3.mp4,chair,dropped_arms,192,148.6682106746493,170.9718285512065,123.04589942657317,112.39980999944338,122.56831954499039,118.62432510418574,0.9773332905634858,2.577895066242549,17.210734877313655,7.659902646646735,7.90280160973428,8.769119358642275,3.0226827446771605,3.3098416926631766
dropped_arms_3.mp4,chair,dropped_arms,198,131.73771049295655,168.9651663164148,123.19137841985187,111.60922338037149,122.88299868754639,118.49043748644557,1.177210150198985,6.523176701143909,17.19971294601423,7.449245074908471,4.387371192152941,9.455598090911531,3.22779476156465,3.6014346746751307
dropped_arms_3.mp4,chair,dropped_arms,204,134.69239179064266,169.87453695626402,118.09504033753647,111.66998712509897,120.80529070666582,118.89012803621392,1.1798448736011466,5.580243562793922,17.03192327228349,7.248189203808283,5.200729403730771,9.274208182081885,3.102187406103894,3.48148468528977
dropped_arms_3.mp4,chair,dropped_arms,210,145.43743731279054,170.91907217830385,120.31419952658878,111.64940043042078,121.96438402815659,118.77451805178046,1.0260214182907548,4.028347943324532,17.025631240994578,7.263504693073922,5.793368441228521,8.349736363920103,2.7737754723728862,3.129095757723863
dropped_arms_3.mp4,chair,dropped_arms,216,143.22800619793253,169.21140992624356,121.33512897933035,112.0861145982867,122.3360858232427,118.71291647419729,1.0939102284097006,4.281239565708038,17.304217927441687,7.1966081690318155,6.235419524152839,9.058873139843405,3.035845074790686,3.412455333527276
dropped_arms_3.mp4,chair,dropped_arms,222,141.3634504864134,168.16926993739472,122.37190710324593,113.22628532146294,122.92963473852738,120.51857340664782,1.0885783612222861,4.86969305165417,16.927143589714653,6.703485465754847,4.921452172945563,8.397574042060997,2.8417008113809765,3.0227145011027114
dropped_arms_3.mp4,chair,dropped_arms,228,169.94266893036234,168.56145991903912,122.00628373654693,113.21321428336597,122.4196850873489,120.33720380224592,1.0846860166397247,3.9556458196762674,16.937293054904814,7.186238941066236,5.1098177751751495,7.717536123056015,2.6365001939196375,2.7867309192526406
dropped_arms_3.mp4,chair,dropped_arms,234,153.09548406146882,169.3371074338883,121.93661801211425,114.6208911033775,124.26111260646599,122.64580543016471,1.294471608043305,3.4877297539844703,16.03061841524999,6.8151964412291735,7.827909494039754,9.819508571142022,3.132637617709879,3.1820418628465195
dropped_arms_3.mp4,chair,dropped_arms,240,166.2675915608749,169.4045331713655,121.92665664208397,114.54224246630548,123.74902690535286,122.69182729905316,0.8663241787059177,2.9193983951123124,16.251970337315516,6.991949445377825,6.4005028243713715,7.9597577809152575,2.6138502408371034,2.6369481134542423
dropped_arms_3.mp4,chair,dropped_arms,246,154.64526017494677,168.90555881204378,123.17976100601396,114.49067067940007,123.92465123807514,122.0087789877097,0.9394463176620113,3.2136459963998028,16.47260501954164,7.087833550872561,6.398745892622791,8.200537857396283,2.6416132033360324,2.764342637734535
dropped_arms_3.mp4,chair,dropped_arms,252,148.84105280086408,169.5655609218358,124.61548800582864,115.02706341000251,124.57891684144795,122.31864056913206,0.8302612707674951,3.53922122978636,16.45608636258779,7.161789100487735,5.861887813572274,8.002543461734913,2.548465848038484,2.6570206455991814
dropped_arms_3.mp4,chair,dropped_arms,258,158.7047708170291,171.44898915839116,123.79743031840283,114.68279238013143,124.73334783317519,123.2237784831262,0.9050485055925486,3.1130634145812173,16.048351052432917,6.677430841777161,6.241344643452636,7.942972776020733,2.427615985603447,2.5059294443659272
dropped_arms_3.mp4,chair,dropped_arms,264,169.81670863686338,170.5032300504569,126.82755023343123,115.40454432330496,125.90322255241112,123.72514590710554,0.8121108216250372,2.764082069988091,15.926582148901556,6.8642630152525195,5.694815576236476,7.114623471976846,2.2156604793255927,2.2736051958603745
dropped_arms_3.mp4,chair,dropped_arms,270,153.71316867376527,171.81369230649716,125.82021426615641,116.61857425184677,125.32566114276457,123.86479057119872,0.5641610164673069,3.352167815001183,15.886959639937805,7.161111529666228,4.644650118539772,6.70460061444471,2.135733272094703,2.2153533797888563
dropped_arms_3.mp4,chair,dropped_arms,276,173.33265147882386,168.5529551026171,123.15504386891419,114.31860566099095,123.27066909070551,122.78864534718048,0.8044780622805201,3.6662405739853035,16.028065471649068,7.6166826647460075,4.51226930722239,6.914489311066072,2.339761613297937,2.3195923699631424
dropped_arms_3.mp4,chair,dropped_arms,282,171.4943563843003,169.19726538565243,121.25278629309629,112.30210663420408,122.50360338887282,122.480807207513,0.9160075218814647,3.398285724360224,15.849193018342127,7.548074714802803,4.949010217871726,6.971209463282854,2.3516168331157465,2.2778969618665705
dropped_arms_3.mp4,chair,dropped_arms,288,165.99725968001627,168.27514998443638,119.9451727714086,111.66354039573638,122.73594701364206,123.54637494648128,1.0729564985684459,2.1961190742528163,15.341140037872474,7.033626821474823,6.389242862478743,7.277440701392961,2.348472665571016,2.222725941179854
dropped_arms_3.mp4,chair,dropped_arms,294,166.5383284577251,165.91656405169215,124.13126160498265,114.60436428034066,125.75819626035899,128.13284870505075,0.986101880833275,2.075706027186232,14.868384819072078,6.181111494975602,6.910658429949072,7.666388149543831,2.38804986396325,2.1303465192065336
dropped_arms_3.mp4,chair,dropped_arms,300,167.17631493978985,165.13983607393592,125.95750512965155,114.95896731935,127.53384570114373,129.0324566204528,1.069629204288667,2.100610095750987,14.343149636523997,5.746221801533118,7.394092489448665,8.174527758219346,2.3658688474700726,2.07667935792686
dropped_arms_3.mp4,chair,dropped_arms,306,170.12755524819295,165.50877996078663,127.47280544687634,118.97934656981086,130.0241257885713,132.28625244948566,1.0503523343969343,1.8520456915060965,14.102350192482087,5.138336433039088,7.285620305319763,7.993111565393408,2.24839916482084,1.9194979897658455
dropped_arms_3.mp4,chair,dropped_arms,312,170.80401041232233,166.18562651580962,138.30100975505295,119.06761398796674,138.21146816750039,132.3250259126396,1.3149683555081972,1.7103161911481408,14.174683593481735,5.29486327699123,7.324767910525023,7.930488152303858,2.2787472678756058,1.945625840498323
dropped_arms_3.mp4,chair,dropped_arms,318,169.98467174143244,166.00640470807645,130.6079038671426,117.69955409501179,133.3286417934537,130.32975343858033,0.9841259858422382,1.8324097453041854,14.08952746480259,5.280443513862018,7.036959121320593,7.813617782299684,2.189193221452786,1.9965018419269065
dropped_arms_3.mp4,chair,dropped_arms,324,171.45109910909568,165.5271097595729,127.41805350654063,117.2431482955226,129.01722193668277,129.649988366774,1.09491218649295,1.967526968474583,14.159828792410146,5.664588451905332,6.757689485347195,7.5872764954369805,2.1494334762979213,1.949567051014522
dropped_arms_3.mp4,chair,dropped_arms,330,168.74341349523917,165.17348329921128,126.75794369432825,117.37275625636607,129.8188295813807,130.27502413811072,1.0069637259810404,2.1907017563481026,13.984554012462104,5.6400851500833555,6.5851351829382,7.52578136990514,2.0882641581174797,1.9522264947749048
dropped_arms_3.mp4,chair,dropped_arms,336,169.6653287743232,165.39755956062072,126.75541576579857,118.43857186809804,130.19480851691904,131.91140622806248,1.1839354637888004,2.300345977560586,13.498806581649097,5.681711327875912,6.4620347294552305,7.506388262405297,2.075086781673801,1.8389011416323016
dropped_arms_3.mp4,chair,dropped_arms,342,172.32363283717865,166.37287552549057,140.72017519947389,118.56235417618674,139.66006824257673,131.72142978684815,1.2112422751673535,2.3605491256416653,13.546656898956126,5.329190673019618,6.47103342147503,7.595477681073222,2.0120618286232905,1.8695168386948025
dropped_arms_3.mp4,chair,dropped_arms,348,174.43682350006648,166.38989135396406,128.5723769166203,118.63669985989502,132.68049136496532,131.7755953667497,1.129666539438052,2.7486949645833,13.372921471619657,5.153144686412848,6.178035700339769,7.712219546961597,1.998850674274662,1.865224072937709
dropped_arms_3.mp4,chair,dropped_arms,354,178.96618024309075,168.68761650565253,138.2392838674024,117.55578914153975,138.2763667231751,129.9431818719895,1.0598214707194422,3.0116162639253474,13.796436504159145,5.600581544392147,5.041954575244236,6.705681115507789,1.9492591525752394,1.9062904611546114
dropped_arms_3.mp4,chair,dropped_arms,360,171.0488143215162,167.56895522796952,129.14026746847827,115.99702704936021,129.8261498390649,127.52989657996321,1.0526327230424122,3.10527112881172,14.195534202671576,6.438998663724922,5.563883198862291,7.292102378164444,2.344992716482809,2.3094728629437533
dropped_arms_3.mp4,chair,dropped_arms,366,169.36210049668537,169.94612436921707,131.8256043862019,115.91510863600489,132.3086797079159,126.69420906405547,1.3309380335013214,2.793349106021786,14.531540253344629,5.86667028860361,6.210039005584209,7.495677928593332,2.4078529398723627,2.5980144650050616
dropped_arms_3.mp4,chair,dropped_arms,372,171.90335443132219,170.75049563490424,121.4992772427441,114.0573357653389,125.96188232720408,125.48649086313584,0.9206044721805631,3.1893153141077106,14.203561650319713,6.658308878666798,4.654066368030849,6.455317484935287,2.244992687268906,2.269004213581938
dropped_arms_3.mp4,chair,dropped_arms,378,167.11059545847033,167.60990399595048,122.25389332049234,113.83718029871811,124.09425926628658,124.82241196480746,0.8301784459398712,2.2355282861365624,14.811819990028194,7.2123032387283015,4.566212130383038,5.561789450940513,2.1697628836344434,2.1049577615566113
dropped_arms_3.mp4,chair,dropped_arms,384,175.0574642879808,167.3708276786181,123.09469908750047,113.88291735901102,124.4737340610925,125.04538003347974,0.7834983802915299,2.7055399758509724,14.945219939645716,6.888089354646314,3.8948515444058134,5.424704017706867,1.9760917534935984,1.9505472765810827
dropped_arms_3.mp4,chair,dropped_arms,390,176.25751312078302,166.65853607164365,124.50970856054131,115.22397981285644,125.54882970513266,126.26675559100266,0.8834080483480435,3.222168643219673,14.672811688669306,6.36491729132795,4.780835069572587,6.732419679467733,2.0760918741295096,1.9718808864388055
dropped_arms_3.mp4,chair,dropped_arms,396,168.0938117659072,167.31564295881344,125.60370596359819,114.80817052348395,128.04238805809197,126.55693479794286,0.8524102369707095,2.2961312764322686,14.299687690989531,6.079806213815932,5.427620470736021,6.369502516430276,1.905275802984952,1.8659951392362206
dropped_arms_3.mp4,chair,dropped_arms,402,173.2596043571386,167.93866552006264,126.57389032730926,115.23940425131649,129.40008982758994,127.78632335964014,0.8427493933442232,2.7817184780937936,14.231743247857914,5.884721647455822,6.106633234727153,7.713120032419416,2.055355725473682,1.964521322427629
dropped_arms_3.mp4,chair,dropped_arms,408,168.35226404367532,167.0241220731405,120.92742709664195,115.00475241447378,129.05260853458734,129.70820563742197,0.9761182786911667,2.1662493761097097,13.018281197939247,4.950981587814525,9.022413757123283,10.046588653116677,2.162139697085146,2.0394639676588433
dropped_arms_3.mp4,chair,dropped_arms,414,166.24551373657087,166.21504743961492,141.98765033077925,121.53390261960841,142.1097332138771,134.1167732248325,1.0462423213406127,1.849914528933016,12.902356087121724,4.706361459953689,7.8556243365511556,8.566994727801836,1.9349061527021043,1.7491325403537616
dropped_arms_3.mp4,chair,dropped_arms,420,168.75990775734022,167.44969503534074,141.7862761762542,123.02919758259901,141.55142627982238,133.82287762929718,1.2075390425294348,1.8385489715986982,13.464134482101406,4.608106257963859,7.032301645708679,7.667320332073403,1.7926601454406643,1.6716235667903108
dropped_arms_3.mp4,chair,dropped_arms,426,170.906631459968,168.8510343651392,136.6018555921589,119.38437230256956,135.75326168833945,130.78731209689627,1.1596318233129226,1.7420383914774527,13.891103388763977,5.719200513126859,5.630793860634876,6.301962399597747,1.8238928655739433,1.6842856041481316
dropped_arms_3.mp4,chair,dropped_arms,432,175.21919366368996,167.41305133914318,138.32249449922793,118.89586303507932,136.7571927953099,129.42687882377996,1.0485068981595265,3.2969746408601797,14.827950287454508,5.988942669891452,3.0929866159846955,5.237317179963974,1.7630099457863897,1.7485098937777668
dropped_arms_3.mp4,chair,dropped_arms,438,171.95015658457402,165.70530115978605,126.64361887621658,117.30747807826056,127.37435774471916,127.44684012736799,0.9172760452720602,3.149203315707889,15.55239981849109,6.303845567848568,2.7666888799647054,4.637885473668381,1.7887910998485377,1.798624803586216
dropped_arms_3.mp4,chair,dropped_arms,444,176.22965335365447,166.92024100740517,118.28736618106372,112.58541146867518,123.66258603313302,124.68875881661836,0.8451570600924364,2.663849338342879,14.962009855454347,6.251868869014102,3.1183265313735333,4.595320304055949,1.8316822743815224,1.8259345329944212
dropped_arms_3.mp4,chair,dropped_arms,450,167.13781953190633,169.3677653023678,119.7234794586295,111.87825616224495,123.57302241973342,124.57245905703331,0.8013621736581918,1.8569876990961247,14.783542767785708,6.729433968775678,4.224267624627523,4.770324071507902,1.9969357447115488,1.9162098881788325
dropped_arms_3.mp4,chair,dropped_arms,456,163.34435586410598,172.45517724421143,120.77121085690361,111.7746726002803,124.64813481938404,124.21121176256648,0.6516228106750128,1.4542831236331117,14.801739465732277,6.708362388387765,3.5406697329468995,3.6972218131657013,1.6789222733022522,1.6866154045926312
dropped_arms_3.mp4,chair,dropped_arms,462,168.5947551469843,171.65280555278198,120.78329849623536,110.9598104396175,125.60931857488325,124.12503293822611,0.5284615453995241,1.5666780688665107,14.933402026776776,6.767996525017337,3.624838742530558,3.763751400157326,1.664485003871308,1.7049440476496602
dropped_arms_3.mp4,chair,dropped_arms,468,178.2177467545528,171.4274803673741,122.81430160666206,112.84066280694603,127.25884857431673,124.80152569833812,0.4682303962075844,2.410970230808044,14.943530806656042,6.475760801951108,3.0406723937468163,4.102515267351424,1.7045587534986049,1.8065190508895748
dropped_arms_3.mp4,chair,dropped_arms,474,167.45971355336496,171.33983531321763,119.36994553422339,111.79521649712257,125.56245959317101,123.836463679341,0.4416133748825705,1.9768286443426388,14.482256111945699,6.919749405338492,3.9614913216709065,4.453761061061666,1.8500525627664823,1.95189232918223
dropped_arms_3.mp4,chair,dropped_arms,480,178.2604309657533,171.89436674683856,121.17619765622428,111.80809369865986,125.62982362781749,124.20146321426304,0.41425946456315665,2.5692381665601887,14.436595169339416,6.750737155480313,2.951784734804194,4.29122641526905,1.7496743462065116,1.847889473432713
dropped_arms_3.mp4,chair,dropped_arms,486,163.83999146646673,172.3412303568811,120.1654974316777,110.66739043847713,125.07784236934914,123.39299000931763,0.37000216012655684,3.111967901549001,14.269846807778526,7.078667806247971,2.770139318381128,4.580076740738283,1.8090042848756414,1.9303194284812608
dropped_arms_3.mp4,chair,dropped_arms,492,162.1274050538563,172.13722851618837,119.11590374918978,110.78840017371833,124.64926654491012,122.96901298430076,0.3959273137778618,2.921469560170259,14.223276931777528,7.275352121399077,3.828417498153184,5.16439605448347,2.02977790591612,2.1655944030993615
dropped_arms_3.mp4,chair,dropped_arms,498,163.04803057868858,171.76654982720714,119.84066357382198,111.52359921847605,125.31052470471619,122.7232704130162,0.3612368438830532,2.9749575715860606,14.123869504294843,7.262664459717068,3.8613257580171227,5.320231660296281,1.9285147795258795,2.1104914564105663
dropped_arms_3.mp4,chair,dropped_arms,504,165.60339159971332,167.42438456141934,120.19080571737844,111.12391211458852,127.04873175121638,123.40221288587882,0.31557174370564256,2.350502148780952,13.748024667296402,6.848402530461386,4.885000286940408,5.888881989117961,1.9043468727335386,2.0821638382882677
dropped_arms_3.mp4,chair,dropped_arms,510,163.78375537390173,166.06484888861917,119.88315625140233,110.91606479579801,125.65162583112394,124.08292540187395,0.3871005217085838,3.5048027776599002,14.532870638007616,6.212910242790366,3.0234544071819935,5.468168138498448,1.8416700531912629,1.8503798797281883
dropped_arms_3.mp4,chair,dropped_arms,516,163.74820876474627,173.4078137519263,132.07205933997784,112.95290348428446,131.15502987790512,125.32140991393871,0.4235039432108077,7.729553764024649,14.217507253687383,6.410073642105078,3.096161373068159,3.619697790155588,1.066456597555504,1.1323678374253212
dropped_arms_3.mp4,chair,dropped_arms,522,120.28871173018774,174.91675993599173,125.57857304727303,113.94711983043706,128.3062884464342,125.63556963146672,0.7470785782605093,6.438837754379088,13.758879219388517,6.637007579924316,0.5758343888785373,4.674887495405337,1.273089169063588,1.3881632719498522
dropped_arms_3.mp4,chair,dropped_arms,528,172.91802689624487,175.67581881577382,127.70034347149497,116.33694951361414,130.04925570365512,127.53825493604683,0.808728766972832,3.3535584706408272,13.941454284706884,5.622873042362631,3.5225725337980074,5.469156310708733,1.4755982897251723,1.5996305903239503
dropped_arms_3.mp4,chair,dropped_arms,534,169.70492519392104,173.33779775211107,126.30069134120376,116.69910189732967,128.09874022043556,128.41536673602906,1.0884589831193388,3.4467987799330952,13.765152497190577,5.638535343736879,3.833189620659614,5.967435933636891,1.5706025128528203,1.622455669682596
dropped_arms_3.mp4,chair,dropped_arms,540,168.9690034939128,172.6883918583869,133.70418396538292,117.72432164164553,132.42047025939613,129.2683592134523,0.9859061749367726,4.245138913603386,13.68246853094221,5.202645338677477,4.249107928824616,7.164986854842042,1.8027686659395532,1.8447077166552037
dropped_arms_3.mp4,chair,dropped_arms,546,167.29784326959182,171.94392887150286,142.53695816560503,122.2687042936857,141.6709315499259,132.19664835122478,1.188329031680181,3.8709091030981604,13.716323754923526,5.6790151627557535,3.6395550914780674,6.268437372621977,1.6157033981268671,1.6644604542193278
dropped_arms_3.mp4,chair,dropped_arms,552,164.2208765321021,172.50576683059805,131.51000349111374,121.31626623068006,133.847779977437,131.64277664296694,1.2610635070173817,4.1954316878658595,13.774826091684156,5.841782956941731,3.740557406503801,6.693482945980233,1.7212573097628359,1.7526286046049289
dropped_arms_3.mp4,chair,dropped_arms,558,177.6044049615951,172.38226142483296,136.96705373007222,120.90715390898026,136.89867694281776,131.38462403915466,1.2258737188198259,2.4868179163214035,13.952174899479532,6.003419901300064,4.881182336041644,6.180925395862212,1.6679996948051756,1.650191325911963
dropped_arms_3.mp4,chair,dropped_arms,564,175.9222670389535,172.91833625446267,121.5398819590846,113.89472293260418,120.5879880131012,124.49535669541108,1.69088279663114,11.084347879012658,14.281911814673592,9.320851905827249,5.478746139011136,4.400889650358985,1.4329505680395767,1.2484482475819076
dropped_arms_3.mp4,chair,dropped_arms,570,153.637446281252,172.8482748257078,123.74156640908731,115.10066490094233,123.86726881649143,125.55454922485426,0.9145079156539333,8.868968189434993,14.162937228718887,7.505174328294146,3.479998820556099,4.361541646359322,1.2620772696862192,1.2805511856988423
dropped_arms_3.mp4,chair,dropped_arms,576,101.72517716254275,172.3082850438247,128.1966884408894,115.14189853513058,126.96911232420258,127.23665055685382,0.6103255967741162,6.1478663167472645,14.020516064606873,6.788758464170385,0.33055626831408347,4.786688679799989,1.4482943197428382,1.2909099653949685
dropped_arms_3.mp4,chair,dropped_arms,582,172.4772637921806,169.09066503988078,130.04408742717843,117.68422135671156,130.47924504097756,129.26592519754666,0.5436703166831662,3.153510389718323,13.7141779764921,6.27490084927921,3.1454342224525282,5.172678534136908,1.4941504276883208,1.3652770341008587
dropped_arms_3.mp4,chair,dropped_arms,588,163.39599602979064,170.20798366296796,138.36347786924975,116.54308658400915,138.67555549440644,128.26860479333575,0.7388730779798315,2.4949637287485746,13.7376818088144,5.54144947764407,4.230131218297011,5.5022884361266,1.4351471816810213,1.459442944846902
dropped_arms_3.mp4,chair,dropped_arms,594,171.15132528065388,169.69327275561588,127.82308750811944,114.74546824412526,130.36965773960856,128.3812176396365,0.6600785870807263,3.252529662918897,13.321249570395814,5.878685758000397,3.822001052445223,5.884584989072852,1.5657146589824513,1.5054839875924355
dropped_arms_3.mp4,chair,dropped_arms,600,178.75467277832044,169.4225340766489,134.85898518324285,113.01052107834033,135.59478050453134,126.74042720455634,0.7176375005666905,3.0168755668770277,13.615961969630385,6.164619683975768,4.03347243824912,5.866688683749228,1.5914658308624967,1.5643344861443549
dropped_arms_3.mp4,chair,dropped_arms,606,166.20556465219116,168.58581902398987,128.47872407353285,116.79440990667369,133.2336865138934,130.18210503054377,0.8700099618113564,2.1506476923021034,13.055581526562914,5.690727044914134,4.5580585555857045,4.70093755774576,1.9719966292563857,1.9653596141042808
dropped_arms_3.mp4,chair,dropped_arms,612,158.9181936360174,166.28101617869223,146.64858283681693,119.28960162851543,142.31308998525995,130.68020857306223,1.6932872628742104,12.680555677045707,13.167588414401461,5.68664906093059,5.78621185878308,6.034146807380078,2.411365570337214,2.171004381948186
dropped_arms_3.mp4,chair,dropped_arms,618,171.6719801268413,176.76698478759425,140.10841892468738,118.91725657969084,138.94604359763775,128.21205834160224,0.6119124202477532,15.137358342175474,13.008901356726662,5.865461341497294,4.386703415520834,9.614936002051918,1.671280428032191,1.5216571613768939
dropped_arms_3.mp4,chair,dropped_arms,624,171.23703653551905,177.05906220870614,134.08364424197808,118.29491384330719,135.17879690528753,127.05005595462234,0.4269021250185812,17.672279513746883,13.721038210151697,6.204316904379361,5.111976046872203,10.861989341280267,1.9237099890431428,1.9484122471269996
dropped_arms_3.mp4,chair,dropped_arms,630,169.5869099883691,176.773420599584,147.99960294946737,124.00374020691982,145.57144057936736,132.36289605416283,0.4638458358595902,16.821046650076642,14.138366663312901,5.700121439907083,4.829017231122583,10.435399493331973,1.975050526473505,1.8838840241293349
dropped_arms_3.mp4,chair,dropped_arms,636,170.82075336378767,175.97039328974108,147.47873409471958,124.23102376396446,143.93975447912482,132.58800704249086,0.5489296856597383,18.018035979391836,14.37576425675006,5.991150482242131,5.601282407076731,10.854085255885817,2.1888389925521263,1.965625900009256
dropped_arms_3.mp4,chair,dropped_arms,642,168.69512197098626,176.9755201446101,146.29234664263305,124.15779757390038,142.80029312597176,132.91347907645905,0.7527411686903072,22.964009361063788,14.262077444753203,6.148576182226166,7.145715632637879,13.979463196273748,2.8330778491900332,2.4750075089305037
dropped_arms_3.mp4,chair,dropped_arms,648,167.7641956160729,176.5549941383416,143.58737694537407,128.17194725270622,141.78323164273715,136.49231414334199,0.8664045959723935,25.36935586746619,14.19120986652081,6.567257330247932,7.9877575543719574,15.418700885496497,3.1218432159101765,2.772019192458461
dropped_arms_3.mp4,chair,dropped_arms,654,167.51621933699374,175.96364311144777,143.08022012220206,123.11846674140868,141.16599553109012,130.88825647651336,0.511669978052097,19.739912061801927,14.337987851641733,6.815013336450609,6.196365029961782,11.82805518675393,2.4839539396345054,2.1523940121836898
dropped_arms_3.mp4,chair,dropped_arms,660,171.8341371189097,174.51654162544884,129.25073330623218,117.8896392101067,130.528975876803,128.51807085446737,0.4641943723169824,15.550153536890202,13.406040456196202,6.011115110326522,4.716907746711523,9.630680145059893,1.8440895889996536,1.4577598451521405
dropped_arms_3.mp4,chair,dropped_arms,666,161.61200906218983,157.89142783602355,130.47785989433456,117.16637035163484,132.33000341130221,127.52974706449793,0.96494591921367,13.821574565336256,13.013497919974144,6.383907381003043,5.38467687787412,7.220314177236079,2.254763995492404,2.083264416000453
dropped_arms_3.mp4,chair,dropped_arms,672,149.7405338784091,160.43669224034667,128.36572610421536,113.41426955914454,131.74957016483708,126.30004749003587,0.9794657136776762,3.883384293498701,12.89683191725665,6.816747277079782,10.102205524556503,8.933758993348881,4.140087160523853,4.0574121456002015
dropped_arms_3.mp4,chair,dropped_arms,678,155.91903069017977,169.62684769417865,121.15542240093524,111.65006099062808,128.80968436604067,125.6538699470253,0.5954632581513384,2.8559670076208405,12.288306843718047,6.855510288194259,6.024760799947349,7.284066448743605,2.2827203024340346,2.3683511699877053
dropped_arms_3.mp4,chair,dropped_arms,684,151.56597378422734,168.72601326083924,125.47832983948605,113.2414580776701,131.41042085351157,126.9206298205124,0.42959549623696686,3.3962048186995224,12.091038141943525,6.755854748928775,6.133653198567394,8.133452006964305,2.112667187048491,2.1947601909844323
dropped_arms_3.mp4,chair,dropped_arms,690,159.90206877700626,167.4889040338883,125.05866078341624,113.21606838626815,132.02903210666403,127.3766826090577,0.3857633222722416,3.0677889633597335,12.020405272621987,6.373539856269138,5.584254131109666,7.368331825194679,1.8567131824780816,1.9665703976607476
dropped_arms_3.mp4,chair,dropped_arms,696,148.44963998435315,167.98866998574715,124.36171519653486,113.1775451676214,130.32379652021706,127.05797455365247,0.36839849136536584,3.1798042284522823,12.223043623263402,6.5818544736023545,5.0786336486478065,6.913632309652694,1.7396893849126538,1.8257467043698892
dropped_arms_3.mp4,chair,dropped_arms,702,141.66601704652382,168.54165159852045,124.37305336289754,113.3289755797756,130.16706592808947,126.87444511880734,0.3732521470639862,3.672559420649693,12.451797539800966,6.502064370149994,3.901625635807242,6.33634986233271,1.6072969949910199,1.6942107483750701
dropped_arms_3.mp4,chair,dropped_arms,708,143.53610715107837,168.56458688990423,126.79558115320758,112.61113209350728,130.7445168576236,126.18827947468654,0.5553600103447749,3.6615373919793277,12.84391749289505,6.302046184898693,3.8193685522872363,6.173029208263454,1.6735888269594805,1.7582897021286585
dropped_arms_3.mp4,chair,dropped_arms,714,161.78267266386757,170.50385993849753,120.37998751527725,111.60681909587053,126.5755689627939,125.19438491066897,0.5704723566718802,1.9892952937073103,13.39695698588961,6.135119537719056,3.9201705091744277,4.553409102225727,1.6751489119067031,1.7738922484664827
dropped_arms_3.mp4,chair,dropped_arms,720,154.13521819364558,171.9148992467361,125.46209932724562,113.00060469203619,126.68128385913786,125.38828900307419,0.4828343424149431,2.5719060154799886,14.217886689532753,6.752469927989893,0.6338238780658071,1.9741240570824843,1.4915058591270993,1.4784029601237443
dropped_arms_3.mp4,chair,dropped_arms,726,162.14384404332975,173.62592246544142,124.30897136878033,112.94754867625134,125.96174246220642,124.63356656855966,0.42327906075124616,2.4183472948003435,14.779495709147877,6.711998549147524,0.3748862032969803,1.5019982977987298,1.423246310120902,1.4905394235920653
dropped_arms_3.mp4,chair,dropped_arms,732,157.30951400698441,173.18855998524316,125.60223419903998,114.22300583363246,128.26810688057714,124.58215153801632,0.5475031446931142,2.8657733559575487,14.581182781715993,6.666300429399135,0.36430531482168793,1.8695303989429082,1.69984327092258,1.878932734594778
dropped_arms_3.mp4,chair,dropped_arms,738,157.9235928424903,172.7918648112345,121.92152984696959,113.55539276347582,126.74187085942965,124.16995342508088,0.5024585705372859,3.0730583879082722,14.478941280598287,6.851816044015824,0.29884764432104877,1.7390590808401272,1.6343785849915968,1.7920568057122703
dropped_arms_3.mp4,chair,dropped_arms,744,159.173136260755,171.8327066159686,123.86463471032934,113.14001635660956,127.35604121191503,123.61958508839857,0.45033527804165985,3.251294265584021,14.51804300489277,6.8359205037047195,0.33658229051787625,2.0049209850905805,1.6179644513062446,1.787605419117836
dropped_arms_3.mp4,chair,dropped_arms,750,150.86616277016756,169.89310221135517,121.66567388758786,111.94083999244631,125.28088360707532,122.64457869793203,0.3432443157703267,3.6033813747008914,14.571145804021269,7.47397196809725,0.15250028542745958,2.1615484276815784,1.5894991127834035,1.7244044486044063
dropped_arms_3.mp4,chair,dropped_arms,756,153.6938448855669,167.97723739154023,120.08124989219715,112.50944361793405,125.21897229399411,122.92924616348485,0.2914089645232177,2.3198459655744936,14.697353755062007,7.546858429268956,0.9364231967250299,1.973541453913639,1.4044501440523478,1.5421080779706355
dropped_arms_3.mp4,chair,dropped_arms,762,157.415764688672,167.62943518724072,122.6744331214607,115.30688495747802,126.55261682597734,123.22866150405979,0.45252283943187194,2.5565527736946874,14.490869416743685,8.176796336120736,0.5398852857888002,1.8498048384282266,1.3486730476460687,1.5520763334533276
dropped_arms_3.mp4,chair,dropped_arms,768,164.21783145212817,169.16525863562114,123.60273744039442,113.79087955722011,127.34598313357117,123.68728624442684,0.5060384779121464,2.366900029342616,14.260660968077017,7.63080414994804,0.7877080975491624,1.8755650184260775,1.3134648376301552,1.4629649343975082
dropped_arms_3.mp4,chair,dropped_arms,774,153.93096996062337,166.59630818835933,125.72985695259588,114.46790883254532,129.53058030349573,125.37787480484931,0.47090251313933607,2.9835248501849883,13.977052295612717,6.925780259538918,0.3770744391147279,2.071857784900443,1.2681924780904223,1.4269864704255826
dropped_arms_3.mp4,chair,dropped_arms,780,158.29200660586247,166.75110730221058,125.84103784972542,114.93462529090414,130.5216699713418,126.63571039729847,0.4835265318554742,2.728041719558896,13.579238605732346,6.380733120465357,0.9522285931948018,2.4976733637031785,1.304061810228792,1.4256480478427727
dropped_arms_3.mp4,chair,dropped_arms,786,162.49459021477594,166.0186193082068,125.65033390560728,118.6632721428627,130.73467752240373,127.46764218818653,0.5656817170348388,1.7793284895849215,13.111113487305015,7.417785842954575,2.2183591849941413,2.6235067606137656,1.3687757882709313,1.6102071699341653
dropped_arms_3.mp4,chair,dropped_arms,792,165.8328284554349,166.26275412375034,128.4828248441255,118.7506066665564,132.6286955683949,129.5276558009419,0.43904263396841053,1.6393150145417295,12.682174566819674,6.355970807736615,2.2048554821209057,2.5382584789112026,1.2734872241190867,1.4038572303321122
dropped_arms_3.mp4,chair,dropped_arms,798,170.5955300094783,170.41056848857824,125.98677286589346,115.7932855535578,130.09199655414167,127.65988036378765,0.36796973304229474,1.7591868861340845,12.833968718388613,6.265483599790671,2.2473116505510804,2.859231655844311,1.3037337593760048,1.4369664899007715
dropped_arms_3.mp4,chair,dropped_arms,804,154.90845586460074,170.4421136090538,118.12324387539368,110.8551775025299,124.02599375101934,123.08602961136009,0.29647175826070304,2.404217265005256,13.560639053940504,7.1165543984913056,1.8562222969136075,3.142462361756789,1.433318110500613,1.54922582839801
dropped_arms_3.mp4,chair,dropped_arms,810,167.88443246127952,167.58983066129994,112.52399675399482,104.50676415593868,118.80932525860469,117.44248332980443,0.5676813212142424,3.034975097462552,14.515380734979248,8.324848798255307,1.9740692174365904,3.841815265622439,1.8949253068830711,2.000481196796116
dropped_arms_3.mp4,chair,dropped_arms,816,155.63292329869157,167.0459919644297,106.57861285787213,102.09772080937324,115.5386286803315,114.98939257654332,0.5056687824264355,2.825580421747483,15.213398259857783,8.561936044567403,2.2832708337029017,3.8033965153538434,1.9016358954188743,2.110205905622569
dropped_arms_3.mp4,chair,dropped_arms,822,152.9196170856758,166.99033949320855,107.22054575323592,101.63495133688858,115.88149346146781,114.78510268838929,0.5116583499574556,3.186585877461708,15.536639351063261,8.393261920650845,2.167727717230727,3.865884110623042,1.8480091838381616,2.064482936205126
dropped_arms_3.mp4,chair,dropped_arms,828,160.62487120463584,161.79120280006796,109.1574218714249,102.33263476644316,116.99500008276391,115.82057854642775,0.45563961309738243,2.544098353216988,15.559647806360351,8.225743566817563,0.47902351218448763,1.5833020702062697,1.8006607452809456,2.001724674676037
dropped_arms_3.mp4,chair,dropped_arms,834,158.4853721196585,166.68734541956076,112.98927218095572,106.59278573350481,119.90864280836132,118.87240140595073,0.4535936511511954,2.4398077207793,14.89749501301203,8.099696354534291,2.9081750394868147,2.036292308503192,1.719267659537894,1.9005169175364518
dropped_arms_3.mp4,chair,dropped_arms,840,165.1031988216845,165.41146713621274,120.47928963806449,107.61143969518223,121.58327740918477,118.44987759989766,0.5054003161116697,2.701383185399078,16.214278255795286,8.290315966506318,3.8080147569513376,3.0007557792266146,2.0121190708465493,2.1027003604097594
dropped_arms_3.mp4,chair,dropped_arms,846,166.22737402865565,171.27118527586944,114.62420838027685,107.63281132364887,117.93636167779992,118.03999466815048,0.5361157748633386,2.365424280839553,16.70168929770633,8.813614523765374,3.3404546624933964,2.782748020620648,1.913974327210528,2.0136300549337847
dropped_arms_3.mp4,chair,dropped_arms,852,163.96105448963866,170.29266154984978,114.87695305859049,108.32292068539778,117.84366313730158,118.08061377710436,0.4505411451139467,2.0938853081925943,17.16513567121488,8.597441636340955,2.725873837921637,2.3909472837589,1.7045409963492753,1.8300628371497896
dropped_arms_3.mp4,chair,dropped_arms,858,165.33914236397447,171.8232781096167,115.18711113949247,108.74737635451284,117.55436778413576,117.62662373717134,0.4826050388665155,2.1679137542037097,17.460638702062436,8.822210252692669,2.2536949662088426,1.8600539000000045,1.727849550235781,1.864711958506894
dropped_arms_3.mp4,chair,dropped_arms,864,167.51428354295248,167.11582272885062,114.90547639942943,110.33759366584424,117.6394576193245,119.92411361789748,0.4846996060674549,2.249197285552013,16.96908148451897,8.147012212432033,1.9810135260425168,1.5196483215982994,1.6633428136060895,1.6596244029593865
dropped_arms_3.mp4,chair,dropped_arms,870,163.69008130201,172.19272501768668,117.38459072113888,111.17115799541291,118.40759264971199,119.87800165445596,0.5563670636997172,2.113224063741692,17.268724312677275,8.434097385400852,2.07413923651867,1.8064280351858986,1.6567294680069153,1.6659125146000242
dropped_arms_3.mp4,chair,dropped_arms,876,167.5007257870992,172.31417925864395,117.65451732719784,110.99689655254696,119.31575706728069,119.44316513062495,0.5116198956433582,1.8575534650563121,17.546865928593917,8.268273341153122,2.074433679648767,2.027187002492856,1.588331301543151,1.6510323221670191
dropped_arms_3.mp4,chair,dropped_arms,882,169.57413287597817,171.34056129552675,116.06581250900608,111.1270257144229,117.83769098909698,119.20727452706514,0.5126798569797184,1.8933260158656176,18.001461660311232,8.295741391030516,2.0594294009504717,1.974519992329564,1.5713744667647305,1.6491253356575575
dropped_arms_3.mp4,chair,dropped_arms,888,170.24425094292417,172.42110479405568,116.18299121973187,110.16042893775328,117.82530210574097,118.23908893355072,0.48014070162744765,1.9334679071411243,18.22249520923206,8.380514593485238,2.095703214615424,2.0290332193338694,1.6651498928666582,1.7384262163916708
dropped_arms_3.mp4,chair,dropped_arms,894,172.90988031926426,166.92808685433516,115.85626613301083,109.47516590930155,117.66951715933486,118.12286881628806,0.38095809137238273,2.294210392372084,18.318504797701305,8.365675294673165,1.4269519742888208,0.6984164763524928,1.7185544397953327,1.7830305539814177
dropped_arms_3.mp4,chair,dropped_arms,900,171.81708923965013,166.7572459184351,113.58700760396786,109.05281527820125,122.78640768401284,119.32941428858064,0.3884917931440413,2.0475410467081083,16.16142074651237,7.416962886402,2.1407997861155335,2.5221584910759245,1.7538883112297126,2.141886373050271
dropped_arms_4.mp4,chair,dropped_arms,6,164.9817748668505,160.68836270899422,123.78053070049805,109.0887097233375,129.39768132241986,122.80205791647435,0.9372740629970164,2.2458499861476455,10.898859629538482,9.270229679817971,6.538473921188328,7.451889043797404,2.2061506429615494,2.4245955326238646
dropped_arms_4.mp4,chair,dropped_arms,12,159.65491751568408,164.29281914342087,117.48746429916721,105.86369920267927,120.58968052067353,117.95899241198694,0.7155102730361184,1.7394577909986564,12.382895961835661,10.805326792419715,4.108067981736716,4.473992037672987,2.0867460243645444,2.1155325152898374
dropped_arms_4.mp4,chair,dropped_arms,18,155.64058912389427,162.0000244897026,110.69303379750556,104.04898071903249,114.69634776446047,115.0464922341597,0.783332022126421,1.8022312853447553,14.11876873486375,11.776876055080288,3.958233573722446,4.325609163366519,2.5659894468245317,2.5313025350261524
dropped_arms_4.mp4,chair,dropped_arms,24,152.23593986794745,159.48695792509824,111.96897025297355,105.037248774152,117.54232490964257,116.99075907253089,1.0636272102795872,1.8041353296762102,14.071454108708672,10.118240226584344,4.677230555580735,5.103945683583477,2.8709414645411626,2.7682605705184202
dropped_arms_4.mp4,chair,dropped_arms,30,143.05994915687816,158.9873498020526,111.53202354035885,101.70212331588019,118.63621787322987,116.45456907213804,0.5973311213287356,1.6890702236115864,14.004590060278762,10.238944425080055,4.698207862588837,5.064822181000001,2.6513879527972755,2.6603063693283846
dropped_arms_4.mp4,chair,dropped_arms,36,143.32143936006938,148.31196175962708,116.05345560138218,105.05310833659581,122.11727643896435,118.52854979985835,0.8740774895157856,1.8707801159887723,13.945703152325347,9.180352299369536,4.6646080887123444,5.107368151714377,2.7564200490278505,2.866205104147943
dropped_arms_4.mp4,chair,dropped_arms,42,149.51062706959854,146.56735135635878,115.76938182720758,105.38299965457975,121.95964235145608,118.36118665646977,1.1996022956741996,2.2848890669206203,14.28032542173247,9.16666623447875,5.127991366086157,5.916674608360167,2.882292901002576,3.029836798614642
dropped_arms_4.mp4,chair,dropped_arms,48,157.6442129812033,161.29682245231785,120.49966311299755,109.26193765677148,124.37761117443267,120.14260181265067,1.0213474116514134,1.890923738049335,14.777703482213235,9.167032159469345,4.419492722864535,4.707778194546043,2.4772508988611395,2.5308470673204906
dropped_arms_4.mp4,chair,dropped_arms,54,157.19595188232873,164.7898802032918,119.11349896461891,110.53337470428052,124.32569028375856,120.57033989060777,0.58502864012528,1.5888916402185564,14.337222687179185,9.332796809521303,4.169146046271141,4.26790653292206,2.091038352149763,2.254895126939591
dropped_arms_4.mp4,chair,dropped_arms,60,155.1853447544498,162.48346229480617,123.30239977511653,111.44528392677164,126.70864471818302,120.8536526595444,0.5901347670401481,1.6464036504198325,14.399127825919733,8.744926461172055,4.071498952524509,4.19069370272323,1.9836834185284649,2.1473209350840357
dropped_arms_4.mp4,chair,dropped_arms,66,149.9277830210082,163.7521093405535,127.79148221995851,111.59654255263781,131.64998024380515,122.86827914399318,0.45589757204697134,1.6717210346977347,13.985836637260432,8.449695230647409,4.649530469842829,4.874156970600986,2.178301870592986,2.1919144870873803
dropped_arms_4.mp4,chair,dropped_arms,72,158.1044935745125,168.2794543589997,119.51492985560495,106.56727064683398,123.79566265070478,119.55736899551702,0.7304903581792829,2.047739475381462,13.996233228668213,9.34511376585006,6.134474047318054,6.724212537239416,2.734446508466604,2.7343068005994065
dropped_arms_4.mp4,chair,dropped_arms,78,160.07326025069275,165.59926431612854,112.76192131427018,105.08749116958019,120.62063563086625,119.2236934809202,0.8189454896079297,1.9451484516400601,13.546862610335802,9.956522876340111,6.213953383440398,6.836230579996419,2.7603675504489122,2.7682148891420515
dropped_arms_4.mp4,chair,dropped_arms,84,161.26523492742567,166.19846776657238,110.317627830334,103.71984958593525,119.07951663877326,117.9385034779525,0.946509587568069,2.0584143088892466,13.46413528036375,10.113123109306454,6.059949818239487,6.6388593502592,2.695457922344126,2.7754824554303217
dropped_arms_4.mp4,chair,dropped_arms,90,153.70678209047054,164.37387255577596,109.75387907352659,103.75894397213617,118.3405327352645,117.68419468873437,0.7229441356720868,1.9063493177420099,13.705397385152171,10.244441777505672,4.0447691151277905,4.364651826403092,2.28900047717046,2.367921390280631
dropped_arms_4.mp4,chair,dropped_arms,96,153.98085898789813,169.4467151954002,106.98043843974146,101.35097338738719,114.26326900191577,115.92409997393852,0.6178156757755398,1.814803717610632,14.412232359570863,10.180682878920456,1.3563490071584225,1.8858204846716142,1.9868942387888928,1.9669602411835316
dropped_arms_4.mp4,chair,dropped_arms,102,148.04198920394842,164.58183816311217,108.56190620739942,100.84656694539342,114.85161627383803,115.35201295957116,0.5623264202709067,1.5003674745698352,14.835378492185292,10.395792404790258,1.1180827478288138,1.1135328750394382,1.7505695402961141,1.7446663559070819
dropped_arms_4.mp4,chair,dropped_arms,108,136.26682449611948,161.84068916137608,109.14989368403148,102.67138520746214,114.2416979178643,115.26155529560731,0.6149951564251112,1.5971231368362333,15.57839624072975,10.605321171549866,1.1774472262932427,1.1451851869207181,1.7934021419161121,1.75264566709987
dropped_arms_4.mp4,chair,dropped_arms,114,137.26927068921117,160.40882970812905,112.21905744606516,106.27621151872194,116.4589134177237,117.22770472995067,0.4677961273813492,1.6044327305474257,15.828836759983135,10.272255081060052,1.205054508785918,1.1253886486090081,1.6798169508084473,1.663359300509645
dropped_arms_4.mp4,chair,dropped_arms,120,145.98138232766348,160.25494664379255,116.82550154273072,106.67629429574242,121.33924486385331,117.26472839238092,0.3754125041745226,1.8461412211329862,15.87993442036239,9.985368641886186,1.4439221290596425,1.5418227139535938,1.7920032031449509,1.796283940865693
dropped_arms_4.mp4,chair,dropped_arms,126,151.08550025075374,156.25803357864626,116.66162583304796,106.94705782659803,119.80391405972757,117.29373674835881,0.35682032426801696,1.9246871156827177,16.09444481459793,9.77615030688117,1.1949722110476353,1.6841400844191854,1.7640467214293027,1.7650380921374051
dropped_arms_4.mp4,chair,dropped_arms,132,150.11242275776533,158.72236946502633,121.48354934821732,108.36835966753056,123.05664500761132,117.79969665836127,0.3853374257985427,1.9997831834146238,16.248370586029168,9.633559342522537,1.1525235450145812,1.7882904564339401,1.733693892978768,1.7560555137786036
dropped_arms_4.mp4,chair,dropped_arms,138,148.60570473267015,160.9421598277432,124.50386156086475,110.22944520221081,124.61290743908921,118.3563470046353,0.5244415709838418,1.867015583726381,15.871218377643194,9.80001329893399,1.1560495810044007,1.8103528539985971,1.7005105473109712,1.752577665563953
dropped_arms_4.mp4,chair,dropped_arms,144,152.27150448263666,163.59335167941305,126.4551778389396,110.71093087649722,126.03070174160558,118.19856667617425,0.41620922679603495,1.8864704731550774,15.940655509042,10.401708745515839,1.5860848135795353,2.1527782926276124,1.9550945963747095,2.014825649930197
dropped_arms_4.mp4,chair,dropped_arms,150,143.5597609472987,161.8102556704783,125.66170201132418,112.19871565969125,124.8608863244789,118.90548558343926,0.33285051189471954,1.960916254188695,15.785410318479109,10.401204802320926,1.7342210491448677,1.9960980518401934,1.7757331754977292,1.8515319319264527
dropped_arms_4.mp4,chair,dropped_arms,156,139.54262989992523,162.53716792437683,118.2217648386867,109.2173444761168,123.2430758160974,117.92630150129281,0.2967599367171503,1.8680363180882944,15.406983500414944,10.237084004583972,2.1013224150697374,2.2977667892766847,1.8320366486414492,1.9555870235132773
dropped_arms_4.mp4,chair,dropped_arms,162,145.37380834177446,163.4010905637648,113.00012468859083,105.97493671776239,119.30795757177304,116.4748747906548,0.3498689508128503,2.625284142413356,15.08010832135761,10.241979090268657,1.4584420543001653,2.612247079914614,1.9901199414860928,2.1186142098117124
dropped_arms_4.mp4,chair,dropped_arms,168,148.67289613798485,162.5332111396172,110.32664449645216,101.90633541733793,117.58954953825236,115.07200480839197,0.5869130435649376,2.454611568339978,14.907746622340401,10.131742648884606,2.257316220419285,3.1880762069930846,2.3254548888284736,2.4320506659423606
dropped_arms_4.mp4,chair,dropped_arms,174,146.86232275548835,163.01148662715545,107.89993186330005,100.84697463566604,114.2616687169628,113.91756938548356,1.140076743982887,2.514137827054961,15.490601504218077,10.591184909677752,2.5757037482688787,3.388959529032914,2.558265996899601,2.5606810812992333
dropped_arms_4.mp4,chair,dropped_arms,180,147.41186733880684,161.22684621802443,103.48992508930743,97.99371924239078,109.81085234793181,111.94413922156076,1.1724308852972027,2.749673701588222,15.584608380288895,11.14533863326579,2.6243895999522087,3.5165494769882786,2.7747463024933405,2.7454093725816255
dropped_arms_4.mp4,chair,dropped_arms,186,151.54296272289292,162.6975566535892,101.99077353057895,97.89286213833905,108.24043295779923,110.68404816153614,0.8184089840038506,2.339540757199875,15.881008480675256,11.254253107260352,2.385700455973606,2.890557299721401,2.3732652657674804,2.4098373472144923
dropped_arms_4.mp4,chair,dropped_arms,192,147.5521261462928,164.3291743066021,101.16758781184959,98.69802291881213,107.68886870448326,111.23491411299172,0.9139557703803662,2.3819459324761714,15.55841350998708,11.317575319221438,2.8300210805474477,3.3389057329981826,2.394555829031288,2.461648061132062
dropped_arms_4.mp4,chair,dropped_arms,198,138.0172786558036,162.79470405373507,101.71460181937006,101.4435889058858,109.51916579418975,113.18806498988914,0.9061058573052395,2.568931262866532,14.818162100314463,11.1461805675068,3.8399799823375145,4.438156674603316,2.6078009673684512,2.740286779096225
dropped_arms_4.mp4,chair,dropped_arms,204,157.3139447133548,151.2785770402109,108.15638744017826,103.87625066144018,116.88935619132978,116.52772726664571,0.6820414080153039,2.6875035417960746,13.651060878669675,9.979434191309668,5.465263986833878,6.503714202169972,2.592691733748545,2.66576707404397
dropped_arms_4.mp4,chair,dropped_arms,210,163.81603495823,163.77497475125233,110.39860679414328,104.25777774127127,118.54609260942152,117.13293307399717,0.685229632029581,2.8892243861559734,13.33638883921919,9.644965368058521,6.993253304584732,7.920762322176334,2.574321062722696,2.653982721266391
dropped_arms_4.mp4,chair,dropped_arms,216,142.71800035617113,164.45947321590862,110.88386186695148,104.64185289724787,120.22490845766703,117.71716133299567,0.677946450517491,2.2680364536089423,13.944526597425929,9.638237589564593,6.042425948406203,6.608213100015723,2.2455427167057382,2.4553133359941386
dropped_arms_4.mp4,chair,dropped_arms,222,161.324944965307,167.6150313204216,109.68608261972958,102.51759543701799,115.88018734825626,116.00869059654252,0.6959090399293375,2.6496132110592336,14.35723751951963,10.212651115890436,3.129403789470318,3.5212481359852807,2.2341529942021254,2.298159188479231
dropped_arms_4.mp4,chair,dropped_arms,228,146.92679351487604,162.05483702779418,105.82490333671603,99.54413857665405,111.84796640861549,113.48074700475848,0.6669332444223132,2.351114600739364,14.94482304839523,10.851949104930807,0.39875525059313677,0.5043473318005824,1.9843528450485313,1.9955447644375544
dropped_arms_4.mp4,chair,dropped_arms,234,155.0249846070731,163.62694421812975,103.04131860752858,99.37413478967484,109.75990918267037,113.2873844017459,0.618271395301824,1.9491304147835193,14.976726415034419,11.12837867967121,0.7141930670800543,0.604855468208939,1.9492106064069965,1.976097949794634
dropped_arms_4.mp4,chair,dropped_arms,240,155.27625952538367,162.79490652036236,102.42755155678383,99.80502359920379,109.55008850306645,113.71798775999241,0.6097594320046285,1.9111091244979594,14.862637997968058,10.950424653879661,0.5253623018469372,0.3514403313063485,1.8866138434608395,1.8681583109129216
dropped_arms_4.mp4,chair,dropped_arms,246,155.43478069454594,159.27696013168625,101.75062785198139,99.39344875325249,109.21213781503559,113.55822476075073,0.6615258898918485,1.9579047543696835,14.883297121566876,11.219423509138391,0.3665483423840291,0.04467304282304857,1.9605559002320174,1.9222490528470246
dropped_arms_4.mp4,chair,dropped_arms,252,155.5715777307576,160.92118105617533,101.95101482409565,99.56669564145308,108.8524404897151,113.00426910773467,0.7772744941358318,2.2231876662828753,15.184317129192486,11.602677365337911,0.39425695292744,0.10285499616558597,2.307185799524763,2.2851545354619436
dropped_arms_4.mp4,chair,dropped_arms,258,147.66990007172637,158.8657762952197,104.71871946177033,104.59820016462957,110.85895484902758,114.62564669048835,0.6651559439370355,1.7162582778642095,15.474271196131662,11.473177134441176,0.4961448122483204,0.4205260471670407,1.9861771367625418,1.981339732304398
dropped_arms_4.mp4,chair,dropped_arms,264,148.8490072794903,160.3336560526101,110.78250886571884,107.56038415833993,115.16043134787967,116.15156519187363,0.8934225481805761,2.7401178695948514,15.010796305632208,11.560313406735256,3.275149444815622,4.233215604722332,2.7167970521450635,2.7601991220962794
dropped_arms_4.mp4,chair,dropped_arms,270,146.89517508339807,163.01935480975496,119.2695761272333,110.91512586534934,124.72044013462346,120.96781845719886,1.077797605501655,1.8770394188865782,13.055689259536848,9.511026836940157,7.2919310059524225,7.947392330818675,2.668798226764081,2.811127729707506
dropped_arms_4.mp4,chair,dropped_arms,276,159.05668610348246,160.77344132300274,120.98742223887685,107.02764268845637,128.59047635127973,121.0579186359252,0.7113411563821718,2.169590575261619,12.38372819067261,9.006856889278197,7.555940603329907,8.380116827015616,2.4445457059612545,2.5447881348774986
dropped_arms_4.mp4,chair,dropped_arms,282,157.85259284878265,159.4139585359608,119.66997832726489,103.34963424616151,127.66522027578036,120.16930664563768,0.8672929716234625,1.9378891910129472,12.128304517276476,8.680858106260674,7.905530254451951,8.414318889643464,2.5085212169957884,2.5411747850485598
dropped_arms_4.mp4,chair,dropped_arms,288,166.72866432111934,163.88698001144223,125.15814930531143,106.36600846675407,130.8768378095785,121.5124320504038,0.9336831808837477,2.1130768535032836,12.391311264833677,7.682286829139726,5.660639631620539,6.377948058419754,1.8606722504857516,1.937943981563361
dropped_arms_4.mp4,chair,dropped_arms,294,157.58392336809808,170.33702863114516,127.57843321706939,108.59747213395639,133.52000346114534,124.21117042991591,0.8881220677991911,2.932071297152831,12.308599692147435,7.907871376983008,1.8129790311064793,2.963070957357795,1.6619898799619002,1.7640144222861944
dropped_arms_4.mp4,chair,dropped_arms,300,148.48875285611035,164.27217125822006,118.21415041099023,106.79862104766349,122.68822644545415,121.00447324028765,0.5332100853277294,3.1738762292436404,13.48703344257167,8.436161821684687,1.2536159233568824,0.4148332108201204,1.3324182827697224,1.3814162415051787
dropped_arms_4.mp4,chair,dropped_arms,306,158.910156207606,160.042229896037,116.4503068291731,105.80623756463567,119.56487885238475,117.30827995690768,0.8128025056260558,5.619422455947849,13.852474309549272,8.009617600053407,4.115590230200816,0.6048130383210937,0.9991600865744731,1.1605363299371803
dropped_arms_4.mp4,chair,dropped_arms,312,116.39452896462896,164.73461250012946,112.1630536819759,102.92160664561905,116.41039891395252,116.61492444146636,0.390144774225775,4.605253755012405,14.46782221685625,8.511143738498566,2.6225884516287903,1.0830954052076216,1.2679104809697779,1.3389858119370162
dropped_arms_4.mp4,chair,dropped_arms,318,163.8036297483508,173.33321134183097,120.82920584121396,102.80576866546721,122.83629156803104,117.42317448561246,0.2911969537228689,3.6273064031449227,14.793732355256811,7.980668887582902,5.035756397504904,5.161485999581462,1.2297010828664134,1.3055727503998253
dropped_arms_4.mp4,chair,dropped_arms,324,166.45293840945092,178.9935577961666,125.72961854129639,114.19994679742317,126.98175276069543,120.60060025505828,0.7002077495618175,1.5070041326817394,15.229160320172953,8.440649171958487,6.372513960944145,6.723672241167901,1.2798296244769976,1.3116215604035353
dropped_arms_4.mp4,chair,dropped_arms,330,170.9037363871411,178.14429256717827,127.51686575317919,110.57558291930758,129.10604302954107,119.65312735829454,0.4664908804732289,1.407262303780316,15.60279439699405,8.13656835304247,7.140067961652111,7.442331226622921,1.500612646142754,1.3947207004285544
dropped_arms_4.mp4,chair,dropped_arms,336,167.7059839834144,178.7245307921291,134.13151088610667,114.4348284485342,132.9876430789829,123.12369830453896,0.5004252515762829,1.563242391964517,15.55898618064447,7.140609332317586,6.91824010888424,7.160302409533172,1.4554225913274228,1.253673578554525
dropped_arms_4.mp4,chair,dropped_arms,342,169.04541144239974,178.89502000868106,134.89412495935363,118.25201902490055,131.66511176247317,125.56767245257232,0.6362721952447554,1.717157105030417,15.82380781077322,7.020948844201868,7.106787960949885,7.410736510902649,1.557050121738954,1.258899243040067
dropped_arms_4.mp4,chair,dropped_arms,348,173.15297129423243,176.65708161536637,127.66271210004257,113.48322472015208,127.88192390221961,120.937078121895,0.5733764407119734,1.2562627109590792,16.2470004670563,8.238910382872808,7.0617682519909195,8.161518565381517,1.6585260279742788,1.566639370563175
dropped_arms_4.mp4,chair,dropped_arms,354,164.13518729447233,178.8702855257648,124.98925870336504,110.92623338283997,126.63060606605204,118.58855551687336,0.4362527805932384,2.2486091415050313,16.42734806707476,8.889863275211052,6.069558907890169,7.284675790668698,1.577535866756151,1.6430738732349133
dropped_arms_4.mp4,chair,dropped_arms,360,159.71340162170796,175.42844871122387,122.00787919012076,109.22787734475624,123.5366939496503,118.73210706543554,0.2948658305378305,1.824880562190795,15.901876001658142,9.34404568791452,3.1579690752854312,3.2284727251997194,1.3770491444544481,1.3898265814347555
dropped_arms_4.mp4,chair,dropped_arms,366,159.4257388219229,160.71158331753364,119.11692879344092,108.85567492627698,121.37309929806204,116.58571076367312,0.3865982553990074,1.535928186799705,16.52270546132278,10.407662429176918,0.7707839625013161,0.8072620652747895,1.5725902413633472,1.67286298426015
dropped_arms_4.mp4,chair,dropped_arms,372,151.08484931581197,163.91725062075466,116.64344073850236,108.91836705429331,119.64957489123528,116.95325057865178,0.3954346889632771,1.7111498656009458,15.765695473476745,10.590651329293612,0.2064816381104753,0.17010912838709405,1.5767217396060276,1.7034298265063954
dropped_arms_4.mp4,chair,dropped_arms,378,161.10940305094334,163.7867107246258,114.03833659112281,105.55530785958258,117.82804081270285,115.51231141756314,0.3749275907718049,1.7719308061688954,15.683776674168486,10.491408663006869,0.302812297157277,0.12394935806602987,1.677834730080922,1.7861696574659813
dropped_arms_4.mp4,chair,dropped_arms,384,160.38756531091443,165.47538277317628,109.86801724120879,104.42424554682853,115.49966012094829,115.25327251835346,0.45924986533140394,1.6220400978939193,15.798182443401306,10.105180205789992,0.3368325386327875,0.27653950477740896,1.739513777524819,1.790488987389117
dropped_arms_4.mp4,chair,dropped_arms,390,158.06341157765672,160.28662933889822,112.62353625579614,105.2820479567225,117.64601232183774,117.41299672322123,0.4593502916656223,1.7042866209144265,15.294996792152924,9.435701747364782,0.16765721421191696,0.14405432459222547,1.528375075318716,1.5142365612304012
dropped_arms_4.mp4,chair,dropped_arms,396,157.12660849412143,163.58719514180078,113.52233495326385,104.31892030049288,119.60415133476042,117.41786531960311,0.4452874020105149,2.1937982855062375,14.888808254413007,9.33944149261036,1.2908827707516908,2.14303039966067,1.5330404602379286,1.5639720898460503
dropped_arms_4.mp4,chair,dropped_arms,402,146.81474150762006,169.31916014344003,114.13908449513052,104.208340076111,121.45181478041016,117.88227243367214,0.7236516775536477,2.163752547665698,14.627156781440858,9.053118591953838,4.579835586891595,5.558794195896743,2.157568070219726,2.218805660176402
dropped_arms_4.mp4,chair,dropped_arms,408,152.26173348109148,157.41944752331244,108.68722328890215,103.72873166558074,116.53350149814194,118.24517732601237,1.4204280397263105,3.1554245041371107,13.99392880301373,9.33234996772763,9.689062776035328,11.565612887212003,4.004650316884852,3.7941674139811554
dropped_arms_4.mp4,chair,dropped_arms,414,153.4983883786286,158.34084483999695,108.93359362113945,103.05841748411353,117.15119510931048,118.09162327021599,1.198776490964839,2.3761490605261364,13.990013970736351,9.171726933375139,8.410389416026861,9.229088975496335,3.367264866669113,3.2634070252631595
dropped_arms_4.mp4,chair,dropped_arms,420,156.61965083672672,155.367785874626,107.5511577360099,103.28062247595572,118.81168368562169,118.7324010751019,1.8789052450121517,2.8670088186512315,13.72914470990136,8.147797034950226,9.437328330205487,11.301140475256814,3.46850601112188,3.769643274063544
dropped_arms_4.mp4,chair,dropped_arms,426,159.22823142394438,157.31520601961913,111.7744750572839,101.72474843131211,120.72461351357434,117.35715414781859,1.3439902639909014,1.9707727479601005,14.206876149783495,8.08211052584404,7.523475943882999,8.79509474858024,2.4346126861320454,2.692810615429705
dropped_arms_4.mp4,chair,dropped_arms,432,159.79049820396503,159.46161071580576,117.65307867008781,104.64036996581822,125.53095447187853,119.90603184976358,1.4820287658018714,2.1069660411485023,13.575489543917069,8.030952751980081,7.982270685787878,9.292841901042378,2.5479616279379833,2.7406180790168047
dropped_arms_4.mp4,chair,dropped_arms,438,159.16525575879453,145.23800026664446,117.78820833512445,104.58911730118629,127.22805346288189,119.51066406235024,0.9199573275856447,1.5414708247412394,13.682237634973912,7.957223020782034,5.440612424215694,6.096020553774431,1.7945013885188048,2.029808447261075
dropped_arms_4.mp4,chair,dropped_arms,444,161.26497081014514,155.67283937490214,122.1460155231629,105.2905532155494,129.98249356085765,121.45059324081075,0.93639432417849,1.6793010460410012,13.230614908886585,7.773649334813208,6.010140250806183,6.73170233872689,1.9289235338319484,2.0143350717247515
dropped_arms_4.mp4,chair,dropped_arms,450,160.0329262728128,164.19865371979122,121.62502771120533,106.1089707683628,129.87938732748498,122.69662119407926,1.1404081882498898,1.9365051705533984,13.031871518246014,7.572740947925066,5.932618130578967,6.643380380493876,1.8529493538459123,1.886194868430242
dropped_arms_4.mp4,chair,dropped_arms,456,159.05255847048736,163.87017467950108,126.32130372068488,105.9805510450036,132.26726129598157,123.05313548210128,1.0009737737035038,1.9499062489296615,12.706730131027895,7.1592182500731525,6.196351712984284,6.8971556653101445,1.8262480602032383,1.8793626292679215
dropped_arms_4.mp4,chair,dropped_arms,462,161.79545447409626,164.78631383092252,128.2343693832796,106.08989192439681,135.72058630465733,124.19885196142194,1.256266024658012,1.963330874252333,12.453078707278872,6.437972836932974,6.476504849128447,7.231357314680524,1.7041284587461,1.885884543487474
dropped_arms_4.mp4,chair,dropped_arms,468,163.01924389844902,165.47485721582504,127.52520167791236,105.81842557322652,135.17223190170608,124.97760353949856,1.112854577611346,1.8741440294103286,12.346234877150874,6.587703374746623,6.093579458790128,6.801027360708883,1.609974268166572,1.7340218083653136
dropped_arms_4.mp4,chair,dropped_arms,474,161.29144731334978,164.9975872452816,131.51933658724823,107.0119685760752,137.71089318072185,124.21474780477357,1.1101296713142799,2.1000590902091223,12.371084064442009,6.603925323200478,6.6095473648709095,7.381432160988538,1.7667417353315469,1.8914911778659624
dropped_arms_4.mp4,chair,dropped_arms,480,151.6220809167208,178.92000285065777,131.94965780337742,107.30034436729045,138.86870447737255,124.78700790072608,0.8528304085964834,3.087213246547001,12.46583523534157,6.382535436625785,4.662480433153636,4.943134100985158,1.384375210827995,1.5496155716717035
dropped_arms_4.mp4,chair,dropped_arms,486,146.53018175734158,175.76397298945287,129.61200640874486,105.47389263888098,135.7128896073977,122.04706640045346,0.7686178213359447,3.292888447811764,12.907630258394393,7.132844380710856,4.13945750741555,3.89212558771838,1.4266938325151866,1.6355675791104223
dropped_arms_4.mp4,chair,dropped_arms,492,139.51784697853068,169.08322800535169,120.83627506579742,104.52098243441985,130.78306847527895,122.1164114205192,0.7918468373595355,3.5548655532921467,12.9181996393941,7.666061659507312,4.663742622410281,3.2467308574779996,1.587160660043614,1.6866930327522824
dropped_arms_4.mp4,chair,dropped_arms,498,145.14153378381607,165.42166960294352,124.11270226205808,105.70511981138861,132.36705213561416,122.97419865442772,0.856095203802286,4.144308402085028,12.621778591926214,7.39143247394795,5.15625396321841,3.3940274386917464,1.6444292543942398,1.7332533139081503
dropped_arms_4.mp4,chair,dropped_arms,504,137.94026306605517,167.27366223142786,121.0086670811835,102.30226511838703,130.1112960513325,121.05950925303569,0.818007299209449,3.8888702718091364,12.638496893608144,7.527621414779569,4.868547304752509,3.393943084398344,1.6597963947152627,1.7870661330846906
dropped_arms_4.mp4,chair,dropped_arms,510,131.78700528676455,165.67691481761292,121.25334733805155,104.25619138342084,130.1643966384576,121.65923758665929,0.7959033527335214,3.8806839234141064,12.715065564398554,7.554980345505777,4.822918571387709,3.334926181025833,1.6453859433449816,1.7774341321464304
dropped_arms_4.mp4,chair,dropped_arms,516,131.40707607098332,166.48373004330023,117.43058937043897,102.41348575126668,127.41974966267578,120.85192210446309,1.1039000745923526,4.151277878243284,12.664980172799616,7.85464501422705,4.9627779868853565,3.4226637923633834,1.6921256651614773,1.8100639081071255
dropped_arms_4.mp4,chair,dropped_arms,522,133.53738017224578,165.48903802133697,117.39261246113287,102.08352701921353,127.45165513786426,121.4099687303925,1.1181017294358486,4.244592527275,12.281928316666953,7.784573886041339,5.996136072295603,4.169141772799082,1.9887523069136446,2.1036806560172967
dropped_arms_4.mp4,chair,dropped_arms,528,134.6653563432745,167.22481668018875,115.0957683266321,101.49811689527604,126.68901884966746,121.1762758778624,1.0105007642352615,3.724092513226057,12.233812457565492,7.499237971826472,5.6723948927248555,4.747765549358157,1.7492553901217482,1.8955474197248965
dropped_arms_4.mp4,chair,dropped_arms,534,153.79468500032786,171.03841799451138,115.86706201606825,101.96466622883982,127.44830700444724,121.09810749732677,0.953155962403033,2.5871161922313317,12.78864416761894,7.4202236871103775,5.378758486428322,5.788998083848426,1.8688764374628584,2.001279797420174
dropped_arms_4.mp4,chair,dropped_arms,540,158.66961603898406,158.1248391589295,116.8261910062625,105.96408876750368,128.9122239009505,123.63078082500164,1.187506796468663,2.0208410452687486,12.456029665896791,7.2183930050273855,6.174814028330874,7.0682869915368896,1.8040806548680746,2.0186859253567486
dropped_arms_4.mp4,chair,dropped_arms,546,160.94106681644115,159.75234473384435,123.71599156851347,105.12975118465202,134.19993687405022,124.0997255710134,1.02857590867771,2.1688797976872576,12.338367682604087,6.6229867663079585,5.701840835101981,6.7598279451781496,1.6594147734241769,1.78139229104955
dropped_arms_4.mp4,chair,dropped_arms,552,157.3684280631793,161.67943923604855,123.13454170885161,104.86245019345843,134.5096800437903,124.46509331849406,1.0191925728981241,2.2611103717255085,12.249745862277733,6.056918070218855,5.870323144823214,6.964990704586172,1.6302066093950542,1.7495571602628022
dropped_arms_4.mp4,chair,dropped_arms,558,157.59109484230933,161.53128336446937,121.79426602730926,104.67955212498592,135.20414487916133,124.53789665229547,1.2370125138641528,2.275983984748576,11.965010324105101,5.269690962636208,5.634528663561738,6.689256655644738,1.384934607490958,1.6591418959110382
dropped_arms_4.mp4,chair,dropped_arms,564,161.1025987883429,160.34154438609016,120.24490909792445,103.94067255645868,131.81151746391805,124.44286831398625,1.09291293280063,2.674715523203292,11.809694295545272,5.752426247751776,5.861450516359248,7.310389255044162,1.5664879595886896,1.7514595741919963
dropped_arms_4.mp4,chair,dropped_arms,570,109.92885447928735,161.36957752510966,123.11162566973358,103.02700730179448,133.30764337233504,123.74782625368663,0.9885395453249899,5.927687016985387,11.636214478504101,6.048229097024758,1.8092078323923517,6.7865384599466125,1.4422622500897169,1.5944585677779843
dropped_arms_4.mp4,chair,dropped_arms,576,96.10964581359524,165.216375131125,123.71638396906464,102.78644814108607,138.52406927054466,123.44680916184792,0.9527233248091792,7.461788797964615,11.293021657247968,5.292410479005238,0.835925027468172,5.7929344970591625,1.0656091008672521,1.381268979706263
dropped_arms_4.mp4,chair,dropped_arms,582,104.1510096945536,166.24305791067968,129.23077443968452,106.55664198656352,141.24951541064786,125.39132874868827,0.8230363657508954,7.55951291139708,10.977208422382988,5.394260773654462,1.492304090587082,5.287441771909545,0.947793320058983,1.2482328899374282
dropped_arms_4.mp4,chair,dropped_arms,588,126.639289745002,166.19937439212674,129.3346723946256,107.0432767387324,140.07779006083211,125.12730667989136,0.772561114224379,7.918310348627815,10.982742930648401,5.701382351899641,2.2493784657819744,4.805162473571224,0.902955062414047,1.154106276320267
dropped_arms_4.mp4,chair,dropped_arms,594,117.77262509595072,164.58317630752018,131.75501660665122,102.32680391665201,141.18292572764264,122.4980587954756,0.7154779209996522,6.79381186105447,11.423851348754011,6.559047667301307,1.3136701030894715,4.583489950943396,1.030848957896013,1.2144816081798355
dropped_arms_4.mp4,chair,dropped_arms,600,136.0754718453564,170.56810170826773,124.39872425252128,102.78316526747078,139.88384929003342,123.78625139507771,1.1119305022053387,5.2657138486594945,11.52158863038556,5.2029021590322655,0.19604373465107833,3.9826475189512145,0.9333427170919072,1.2847887543498377
dropped_arms_4.mp4,chair,dropped_arms,606,149.05204566615603,163.8852147856184,120.75505167148391,103.21948201263827,132.24777036831009,123.8417323067326,1.0217787266406353,4.256096693165788,11.375140399170808,6.148033202837952,0.6085439507397574,3.2529422384015136,1.1431215440374867,1.355456566903398
dropped_arms_4.mp4,chair,dropped_arms,612,156.55706917771295,168.63181678295038,118.40294184523115,99.40127728145214,130.37757045199214,121.52777310299122,0.8171245441444558,2.629580385071752,11.885968291028206,6.336767011952886,0.4282604293806665,0.0912603997105428,1.1286135536606998,1.2676061162481704
dropped_arms_4.mp4,chair,dropped_arms,618,102.07015963989035,169.14514655298984,117.92819172298958,99.51462499479527,127.38337423111973,119.62590766899966,0.6407326153718373,4.872424753895762,12.675193831515188,6.206942779228141,0.3308497601693643,3.5687149476824267,1.1519616334784872,1.2852473662662982
dropped_arms_4.mp4,chair,dropped_arms,624,154.64851297959856,174.84305365027058,117.65386295365764,101.0378581761511,127.45730645005301,119.61886836146815,0.5279191421581957,3.405129238250518,13.309117329442579,6.799364407342605,3.4975929166846473,4.909737039232643,1.1679607759789319,1.3272507983712845
dropped_arms_4.mp4,chair,dropped_arms,630,147.31026070311813,175.55266882125775,122.55000354365846,109.1215607518786,129.94234796684705,121.72076762650372,0.564865379802991,3.296249024962991,13.17231079479618,8.028248542686644,2.509339613263494,3.981980633195018,0.9058986741773892,1.1410157540801253
dropped_arms_4.mp4,chair,dropped_arms,636,128.93103037293005,175.22189107766482,121.0369058523114,105.45003343675252,128.0173275059392,120.8587248407972,0.3625606598761266,3.356818124305246,13.633755034419883,6.9754824344318775,2.0153583259272394,3.8170357862300035,0.8967082057798732,1.011410024490042
dropped_arms_4.mp4,chair,dropped_arms,642,152.43791823509963,174.0461768576868,125.0422986567251,110.54367851796871,131.56961359620192,122.12091571410576,0.5158359307668118,2.9534869713910252,13.916263017970211,8.678787989468567,2.9898570524184502,3.346725597279976,0.8197105567146783,1.0539729667178044
dropped_arms_4.mp4,chair,dropped_arms,648,137.07316564262803,173.4570102946852,117.62130545917516,100.55371132310505,127.46908760408057,120.60197513819661,0.3097566169924016,3.2812174104155054,13.321947381125307,7.185075033993906,2.159152081789163,3.5823260429742825,0.9214088028279037,0.9925376345418251
dropped_arms_4.mp4,chair,dropped_arms,654,121.39952496963345,174.1447685670637,117.42806447962177,106.25347070620296,126.66299130680952,121.58109380243832,0.4803361702651885,3.0247208580447174,13.320541264891252,8.413582453129028,2.2545509260120484,4.316558863608855,0.9094349320153752,1.1088192891983342
dropped_arms_4.mp4,chair,dropped_arms,660,166.06491814615998,178.14105179616175,132.90011107582436,115.63267071461009,138.86470612990263,124.84351276097381,0.6171402556095128,1.4253150115486883,13.414817870547513,7.799081396813012,4.989981324337326,5.22739852638458,0.8165016594738959,0.9791102681466174
dropped_arms_4.mp4,chair,dropped_arms,666,165.29261541536547,177.27440441374384,129.10948450081705,104.0257193724333,137.83468767378827,119.18721779844086,0.45566276990864213,0.9829591658811053,14.437316922843722,5.261075500472137,4.551908690984117,4.3788842871567715,0.6857650369555461,0.7966457619620197
dropped_arms_4.mp4,chair,dropped_arms,672,165.53574300091617,179.32420764748403,127.23940774292151,108.27358536748444,137.67696773059404,120.68736705011355,0.920155280262846,1.1111932279129413,13.876237734238869,6.415039802057446,5.400269329894808,5.099358987213755,0.7764286086674361,0.9806101778135938
dropped_arms_4.mp4,chair,dropped_arms,678,167.92781034597277,178.8373681778185,120.14597959783478,100.75104622604002,128.99595378265903,115.42217956924057,0.7253716950537699,1.8401048843272199,14.119442358280303,8.647044121876364,5.742078653382791,6.12390937616898,1.1022314092877188,1.258137012309061
dropped_arms_4.mp4,chair,dropped_arms,684,155.72456130854957,176.31418547075538,114.3700676269787,101.03093214853592,126.50165183716545,117.25674547477308,0.9453638261038195,2.878388694388101,13.543068284089088,8.771608634299932,4.885402758091975,7.0530443217626555,1.8942508897495915,2.4179660150557294
dropped_arms_4.mp4,chair,dropped_arms,690,154.8105959500034,165.06321845526048,114.1463278067105,105.37010238538609,124.24270676578533,118.64327192998918,0.7629885570911553,2.800005319986729,14.262813293621871,8.694596205389534,0.24168687954418905,0.0642869433185344,1.641137526269775,2.0716831027973845
dropped_arms_4.mp4,chair,dropped_arms,696,163.00704008716772,162.45952476704173,122.83756240973653,108.15484782892759,131.3044945160951,121.95423903684288,0.5792675009609027,3.3637005258310917,12.911146044530273,7.920555164923414,0.6506167855541225,2.7585935586806505,1.0443458465824604,1.3978021347042495
dropped_arms_4.mp4,chair,dropped_arms,702,160.34685214311085,164.89211737448525,120.87433150766947,105.9593850496606,129.1946889378487,122.58731632825159,0.6617689335974942,2.622220138473936,12.8993126876096,7.274432930296119,5.467931571018984,6.462375496545318,1.890135275574835,2.1390852317211615
dropped_arms_4.mp4,chair,dropped_arms,708,163.00335344633925,166.07879083561917,123.66797505910448,104.65640738956424,132.24735423606137,122.00837652246253,0.40710186366721157,1.734327481457719,12.942033335426155,7.326867386087487,4.841881251375166,5.300931273592605,1.5326788215144174,1.8069115317947488
dropped_arms_4.mp4,chair,dropped_arms,714,168.43237196451057,168.13352428660036,114.70815586331011,102.69528980502696,125.19415740425697,120.49241766846072,0.6694192538546111,1.7538601652462105,13.655393089491755,7.272368167589429,5.024805671852923,5.300948780562241,1.7062337211979046,1.90914501906513
dropped_arms_4.mp4,chair,dropped_arms,720,161.45407594798863,169.75195084602544,115.99534268153505,103.09022038936862,125.3302099765336,120.60179128182034,0.7401502289228418,1.8142698120769591,13.679459569497395,7.3569842737557,5.454170942507101,5.699862606751005,1.9242723836273945,2.1038420588765536
dropped_arms_4.mp4,chair,dropped_arms,726,161.07996154790453,171.18932947515862,112.06795792737557,105.16422395269866,120.96011646987546,121.73168397007088,1.0387369104280488,2.748490471640824,13.394209441027137,7.77387204987547,3.735108725121272,4.9975931280776535,1.6545904474495878,1.9291737479020816
dropped_arms_4.mp4,chair,dropped_arms,732,111.13998668229368,171.04155678646282,115.42966080776863,102.52004456944009,125.73723849587415,120.54515166604573,0.6426911139537487,4.200897957837903,12.953170062385066,7.427710561974412,0.9225383971762056,3.805855619952165,1.230353250011272,1.3928362169896153
dropped_arms_4.mp4,chair,dropped_arms,738,166.8845434893208,164.8670390573876,116.8196652926734,102.87245132009149,128.14264220498123,121.58779157161699,0.7251868888379502,1.3351465344673006,12.648785312759435,7.110800819549686,4.075311233295757,4.054719791673619,1.367791014602729,1.5914991092794097
dropped_arms_4.mp4,chair,dropped_arms,744,164.00522437959555,164.37984477172503,121.99917457709473,104.16685889457993,133.27320735164773,123.38286888334927,0.5788690048269658,1.8570827040955453,12.155339460240276,6.58264862475731,4.745214052294684,4.846729319370582,1.6957078530295202,1.8220751200230174
dropped_arms_4.mp4,chair,dropped_arms,750,158.48839494009397,163.6111410931665,117.10605662782442,101.87232619238777,130.4608640407723,122.62501894106317,0.6153792952635281,2.0833509935347827,12.200918683456976,6.58017837333597,4.3132200149612245,4.727287560198241,1.6684975948158278,1.806219055606468
dropped_arms_4.mp4,chair,dropped_arms,756,162.28651745847458,164.37152916437307,114.87586221866849,100.84646457140734,129.3917029815696,122.51517973639412,0.7082314007370885,1.4543630960664242,11.868708027470351,6.561125374535041,4.211728893876591,4.138871198677299,1.5086721842821647,1.6130069099381177
dropped_arms_4.mp4,chair,dropped_arms,762,140.0370509814329,144.17025920609962,115.4500617237506,101.42482455544524,129.24614029174245,121.82493985966683,0.5910623464982402,1.6567112016325898,11.718892719389997,6.889871076576092,3.957972913423851,4.026988698908956,1.5169304690088463,1.6940413421848204
dropped_arms_4.mp4,chair,dropped_arms,768,153.31965878904722,154.30818831708163,114.2932863815155,103.53225269205855,126.37629440093582,122.12150813437637,0.8055077213826641,1.3886228000411522,12.283986080631314,6.987082230242814,4.6309634723574575,4.6879774083677015,1.8450114038267247,1.9884974030594749
dropped_arms_4.mp4,chair,dropped_arms,774,152.38141956050526,157.7542592527355,118.6302994261377,103.69647370475197,127.71480423533563,121.50169288483433,0.6831092480903413,1.455759657097929,12.837840962297802,7.326751956134374,4.499378286121189,4.5494276135507405,1.9503284286612554,2.0106697185333293
dropped_arms_4.mp4,chair,dropped_arms,780,154.07441023332856,155.02043226829673,117.37160266225037,103.53773019271553,127.38181887011979,121.23175945312062,0.5498396200086513,1.4570447668405728,12.779562851484792,7.5836233375812965,3.538424619723235,3.727129202023425,1.6509803652405022,1.7332592427719735
dropped_arms_4.mp4,chair,dropped_arms,786,154.1736283999464,138.4882640763375,117.93085522917117,103.68076655636096,127.42306185423672,121.35492962508968,0.6088450284205382,1.7434349478240139,13.114817680772287,7.553911728430882,3.7734615054730405,4.065089533151769,1.9070651374396141,1.9653806229561244
dropped_arms_4.mp4,chair,dropped_arms,792,137.72849576792157,138.41024449784362,113.36284327052026,102.18529635142208,124.58288488597405,120.76232228824664,0.5393474697721202,1.7713731616500539,13.094066076462624,8.034782423374718,3.5190351171837833,3.638268415012031,1.7450069188140251,1.8716916850866037
dropped_arms_4.mp4,chair,dropped_arms,798,137.79132556372812,139.24079556489457,110.46064072487768,100.87222172954064,123.06908193138909,120.33721662564992,0.5183203515340886,1.5149902963516346,13.179576863210379,7.919410471838403,3.6769414151842486,3.63348812782741,1.7313468217687056,1.8674786704265918
dropped_arms_4.mp4,chair,dropped_arms,804,135.94918720341545,137.77818035972928,109.98895250986008,101.14189898461726,123.16150425296225,120.16438955682737,0.5542846820994912,1.4118727469340597,13.654300811388323,7.998205117200459,3.182560692178021,3.27421540236215,1.6117156373132433,1.7511146343968595
dropped_arms_4.mp4,chair,dropped_arms,810,139.41531372398987,135.27814946826518,109.22654482049481,100.29312739575442,120.7690313039258,118.87189065551324,0.6988864131562473,2.2976506814525703,13.894988008301132,8.216345950694897,3.787485737527071,4.525212518135026,2.1108536445371526,2.2560602113031876
dropped_arms_4.mp4,chair,dropped_arms,816,159.37247464427693,158.23767072251542,110.23995329647761,101.01071949869954,121.90550243393982,119.88832810446299,0.9559111019736957,1.6094964133579104,13.482806824575903,7.2292992999244206,5.158847369719019,6.579001112723247,2.1207387654072405,2.1852325850776615
dropped_arms_4.mp4,chair,dropped_arms,822,159.89644972500273,160.4078257025214,118.68963202224711,102.08480612878462,127.47861237668387,120.34313638966694,0.6087762060970947,1.5094898130523613,13.489686926668774,6.890075744977285,5.384317763691915,6.691491318880329,1.9046468384987207,2.0033598541377686
dropped_arms_4.mp4,chair,dropped_arms,828,146.02518155665717,145.84399167868648,122.1761747004244,101.53790093654214,131.54249683891234,120.13482528291235,0.719493131103625,2.138470801804578,13.449075048470707,6.813987716771071,4.416784139979126,6.262794350764687,2.022172810796546,2.1200530123131585
dropped_arms_4.mp4,chair,dropped_arms,834,152.94075025598153,165.84830892879387,116.68830117638358,101.76125791166267,126.66020123977597,119.69775053263548,1.0468549545374635,2.286319249439046,13.834425924212336,6.971567835647876,3.968443549916504,4.789644072689239,2.4112565330705893,2.5520334377199436
dropped_arms_4.mp4,chair,dropped_arms,840,162.3503857124237,167.5615616406073,110.25563349673348,99.39303745476055,121.41802534158548,117.55580731265381,1.2235347220895723,2.0119069373507723,14.332558024738093,7.935410007575866,1.495081661063243,2.2746624495320247,1.990631886325094,2.1771331661656306
dropped_arms_4.mp4,chair,dropped_arms,846,162.1238903235211,167.44955166152096,111.64645761381301,102.09873617627986,120.69301953518016,117.6090159727593,0.6370719048404628,1.4138498321355029,15.08439301151159,8.174276958008203,1.7675190309750908,1.9339074614038456,1.5647612202908265,1.7179284058626882
dropped_arms_4.mp4,chair,dropped_arms,852,155.05198796258475,161.49158513995704,108.86587442945502,101.36469015360106,118.17616385637888,116.6741565351269,0.6184887315938054,1.9026618784543703,15.591058383503775,8.184590049662116,1.7482477426454512,2.1445408074961287,1.5713702572951174,1.7471006568751555
dropped_arms_4.mp4,chair,dropped_arms,858,155.6077629078788,156.4186426469527,112.32688409302928,103.3554221569274,120.27382013652166,117.34214816462368,0.739364287861443,1.5114025790006442,15.754309560472965,7.918030242257133,2.179785318452573,2.1977393262205043,1.6068949504238919,1.7816585728899126
dropped_arms_4.mp4,chair,dropped_arms,864,153.82831194934454,155.02804046858256,107.71112735521292,101.49726241816634,116.60688982501243,116.353965057259,0.7378542166793652,1.8229337934310117,15.778741072360539,8.39004797033873,2.259945989480946,2.5449821397499712,1.724717808955478,1.8667086231888406
dropped_arms_4.mp4,chair,dropped_arms,870,140.46151898047103,159.01418662826492,117.34996794366927,106.29031000899563,124.33309250396985,120.4439299372285,0.7898804228048945,2.029252009449797,15.160058874936158,7.1537944030873675,3.74618222086756,4.43530183152096,2.416736197185677,2.5307242268753054
dropped_arms_4.mp4,chair,dropped_arms,876,151.3137632978202,160.78327032711073,123.98465802788562,109.96634982859679,130.602205097745,123.92166996891801,1.1436031769442743,2.6852175865154884,14.685782620303417,5.95393577761456,9.028939381395396,10.38189655834616,3.65075402370188,3.677419288785486
dropped_arms_4.mp4,chair,dropped_arms,882,159.861784743266,164.08559691975117,125.53929436641528,107.71543496225956,134.87749583610199,124.98684681367877,0.7486178141162922,2.121871001195608,13.181340414761687,5.664028972987427,7.517090213517912,8.223842864872331,2.551197653283734,2.561361484669149
dropped_arms_4.mp4,chair,dropped_arms,888,157.8843425697847,161.70457305401703,124.77796256461625,106.9276358614501,135.29458992536019,125.67046451756703,0.7975589296656644,2.0278694293558495,12.446876791954775,6.013892169680226,7.673926283947712,8.400234608616381,2.246271286801279,2.2897840019909763
dropped_arms_4.mp4,chair,dropped_arms,894,153.0243832072816,148.54239867017043,124.06649288410223,107.55264180358628,137.60649351893022,126.18546629882357,1.516160400197981,1.805792167714573,11.962116607430723,5.869217449230951,6.865547219425876,7.61529094037716,1.8178942811241419,2.0568834537190397
dropped_arms_4.mp4,chair,dropped_arms,900,163.24186974840072,145.4497723940197,122.19455698020917,104.59058281938194,134.77867790753749,124.29138956526202,1.0764549728164483,2.171154138938894,12.040853030722548,6.139751780161644,6.266647707311826,7.260005650748932,1.9531042836293695,2.162469482363521
dropped_arms_5.mp4,chair,dropped_arms,6,157.65543044818898,156.65927068778777,114.36188683556853,101.64131177308568,124.32140328896655,117.85943105622673,1.3863854155222974,1.810592005254551,12.927386928513405,6.657401539124001,5.249979192630781,5.920267498977374,2.043181082577702,2.4358697582929514
dropped_arms_5.mp4,chair,dropped_arms,12,157.0105411326514,140.96271685868982,106.74967653416545,100.02314349631231,116.96460651021768,117.33590257857247,1.369386022475897,2.546119642066421,12.48045643996159,7.430220496342613,6.903991214867285,8.129344085587183,2.9956672706968708,3.1294960585368354
dropped_arms_5.mp4,chair,dropped_arms,18,159.70336387642993,157.83509401563467,110.50521610304057,98.65778308734797,119.60150102174636,116.60350614550332,1.0963091005136583,1.8707663179180551,12.752676683146907,7.361605321199071,5.598996634446775,6.220616502796968,2.280516380474716,2.3863409639358286
dropped_arms_5.mp4,chair,dropped_arms,24,161.8420007527475,159.01805558518038,109.17666203661062,97.93530489003761,120.19566659897158,116.72398318335965,1.1428930145262326,1.6001372509639342,12.123856384102474,8.0153211604177,5.036878218979318,5.652961905338487,1.9285526556141759,2.0716171805554984
dropped_arms_5.mp4,chair,dropped_arms,30,163.54610513009692,160.51314485838097,111.78889963509391,98.03691138636245,122.55240409792857,117.65562293142033,0.7768272246545729,1.2462098058183786,11.61633345099523,7.68186973619614,5.7408307592251235,6.154183585303436,2.060162398320639,2.1337689166542395
dropped_arms_5.mp4,chair,dropped_arms,36,160.99842975724914,157.62581626627696,111.6062170254958,98.17328351054813,124.8459584051486,119.3301864048693,0.7844327587867624,0.908610344578819,11.459056983702771,7.492167351138752,5.222893994057667,5.394952010281822,1.8978508045456195,1.8833312398846116
dropped_arms_5.mp4,chair,dropped_arms,42,165.73385528396864,159.34397834897118,114.44227153973084,100.09987484692795,126.08454243917363,119.73003887469964,0.7110581988798214,1.0052718992230065,11.705729899769167,7.427938631405208,4.732477096323774,4.812908787343848,1.8603631501865985,1.8279867880696594
dropped_arms_5.mp4,chair,dropped_arms,48,158.06334709761765,152.98618617804803,116.33215277788265,101.60849181858286,126.44490476488073,121.35904143205391,0.4310543080214072,1.3146698719796666,11.052221124238569,6.991787728016442,4.618035234404197,4.931870754247777,1.8567877110397841,1.790499479867183
dropped_arms_5.mp4,chair,dropped_arms,54,146.31761963230034,157.3047794288736,119.02499400869551,102.12802897016327,129.96323145857357,121.99934271107634,0.4346310323099458,1.841899046985804,10.783934634226668,6.981671021794798,4.704267859765131,5.257665594799053,1.9447975939446875,1.9169874710043824
dropped_arms_5.mp4,chair,dropped_arms,60,146.70289015986532,159.17484686373678,117.26777561095551,103.57395696057247,127.81135402865448,122.85544170241958,0.4393097946131202,2.000759799775533,10.676075501079499,6.658749081243873,4.899648432390271,5.459127295919239,1.9008556736729856,1.8637742371557124
dropped_arms_5.mp4,chair,dropped_arms,66,143.47220512187502,156.31267066879911,118.29563397437637,103.93495064016138,130.0551976204236,124.07053348075281,0.49591248953123457,1.9792540375461871,10.294126409531707,6.079121458971622,4.684510705144011,5.222543217747574,1.755624788316481,1.7309464158384342
dropped_arms_5.mp4,chair,dropped_arms,72,145.6231965286256,158.6345475778968,120.84103201656639,103.92868352427305,132.06534208006047,124.46429232222222,0.4590603146017654,2.059159209686516,9.961234383246381,5.257722310905335,4.402261069966718,4.908774411638755,1.4885360536831147,1.518787887195351
dropped_arms_5.mp4,chair,dropped_arms,78,145.71005839141807,156.8310961654491,121.0820511367872,105.10396924858647,131.4322940198778,124.64428477258879,0.5092373694012082,1.920042642084922,10.037429741950902,5.264629493689769,4.316549290542187,4.8461082195435266,1.5527329404870485,1.4664859749784258
dropped_arms_5.mp4,chair,dropped_arms,84,148.51211343996772,157.74816044188643,121.09947852915995,106.31222961888056,131.10353299220915,124.95504746717864,0.37837053729010695,1.9448005151093977,10.477570167112882,5.2396498211475215,4.109755645776434,4.521015242751665,1.5086472064307332,1.4216775702793039
dropped_arms_5.mp4,chair,dropped_arms,90,152.62689342032493,156.06934563384206,121.22264696948734,104.3060520661905,130.70292200739675,124.89720705267241,0.35725160313003634,2.034784029243252,10.729226383892591,5.109879796099242,4.503725022822792,4.993621892433295,1.674663933352726,1.5692956714261768
dropped_arms_5.mp4,chair,dropped_arms,96,156.10743541924145,154.72181667104812,114.51241186964342,103.34032305806916,126.74051352807375,123.68955836079077,0.47402893856432976,1.758912260438283,10.849092634062208,5.2775953516168,5.930440569006321,6.190068812534744,1.9073315359908134,1.8409121365373053
dropped_arms_5.mp4,chair,dropped_arms,102,161.5374149742544,161.2319767429804,119.83905374820603,100.87670259614166,131.0234890458009,121.52129759517958,1.0258247132732898,2.0677222922141136,10.945315258840484,6.076812646652544,7.500520398005911,8.148065713647936,2.3450826550861446,2.310071660279588
dropped_arms_5.mp4,chair,dropped_arms,108,156.1519707011853,156.91317845750143,114.27591182014051,95.23371623066618,127.22096879037403,119.66330973548752,0.7837896493366515,1.5465913382625058,10.087766620426832,6.556303675540937,6.14992017798686,6.641313721194885,1.865474017867798,1.820869346678409
dropped_arms_5.mp4,chair,dropped_arms,114,154.804601773307,153.49617577861707,116.6215123445072,96.35620728153636,128.71278424637768,120.37759865218521,1.1040269310742497,1.4228595689555226,10.085623275670343,7.158407279873198,5.622396350306656,6.15168413010662,1.8916671944794312,1.8563646704123067
dropped_arms_5.mp4,chair,dropped_arms,120,152.63248455559628,138.10415440460076,110.873966809731,95.1007248104125,125.88596773611464,119.432629417954,0.8776888664973973,1.4341662240640738,10.607055824390613,7.081319916354541,4.736185825678332,5.314798241546854,1.7027537933118955,1.6940235107113295
dropped_arms_5.mp4,chair,dropped_arms,126,135.63386409902387,132.31938935755974,118.91585468394557,99.05247554281907,131.3883816581714,121.01393594717271,0.5945208809385755,1.013592110337526,11.075028991287185,5.88068948638745,3.2991628440917973,3.769835990413555,1.231379566052286,1.2614119909791341
dropped_arms_5.mp4,chair,dropped_arms,132,162.02983367469875,138.98344036576455,119.38051885963627,100.78444674621127,134.33366398062495,123.58507287425856,0.47344512971897407,0.9697455801957615,10.88653455654308,4.619528178908948,2.9782024476420936,3.334233822659798,0.9520427321367289,0.9777250529319699
dropped_arms_5.mp4,chair,dropped_arms,138,163.81914309553994,138.08441664423697,120.6855241024699,102.63141388377281,135.37155830519637,125.22618320097912,0.40767871861904964,0.9595012364481563,10.56080339244069,4.128099330749415,3.2386606931490225,3.6510285732481,1.006648637254783,1.0052785061432303
dropped_arms_5.mp4,chair,dropped_arms,144,162.85075709016348,138.96216029281638,122.59428417103408,102.62560829389541,136.1496822839972,125.54997354073959,0.48636598776116324,1.3035869390717787,10.384158466907959,4.291775189663424,3.978566136177071,4.509210646905272,1.2468006513591774,1.1956135101848646
dropped_arms_5.mp4,chair,dropped_arms,150,167.28339552900022,138.15925704530835,121.81708488462436,102.60427685217878,135.25614248134082,124.91706756452591,0.5416871555989796,1.2292233606162366,10.435892810961407,4.754300420568871,3.9175243924640974,4.498237865140987,1.2664893089881302,1.2693234416534669
dropped_arms_5.mp4,chair,dropped_arms,156,160.63410238834575,155.43979792928096,119.53454728031616,101.20740557478491,132.50627567560042,123.56696975567279,0.627470424642965,1.753757525141331,10.460137310488118,5.397337267712183,5.8638999618862355,6.59370716781286,1.9145733706471122,1.8273614716796165
dropped_arms_5.mp4,chair,dropped_arms,162,161.4584328181513,162.18208075232408,119.47542014039236,100.31279521448111,130.9399575414035,121.92234913846693,0.7872112203097301,1.8547039513454782,10.280059978124612,6.054220268844069,6.871000581141114,7.614242907503318,2.181707962600307,2.031157570442099
dropped_arms_5.mp4,chair,dropped_arms,168,160.60677323923014,163.1215885704966,114.43256565330793,97.72880253475543,126.50122915498079,119.91843242002031,1.0056182484777574,1.6020018820309276,10.046066950069036,7.4907489525868485,5.743503013178624,6.4757427727740655,1.9810166111683822,1.7804781325455723
dropped_arms_5.mp4,chair,dropped_arms,174,163.75382481327955,158.60765174795182,113.45885376843698,96.71677260784296,124.64476828753467,119.15591686302568,1.2145202073144434,2.078421154700532,10.201624097380611,8.387570624938583,7.385258064168512,8.539663556286236,2.6276860074136845,2.3110314017152245
dropped_arms_5.mp4,chair,dropped_arms,180,166.35815021603315,163.12748641797583,115.35049993963342,98.27147366772131,126.51649963678429,120.0657515211705,1.1819873380937236,1.9718218387886617,10.012897221482623,8.42684366943958,6.323311539317103,7.271382551058893,2.18932413862005,2.082656151340484
dropped_arms_5.mp4,chair,dropped_arms,186,161.94720574734603,159.0678480302089,112.68626409985707,98.9214168632949,124.23608801088285,118.99640340332765,1.102931998056316,1.5631815081608733,10.172671915222113,8.57850132503874,6.201943081218314,6.919865962801399,2.1808653982851487,2.093338170116268
dropped_arms_5.mp4,chair,dropped_arms,192,162.01796883720493,163.08940235926147,109.07893687174233,98.90202120897455,120.54768481490935,118.67926580547599,1.175870899158926,2.486477072431838,10.279036633364088,9.138172127238795,4.440929818898819,5.620167157093369,2.077917455570011,2.0871890125493593
dropped_arms_5.mp4,chair,dropped_arms,198,153.41319005892834,160.74086761034084,108.77240751113418,98.86415182092512,120.39070352282637,119.73106873297418,0.8603213484405301,2.760943258269019,10.12078992439872,8.620353630123635,3.3355711190867,4.302268304922703,1.845167289066137,1.794445805197348
dropped_arms_5.mp4,chair,dropped_arms,204,155.03805872233983,156.89051181586356,110.67287042191205,98.89769045075639,122.44199765089779,120.11753478494994,0.83649217130772,2.539491345624477,9.859518960041116,8.23141163945558,3.8334607441324553,4.536362764624375,1.9469142473538776,1.8858003832974704
dropped_arms_5.mp4,chair,dropped_arms,210,156.05167426761534,155.72059500543992,117.73325521185588,99.97230516391951,128.58162481874692,121.34783632287682,0.6654292314658177,2.311887401566794,9.600968481302901,7.774649692345365,4.0978074655434895,4.462913191722712,1.9027917582032705,1.7479438878154234
dropped_arms_5.mp4,chair,dropped_arms,216,155.30071184352468,155.31739585740306,116.98616345860835,100.812573684833,128.45502930777732,122.33994380809821,0.703092558642566,2.3704611196896908,9.771626644812063,7.38642245309639,4.411186349771125,4.938604180785311,2.014706190282867,1.8113376195637074
dropped_arms_5.mp4,chair,dropped_arms,222,155.02706361655996,153.6164473170052,121.87766973462323,105.35898130496199,131.36283373584394,124.10344156717902,0.3668975308126333,2.5102994636146536,9.691672385488884,7.625965020450581,4.782418789824128,5.506725874033924,2.2128779073718374,2.006983511667163
dropped_arms_5.mp4,chair,dropped_arms,228,141.1707149469973,159.54674321343398,118.62264374649277,104.6844126736985,129.09969312506857,123.49860266373182,0.31610847926276037,2.782224761637151,9.783839123383123,7.239184241874297,5.144931044578362,6.107761208306084,2.1986761720442796,2.1558513700900033
dropped_arms_5.mp4,chair,dropped_arms,234,144.27688985021115,157.13113712575296,120.6968728775724,105.38995344847072,130.97645262597752,124.4183120271922,0.5175690792067844,1.93275302789665,10.15827972795467,5.730667124468725,5.600107909196478,6.303835012177886,1.8239657742066966,1.7551624458983368
dropped_arms_5.mp4,chair,dropped_arms,240,157.41869868093443,153.87241236756844,122.13987988484972,106.70163628080489,131.8636528916399,125.04358015108501,0.5071542160213715,1.1517612484247692,10.141886600163234,5.956684145464039,6.537824411639497,6.452105386553309,1.6328799641762939,1.581729736111138
dropped_arms_5.mp4,chair,dropped_arms,246,159.26303440565312,160.00951009604495,122.24452715801361,105.20831915602326,133.51159426420026,125.59227117622952,0.3927696144465651,1.4119597970580395,10.128609509851975,6.019158703106188,6.431234389543292,6.7244750878547555,1.679053039909966,1.6287642018988286
dropped_arms_5.mp4,chair,dropped_arms,252,158.62676584642108,160.69661592325724,123.70728836727201,103.70172915769662,135.24555489032588,124.94637580210997,0.5935362609199875,1.587489364636752,9.85898146929677,5.896345537229597,6.396159028682248,6.661223013261755,1.6425379580098796,1.6143670399914758
dropped_arms_5.mp4,chair,dropped_arms,258,148.46559707864049,139.93062163753106,124.44038570713575,102.7146030646112,134.6449906720803,122.43327868475829,0.8004992664442533,1.2315980719789386,9.989408675224633,6.516426562753102,5.609985499676548,5.7122721896911015,1.489989275939574,1.61669321166993
dropped_arms_5.mp4,chair,dropped_arms,264,151.4350095199129,143.60270233899493,116.99510160470514,101.83335037117928,130.86551036978958,123.42907034282592,0.8964412579429692,1.004490070633522,9.9654936481152,6.433930675855602,6.142927038947656,6.434588768500628,1.6355297150617993,1.7244155967425552
dropped_arms_5.mp4,chair,dropped_arms,270,160.87479168281487,121.7121460365181,117.89347181729747,98.86801855998888,132.78988647269026,124.26317413800159,0.836685484248735,1.2931376949974593,9.177737685778519,5.885264427072338,5.798717581841949,6.226682192570429,1.6105570141561594,1.5685811455350023
dropped_arms_5.mp4,chair,dropped_arms,276,159.41955711646509,152.5845392589475,119.84146264995384,101.60310318195458,136.7771838672256,126.77854482321075,0.8279034592493986,1.0193622691127975,8.427705920563353,5.3291686981545725,5.94717814362396,6.129048868967634,1.4286662047212415,1.3883355502995738
dropped_arms_5.mp4,chair,dropped_arms,282,161.78233430371824,161.32126522195298,122.6616191116267,105.72857816936875,137.3952369170614,128.9310253845807,0.765779790846528,1.214458226971489,8.792836149830945,5.113408229528771,6.7483144229164544,7.3490087579183445,1.554965405924445,1.5055605688590201
dropped_arms_5.mp4,chair,dropped_arms,288,164.69521722283477,159.56672792517384,120.5123549518715,103.76813718363105,135.11154596898638,127.83435744232587,0.6751974164367827,1.3048407435384135,8.919037921663922,5.666421047353695,6.95649663799123,7.573899629068336,1.675739984669652,1.5947838143791169
dropped_arms_5.mp4,chair,dropped_arms,294,154.5898104450152,153.75849587381578,123.80670502838338,104.47567067127389,138.0383059503629,128.57876740868525,0.6330523108180618,1.3480400494907057,8.78970396833426,5.527949947840672,6.541108619629214,7.102350803157304,1.5442603662449574,1.4727122983016432
dropped_arms_5.mp4,chair,dropped_arms,300,158.0162802042344,152.95298203302045,123.9089208062634,103.5467264452551,138.2746768623134,127.81988337577148,0.6219482229223465,0.9347851914899872,8.480620994431286,5.639211182038232,5.938442944545798,6.183829523109691,1.3802782536357576,1.3247054208564153
dropped_arms_5.mp4,chair,dropped_arms,306,163.82807280316152,153.1481548333198,123.53183153517205,104.10745980522728,137.44654984991666,127.80619466078365,0.5379952605739738,1.1513676601894056,8.67147562645803,6.11131794165269,5.13293497837177,5.186282734935853,1.2877742156459981,1.1380871476796475
dropped_arms_5.mp4,chair,dropped_arms,312,160.20514073464912,155.43351912719507,124.34925839730388,104.55102406947886,138.4427132485023,127.22987951868873,0.6240668726385858,1.102341183838255,8.885140107358799,6.515991631487069,5.569552793321282,5.779720539675307,1.3953223547049312,1.363482360881075
dropped_arms_5.mp4,chair,dropped_arms,318,157.35376456213484,160.00326153868846,127.80153054987031,107.84083628446983,140.69717359047027,129.29022958988963,0.6984002409209686,1.4349210372248917,8.501257078033975,6.276529630833316,5.7752097146131245,5.938354829680699,1.3499483683403077,1.2754547907992329
dropped_arms_5.mp4,chair,dropped_arms,324,156.01555394929667,124.08059753487896,126.33250790700964,104.9445366936812,138.07008248487014,127.20676696041532,0.59097289660117,1.3337101823146007,8.88241798484143,6.471227989307023,4.915864605814175,4.992379632385731,1.293087700826012,1.2441438406033438
dropped_arms_5.mp4,chair,dropped_arms,330,152.3848910366768,135.33490756775197,133.3823785368885,108.5468301278606,141.2351432601229,128.8314990395502,0.8050065108899597,1.8492584296245798,9.028925303344051,6.451168008722735,2.9586517782275847,3.7924289946376355,1.3875625386915218,1.2913481196159418
dropped_arms_5.mp4,chair,dropped_arms,336,152.59196088235907,151.79346342523115,131.65431325606096,107.96871813059272,140.28015064509557,128.18543815515753,0.9616508616639199,1.826476893915305,9.475000639964493,5.547677702705004,2.639406267953566,3.453532360532409,1.2385399105746302,1.2285065088362073
dropped_arms_5.mp4,chair,dropped_arms,342,154.87569163825955,155.1988003945789,119.28301103690269,105.69353361769514,131.86097163062374,126.76961896204254,0.8956760885121994,1.535766969582789,10.100374772066795,5.5389182986480945,4.135262142043578,4.595300461557122,1.7647866946996167,1.5664646492549879
dropped_arms_5.mp4,chair,dropped_arms,348,152.97803464100653,139.40019939181792,117.97649197764714,103.07302517160524,130.86757602992347,125.25466237059493,0.7558624283936282,1.5660805865197454,10.395973146560836,5.292700050110393,4.521163973877169,4.885277338942889,1.8684303559405335,1.646827776402093
dropped_arms_5.mp4,chair,dropped_arms,354,154.76952719721768,143.20532983549722,119.24686568430396,102.79522888318469,131.32610393261294,124.66421873896627,0.7274184770576848,2.0586750215750054,10.724900983217543,5.6144549664004835,4.956643131267503,5.728570932081416,2.0547253398851972,1.9250560442882003
dropped_arms_5.mp4,chair,dropped_arms,360,150.98041700053008,140.60538469523115,123.32825915057757,104.24206310781838,133.6789632070761,125.4861742455135,0.7541220051133013,2.073627889014719,10.740115563444329,5.451425823647896,5.218440982998228,5.970574474132736,1.9680670639633275,1.9156190014035583
dropped_arms_5.mp4,chair,dropped_arms,366,151.51403844783758,141.8644913794122,124.40318420734475,104.55134772634439,134.52583453838446,125.20861725824003,0.572845647333116,2.2544537188162073,10.806600732106666,5.278338038201593,5.443814687375437,6.247249894191253,2.015065559586682,1.9448463334621535
dropped_arms_5.mp4,chair,dropped_arms,372,154.1214362913095,139.44293968789887,123.70098314253306,104.62724947357592,133.28297859126528,124.76866746277948,0.5452634500843817,2.315880028514477,11.016779837567181,6.057850625914555,3.1108284538233715,3.780135181609254,1.804966759192526,1.7001013047535571
dropped_arms_5.mp4,chair,dropped_arms,378,145.36849723721053,160.5012166305874,122.57935286031571,104.47677920702812,131.78301191380658,123.57626626654417,0.5723632549492345,2.1528325558015693,11.46175714818909,6.517498816538349,1.9940399808942133,2.5201289551548047,1.6260048773640252,1.5951775042458765
dropped_arms_5.mp4,chair,dropped_arms,384,150.85106644360286,166.41260051328155,115.53353206106203,102.7435462762044,123.81844939795022,120.40606364179196,0.5038510894836323,1.8545134226065796,11.952817267501654,7.932057693999785,2.24094974874498,2.509304625691907,1.7751025953978419,1.8026388517264693
dropped_arms_5.mp4,chair,dropped_arms,390,148.37118325629902,160.06960611604714,115.4948593108276,102.57520977291969,123.39086549242477,120.11698785367393,0.4187753595913139,1.8903265345124187,12.139801178242038,7.968183410902528,2.1078125012709426,2.3990790558175954,1.6103010508216244,1.6300231734632509
dropped_arms_5.mp4,chair,dropped_arms,396,144.86481131354844,163.05275208871103,115.18337233231337,104.00237719085123,122.1916864846756,120.20176454209886,0.5093559758622095,2.1074387118374482,12.439508348499336,8.058756862655736,2.6334520380823316,3.141472085619576,1.762577273505448,1.7695844824912021
dropped_arms_5.mp4,chair,dropped_arms,402,152.02372336023794,164.20191244350585,115.93501611356521,103.76059115706849,121.73681320111538,119.20966065264315,0.41736340094517393,2.3117562839230055,13.149211135571258,7.858107745496802,2.934397557635942,3.355379940966209,1.8780799993008268,1.8849662223032553
dropped_arms_5.mp4,chair,dropped_arms,408,156.28359985429833,166.85951896884504,115.1422562821167,103.53135062940856,121.31817386941432,118.39182088818957,0.31143402055243935,1.9254184462676387,13.197672759055227,8.059450577585961,0.9057726858542992,0.8475802160306547,1.7161627781813316,1.7764051928762072
dropped_arms_5.mp4,chair,dropped_arms,414,168.3779989575847,172.19207904247475,109.20765338512338,102.30328460153731,115.46502899430682,115.67568640435712,0.38769702341136825,1.5905673637752789,14.72176145244128,8.645765205572886,1.4895535670921751,1.7555519262376356,1.6597746185311761,1.657349068613139
dropped_arms_5.mp4,chair,dropped_arms,420,167.3837869158321,170.47806901941564,107.74682489464217,101.90298263830623,111.40600731021661,113.12125188503231,0.40252185335000656,1.9425501062936146,17.07669359685081,9.04559975157123,1.6504133126190903,1.815865095834568,1.9003501011348096,1.8348778450148042
dropped_arms_5.mp4,chair,dropped_arms,426,165.00799706602717,170.39168197514272,105.98707440333949,101.92822451885442,108.8217415138777,111.86569598374619,0.3780253437042457,1.739444810330022,17.925280273476808,9.163013295742823,1.2530565034201853,1.3179622754609994,1.7161609543354626,1.683081973929519
dropped_arms_5.mp4,chair,dropped_arms,432,167.85995127624267,165.60684616158073,103.75776845132553,101.29575334434541,107.04504564263245,111.3797140235613,0.3238393229490422,1.6252871737211947,18.520084473459164,9.366793272823122,1.2774699560570242,1.1118602300280083,1.6939819711033424,1.6442127914709834
dropped_arms_5.mp4,chair,dropped_arms,438,154.13014137970896,170.5769646098112,108.66960013260054,103.69780915366844,111.5428942393061,114.39642561573255,0.38909741444356116,2.6027882596830207,16.583714369373883,9.007728889753327,3.0942589920691024,3.686610493001848,1.4104251492019735,1.3703279991485804
dropped_arms_5.mp4,chair,dropped_arms,444,175.5075698208235,173.52517625492436,107.34428163196115,100.93568173591886,108.48603814261442,108.13297082770987,0.348652737814567,1.250658308609013,18.31496511650905,9.092836541263239,7.478136943554985,8.254844511744949,1.8457778760772585,1.7039495437351955
dropped_arms_5.mp4,chair,dropped_arms,450,174.25615832341697,176.337270292624,123.79130159419648,107.58587085288055,121.27735552207074,113.5571160208067,0.33242551822745386,0.8405045237160337,19.901674653929902,8.414166850170808,5.895567469989528,5.7927446466773995,1.549043834124929,1.438209956558432
dropped_arms_5.mp4,chair,dropped_arms,456,176.1113950227911,178.95228598698768,124.34511916510408,111.79044139028562,120.51866043202968,114.47540554923009,0.49383727969290364,0.8868485614996666,21.27465707710996,8.201276437512222,5.322269103510433,5.280139030598368,1.460114687041909,1.406864671580481
dropped_arms_5.mp4,chair,dropped_arms,462,169.9232330937687,178.24168451201265,135.81438001430092,113.22142805592705,129.93609623581008,115.87992391525458,0.8359917381857519,0.8953282644678694,21.22063480335091,6.8443508933947115,5.947838721674404,5.857545238857328,1.3715184070438087,1.418183503330688
dropped_arms_5.mp4,chair,dropped_arms,468,161.02359394104133,175.46277627815346,128.36331397887875,107.1540322258044,125.50268168053847,112.31193509680115,0.4680066257514507,1.5901516509436682,20.126612680698234,8.386402086056652,4.543246490196496,5.005255135243036,1.20486908308632,1.2767742765751735
dropped_arms_5.mp4,chair,dropped_arms,474,145.44640118796423,175.96065575865208,126.37978504295097,107.39744514954477,123.57217167822353,114.29956772707285,0.34286366894113723,1.9505022415972022,19.119926747027687,8.63985839431448,1.2534135486937834,2.4060189155379286,1.2950969546405302,1.3179223035193854
dropped_arms_5.mp4,chair,dropped_arms,480,167.7175016492453,172.82153075284583,117.6866636623316,109.02833582130077,118.14926157770395,115.2154229855068,0.44439717480815705,1.4192499497670688,19.056113054136265,9.063725251178493,0.6651064355460332,0.45874677305328715,1.6861836269930661,1.7004480761718856
dropped_arms_5.mp4,chair,dropped_arms,486,158.4216089547278,169.4973647486189,115.04634425428101,108.8947316452474,115.2436567336862,115.33816135672562,0.5759430961360561,1.6226516965101128,18.15629533210923,9.400598739402518,0.6850921691592031,0.8367313198377737,2.061057167334453,2.0854829789199587
dropped_arms_5.mp4,chair,dropped_arms,492,160.89410009763427,168.76345463440876,116.51993113920322,109.16466530752608,116.25267677923948,115.5397260526166,0.5833679336676916,1.5926518350245982,17.914366895319695,9.63876568186337,0.575483130987099,0.4767348943511429,2.1481245767478687,2.187804237896822
dropped_arms_5.mp4,chair,dropped_arms,498,150.92986658228386,162.47340620821083,120.46608029058966,110.63078792427837,122.97077519525267,118.62550131702667,0.3658638350094797,1.3288621444192832,16.490711873331627,8.77775506897126,0.478559270882854,0.3138098293591971,1.714040070699434,1.6816587687375402
dropped_arms_5.mp4,chair,dropped_arms,504,151.6712368206597,159.84743407112293,123.13046496624486,107.9929057691674,125.27191744172639,118.6019467924973,0.2551462397117876,1.6468336232591458,16.12470808239987,8.49122550188249,0.5680953613490609,0.527065854456472,1.641966745079088,1.6269914031840178
dropped_arms_5.mp4,chair,dropped_arms,510,152.29793747036948,158.0554678400785,125.28388152368942,107.68549345920435,125.97498536908653,118.347983716118,0.23357037582569676,1.7371185500975839,16.15139022552598,8.7766564233541,1.0831796121690687,1.0927475686769774,1.7695222300650693,1.7339885517484344
dropped_arms_5.mp4,chair,dropped_arms,516,151.31976237049545,161.39726603660975,125.09796027834992,110.35670769633701,126.20898561091906,120.47079037465377,0.35675011581303057,1.5388332956546908,15.985563179234873,8.029864861156682,2.2748747163941485,2.322019729020921,1.8591665735466065,1.795620353552298
dropped_arms_5.mp4,chair,dropped_arms,522,134.08617598830884,160.18534104861098,124.06702853357939,110.36831469349508,125.34283853874827,120.95807554191686,0.5163630633038945,2.1528931526029393,15.529523970116855,8.405900431409336,3.691066355032012,4.522892399969138,2.462430971938672,2.2921098327065277
dropped_arms_5.mp4,chair,dropped_arms,528,157.7171117596369,163.24483785404018,124.5479035978472,111.22340391580354,127.31714589871204,121.6406022084197,0.6210569166360574,1.2630654428162265,14.74718605812182,8.052389180966056,6.25086627185179,7.764240645735707,2.648938714359992,2.50823179659215
dropped_arms_5.mp4,chair,dropped_arms,534,164.746891303543,166.32589462762056,123.7333949226146,109.76411435741346,128.44832711081537,122.98328075555071,0.5621472498221556,1.7832843126656859,13.038718224879172,7.4851323780365,5.7554137303271125,6.686778939161499,2.0506315883571165,1.9456419711135622
dropped_arms_5.mp4,chair,dropped_arms,540,164.59918678507685,166.36053665865273,119.7079635367069,108.12768028154227,127.19629119971171,122.92001583799582,0.7076932160282398,1.7246620708024936,12.210317422908862,7.3667422562365665,7.835895579495844,8.963665712487662,2.792121188344426,2.6477953522460176
dropped_arms_5.mp4,chair,dropped_arms,546,130.6803278636258,160.5029189709582,119.87334173636108,103.64164278118889,125.70595315165862,120.93939346138997,0.47499313636503726,4.121780994523766,13.26512929336107,7.528194632790827,4.484811048944493,7.593935231554417,2.631210679682914,2.4749341340243944
dropped_arms_5.mp4,chair,dropped_arms,552,104.67368885924108,159.89983899137476,122.59431208738587,104.12722497988355,126.49287881239493,120.53166450654673,0.4301565849598096,5.693731322138821,13.784942595788358,7.842723460888026,0.41586283420179615,5.078131508615335,1.7334902207593843,1.6843991351068464
dropped_arms_5.mp4,chair,dropped_arms,558,103.1055146354737,166.01421073641902,123.78489678788951,105.61884818345222,126.67277267999462,120.30574154728102,0.44369699801793544,6.2730234693309175,14.523790672027639,7.963067644978284,0.030804850521708765,5.234189822870626,1.7948013409136558,1.7562180296088925
dropped_arms_5.mp4,chair,dropped_arms,564,123.69519022834042,167.74865519528043,121.8859442279079,105.8783581875651,124.15687249259015,119.52333588216331,0.4131704279269073,6.19503310319684,15.185416793080266,8.229130908346153,0.37597310782580573,4.837781138227856,1.7622693789933221,1.6958311931827976
dropped_arms_5.mp4,chair,dropped_arms,570,143.82982379111363,156.38502389453524,119.90607935969938,105.6160309819696,122.57325633419674,119.2526483200496,0.6787879514187886,2.8205997321862926,15.11370561394243,8.096523882886832,4.934139234601218,6.619603216239348,2.4258414317369508,2.3966207317267165
dropped_arms_5.mp4,chair,dropped_arms,576,168.79651765744444,176.61855828432869,122.98744936759797,106.70818735038726,125.75015665715567,119.51465278064597,0.7715410106355812,2.6999796395341056,15.075852601267302,7.8667738605819695,5.171944559335175,6.024457430354077,2.7470753132854666,2.7784568416991884
dropped_arms_5.mp4,chair,dropped_arms,582,141.96433288091265,169.4855074700742,124.27741083716936,105.92993294008,127.15297610243914,119.45803007018827,0.7120631980325991,5.706196718774814,14.575249324924405,7.580550730071928,5.152617339239011,2.9716099534490734,2.5673110464060587,2.5800597069429605
dropped_arms_5.mp4,chair,dropped_arms,588,167.26414065833998,166.70458282508034,121.6326667248336,103.29315105489177,124.34320022624108,117.38670871725077,0.6760324911332183,3.7242328651957157,14.6687051957119,7.907646471703765,1.8770152386982877,0.28216476025259823,2.2615452424029874,2.3149064901084038
dropped_arms_5.mp4,chair,dropped_arms,594,159.6025555169658,162.60477951426105,122.78615798486139,105.5696713348513,124.99996741602429,119.25004869139926,0.6397676387940053,2.6061873478275577,14.226477608781448,7.842743529092068,1.4124965856966605,0.5481719012244554,1.9832222395271062,1.9748281272256893
dropped_arms_5.mp4,chair,dropped_arms,600,138.9315692038621,164.06717285895397,119.5547726524212,109.17338708941611,124.06054271519713,121.46756477657844,0.5653303059391365,3.039682510088396,13.819526349291287,7.657815218636797,5.09490026516607,4.4291780871408015,1.9506268049873847,1.8740654778417627
dropped_arms_5.mp4,chair,dropped_arms,606,145.7198170015086,163.74352025117975,121.6418034208271,107.79156939203199,126.83910275338329,121.61922577534227,0.5029336834670343,2.7859576871511558,13.109971536681833,7.687915447256954,5.9728835542332215,6.1159867206154,1.938395498764092,1.879222308178802
dropped_arms_5.mp4,chair,dropped_arms,612,157.01243902600802,173.3168343601018,121.57240360822244,107.03626359492353,127.96174042605185,122.65193926795172,0.42898615245596433,2.7524404388310177,12.142547053213459,7.0933693972333565,5.271507398731666,5.209658343570134,1.6127863232390092,1.4970685017952141
dropped_arms_5.mp4,chair,dropped_arms,618,152.00390422826018,176.10307498313765,125.5258097835568,107.3649695942257,132.0665342192999,122.58067480167685,0.4999126190152321,2.653451730685399,12.176930045575398,7.152043166536872,4.527269581903565,4.822229616947614,1.5172720923846457,1.5335384620670518
dropped_arms_5.mp4,chair,dropped_arms,624,159.931769879416,167.7313802970462,121.6792390235767,107.2718240494182,129.04152667606806,122.3778677374021,0.5851306942389193,1.9319636370832634,12.53281519156227,7.366663606069382,5.389787891112165,5.982555615867228,1.795019850083914,1.7615578519884922
dropped_arms_5.mp4,chair,dropped_arms,630,167.21382889908026,166.08482197486094,121.7006609929938,107.76074816597492,128.859655550412,123.9901148909572,0.9124464201226818,2.1195890992080106,11.93686591611014,7.228517359226185,7.192885680843715,8.257945750531997,2.382990870966855,2.2427386787786547
dropped_arms_5.mp4,chair,dropped_arms,636,165.10728249862956,167.193845720571,124.92664310642039,107.11361772864102,132.46952780589942,123.59476303892994,1.1129132548829734,2.590571700124629,11.916299786044723,6.966105622484083,6.893602753672729,8.017607512077936,2.3520541343775654,2.371602595069401
dropped_arms_5.mp4,chair,dropped_arms,642,163.7705914124033,168.4891361782391,121.92893750082098,104.43608624888842,128.03198321056635,121.90064447728693,0.9279959112958543,3.4757510300793815,12.407620738291385,7.7999099424230405,6.736788702868446,8.1515677835482,2.812765503585579,2.679508101626454
dropped_arms_5.mp4,chair,dropped_arms,648,164.09009167171556,170.38087576422623,122.13598545873192,104.93332929812176,128.59993925023178,122.27379079241454,0.8464541043397336,2.7331936130980163,12.736867440904035,7.389600996668681,5.55744041675329,6.519729299704416,2.5666122443725996,2.5064521063535294
dropped_arms_5.mp4,chair,dropped_arms,654,163.59423919395542,169.33528439670184,118.63534687712547,104.38012425629992,126.80250660660245,121.81512947523557,0.6390263026886129,2.5971755345706447,12.791831332549107,7.42463904592564,4.8253194659638154,5.713206917918407,2.419569381448723,2.411974674410714
dropped_arms_5.mp4,chair,dropped_arms,660,162.13531063779374,158.92687246566214,116.59988770479461,103.4467603509821,125.33396824497676,121.08463083322839,0.6191093280489693,2.13831616090052,12.829036391855034,7.385238220892237,4.881810182065489,5.7027807450666295,2.4178298961908253,2.4402297900370775
dropped_arms_5.mp4,chair,dropped_arms,666,160.11308044822906,159.9766720704647,118.89422831629126,104.54817807780621,126.2367736302993,120.83785981140197,0.7968006743328536,2.009621896229282,13.074501868052026,7.518507874560364,7.895460844097155,8.540428990556345,2.6956808147486746,2.7346199037871877
dropped_arms_5.mp4,chair,dropped_arms,672,162.46162264051947,159.7927772851901,119.66835741980607,104.58628157302708,126.79925046716846,121.6119574535701,0.6981638088690676,2.1077358586795913,12.782793609796933,7.164464827224888,7.5673216201264335,8.400401594842041,2.583158326804472,2.5169920370725043
dropped_arms_5.mp4,chair,dropped_arms,678,163.6729344061087,158.04914622211413,121.33230634037214,104.80254229763024,129.60782324788087,122.51956358917418,0.5658993963471655,1.6807004151444105,12.238310567174254,7.059364781920671,6.273966145054227,6.83731734825565,2.3162107586735785,2.2663589263566486
dropped_arms_5.mp4,chair,dropped_arms,684,154.32580326715419,165.6092254823101,125.52047774043159,106.1462711916605,129.7426612549468,121.5123283331431,0.511456302115685,2.699181752120827,12.780620684676567,7.377568574092436,3.0632787233162757,4.2085184492457035,2.3869945635906094,2.266573746020488
dropped_arms_5.mp4,chair,dropped_arms,690,149.61192848274146,167.41563475935186,121.01476948754087,106.32564964948838,123.69943340845973,120.45201265070412,0.37533174737804303,1.7794549301270561,13.916712041776911,8.528951979401572,1.7977685627747741,2.0629152353479627,2.0403869694606094,1.8697718518773032
dropped_arms_5.mp4,chair,dropped_arms,696,150.26263045496108,164.24827707964604,120.85098855727007,107.53787490404305,122.20807358965529,119.80804385282634,0.4049535748314953,1.7439527050384045,14.971627951593224,8.829486768986163,1.4809459088399897,1.440195860659791,1.9328853584198116,1.8137642736409396
dropped_arms_5.mp4,chair,dropped_arms,702,156.0973954593657,160.51934542684359,117.65221798298286,107.38375500281892,118.80898385961777,117.00907354150037,0.33456396109966297,1.4555393716639875,16.54431363221602,9.300306957640512,1.7574040301413572,2.0056580823224923,1.6441170225871236,1.6049146275491197
dropped_arms_5.mp4,chair,dropped_arms,708,164.00127539019113,177.55253445046233,120.52772371129224,110.51478604703672,120.81461265482143,118.26159559787862,0.3363850765906812,1.7558889405935258,17.306982956545358,7.98492721269011,5.502664064167838,6.326445945005651,1.4589241440141032,1.3905498717370988
dropped_arms_5.mp4,chair,dropped_arms,714,163.39729135030657,175.98613420196878,142.52869164824097,113.53040023860868,134.50486451916169,118.60906231821659,0.3747337044957538,1.0665565776767862,18.080907329963345,7.50852281503805,5.409836788309496,5.273365679008056,1.2460262217604041,1.17190784381767
dropped_arms_5.mp4,chair,dropped_arms,720,164.48416554810373,177.96938594585808,143.42537930369068,123.43457608152356,134.0549937070566,122.92601875241809,0.4783512344933031,0.9405964671386805,18.92333126769799,7.432626636668483,4.895715257155955,4.919002707723443,1.2209609749037782,1.1424831600189664
dropped_arms_5.mp4,chair,dropped_arms,726,175.28450126846568,178.53960747035998,139.100707904477,123.98206971896846,129.71116998609926,123.02169589178767,0.6099988351626626,1.136045149793464,19.066866183615797,8.102451219555201,5.487054495657896,5.771943510497838,1.3751622407212254,1.2839950480398277
dropped_arms_5.mp4,chair,dropped_arms,732,164.11664775066296,174.42298576693588,138.74948311977363,121.45833389825584,128.73545094245083,120.12516231779246,0.3714977252787164,1.9906972516171388,19.50801480248064,8.243850672831861,3.793834899634044,4.396430980652973,1.3346258893334164,1.3523896348458049
dropped_arms_5.mp4,chair,dropped_arms,738,138.63977692156365,172.6285538507196,140.97870901282843,120.60553843588377,130.7060287698998,120.40038225269056,0.4186826872109925,2.3455806015818723,19.054944883182795,8.628476295424438,1.6664257678417629,1.213697946309884,1.4576393846770281,1.478708464590948
dropped_arms_5.mp4,chair,dropped_arms,744,137.24591663072795,169.51740588449678,141.84767633025777,120.78058169579967,133.91629610583863,122.47179158793637,0.4071560772391892,4.33216593330647,17.977091270266833,8.436742720990477,1.344109657796505,1.8504132976921879,1.2756674152076966,1.3740015836863273
dropped_arms_5.mp4,chair,dropped_arms,750,143.9789214462037,168.47910450800782,141.71253971529543,122.91102335810677,134.38120091420544,124.29688158591237,0.5198989357026633,5.3453868683132395,17.28058839538791,8.182061574060114,1.2866140378354394,3.0869302580774565,1.1304063245791707,1.2692245676822422
dropped_arms_5.mp4,chair,dropped_arms,756,171.8661080477458,172.71818864203124,138.4551186251715,118.46539096983591,134.04419269530132,123.28975317377717,0.4399053518677582,9.831651939288218,16.522195247089194,7.908436970914119,4.395188463025499,4.575658033074694,1.5885479513871472,1.702675270778845
dropped_arms_5.mp4,chair,dropped_arms,762,101.99160505936817,170.14904307303775,131.90339013906143,115.89648561494238,131.0188908072398,122.81846305031246,0.5021612419371048,5.719868219265213,15.839911489691788,7.691343600561721,0.02290473205393558,4.772948360192323,1.6997793294588917,1.854587366434573
dropped_arms_5.mp4,chair,dropped_arms,768,125.07109784080684,167.1640765834412,131.1267361166356,121.43645783972921,130.36963101407812,122.68486498041769,1.0351098418873839,7.8831378348257015,15.703469053689222,9.587823660250224,2.051012301967063,4.816960040810435,1.6525719971386312,2.1458788582534525
dropped_arms_5.mp4,chair,dropped_arms,774,121.24209892607288,163.06401087356224,126.61860697020032,113.4722483216854,128.04926955284492,122.27418540971932,0.7910036300755555,4.16993919543079,15.427233302979745,8.10726436579308,3.3499167542175576,6.4095392493946735,2.1886274959099854,2.4126350697596677
dropped_arms_5.mp4,chair,dropped_arms,780,161.8371178270098,170.1081241671665,123.68691162204323,112.14308699672344,129.03612223899034,124.62406784458791,0.7578093089722054,2.336140356959232,13.938303315013988,6.852873780608298,5.113624476155782,5.9998581581429,2.2978663052549018,2.3571841886566745
dropped_arms_5.mp4,chair,dropped_arms,786,145.35341082085176,164.17606698009192,140.22899253689673,117.1051736511782,140.33533714662792,128.0736671550595,0.6017528097944471,4.472702767266512,13.259394165783231,6.494805689314796,4.362571799400114,2.62366719003657,1.8211044426966556,1.8130694734980162
dropped_arms_5.mp4,chair,dropped_arms,792,161.4080645219293,174.25243302609826,148.54470898593667,118.81852097628173,143.85526422454737,127.01098079203162,0.49724158530914275,6.316100975919009,13.585100703161816,7.027127979221156,3.237458482609181,1.192706095521923,1.3474985608355181,1.3487434128199616
dropped_arms_5.mp4,chair,dropped_arms,798,133.77864240711665,170.3951685422182,127.80162640000626,117.9188460381569,128.2173453002844,123.62832198923779,0.561203351339788,5.811410171976206,14.048414504346166,8.44985502811522,2.945894218270554,1.166452098210171,1.353798782738633,1.4532816362808305
dropped_arms_5.mp4,chair,dropped_arms,804,139.45180687363816,160.83151867611673,132.12509111707328,116.8914250892712,131.45787664575815,124.80227224787994,0.6295759617946719,3.621078654066146,14.452523865839414,7.507170014301465,3.1413201366622143,1.6169274329888326,1.6162832944833037,1.5658449289044787
dropped_arms_5.mp4,chair,dropped_arms,810,159.9629408566799,174.70773836378277,130.37708928923183,113.80731934039068,132.56332893913552,124.86873891448676,0.614626971217258,2.6882565468199484,13.999496119227244,7.234723090437993,4.310131728649483,4.852665009782651,2.276553396757259,2.133410065032989
dropped_arms_5.mp4,chair,dropped_arms,816,146.83982994163748,162.02831269708852,126.8401589264586,113.00200866496827,129.3364524325273,124.12965522352552,0.6860141389774835,2.0468376486068123,13.512438220773337,7.181991094112141,4.952044806122465,6.201577862702616,2.5489205102501775,2.5108957208570364
dropped_arms_5.mp4,chair,dropped_arms,822,158.1376587954265,166.71071319549657,130.6541650094443,112.57505205250263,133.90829497473703,124.49923962290228,0.7760992880877916,2.4239137534225694,13.565127456328916,6.663845615803216,5.49913009712475,6.880378426897041,2.5908285350740754,2.553210211540469
dropped_arms_5.mp4,chair,dropped_arms,828,157.85324227448535,162.20995547153348,132.77761621169563,113.43529594487875,136.0331836060603,124.2468780839214,0.7464001573332045,2.327762000167888,13.517945233411222,7.465494371592585,5.323487262856789,6.604698283443204,2.6027138005600916,2.6094828548586073
dropped_arms_5.mp4,chair,dropped_arms,834,162.07299788310277,172.44102158658126,133.79686596529504,117.89523962443693,135.47504895380132,125.922311839864,0.7264884263238183,1.8921704009637226,13.339460522342337,7.31402634556169,4.689170426802876,5.4660794989089085,2.1434014668277435,2.2009651386533577
dropped_arms_5.mp4,chair,dropped_arms,840,168.03587896473883,148.86831112155875,135.69228909928424,118.51146448673636,137.27576115854353,127.50881374599057,0.8731194872455201,1.8605386275402354,12.869574636263632,6.712355492115955,5.850759528006387,6.307539954382765,2.4232745266236386,2.374716358627731
dropped_arms_5.mp4,chair,dropped_arms,846,161.71249723891012,159.85444077270537,139.80766281558385,121.3404166311565,139.4679347300719,130.17358037976882,0.8509511113494235,2.5461638474315356,12.74733408235288,6.604370421754041,4.684401305955426,5.8385734021560864,2.247934729656812,2.09888294659072
dropped_arms_5.mp4,chair,dropped_arms,852,167.9965462361472,168.88674905611654,131.73226942922983,119.1457668891969,132.0141000295341,128.08079050977344,0.32286150293760646,1.2508300439211844,13.812681789918008,7.218295123888726,1.6486534399806747,1.5409697830030293,1.4098415735900933,1.3284577535408149
dropped_arms_5.mp4,chair,dropped_arms,858,158.02771378790288,164.02527144520232,128.2275180407103,118.45069477455144,127.14829006571722,126.67677474053849,0.3829679921900609,1.1569613705244448,14.694055795919441,7.199527331526839,1.1535083824982537,0.868865936659568,1.4277046723324363,1.301097920020702
dropped_arms_5.mp4,chair,dropped_arms,864,161.92635878448223,165.77536862039352,126.22130159925672,117.92125525492392,124.6141729734255,124.2607221397613,0.24452879789904933,1.2104869288041207,15.445270923749986,8.371195467381712,1.3289850351358077,1.0833005819138324,1.5077196372213186,1.4449592244906715
dropped_arms_5.mp4,chair,dropped_arms,870,167.15190976020136,165.3503442606492,125.09431235419319,115.10048179521273,124.25043659051519,122.89667384872004,0.2910847451581582,1.1884252275930232,15.680391010398733,8.245477402582342,1.556739327590785,1.2371968583808002,1.5586016446535726,1.5154046000575507
dropped_arms_5.mp4,chair,dropped_arms,876,160.26753223526885,168.56681352124681,125.11819581785592,115.61182488559372,125.94378795762862,123.49373296947843,0.4941432511729989,1.7621863154034527,15.228298357448766,7.878758929509455,3.0379279096702554,3.1179250581170748,1.986081866771042,1.9893827815827074
dropped_arms_5.mp4,chair,dropped_arms,882,147.98869772308925,169.31232473445252,133.30537534896598,118.42133087568993,134.18754405932893,127.44611003848868,0.791258836336632,2.3059893627312595,14.503744753022385,5.9268357705675845,4.312053198451858,5.3053034286767105,2.4713521683850783,2.2917057634830753
dropped_arms_5.mp4,chair,dropped_arms,888,154.22957653344315,169.4283978800227,134.70614120647866,119.01422621765019,136.76956830137664,128.47648307080257,0.5940638923108937,1.6656388823922448,13.603456830150721,5.678947196864272,3.8757091031599304,4.743430673882896,1.630238137655697,1.5205849133776788
dropped_arms_5.mp4,chair,dropped_arms,894,154.65727628170512,167.9503342542179,141.99315354300367,120.54121212180159,141.1297602259284,129.7395687219193,0.7136172002761045,1.7344721272547496,13.32873350040281,5.675026936767061,4.119299426338863,4.701476996044349,1.6076742501636994,1.5415993447253564
dropped_arms_5.mp4,chair,dropped_arms,900,160.37921869310352,166.53800905666847,133.94067562655047,118.53189600124642,136.7123506652199,128.68422301772748,0.732368221893098,1.668917792694619,12.801391013120368,6.313272341161992,4.329373078595827,4.860816441636691,1.6372662316687396,1.5530909280343
shallow_squat_1.mp4,chair,shallow_squat,6,170.24042692359657,152.14236596006378,164.72066516858618,160.69666889369708,170.32139810779339,165.08528376436288,0.3738864456452105,1.1747750185749317,5.301042371578573,1.6233508315356866,4.942318667259401,5.342185150072148,0.1636538384240052,0.43220429053712656
shallow_squat_1.mp4,chair,shallow_squat,12,88.90657621477142,156.01380086795749,163.27147105234374,157.8234043998522,171.5516134338811,166.2065177491784,0.32415375494216264,3.1445445248401795,4.048092199957341,2.1668438062192137,1.0553578690655792,3.4608085098529853,0.01566717987313536,0.1753854855119322
shallow_squat_1.mp4,chair,shallow_squat,18,147.0148901543772,155.50588230235346,154.0947080166998,151.86590247025245,168.41938536725525,163.75006040126348,0.2713598014119343,1.2728845636347548,3.8251010601588353,2.2379795115171173,3.3638577124033535,3.763472025197859,0.026997739252016827,0.19913994212000782
shallow_squat_1.mp4,chair,shallow_squat,24,150.7790425813435,155.9479487147763,147.20103457868746,142.84166969933872,164.00067035739588,161.09916525366867,0.14961246935601882,2.76792480821853,2.8371053407776254,1.396596813784017,2.333419919067453,4.395272987108557,0.01178692156663696,0.13402343539238684
shallow_squat_1.mp4,chair,shallow_squat,30,152.75733386328085,155.7349697596498,141.57071029369487,136.996272485585,158.01063708955814,154.79767702347974,0.20932030926849307,1.4963174851637406,4.5447535542767294,0.0064304712729566435,3.838964444738591,4.479061462784531,0.18231982113998874,0.3403278716718838
shallow_squat_1.mp4,chair,shallow_squat,36,155.20400706744263,156.62781434246793,130.27860732778248,131.85507448029352,149.51929320929437,150.69148174023107,0.42977293295652214,1.817561227263874,5.893889125245212,0.6953106741301782,6.121211765445932,7.034570142550753,0.5117405046139055,0.626103369572127
shallow_squat_1.mp4,chair,shallow_squat,42,151.3081932636684,156.15444444477214,128.84143170903604,128.17025653849163,149.12192499170962,148.8774657404046,0.33988123908813583,1.8493829275021207,5.371311107344342,0.9106664152526458,5.3601658102840295,6.421618256735067,0.4147055380046341,0.569873832696962
shallow_squat_1.mp4,chair,shallow_squat,48,155.86134615823715,154.46489145343904,126.31530976382504,125.61329980071781,146.4863298754423,147.1502585851343,0.25510496432973934,1.3469741969916975,5.866412061070529,1.1534600452345032,4.492450351479991,4.952420046532953,0.3830061183197661,0.463955724458917
shallow_squat_1.mp4,chair,shallow_squat,54,153.7221305120652,154.43484843010864,122.55800053546648,124.95891687487055,144.59707386694603,147.58299299671012,0.34582841273880155,1.7083268567021241,6.223292419329908,0.6193271995329911,5.559109238587911,6.205214115827793,0.4872088875305478,0.5539075483290667
shallow_squat_1.mp4,chair,shallow_squat,60,153.97379614830632,151.38524820941126,121.80360469719245,121.87248506222974,144.4334079292388,145.75449871233135,0.2486624023240233,1.897920977020041,5.998694855289404,0.9209219886980662,6.354527618065537,7.236373301430598,0.5803411932043735,0.6870728035630036
shallow_squat_1.mp4,chair,shallow_squat,66,152.51854189874274,146.5624182953162,121.62350301082188,120.57016560716687,144.41941827145214,144.63100717075625,0.21648283613448432,1.4838004684152128,5.893787652239028,0.8895497438392437,5.1496403406131686,5.639117085003651,0.4373598647448241,0.5450446325334467
shallow_squat_1.mp4,chair,shallow_squat,72,152.5246903781103,148.61515443982236,115.85250904215845,113.22183924815988,140.94547073044103,141.51895325886744,0.20264992745696156,1.6260085144264538,6.359218871991237,1.2779856645294112,6.064041522936879,6.679035286014302,0.5834360709016007,0.6736207393181417
shallow_squat_1.mp4,chair,shallow_squat,78,147.83775565942008,146.52406787183853,114.31233800851116,111.68940178379643,140.0238916370193,140.5263437922535,0.33134723789267295,2.3878882545620144,6.614840346446697,1.0838280365190123,6.9112910910964835,8.312511366617846,0.7832962573811756,0.8221709712373783
shallow_squat_1.mp4,chair,shallow_squat,84,148.89779012004647,147.47292450898402,111.00310639535401,109.48174926501171,137.00936924580384,137.8279235717501,0.43885694178331114,2.7964364740179497,7.451106040603124,1.9171288583918813,8.322420000190414,10.135654598237533,1.1291669328282212,1.226485739934057
shallow_squat_1.mp4,chair,shallow_squat,90,153.70146579157955,147.5877649380244,110.30979753961626,109.03377410925528,134.63241919003264,135.22605182182448,0.3687655580491024,1.8170932995744986,7.849871049047566,2.7148456540163926,5.5978511637701915,6.442628560765779,0.8159790809961581,0.9005869826121251
shallow_squat_1.mp4,chair,shallow_squat,96,154.7476396294593,150.3282148861557,119.36812155531676,111.47022591573678,132.39905342090879,134.13872420916132,0.7348056577366144,1.6846822234443235,8.355457580855054,6.039896013134358,5.578861113160911,6.2600157310965985,1.2558223891378621,0.9585818014588148
shallow_squat_1.mp4,chair,shallow_squat,102,151.06995106722104,151.7638846375671,122.5798755841868,116.26480709452186,134.428915228942,136.30905280620814,0.742573370770762,1.9761277704725422,8.042057677930535,6.495801892425829,5.983072834742348,7.004078655951612,1.3860260710953964,1.1286827024159054
shallow_squat_1.mp4,chair,shallow_squat,108,149.98993818030448,154.7971275703853,122.20572907140556,116.50126306986891,135.58681299920033,136.66472319234418,0.5932453297910182,2.0961369480038896,7.6712148710548265,5.590664874860754,6.330266820666854,7.562728019795025,1.2889994090389532,1.1834050732683747
shallow_squat_1.mp4,chair,shallow_squat,114,153.00193023775424,150.98790316719777,120.95111304127236,116.21972877618836,135.87319971129378,135.9696381204035,0.48880734208648313,1.7529231110612364,6.425323735194762,5.7047694650683445,6.712819475123053,7.541202565508888,1.1704389051413688,1.0910486445081018
shallow_squat_1.mp4,chair,shallow_squat,120,154.42290255423094,149.68373068155057,120.84326422380497,117.42619999011093,135.35583250545127,135.12464602935813,0.3579084704151348,1.240399377481047,6.8697845716550985,6.626413737766026,4.604216110956297,4.9636562908445185,0.8769558182413725,0.8909703422791291
shallow_squat_1.mp4,chair,shallow_squat,126,155.2736791259141,152.80375833989797,122.40486948340758,120.0782437294383,133.42303120866336,133.5655971678528,0.3883263325011051,1.4871899372139976,7.619185929488916,7.958413779705946,5.805925701187051,6.544820747829431,1.2947211352284356,1.2784545733859403
shallow_squat_1.mp4,chair,shallow_squat,132,156.7640235124829,151.51451424853838,124.94317711614636,119.12730420802089,134.36847919157992,131.71960940444984,0.2849465851913122,1.1763342075452647,7.772456380705299,8.796006384236449,4.807506132303448,5.097267912401768,1.039000574437626,1.1429081263447896
shallow_squat_1.mp4,chair,shallow_squat,138,155.7708063409449,152.67154183015262,121.19817080382337,117.85553482005444,131.53006513733342,131.2510298937927,0.3594796462005096,1.1120262471873876,7.640118606608998,8.596322197661873,4.439487479351463,4.617480353306917,0.9466745775637305,0.9971991969890247
shallow_squat_1.mp4,chair,shallow_squat,144,163.02136797439547,154.87229827895158,117.22549328882047,113.9118184344128,129.78758667731012,130.23371666951056,0.45693880409110743,1.8327333953433271,6.706436375643701,8.64183713061331,7.426141699687298,8.636809150327846,1.4263553652547976,1.4142722665100786
shallow_squat_1.mp4,chair,shallow_squat,150,148.89154909627015,151.17867838307296,119.49160937498075,112.57866475168578,128.31334700380177,129.44179845790148,0.8229721417972451,1.9544860574961935,6.495995689391095,11.018564702268971,6.683934983404025,7.847136523964268,1.829927298689234,1.5432010710666224
shallow_squat_1.mp4,chair,shallow_squat,156,149.86017961933058,151.45018034387505,118.41088115598764,111.94657960282525,126.1665650787501,128.28710509602087,0.7797530424300247,1.819012170379018,6.868834557526338,11.798341044885658,5.469703184246878,6.382877631112239,1.6016886445710607,1.3260109282842087
shallow_squat_1.mp4,chair,shallow_squat,162,144.73307603577803,149.77340726119428,116.65612035759322,110.12719332658602,127.63703725867384,126.59751400681367,0.48197118037197034,1.6239334002384966,7.32539439374386,10.537435006336779,5.299751942312326,6.093420759667225,1.401838679362717,1.3742383394106732
shallow_squat_1.mp4,chair,shallow_squat,168,162.58473314449682,150.7748386255104,118.8109072585799,113.80773529208102,128.7781216607984,128.7110579837972,0.5534125313978372,1.6543551800484597,7.601502671793144,10.113575825549484,4.898897794561574,5.921649955774125,1.3874895217993934,1.3967237243969135
shallow_squat_1.mp4,chair,shallow_squat,174,157.8980149194956,148.16101061090905,120.70051681272876,116.2331379508036,131.42281584010456,131.99166052952623,0.4159118287663143,1.216679229728607,7.7900416060068896,7.952643939646802,3.9937795535135563,4.29101817298442,0.9481691973690444,0.9243255665230581
shallow_squat_1.mp4,chair,shallow_squat,180,158.49158798825306,154.52929418556872,122.90102867954504,118.25019573301697,134.70981225220086,134.3532814433159,0.3701497658625804,1.3530945324985821,7.135739180685172,6.822796235201558,4.652551433981357,5.107319735875684,0.8986731017526697,0.8915282370260632
shallow_squat_1.mp4,chair,shallow_squat,186,167.1097243381753,156.82579492108022,128.19033467632423,120.86627480841403,138.57372223229328,138.3693771445845,0.4325223277970331,2.401567106683314,6.7964058479467395,7.093458765498429,3.8692817220107063,5.519586918996103,0.9494224007686731,0.8456648581699476
shallow_squat_1.mp4,chair,shallow_squat,192,154.76171191058702,154.51907631083853,122.84389447725304,120.29556826691557,139.82448524827197,139.2833216783316,0.3414305389577089,1.627732994631768,6.858570291221377,4.79342756616583,6.706747387585,7.472640062785953,0.9576425749253967,1.0486449569912861
shallow_squat_1.mp4,chair,shallow_squat,198,155.91050052321276,156.43635727144516,123.94584011645946,121.47740736875949,140.4562571926885,139.2492648344821,0.38693338069331984,1.4789244596744324,7.358952671514551,4.504656557497984,7.25161557254973,7.837985931541678,0.980944921988314,1.1611941580236262
shallow_squat_1.mp4,chair,shallow_squat,204,157.83073176574763,155.79749516089018,126.12613843281383,123.08293685954483,139.97366354990623,139.4752169346666,0.3964498357095275,1.385600211550289,7.170854214005939,5.807485764791259,6.451574522490371,6.94681982298682,0.9944803250845738,1.0593797160135352
shallow_squat_1.mp4,chair,shallow_squat,210,158.7236119227362,156.41450372984872,122.78866899259897,120.90628451982515,140.83994892818694,140.07025524635642,0.44606464763673387,1.5908226078801682,6.749260309397929,4.475783977200121,6.944238800360731,7.591605414055694,0.8872050172157242,1.0474598872266694
shallow_squat_1.mp4,chair,shallow_squat,216,156.8375410947925,154.90569554797867,124.75197887424737,120.78338125581575,142.1623629574368,140.29628036243847,0.41277924686413175,1.522434377314602,6.518972919656109,4.312098201753504,6.8355329798927755,7.577153460851599,0.8744462017959,1.0274153155745402
shallow_squat_1.mp4,chair,shallow_squat,222,156.02320023203276,154.08252928815483,125.43744078318015,120.22843228434603,142.14248437990622,139.9784009749874,0.29551478960173233,1.4838655649858983,6.5482617537160515,4.341728066202519,6.51015437755533,7.188899322490287,0.8464650708061171,0.9938626968277963
shallow_squat_1.mp4,chair,shallow_squat,228,158.5599214486472,154.16048553871283,124.54206526773116,120.41012925480678,141.98998444739814,141.10002270059368,0.3835185599186177,1.3754521786158302,6.251339621437009,4.053756282091848,6.42073716762263,6.974241201695248,0.8121259747928307,0.876208355832065
shallow_squat_1.mp4,chair,shallow_squat,234,156.77257904359706,153.80740760742003,129.55145203974138,128.71443886931488,143.7345357081138,144.916047803957,0.3001005446966145,1.3361863545638577,6.9188547283758135,3.6285364666949023,4.629730292210781,5.064865003256325,0.6704346375814959,0.7062840752677682
shallow_squat_1.mp4,chair,shallow_squat,240,159.3102103770968,152.6868560314668,133.0315224557345,130.73631263880335,145.47973836038614,145.65954298840984,0.3660360912407572,1.2573168567793411,7.575996896662046,3.683242685887571,4.566571199792223,4.93140138024164,0.7177551326230317,0.7651756223165256
shallow_squat_1.mp4,chair,shallow_squat,246,159.8196070013444,153.96737555419438,131.90570179851105,130.4233396927351,146.07225031422908,144.51529524485167,0.5773893477383091,1.2778318354759304,7.415936795820497,3.1491320359938495,5.54711144978474,5.81454315445269,0.7355918974529252,0.9154107514013807
shallow_squat_1.mp4,chair,shallow_squat,252,158.75885458891247,154.29652627114484,133.9979241098471,131.45713808994716,146.10525591677393,143.3322460060367,0.5632808547956579,1.7693962391773537,7.448620957392311,4.151699036018582,5.885464525030247,6.8021325292725585,0.8817319063227848,1.1627710540978695
shallow_squat_1.mp4,chair,shallow_squat,258,159.79950006842176,153.89952863845457,135.1809715153124,132.6304639517491,148.4045762313874,145.76893547020265,0.4055754261970996,1.4632371343672512,6.6505363831383155,3.5587190770136363,5.4524745284120035,5.998499689886622,0.6427651785186831,0.961963651112361
shallow_squat_1.mp4,chair,shallow_squat,264,156.74946656556665,152.47219899023108,134.30443697801653,132.18773431758072,147.05760075875872,144.75433996495622,0.4008262704977438,1.4214252073385492,6.754934140262923,3.981989610316314,5.040657774664762,5.565889252679836,0.6628727691717295,0.8848604192607793
shallow_squat_1.mp4,chair,shallow_squat,270,153.642213826158,152.75403887327857,138.21510045417955,132.00355750042388,147.61018622171204,145.3202187197934,0.4389371751941563,1.7621766924112459,6.3294899865668715,4.848059386265218,3.753732814271182,4.591459473701634,0.6359590804127095,0.6883678246088679
shallow_squat_1.mp4,chair,shallow_squat,276,75.87952628968135,150.64835257231337,141.64083054004504,132.8622239686672,148.1806390836955,147.16161079436108,0.5333300271780216,4.921901159825035,6.012309722370141,5.218740299994306,0.24292318503111376,3.771068589368725,0.5825831540722367,0.5079046212040472
shallow_squat_1.mp4,chair,shallow_squat,282,153.45216245983622,155.94072042600905,136.33740954385402,132.1971183579,145.99452387385818,147.81439503615124,0.7372519049344066,1.9133951424159066,6.05764984057362,4.478370514121975,3.876984599752302,4.8164975765754745,0.689213732947072,0.5556933454104998
shallow_squat_1.mp4,chair,shallow_squat,288,162.6040185811289,158.72480769401858,129.39308817170823,127.20557607175384,144.47876527808555,146.12700644160782,0.5020718274674373,1.7015176176087927,5.778745539857926,3.2908980278103863,4.779286355538898,5.564318350293604,0.610119901497963,0.5585576629044767
shallow_squat_1.mp4,chair,shallow_squat,294,160.66726221140888,157.90299922275904,123.22833232264027,122.65094287366992,143.08135244838974,145.25062889993052,0.529316645938798,1.6015707227321838,5.323206705285435,2.1154192624089827,6.397128696430501,7.138513461841486,0.6066995741773988,0.6046169664416672
shallow_squat_1.mp4,chair,shallow_squat,300,161.39698553224818,156.11653828144637,125.09876998214837,122.99967665677187,147.4645443456202,148.6215936644011,0.30322213521783004,1.3526502786968622,4.51555240450094,0.9464060852975836,5.877535039532209,6.444321917120201,0.3491014024479871,0.45188394036531176
shallow_squat_1.mp4,chair,shallow_squat,306,160.34826050219291,154.72230324705453,124.4196922733598,120.11912435840964,147.20802096731904,147.46235894583165,0.39041045216598935,3.095320427559447,4.190706323246735,1.0955491436364146,6.4791877794796084,8.799166422484783,0.46023414675063123,0.52193478466553
shallow_squat_1.mp4,chair,shallow_squat,312,163.24584881265446,154.64998356554426,118.58719984574414,119.23622218673252,143.62309483014536,147.112772676101,0.2884739218416831,2.5455760333507724,4.7625001477003135,0.41558736470483426,8.616096834833373,10.40052346186896,0.5655161426374916,0.5831855168824238
shallow_squat_1.mp4,chair,shallow_squat,318,160.74888463980713,153.25152300147596,118.36933256323597,118.10879302480267,142.72128430583413,145.3005855493083,0.31337384892260567,2.0507071530263814,5.287327479947954,0.5553620552765899,7.796283821389646,9.071198940697407,0.571875765571083,0.5831036071273991
shallow_squat_1.mp4,chair,shallow_squat,324,166.67339952260704,154.71846063567503,116.04699016176063,119.40140297324803,140.04795337313624,144.65176011333293,0.4298747689148975,1.9852951314232148,6.222454176369967,0.8170329127072329,8.972788555908696,10.102262359581005,0.8300408313413599,0.7252224495094578
shallow_squat_1.mp4,chair,shallow_squat,330,164.14050863761275,153.44636103883587,116.05183281188407,118.64290824533363,139.93963156277178,144.29975994658997,0.4935575890152788,1.4502328462961307,6.4127878716843725,0.31934482443216056,8.418440195712206,8.966786271828427,0.7536265060288664,0.6340378478695126
shallow_squat_1.mp4,chair,shallow_squat,336,165.79025528269926,151.9083303117358,115.47452054746307,115.9991906401641,138.93940103127818,141.22318759593307,0.7916763459477848,2.501001126158279,6.34460791980299,1.2322574267392659,13.77634514662026,15.283724997590683,1.2749603935201006,1.2750227327909114
shallow_squat_1.mp4,chair,shallow_squat,342,166.0569278272513,152.42007469189045,115.31226288571979,116.76966642575817,137.07678338082235,138.38814153343867,0.7166570776094511,2.2644545730998695,7.563195455795178,2.246947299408671,11.871040825964869,13.200898066711112,1.380220935229552,1.4844067715249885
shallow_squat_1.mp4,chair,shallow_squat,348,161.70253276531622,153.46425650713445,118.98395074916559,115.66817894496236,136.78726310091994,137.1892049011234,0.6451791858618374,2.6292321257688025,7.787087144650219,3.7331180882687653,12.239883770945768,13.876645072608866,1.839162978797875,1.7149626988205264
shallow_squat_1.mp4,chair,shallow_squat,354,161.80699793006968,152.12815546455988,117.96894668724924,114.53285408163627,131.12726527302772,132.1603494898424,0.41896088270090526,1.7676832432007479,9.285486533766228,6.659256841863268,8.548308113332116,9.570686958586762,1.7506271739664776,1.7247665538787766
shallow_squat_1.mp4,chair,shallow_squat,360,159.21635733823763,153.62111980828578,114.95588212793582,111.9629091800839,128.88344753577684,131.297510782745,1.7698774535756558,5.075174999042444,7.3461090226678385,7.929534499381303,23.380072459856617,27.067423360420907,4.734192576682943,4.241110622511577
shallow_squat_1.mp4,chair,shallow_squat,366,159.88928695454302,152.92284454171082,113.27879424603653,111.9946828827875,126.9746413703214,130.71374835304715,1.652745936121215,5.104316724373578,7.351371194260892,8.564560491907802,25.39976632146537,29.25321544422553,5.242386901332081,4.5859476410128615
shallow_squat_1.mp4,chair,shallow_squat,372,157.58509039792546,150.75946228062608,111.42425435715025,109.74391422332509,125.34010937532216,128.2601551494302,1.4756950668044022,4.85357789648472,7.144284978819764,8.568032439428935,25.19639984358911,28.821449858296898,5.148548241242099,4.517609595059399
shallow_squat_1.mp4,chair,shallow_squat,378,160.40201108735482,150.0050300206801,116.69304354195442,109.82836835389725,128.73851685574456,127.75759735538183,0.8143188395188293,2.326635087214796,7.117184976534934,8.979749788258937,14.354620412093466,15.799880999533137,2.837044682071771,2.5579735351304906
shallow_squat_1.mp4,chair,shallow_squat,384,161.91343627636797,149.96063715482953,125.59214342366485,117.01354905020337,131.10934505124916,130.1692364642015,0.4620711599266711,1.1530076431805125,9.051573760362878,8.917309581883082,5.502047592948989,5.875955394427899,1.282217844977381,1.1780808191101055
shallow_squat_1.mp4,chair,shallow_squat,390,157.4625148341837,152.12287564270176,128.17862892640528,120.87190132637457,133.77974555746312,133.0570588230289,0.444233318262324,1.2281887669889597,10.430404758383226,6.654881596226507,5.515414492170904,5.756018446245211,1.2302385900059811,1.1731195053537256
shallow_squat_1.mp4,chair,shallow_squat,396,156.04371344144562,155.52323974231808,132.04593722515443,123.81382171053681,138.31518536660974,135.01982662060692,0.5321685366146852,1.3050257963562868,9.600847155378663,6.397264113944713,5.540680139182205,5.8603325745271455,1.160503168670568,1.2239904046525603
shallow_squat_1.mp4,chair,shallow_squat,402,155.5765405579685,151.66196321685052,130.24037148180864,124.83503582976302,140.863809658726,139.6553208490653,0.6037198417205663,1.3731558452861294,8.023268309524084,4.868069245870727,6.78903770806606,7.216743498709598,1.1526491855573455,1.2234635492971409
shallow_squat_1.mp4,chair,shallow_squat,408,156.71543076403583,154.07462392329194,131.2574777378301,126.5552267572023,144.14582425761787,142.4271853683927,0.8471662837203123,1.9765807708288412,6.717840490957864,4.05874396624743,8.988625167407971,10.043833188208112,1.2580658214834206,1.3633337235654184
shallow_squat_1.mp4,chair,shallow_squat,414,157.19059063823087,149.8260927563371,128.95626066007125,127.1620872818407,146.93047660531656,145.26788075559048,0.3180186520222508,1.6437410077390948,6.1659475911428006,2.4690857109797273,4.694553961904066,5.50693159766352,0.49158183939107525,0.7035176715487499
shallow_squat_1.mp4,chair,shallow_squat,420,160.79193961762905,151.00494517241336,131.95526729087067,131.6565650961753,149.29648574055474,149.1954426706503,0.32089454489005775,1.9148939701399508,5.235598345936752,1.9586614445022876,5.381533432228782,6.490929951604468,0.4801376822208221,0.659837769934679
shallow_squat_1.mp4,chair,shallow_squat,426,159.2289552063561,151.80384738147694,135.21371513284132,133.57114516414384,152.71817764476233,152.38647133962837,0.39752925582426046,4.234810025050455,4.446864091519862,0.9457749600700422,3.691045124523709,7.136355965459852,0.47441270770616345,0.5546491196030064
shallow_squat_1.mp4,chair,shallow_squat,432,147.32999620034047,153.2078567564037,135.96751598405498,133.6234065229953,154.574313611174,153.22421142049745,0.39334541248584,1.8069222005170582,3.942953389506567,0.5373104380695168,5.974153173792521,6.96538360012655,0.32680171783549716,0.4918804722351075
shallow_squat_1.mp4,chair,shallow_squat,438,158.35431286084025,154.5508276502904,136.71110021365166,133.49444473266885,155.0867075630471,153.90115016158003,0.43627327799117477,2.1025664117642138,3.820018000904125,0.27640835771614003,5.9880890705751515,7.3553556671917075,0.3155832511198791,0.43605546752232627
shallow_squat_1.mp4,chair,shallow_squat,444,162.2692822637699,156.99272555514918,137.11338419484323,133.10594916418543,154.35708457330176,153.69274610245657,0.6394645844000135,2.3353752073202227,3.9574350460173595,0.5543979431066482,6.23407645844747,7.86503899441441,0.4055128244350615,0.43061423947421473
shallow_squat_1.mp4,chair,shallow_squat,450,162.08543712375695,153.68123370813043,139.982038411662,136.79989795760883,156.0603341175464,156.06164253620997,0.5945631267343463,1.8320465453295456,3.663200759634778,0.6447818505090698,5.070892364645703,6.000731522415283,0.30820597803733607,0.3187551044346329
shallow_squat_1.mp4,chair,shallow_squat,456,160.38915349857106,154.74227496447028,138.1796652297277,135.6441913293857,155.42165684585592,154.7399252205515,0.46333802095475046,1.4742608464833726,4.087229090943337,0.3341893754759665,5.218471783263298,5.792919628763618,0.27907300652393696,0.35622086135125797
shallow_squat_1.mp4,chair,shallow_squat,462,154.3085462460997,155.23763897205998,138.32082229976083,134.5376829253965,154.8347484508038,154.6710395170137,0.41237309866140265,1.2413641537945934,3.8828575944902397,0.7887020110837615,4.246806871573821,4.586752608783672,0.2713923471929135,0.2568170845241679
shallow_squat_1.mp4,chair,shallow_squat,468,155.2764727005005,158.68654407626215,136.54677585964686,133.32817398248946,153.78312896097262,153.56506512666056,0.45725683390492833,1.5562539006933278,4.590380812116129,0.2667652462542879,4.983952798352908,5.679130569142049,0.3337122150623802,0.3465524445664472
shallow_squat_1.mp4,chair,shallow_squat,474,157.67449394961437,156.83633690299638,132.72252666138357,129.61330301363145,149.08057200142332,150.17446785232337,0.5540916647003044,1.6978752214457524,5.266415121792192,1.407395953357496,5.5970079181498065,6.473748573677915,0.5455822997727672,0.4947946507830769
shallow_squat_1.mp4,chair,shallow_squat,480,156.13320369503904,156.8880577304854,131.87708960981686,126.44119680955731,149.02228021024226,149.69741364624548,0.4254654264503149,1.717051000110065,5.082807073766029,0.8989751884350466,5.246574211443304,6.127577976342618,0.47896169674916783,0.40075205667631564
shallow_squat_1.mp4,chair,shallow_squat,486,153.314999668752,156.75627686549413,125.11687533070972,118.92584931717036,144.5186359966084,144.96591993476244,0.5215930175074182,1.420957662875948,5.952033163342335,1.607893427229173,5.221557833613581,5.744770623898943,0.5754236104067622,0.4662581539456476
shallow_squat_1.mp4,chair,shallow_squat,492,154.20846358219384,155.51222755987723,121.45005971280898,118.20704382551489,142.902129079722,144.16287647819146,0.5379408005965715,1.5678828746823046,5.5776986927750105,1.5436454001314972,5.990000695787,6.667718493097886,0.5600349980236968,0.5222674363105834
shallow_squat_1.mp4,chair,shallow_squat,498,154.98514669662524,154.6231030792876,120.82981199101306,114.76460290696572,141.00700301118744,141.26768947142895,0.5569988762830368,1.8753223445355351,6.466428424083904,2.288629915121132,7.355645615509819,8.374823684122354,0.8557948438161588,0.8202233274334504
shallow_squat_1.mp4,chair,shallow_squat,504,158.7875580688364,157.50467025772437,118.94217644033188,114.66175748462976,138.4017961863443,139.64101818849014,0.6903351331606105,2.029754355329311,6.615772427891688,3.216560861942728,7.987821060275779,9.194182246865997,1.0864804022164969,0.9962359232507001
shallow_squat_1.mp4,chair,shallow_squat,510,152.2737400751745,154.36195146586513,116.40828508223721,113.54893858001263,134.99292896599323,136.1530726154947,0.2656536645894112,1.1967459591663128,6.184398366900482,4.4135271125615585,4.502010209720486,4.96012556921389,0.5906572047819221,0.6029195488264368
shallow_squat_1.mp4,chair,shallow_squat,516,153.08379763098768,158.69323368321858,114.84313707757039,107.15474574658286,133.83736352937518,132.12981285603863,0.49412445885787915,1.798946287149801,6.593727452591395,5.4478295790344164,6.38874475780372,7.524210241243131,0.9526730600246146,0.989481120955673
shallow_squat_1.mp4,chair,shallow_squat,522,153.1519169761944,158.35569695833635,113.72069931540132,108.67940982078792,132.5877761178159,132.64520898418212,0.51167425350371,1.81667683899799,6.734747690748448,6.109812056982983,6.62527691761165,7.789589455345351,1.0349078508162692,1.1197609653754195
shallow_squat_1.mp4,chair,shallow_squat,528,152.47101381518493,159.8122271543866,119.47912121836877,111.515679920488,136.8083167852725,134.78655804704317,0.5316171925843776,1.7434198991937644,6.74395248302139,6.007306019965227,6.693547091706265,7.803655357951707,1.0787351313529758,1.153570091048491
shallow_squat_1.mp4,chair,shallow_squat,534,155.76825661103476,158.576379253713,127.36761618643183,117.12200987092253,138.7282877809413,136.59206109086216,0.41972944673824636,1.752384274925806,6.700184177905118,7.166613161703573,6.008341966623189,6.893735016669343,1.1673485197684415,1.0439923920060121
shallow_squat_1.mp4,chair,shallow_squat,540,153.12111147057675,158.19307861092346,127.9428647485938,123.97690865250757,141.0393726082905,140.59136966909574,0.5070618898487564,2.0176802990530778,6.921382100330183,5.912643876793539,6.673916757945289,7.871154197736356,1.2782281357487921,1.2328552361788954
shallow_squat_1.mp4,chair,shallow_squat,546,159.62957452467018,155.62469258023356,133.01303932922107,126.57579943096121,144.30633123725607,143.77474519604252,0.6459456689889808,1.4686381166254907,5.865037081468294,4.933031378591828,5.531771413972378,6.198063782892413,0.892894502043382,0.7708714330531082
shallow_squat_1.mp4,chair,shallow_squat,552,164.5777294416091,154.97966696327663,133.1213522940802,131.05822396934386,147.10691995520642,146.10318711327608,0.37942047896472375,1.6182759180778559,5.206714898820497,4.397174495037704,4.737075267623202,5.586758323467593,0.6007389057857186,0.695188822087304
shallow_squat_1.mp4,chair,shallow_squat,558,164.34591633496663,155.3636430654127,133.98894803153627,130.30749414971183,148.8733791015096,146.13608635876673,0.2871492229550754,1.3378615665350897,4.70890523752393,4.45648505075301,4.230145163280938,4.817577198262867,0.4515784894812364,0.619714466808196
shallow_squat_1.mp4,chair,shallow_squat,564,157.89050218921926,158.20261279563726,132.33880324631312,129.61868475951775,146.2847953135029,144.9854440893383,0.29845094620920865,1.1895006263555734,5.860131461682028,4.226413184448874,4.602225025297316,4.959355616476639,0.5401184260631073,0.6968134542049111
shallow_squat_1.mp4,chair,shallow_squat,570,156.29792519035956,158.59623851108827,133.97868896125365,130.2632085211017,146.54139721666655,145.55662915897946,0.34101042347333493,1.2216976619690763,6.603432744512028,3.890006404391298,4.815982169700761,5.195184548158202,0.6258084306381917,0.7355366753550477
shallow_squat_1.mp4,chair,shallow_squat,576,156.36500978244706,154.6160477993818,133.84062437057204,129.51868959302652,148.6481707049296,146.8150669402808,0.3124815468811068,1.2496505098377613,5.885487828591647,2.942384556978438,4.648770144280974,5.011853154763204,0.4976119492395612,0.6259333867226016
shallow_squat_1.mp4,chair,shallow_squat,582,158.77488249391084,156.2261859963904,131.9831188218056,131.15891151905893,148.95181145948715,148.3240845773872,0.4210386259230805,1.5582637778967785,5.595397316888278,2.3735158010062345,5.201943248767142,6.093034026989614,0.5061705310709913,0.6716955982491436
shallow_squat_1.mp4,chair,shallow_squat,588,156.46168545495627,155.64350718092737,137.79325059255706,133.03963342266613,151.781098819422,149.6091257117773,0.34846284838782704,1.3675838328201333,5.682352392637571,2.3859795047110857,4.861164346044065,5.445349915390744,0.47729529275602506,0.6156378512370362
shallow_squat_1.mp4,chair,shallow_squat,594,157.42009665032094,156.84618121643084,128.5558841797342,128.8803194672469,146.18453613580203,147.4825857656473,0.35243286963516846,1.5561035269661048,6.19990579050069,2.202318221712348,5.451981777067815,6.038676778828211,0.5541723176057373,0.6586558983901929
shallow_squat_1.mp4,chair,shallow_squat,600,156.96021122651365,156.99109602642528,126.53762770243421,126.89971488951383,145.98902874282751,148.02685622870627,0.4823980607401548,1.9153252506500247,5.46738417989122,1.6288205025738691,6.915681777183674,7.797413480387886,0.6175703003966918,0.712946437186801
shallow_squat_1.mp4,chair,shallow_squat,606,162.21876450276793,159.60892354010542,126.29636883961284,126.33091004947268,147.18589375481187,149.11476882938126,0.38229072545514614,1.498206868224909,4.295606285652531,1.2296828019552126,6.466810580833475,6.978962583388855,0.4269433197885812,0.45083402752136303
shallow_squat_1.mp4,chair,shallow_squat,612,166.51419773521351,156.32174697727328,126.15330533481783,124.59094582953554,148.2686514528361,147.89148463742166,0.25190513941188314,1.4802899272104972,4.235700242932859,1.3707050793988014,7.0071551370479686,7.673578714619475,0.39760533217202965,0.5342344011881688
shallow_squat_1.mp4,chair,shallow_squat,618,164.83855664435688,156.0114987472119,128.74887604020932,124.25159942385325,151.81724855988838,150.97516910100742,0.40762814032232353,2.296197344502322,1.9735783744755573,1.255906831968637,9.012166372712858,10.364483437945875,0.2657265099987628,0.4242611487268993
shallow_squat_1.mp4,chair,shallow_squat,624,159.58615834141335,155.79580346286653,129.1275583168484,122.57360374605685,151.43753089158793,149.37021375465233,0.37242727207452797,1.901310700747087,1.9973957204334514,1.6596765369433109,6.748503419352397,7.88485984748445,0.24604489076800873,0.3485992605514608
shallow_squat_1.mp4,chair,shallow_squat,630,156.64766421833752,157.51024389905703,127.49306228797516,123.00052632904607,149.6192903716396,149.3921011822649,0.31175045561885945,1.6143488505359334,2.6263118471081315,1.9996077357690243,5.711016469423517,6.581016562120242,0.28233350667892954,0.36933336930324956
shallow_squat_1.mp4,chair,shallow_squat,636,156.55963370962823,157.55188531409289,123.49573892330439,121.50910598788934,146.04024830916924,146.8121692007695,0.2380626706710325,1.604917892214278,3.740856725997303,2.2009957042779296,6.597538898312591,7.474380912157897,0.41076433235710036,0.5557000931017358
shallow_squat_1.mp4,chair,shallow_squat,642,155.9957574255049,158.61997044177332,120.63186769275835,120.0707242880733,142.84555623160713,145.39223487770133,0.32879609531586673,1.3558855462739428,4.412721775007509,2.8655415791774606,6.074140325912057,6.706101922935278,0.524910419217488,0.5475113044545725
shallow_squat_1.mp4,chair,shallow_squat,648,148.747158110277,150.1344638825613,121.6052731344074,118.90847744862731,144.25139753694302,143.68011967760538,0.4742061146719828,1.8721824225138812,3.662532274792737,3.307442059979552,8.2139499033348,9.25724084849704,0.6676637749194656,0.8326204583811825
shallow_squat_1.mp4,chair,shallow_squat,654,150.91627456341092,152.7144157835597,123.78074092655486,118.81940134780494,145.2118962918255,142.96252458857663,0.4305539903349028,1.7018612552363013,4.1724480624160245,3.7665684338193404,8.197929712342685,9.184669175668333,0.7287959402300639,0.9549488934241542
shallow_squat_1.mp4,chair,shallow_squat,660,150.44430667420627,156.05541559929313,125.63525908456322,118.00904860560854,145.01027743264225,142.03115751410974,0.31048607620976637,1.2629342579496456,4.576322122428287,3.73604185161877,5.774136969575781,6.404668548621623,0.5646583387716582,0.6614363853623138
shallow_squat_1.mp4,chair,shallow_squat,666,156.67583363418333,159.00890997314647,124.3919669002656,117.87659161659926,143.44285526667448,140.57583715610713,0.3207965339741282,1.1271962301068292,5.788694051878659,3.8265142234345144,5.065807144722096,5.559756040573916,0.5613295843481605,0.6484591913092272
shallow_squat_1.mp4,chair,shallow_squat,672,155.04313276460388,158.8965489374544,125.53652782859666,116.43686077525078,142.98738729674807,138.0816325719809,0.3215527100171122,1.3053150636750146,6.237194107819512,5.237810689617518,4.419233261109059,5.137428907662107,0.5980682380199008,0.7262123362436479
shallow_squat_1.mp4,chair,shallow_squat,678,155.20060591472583,160.16161808466913,124.8914969540972,119.75462453313304,141.527597349907,139.8400224011369,0.46419342238570627,1.6326305397092162,6.707486660640256,4.8265509531610205,5.869662070193226,6.825897890937239,0.8436165130845353,0.9173221963000224
shallow_squat_1.mp4,chair,shallow_squat,684,162.95521368736806,160.79969713502373,123.7552889184543,118.78446665193543,141.87634283318275,139.8260831258222,0.55575258768943,1.6388201263330904,6.670906596952824,4.243306058966388,6.218429098893465,7.035700866522999,0.7939614467666403,0.9058793462448731
shallow_squat_1.mp4,chair,shallow_squat,690,162.01256303327116,156.9923204406858,123.28230522312435,118.65988821294701,141.2308974501854,139.32023368595964,0.42948576333418187,1.4910876197234217,6.5118623276718814,3.8929292138416534,5.665356633015301,6.323166174770386,0.6903098650461471,0.8191640862528458
shallow_squat_1.mp4,chair,shallow_squat,696,161.15496511320447,159.6221537809736,126.07829619857465,120.34148350531878,142.1103089960614,139.14986938010372,0.2813664746970564,1.2052531774794446,6.722546300100009,4.347568577939263,4.490316951146248,5.017350946885432,0.5793843645284108,0.6973891949828246
shallow_squat_1.mp4,chair,shallow_squat,702,154.81131659771594,157.22468579791862,124.42658439187052,119.7386469932097,140.17741461199844,140.6292402511266,0.3377650778600298,1.3939337194307018,7.133027281002892,4.211433063683481,5.221480427590356,5.8249219507010634,0.7519889484309801,0.7774543011264763
shallow_squat_1.mp4,chair,shallow_squat,708,154.9237347187308,155.102493065085,118.7414652478791,117.97727985917389,137.88976463208752,139.81260093447352,0.651811628950421,1.681680272766428,6.935628519793757,3.757398324000126,7.5279390397684045,8.360373367098234,1.0199595228379914,1.092201026926088
shallow_squat_1.mp4,chair,shallow_squat,714,157.1169965198011,158.4240580483812,122.28878448619099,118.99770893398563,139.29777115944563,139.49704959135076,0.4301807661493228,1.6915895812331072,7.719272339526383,3.3978641031359555,7.023344423683981,8.04424233662485,0.9767528830563831,1.0783303633642856
shallow_squat_1.mp4,chair,shallow_squat,720,156.2737944180328,156.44210678940672,119.00713053592924,115.0156669223917,136.54507876113607,136.6840776913023,0.578207434990058,2.3622763100046544,8.233293005542585,4.026596049867341,7.182258131195315,8.824373397839587,1.2224243486438078,1.3187229745344373
shallow_squat_1.mp4,chair,shallow_squat,726,154.66160121507008,158.8247160214165,122.79581774736717,118.87895528267597,136.07330605159854,136.90112957290683,0.8667144864538584,2.390656457818213,7.829374101149263,6.689590922284814,7.814494802193342,9.475268393113215,1.6100616105081027,1.5736445435573443
shallow_squat_1.mp4,chair,shallow_squat,732,157.20093529437003,157.30828750457647,118.42850213021926,116.22056386541234,137.23016317270768,138.5107503921695,0.6831013928011833,2.546333877682396,7.131082302114932,4.212559513539851,8.256169124305812,10.06395777800427,1.2791723053117827,1.4030153762991309
shallow_squat_1.mp4,chair,shallow_squat,738,156.760655243162,155.54250926515076,120.47405432950146,116.18069552436785,137.67835692763177,137.69499133018553,0.5383499578473059,1.7747085886298173,8.01116417280088,4.778904917485217,5.496001867947291,6.439413108104983,0.9718360833733122,1.0028974414441336
shallow_squat_1.mp4,chair,shallow_squat,744,159.804048432125,155.95909165918775,127.316675253165,118.10471250951821,140.33462050142776,138.96234239301813,0.5395806617940251,1.3715309237626598,7.608619957488827,5.313097044192975,5.238477620332545,5.830614472762236,0.9440947990027074,0.8957320851082292
shallow_squat_1.mp4,chair,shallow_squat,750,155.7514827573235,156.65791559870442,125.27883594085252,118.8589109763554,141.4206933415918,140.3011267609705,0.4308413218804324,1.383907870787134,7.1311118894980945,3.878957683702417,5.424370058728206,5.9746683014940585,0.7772310310356215,0.7692534500868202
shallow_squat_1.mp4,chair,shallow_squat,756,156.43158643378445,158.0253305185711,126.9024855710743,121.57892870661814,144.89692696932545,143.3378690025371,0.4392560732495547,1.6608045001975584,6.1030271796054905,2.7751416238444158,5.77961464638418,6.532059605849365,0.6548586620164404,0.7071107748865764
shallow_squat_1.mp4,chair,shallow_squat,762,159.16897343858895,157.92250324302455,130.85001595827288,123.74148745876734,149.23334338228563,146.80286913512782,0.35029067273053277,1.760206468631999,5.239313939678804,1.953432392846494,6.515272928581214,7.412445953567055,0.5412728407676008,0.7032574717298924
shallow_squat_1.mp4,chair,shallow_squat,768,156.19178369081308,158.24098343098188,128.63642430528108,123.69529534105476,148.47605493037727,146.79105219566725,0.3446527446327888,1.8408546178546497,5.323115975690123,1.3056255211933427,6.831794581011893,7.85371191769039,0.5345983414836679,0.6807358528154227
shallow_squat_1.mp4,chair,shallow_squat,774,157.5075438262509,157.94593978206487,125.46493523032353,124.65736701742438,147.34404336220356,147.72161532025427,0.3797926606872094,1.9929699443400997,5.282278235506878,0.7989033163616026,6.811593985739396,7.952127918345468,0.4956657795684965,0.617880720809214
shallow_squat_1.mp4,chair,shallow_squat,780,157.08588770431143,156.94799801080399,126.14390519448999,123.1507638678163,148.750899300619,147.83327961037966,0.31545411131279244,1.5895379508778797,4.5269459933573435,0.5349973610331146,6.0785688959481226,6.785143592610661,0.3262657485972892,0.44815679521517526
shallow_squat_1.mp4,chair,shallow_squat,786,159.3952395124997,157.74918645147375,126.32650514888282,124.74897305318893,148.20015734551367,148.87928534621386,0.3136244579979053,1.652645143207024,4.782493742991937,0.409378668358214,6.557291851138892,7.378434198786512,0.4203815108389226,0.4589752931665587
shallow_squat_1.mp4,chair,shallow_squat,792,156.26205938777449,157.64635227503595,127.230228886335,124.32352213241721,147.9395435026932,148.77495154502844,0.2336527315417983,1.3783641508733084,4.845200603096359,0.6439224144620482,4.7020611197860775,5.2270028609381765,0.3542445954645192,0.320460073905283
shallow_squat_1.mp4,chair,shallow_squat,798,162.1472353476097,157.55241849552067,128.65943334168136,124.85859314818123,149.01699397986954,148.89955638149576,0.25585399497581657,1.3506583076599579,4.703842236525927,0.6084212403968505,4.709660831534445,5.258778995855618,0.3274885132467226,0.3311265091684765
shallow_squat_1.mp4,chair,shallow_squat,804,161.24710717452118,157.41884071968087,130.27097116621144,127.28036834747331,149.82824026244842,149.33216563365474,0.24289850644172986,1.3349091140524596,4.920138569935035,0.9529994816222256,4.300719784311458,4.894710247120358,0.330735589837376,0.35531986654417946
shallow_squat_1.mp4,chair,shallow_squat,810,170.07907330904484,150.10817336954116,138.40302708060298,133.0029314031841,154.72924288613672,152.07530155235474,0.2975572414341164,5.212520885299087,3.6210307819593064,1.7215929710438647,1.4393668368630366,2.984607491645701,0.1727395184455133,0.25414878419845643
shallow_squat_1.mp4,chair,shallow_squat,816,157.56735791206708,152.99756553745266,139.51146038482497,133.88961593341133,154.17287037983616,151.71547801071603,0.3608594950098866,2.204535218367835,4.101104388988078,2.0380562092636993,2.5306788462673695,3.914360263865675,0.2698140230941795,0.3408453843923493
shallow_squat_1.mp4,chair,shallow_squat,822,50.69874636269995,155.72076406895158,144.44702748134566,138.32507004194358,157.3934927809741,153.36956340403484,0.35025457192438625,4.828913673678245,3.321160000253185,2.717362754466553,0.14559943813791357,3.78712540492403,0.21910958661609622,0.3462041241884367
shallow_squat_1.mp4,chair,shallow_squat,828,57.02027002041653,155.95845528534116,141.81891721191238,137.58659491382375,157.07984389039044,152.93699584822193,0.28602861428511567,4.109677756985469,3.1347165216161454,2.181473579495962,0.7527635574589484,3.9492064891967775,0.18493686044628047,0.3458338787882439
shallow_squat_1.mp4,chair,shallow_squat,834,176.37516616821793,153.13143510442046,142.48729791277,136.87861351454757,158.98662958591004,153.70937354235377,0.3656706885669318,6.651492452541084,2.1713734600978305,1.9696174543726792,2.381216466399688,3.3482401403413315,0.09833818824592024,0.2630269868727227
shallow_squat_1.mp4,chair,shallow_squat,840,158.968297990702,150.54333682096555,136.8446590948075,136.0008161411598,157.0493652381831,154.22678519767703,0.3582136640153915,6.6482269721099785,1.8395000891301896,1.6401842193105225,1.8060746362775795,3.9411341889115272,0.0830934663331375,0.2661987768170439
shallow_squat_1.mp4,chair,shallow_squat,846,172.9634571056327,154.80680613104536,140.71206834680018,136.13471381935497,158.68564723794432,153.84882996617102,0.3681745648110387,7.610433809291136,2.2628274526831333,1.075919919396,1.7582328310381299,4.954517997124222,0.06917182813554304,0.30227689722538137
shallow_squat_1.mp4,chair,shallow_squat,852,164.1675424014135,157.27940467948585,149.3761689741858,137.18238914815998,159.66474450392246,152.92937008660869,0.3802616916460779,2.9472979405190696,4.267529960665176,1.6365718123514064,3.9423355602549783,6.074025406900321,0.34073285334662773,0.5021842698433306
shallow_squat_1.mp4,chair,shallow_squat,858,166.634548587373,155.73359784202853,134.85214501343032,141.0614402737358,150.27904346005622,150.79636310276328,1.0804474160347513,2.2416687853688897,4.196130541172656,4.291504132043266,7.990290219041331,9.525793890279564,0.7311573210558725,1.1532554733921854
shallow_squat_1.mp4,chair,shallow_squat,864,164.98158443187071,152.03362949539252,131.69109673174225,131.85527740344253,145.95640605884628,146.30133177465896,0.45243735102472094,1.5207737021642662,5.894364549286175,4.263990172100921,5.2975713591471605,6.191863979590966,0.6903186455441511,0.8279735918829004
shallow_squat_1.mp4,chair,shallow_squat,870,154.2593428627908,156.64312198510336,128.59857881117412,124.56816729796515,143.49748956244278,142.36830703386894,0.4242769017019816,1.670034521339553,6.581334215735498,3.643793758830118,5.390323776264273,6.584137131515381,0.7631134690531853,0.8121198935218962
shallow_squat_1.mp4,chair,shallow_squat,876,156.01496177403024,152.04174603162426,126.14783199363562,120.76465323493167,142.503895950459,142.1412391741006,0.4165112180218204,1.7641017720378622,6.903810839665189,2.8234785542352907,5.433998675437261,6.51395936041083,0.8111332597275961,0.7219395101022379
shallow_squat_1.mp4,chair,shallow_squat,882,155.11109478787333,151.90456872903107,124.40890684588666,119.3381336857614,140.34021849053664,141.11245869810872,0.3804401439796869,1.8171638156155907,7.258620454156055,2.7835459589650435,5.9123893709220345,7.005995823680002,0.894374609623495,0.8178518385653961
shallow_squat_1.mp4,chair,shallow_squat,888,149.82357292112175,150.11979495957718,122.77767923978347,117.62326752431477,141.2822259028883,141.17054809887702,0.38751685875821446,1.8622412040533214,6.657595208201061,2.580499669171723,6.4210229615019285,7.57069755702291,0.8486218582229442,0.8895834164840472
shallow_squat_1.mp4,chair,shallow_squat,894,151.2991843814481,147.82491554123206,122.41718992572633,117.98992191235922,142.42208931163628,141.29317274969728,0.3143647138513353,1.683900448803886,6.837477922390627,3.0750725274958373,6.39951238866789,7.375486117076656,0.8493195748575944,0.945762138980153
shallow_squat_1.mp4,chair,shallow_squat,900,154.68157890664236,150.85257804060672,121.96640890411149,120.42123371304976,141.7549979440338,142.95562301780282,0.46402644603753096,2.0760396668526075,6.4148335977392605,3.1410356632555754,8.460878984194503,9.806658099476062,1.0507701884398066,1.1277697080168072
shallow_squat_2.mp4,chair,shallow_squat,6,66.61591010649184,156.75839238748736,146.2595001600765,139.10675371454494,165.20187388699614,160.37929399072445,0.3012487921621807,5.2997080121922195,0.4863026310676386,0.8157299610295984,0.7809050457196488,3.6254748056563173,0.09759041093645078,0.05104430235140331
shallow_squat_2.mp4,chair,shallow_squat,12,161.09926802797548,158.79950193559438,149.18846918929566,141.87466049511903,168.37523521448088,161.83029923357208,0.22900804597846655,2.0603133132150417,0.32932866991421017,0.9580124610573204,1.8585570376418015,3.2488041701701964,0.14450380393489085,0.021536805958654422
shallow_squat_2.mp4,chair,shallow_squat,18,147.35714011990189,159.27446902343152,149.62469988894023,140.84168903810337,168.3516943573763,162.43117261742924,0.23593232614719536,3.2147001516439793,0.5002037492907023,1.1827824130926774,1.0620618188005186,3.586775562070846,0.14099755538332343,0.02579176832116722
shallow_squat_2.mp4,chair,shallow_squat,24,170.82558709027447,158.6969700490395,150.14151441137244,140.6608335968426,167.1079474351824,163.3241565580866,0.30792865291361016,2.5142950520239236,0.00964273171888851,1.1688339823401959,2.863965564004571,4.721473770879613,0.09151760718002006,0.05554451495634099
shallow_squat_2.mp4,chair,shallow_squat,30,161.06641801927077,159.73551462939636,150.29740008090184,141.0724737925148,170.04922127166532,163.58309094948027,0.29749332211198454,2.0621207900301415,1.1204016503950824,1.395952201483613,1.6114822365408084,3.1207322859563584,0.17375576063513523,0.04386967431967654
shallow_squat_2.mp4,chair,shallow_squat,36,168.73070897702223,160.03009820173693,152.80753413297882,141.5212761495847,169.47201013912556,164.2422312020928,0.28716747113459457,2.090374439892726,1.0917147095010522,0.8440251170543025,1.5381795651080594,2.926069031525484,0.10124796354105207,0.06719505493438692
shallow_squat_2.mp4,chair,shallow_squat,42,165.50017200480832,159.8832210964522,151.6118892531034,141.20712950699948,167.0019877857734,164.71632168645272,0.34035836383593393,1.3394621825022706,0.30073744883065057,0.9887354370402731,4.464239059535965,4.990839333143742,0.027580886299439025,0.14811235648229504
shallow_squat_2.mp4,chair,shallow_squat,48,166.50631001399884,158.83623862352744,152.00115665173263,141.83556739100212,166.80290447787868,163.61491758142654,0.2886848795615779,1.3315881047005038,0.4896951393380057,1.009692803698234,3.284551269943997,3.8263948125164493,0.011476604491079904,0.06362119569990253
shallow_squat_2.mp4,chair,shallow_squat,54,169.41923083089247,156.38264751896332,148.08356040118352,139.2815458173241,165.00104543620637,163.58976742949034,0.3518804635563812,1.4246425974165438,0.1777096354211213,1.02761615890948,3.865739520211449,4.542481898357343,0.01555195524833382,0.13746268905456022
shallow_squat_2.mp4,chair,shallow_squat,60,169.65608592810653,158.75187203510188,147.99773438425487,140.3711955602683,165.7879065727437,164.29786690082793,0.299834365309898,1.706185929785971,0.06488023731939581,1.6485819745789225,3.5422702624748514,4.494585310674992,0.05923258247472755,0.14231691003525224
shallow_squat_2.mp4,chair,shallow_squat,66,154.17955257222593,159.73756535453555,151.30018868338237,141.94114255376192,168.34609922124542,165.1542174645707,0.3739887042328934,1.9309647805034231,1.5369153168901355,0.6372623404396845,1.7948087660289327,3.1418518237601867,0.07410530731044207,0.11295367699072216
shallow_squat_2.mp4,chair,shallow_squat,72,54.736793894728656,159.29696851572518,156.24406067354423,140.93866902402723,170.87514003403368,165.45731551945545,0.37494102839587945,3.4578068610632062,1.5243428571445679,0.9838633974462232,0.2757790140688668,3.040108880246042,0.08299275320462172,0.1273796165188625
shallow_squat_2.mp4,chair,shallow_squat,78,171.18401600763838,162.1801916015599,154.59508177626967,141.032644009844,168.64073905849114,165.13267421133227,0.42332276930068463,1.486623218169343,0.6074116208782627,1.0748760199353264,3.1231982743664943,3.850665052805499,0.03944962276169204,0.1366295454431507
shallow_squat_2.mp4,chair,shallow_squat,84,166.8432429475634,161.1183747046229,148.95441150541714,140.5061014936233,167.52247974404855,164.56673209847955,0.3446826460531294,2.1069860886059932,0.355900740184985,2.0368788538840232,2.9417942176194662,4.476148220467032,0.13485710975121892,0.14086750562870398
shallow_squat_2.mp4,chair,shallow_squat,90,112.68004946791146,160.59754223408785,151.42361328420466,143.06416944660788,168.9778133235869,164.88580357922913,0.2616377411811513,2.9076608726134094,0.7324920237463048,1.5997378178192052,0.9582318539665261,3.2137767276412714,0.10770971628309027,0.09252578498366287
shallow_squat_2.mp4,chair,shallow_squat,96,177.8125467089067,161.9488149020876,153.19089869267256,144.99654583665685,169.93957143375667,166.49530962437694,0.2616938865140021,2.254920484440972,0.6182100496027407,1.8661939644737426,1.4010108026614017,2.9768193030321024,0.09617267883850827,0.10616174999588836
shallow_squat_2.mp4,chair,shallow_squat,102,144.10184842748527,159.5545209665209,155.02255590858758,146.4937640134786,169.70436070599334,166.37700455483088,0.28053541745686805,2.76642409658161,0.7601125569440393,0.8300142201063102,1.1243968659105146,3.252239540442362,0.07162407591401199,0.07388359212631647
shallow_squat_2.mp4,chair,shallow_squat,108,175.48644139426912,161.46442197379076,153.47866741988716,146.27640094393072,167.81427953637206,167.60216415004786,0.3166692542148862,1.4651221006701598,0.15784514902625893,1.5545804544617718,2.6632554784643365,3.3742776189695585,0.02501253990194388,0.13623681283578612
shallow_squat_2.mp4,chair,shallow_squat,114,145.66997912870747,160.49947924931297,151.86784872745565,144.13730151156804,168.46956708367492,165.60704233805478,0.30219813084341896,3.1576851604778793,0.21399855771724177,1.695959494731616,0.9446869512709871,3.4057959597814222,0.08705181237663832,0.08920568103685818
shallow_squat_2.mp4,chair,shallow_squat,120,161.6457949498858,162.26487497550212,153.6246259297617,144.4943279160177,170.4222152348075,166.22399958943606,0.22408186149018372,2.7668205922294877,0.783469060236704,1.8734125758706575,0.9599378080370494,3.0312089829020867,0.11999651520452269,0.0959199190751896
shallow_squat_2.mp4,chair,shallow_squat,126,171.1308173496359,160.80564396353319,153.82408128954853,144.4624696875208,170.72477963806136,166.08907993304814,0.29313004369158985,2.172648874119177,0.7554729100207926,1.9048974753622798,2.008906111479153,3.445374916486276,0.13898966401342042,0.09998204463667613
shallow_squat_2.mp4,chair,shallow_squat,132,172.29150700932453,161.12701986659772,150.25129031995243,141.2378928467149,169.30358320628633,165.1001210370306,0.28887312060243425,1.9009276458511426,0.6362958458188009,2.2045719496581535,2.348693181796878,3.4867789539558305,0.13181054244632037,0.12536159819471343
shallow_squat_2.mp4,chair,shallow_squat,138,163.11192629218283,164.02599644414235,152.73077784829613,142.57313984494948,170.78577336919565,165.60960167998317,0.2816734673575855,2.1044512036749907,0.9794799176270759,2.0840195436262463,1.466736000197066,2.9314481323084562,0.1346896947005838,0.10524151799333345
shallow_squat_2.mp4,chair,shallow_squat,144,172.6744782566495,164.66032599871374,151.79041758526773,142.48171941488073,167.80866598203062,165.82221647770297,0.42715182188176043,1.681597581589404,0.29576160806209983,1.6428764944238303,3.0494531444978774,4.081790247319451,0.05057767459315973,0.143646114016107
shallow_squat_2.mp4,chair,shallow_squat,150,172.4133729561481,161.0610255229949,151.04884953259892,140.3804630424486,166.96296249307983,163.32036959455036,0.31805611336951184,1.672091503595973,0.3295183516147613,1.0450043504963102,2.8697651578971666,3.833723555635999,0.03218241471398696,0.0476163101758461
shallow_squat_2.mp4,chair,shallow_squat,156,53.705178830114804,165.2917957771342,149.2988573468213,139.99362359220424,170.7437088172712,162.957236940906,0.21358840538248425,3.364187815173312,1.2298284464695166,1.7870332492361751,0.11147389205161527,2.799258251109078,0.1852700313938928,0.037950886228082036
shallow_squat_2.mp4,chair,shallow_squat,162,60.38376659533154,165.2264285205143,149.34876656111973,141.86784000826714,168.23248298639206,163.29309146203676,0.2695648975378013,3.0943983283759295,0.007534485865140333,1.571526502501991,0.5980090721847529,3.0127606495912818,0.10530790828970388,0.027979715610855112
shallow_squat_2.mp4,chair,shallow_squat,168,176.40629543163703,164.01624130983382,149.47888944839175,141.82810389884307,167.67174813716466,162.33562337522363,0.2528576668691052,2.4857076858155884,0.9400450674040415,1.6905860812285534,1.2041537654089336,2.969332822120331,0.08161696629543365,0.011381894024489376
shallow_squat_2.mp4,chair,shallow_squat,174,166.77978129592242,158.05590867955056,149.6678304569951,141.4702736173896,165.40084749636296,163.27232580213143,0.37473758093857734,1.616391974093207,1.3750469039288027,1.545045419536624,3.6780574418432224,4.643307521198397,0.006176719101735387,0.032921257413852524
shallow_squat_2.mp4,chair,shallow_squat,180,168.47172186420258,156.93039460729457,147.33177006346125,140.73235146532167,163.50224518767658,162.90182487420392,0.4289118612165607,1.7738208832948867,1.6153862016452383,1.4350043204113374,4.688413644023707,5.883655850655764,0.07354689595030334,0.052105020282645846
shallow_squat_2.mp4,chair,shallow_squat,186,167.49529399494463,158.31993304251554,149.10329065895937,142.82822183674824,164.46715894787235,163.76481620685874,0.44258946961742773,1.8544864784829815,1.6516677579820715,1.425911316355318,4.426861046962717,5.677438502485666,0.06630840798995029,0.03852145351409644
shallow_squat_2.mp4,chair,shallow_squat,192,44.96341646111996,151.5921505290012,152.98539944590436,143.23060285734604,170.99085787265497,163.09652236918194,0.1910216526500199,3.619834979919082,0.40466506710939465,1.7899367338044896,0.6134606525659796,2.25737913800621,0.1142681653288375,0.004426096372775203
shallow_squat_2.mp4,chair,shallow_squat,198,141.12279582362146,152.66341995519306,151.29465988280938,145.77572571574416,170.0286911798484,164.62080678676892,0.27794556220003425,2.0805347411830257,0.33145952752553265,1.8997233536346783,1.6340798737287066,3.0387913164814675,0.14363331519866945,0.006585931025888315
shallow_squat_2.mp4,chair,shallow_squat,204,148.34366982740727,153.30282374591394,152.49748356770496,144.8460844927853,171.62024883179913,164.66457375486823,0.27044158031329685,2.1984710579585154,0.11838838017885704,2.3398387270711964,1.7339180453530991,3.2837855685630872,0.21470488026606002,0.026290991707091784
shallow_squat_2.mp4,chair,shallow_squat,210,164.92612262834427,157.69412181734216,151.96329838946446,143.45888813535814,168.64979892753865,162.98862170825907,0.2512012386536296,1.31920205103618,1.3043682846504157,1.7519148913625364,2.204106400739772,2.7159407898272145,0.06890967918948515,0.018613906349763173
shallow_squat_2.mp4,chair,shallow_squat,216,177.71762926940815,160.88041133578457,145.91408887687436,135.43544317644714,164.0211836016238,159.68090823160225,0.197898689597647,1.4134633221724502,2.007082517099376,1.8850887465878114,2.7157316766306145,3.603847240099796,0.017885037683461006,0.0226901352678936
shallow_squat_2.mp4,chair,shallow_squat,222,159.2877226940373,156.46834527743692,136.77798794959173,130.53395485337282,158.10629443868308,155.67844585166776,0.08779836311206726,1.2912622819318782,3.098023239329945,0.8882733054037976,3.6475646976819767,3.963184580020053,0.0687860143867524,0.131180781464441
shallow_squat_2.mp4,chair,shallow_squat,228,170.48440003411304,155.7598858874143,126.76362158327882,121.70396120541984,148.42865255769453,146.8399721090418,0.07639726236788069,1.57429456555363,5.278750598469146,1.6464121865648664,5.1771910459694315,6.1827515451920725,0.43356324053514433,0.5093183971299158
shallow_squat_2.mp4,chair,shallow_squat,234,156.13678974826675,154.58377650749983,124.04259508564078,119.94714527610724,143.18951705796977,144.57733092511955,0.619224364500843,2.2377941927048077,6.081729905199548,2.354597637995346,5.65289522358013,7.305888163859484,0.7543359407167213,0.6441269944443193
shallow_squat_2.mp4,chair,shallow_squat,240,159.79621538831324,154.77395790868303,120.32051600866373,116.76929648836376,141.13354871579804,142.21596276485738,0.32883651983414114,1.975974188431868,6.62706413409875,2.418638507269665,5.64228184975862,6.79836620626279,0.7658892019850205,0.6572377076669106
shallow_squat_2.mp4,chair,shallow_squat,246,148.283496761515,151.44016457193342,123.20086101880244,120.71691681873656,143.16308793141562,144.18695739699643,0.25888376331857205,1.944778196989796,7.2519259396993485,1.7073402888136433,7.230613505128256,8.267288954768024,0.8982689642362293,0.8396366706206985
shallow_squat_2.mp4,chair,shallow_squat,252,156.894222855104,152.97741903203115,124.52556841948106,122.12244179895634,140.83546676247798,142.05642687716949,0.24869257510408105,1.7054213382273347,8.175124944279059,2.785716699684204,5.635634601618544,6.320513599836084,0.8822272010355968,0.8037729720367398
shallow_squat_2.mp4,chair,shallow_squat,258,162.03144905230286,154.81473988830228,130.29692608039832,125.01570016709942,145.15647107635235,144.5880022528523,0.3152412430675341,1.9140837905381438,7.314389125031791,2.510625642754521,5.902996276039543,7.131016329132249,0.8887015800026529,0.7837096371460124
shallow_squat_2.mp4,chair,shallow_squat,264,154.11785961058013,154.42823489038562,130.57669366264565,124.95574596654915,146.21021858375482,145.7452029653173,0.34191316370721603,2.1839089401717464,6.886431441450598,2.057098679131936,6.13946933755128,7.630561348562584,0.8651154391436309,0.7225815873792544
shallow_squat_2.mp4,chair,shallow_squat,270,154.0355841443768,156.00336525956055,137.9011245827892,129.43999495346017,147.49375080877215,148.38548524398104,0.4003212617740417,2.0217165557638186,6.653209678487388,3.2958362221433917,5.242251955322628,6.473336748629642,0.9185936709942193,0.6081068224211862
shallow_squat_2.mp4,chair,shallow_squat,276,160.12665210871413,160.77758056606922,137.87516697764872,130.44284933892808,149.06174828775724,150.13327537967427,0.43857664480934894,2.2053586774198273,5.750611408816906,2.5082455227756397,5.422379015490736,6.84304131514323,0.7801330673143642,0.5457051718828719
shallow_squat_2.mp4,chair,shallow_squat,282,165.28193847411933,160.9729617548065,140.09474508720626,130.55073808486122,154.0048618137651,152.08421070176627,0.5637904634558968,2.0075047380968627,4.546034631518211,0.813208061460146,5.641952528725537,6.964742500377951,0.47281705093468845,0.37853725945802097
shallow_squat_2.mp4,chair,shallow_squat,288,167.6080997971807,159.52438223857797,133.75178723180483,128.144018098853,151.57709881769134,151.17032438274543,0.31038205204054864,2.032713176166869,4.904558005241512,0.6773797800351432,5.837175395192427,7.122197817228497,0.49196054153423596,0.41137790220424575
shallow_squat_2.mp4,chair,shallow_squat,294,166.34563848119416,162.63017890283226,135.20888288565212,131.37869800800786,149.40162824913855,153.24141235820358,0.8044810734280345,1.939282571625984,5.030314419982287,1.4367212743344129,6.12929989883937,7.170415056581644,0.6953953288422361,0.341129859960005
shallow_squat_2.mp4,chair,shallow_squat,300,160.50344839059517,158.4471987236021,135.1152409358889,131.33398854712343,151.40336633562188,152.71904165056068,0.747549511613697,1.9166004723420282,4.686480609664501,1.04693720133057,5.915551098028876,6.875748707940563,0.5310643641275555,0.3618104616878141
shallow_squat_2.mp4,chair,shallow_squat,306,163.40570644676956,159.4068963165859,136.59464917407433,131.90403911259315,152.5032816150934,151.6355967957657,0.5645770257235888,1.5412482803474024,5.444382329827432,1.165574370615448,4.709926066052155,5.651318836654272,0.433122959090999,0.4135120745547932
shallow_squat_2.mp4,chair,shallow_squat,312,164.34442919019602,156.9616292260116,138.02291155573755,133.94203502601076,154.49484079214756,156.05385618853296,0.4474665718632163,1.466733398080322,3.680563014325059,0.37013429603052755,3.6630484581186384,4.401665630087853,0.2587909310111371,0.1585401126134361
shallow_squat_2.mp4,chair,shallow_squat,318,163.3192416086034,158.0001520994862,140.86434061039873,135.03172777142487,156.83468887280262,156.90101905576202,0.40052473526966503,1.0092558836555723,3.6328525545932484,0.034076110176316315,3.736665697329422,3.857879394763316,0.1995131678768448,0.12347849901349535
shallow_squat_2.mp4,chair,shallow_squat,324,155.24075547712513,158.14489443507108,140.7210361654934,135.4367876723763,160.06516214527616,158.21360072121203,0.4058462417517211,2.216179698846594,0.6306980696587541,0.41686800929061485,1.641092387770976,3.3697567751900923,0.026064196129682873,0.05286469277261945
shallow_squat_2.mp4,chair,shallow_squat,330,167.9649794645457,158.74901868494865,152.5220698938538,135.99730342862412,164.06360363723053,158.05681696658326,0.39037212866594356,1.0721708018507627,2.8234656852799564,0.012342782196602392,3.1902182848559995,3.639777006424975,0.12927656171489593,0.10467882056503014
shallow_squat_2.mp4,chair,shallow_squat,336,157.56369718933036,155.70832986358042,144.79609356567028,135.79657518920632,160.2823384193258,159.06803685740275,0.3893777867000366,1.9225577825726847,2.8679738424118755,0.953798253706094,2.7620881370955725,4.03869147286846,0.12254671273656288,0.05605153319290552
shallow_squat_2.mp4,chair,shallow_squat,342,165.0244601465141,157.44932542514465,143.77965419986282,136.5327196680306,159.65106499138176,159.36875394418794,0.4080630937135969,1.2378673632157762,2.9534253084691007,0.8265793789036471,3.1941064050716736,3.710014813423316,0.12316584503985442,0.06073285571643624
shallow_squat_2.mp4,chair,shallow_squat,348,165.35119064842235,156.43479880838476,145.32879144841763,138.73731871226667,162.71285147417964,162.3283720037428,0.44056110212618405,1.562201573674682,1.659285882234831,1.4587593978350817,3.998034681795962,4.815176580486023,0.03052614442296797,0.02008689551854976
shallow_squat_2.mp4,chair,shallow_squat,354,160.200500880307,157.8541741868557,150.84572195075296,149.2418842107751,163.57803324400808,164.4001830245143,0.4471843015007681,1.2373865227465786,3.1371431223528297,1.5501661161077398,3.8663639499555003,4.133652732331336,0.10198700826137999,0.06693795422056198
shallow_squat_2.mp4,chair,shallow_squat,360,160.59293399487146,156.11573545807477,153.8175407090931,151.44950262528448,166.66290682388836,168.39548747888196,0.65964340365099,1.4717047829978311,1.5624711530410973,2.2839151488691334,4.050371585372873,4.810566786362359,0.01555673098965801,0.11954158658018346
shallow_squat_2.mp4,chair,shallow_squat,366,111.23073550158057,155.20453447274153,155.8121964133932,154.38376150193295,170.54660755872638,168.82402097419256,0.421050217473966,1.6290398306841012,0.6405645163299952,2.4004976615768463,2.169578870918454,3.244660215708573,0.12581875557667557,0.05038180241630373
shallow_squat_2.mp4,chair,shallow_squat,372,130.18621165089624,156.68615713685477,156.3356163686492,154.02812942724577,170.76941143225415,169.05752138030564,0.3889745050966155,1.4310010175169603,1.0198384980614525,2.7694323761363613,2.3338207062914034,3.101596829728049,0.10416841279929376,0.06482928948176808
shallow_squat_2.mp4,chair,shallow_squat,378,107.5609560849295,155.87584519719897,156.26684809774682,153.54482383327527,170.80130439941993,168.8515340849928,0.3338031763640731,1.489203341677262,1.1361564989375954,2.7769807121064156,2.1251411188568414,2.9689349740581887,0.09857003219292963,0.05523375582646667
shallow_squat_2.mp4,chair,shallow_squat,384,55.70423305073093,155.93875907328137,155.47223044218484,154.13152107070272,171.37871700242422,170.0168793877904,0.31407717588439527,2.8632902150752857,0.17688188631192295,2.7885291344537233,0.29002162102759127,2.5381748955068963,0.12320158066758753,0.0835737827527062
shallow_squat_2.mp4,chair,shallow_squat,390,151.92353246677703,154.37683991885038,153.96564966557568,150.6427483880139,172.5310028602351,168.13453117941032,0.28060915934149633,1.4787306194564849,0.016841546126718794,3.267962569291557,2.825316193198909,3.4061370948154224,0.23533470547816346,0.09308644536635723
shallow_squat_2.mp4,chair,shallow_squat,396,145.17620198856247,153.94972389063688,153.06961086951878,150.04574975388792,170.2815644093373,167.5023432664994,0.2916909957171038,1.5353890742024423,0.5761079341011666,2.732818373029723,2.4694593824220714,3.1429006246931523,0.13520792995440434,0.06676269868290773
shallow_squat_2.mp4,chair,shallow_squat,402,149.61080284599535,151.56688740781317,153.02852008604282,148.432924876093,170.77063602141007,167.4334069473908,0.30728287658183306,1.6338509519260411,0.25698524168638587,2.359106314858334,2.7246148160670205,3.5082583160664917,0.1764122728455867,0.10309018320505992
shallow_squat_2.mp4,chair,shallow_squat,408,44.57056563540385,154.2181703046842,154.36529960545985,148.03260323788913,172.37468694509474,166.45182465806164,0.27581088353209765,3.939230891404275,0.6839925413378963,2.0009469003181017,0.08003486066581417,3.152482902445663,0.18483548419103588,0.06118146901862328
shallow_squat_2.mp4,chair,shallow_squat,414,67.38377372001969,155.11584345019804,154.48896287889704,148.31885258084367,173.2761423233363,167.16788780908658,0.2352712640330775,4.28433415307574,1.3458397937474147,1.906362142130296,0.7233300171152438,2.7542339669816274,0.19922436439397742,0.06752862654308364
shallow_squat_2.mp4,chair,shallow_squat,420,40.28381276282981,161.42012785831594,156.80539669466734,147.77965808426475,173.45258712177147,166.49119817031752,0.2321355477350522,3.7219570196410863,1.3694613017171462,1.3984284301244592,0.18257435838221278,2.785943793312912,0.17199669656956398,0.05354432162555204
shallow_squat_2.mp4,chair,shallow_squat,426,39.55010596080448,166.3945401155742,158.03675132200942,147.68061527485594,172.18182651500638,166.00851480362232,0.33971944948705085,3.406858466609627,1.1216081084386587,0.4303057135677333,0.12942916368186722,2.5188549704112337,0.09067837590619743,0.03444906916294044
shallow_squat_2.mp4,chair,shallow_squat,432,153.67025994866557,164.48604825508406,155.40928086631217,144.58076541216138,169.78156528567632,162.14207486248736,0.38352436403536644,2.6715252145841646,0.4593302635199313,0.589776201323593,1.3268859755832034,3.2463585923576064,0.06379401498685117,0.06200805955107791
shallow_squat_2.mp4,chair,shallow_squat,438,148.11229303243064,163.75728248316577,154.13099036720877,144.7943125157176,167.82763660578752,161.64580515663243,0.4565017407403367,2.976454562094335,0.3374843339763201,1.0371969594192376,1.302240856295856,3.6364681437544,0.03732903772385144,0.08703840667806437
shallow_squat_2.mp4,chair,shallow_squat,444,123.14738250237244,164.61574147224022,153.04983698781612,144.75901460700757,165.64978490320593,161.72163366225692,0.4054393545136529,2.6413968918859445,0.044374640054762084,1.4656411946272165,0.979252947029478,2.9391866000208506,0.026903687530751893,0.06885984249257107
shallow_squat_2.mp4,chair,shallow_squat,450,155.56306622462773,160.45836635119957,154.73689718782958,145.4869674097072,165.55215607824252,162.4604781361401,0.5085046505919193,4.882056891659945,0.6358838630385085,2.359666075989228,1.461521402446657,2.801191491588319,0.06435503256457521,0.05166238062571197
shallow_squat_2.mp4,chair,shallow_squat,456,53.29763255433036,157.0702108231791,153.89561904302226,142.35833781151663,165.69776808509894,159.2565562831325,0.36383443692800504,4.399604344719731,0.43330398288485533,1.8872139494614608,0.20413875112601368,3.5021066895097497,0.04679224115527847,0.15810043053591116
shallow_squat_2.mp4,chair,shallow_squat,462,159.01389695774688,156.23895301767732,145.04302811478203,138.1955697556414,158.0013014294823,153.33703603482255,0.47417845596450925,1.8881363452032847,2.244431543053348,3.7715491216252053,2.792945104480901,3.986875687377833,0.22079574411915145,0.39289956739483245
shallow_squat_2.mp4,chair,shallow_squat,468,99.17497472232343,155.92803364066737,144.59619317856777,137.231774129883,155.10013684115071,151.03007751597698,0.40849916215476756,3.2079397264538017,3.4641115646282175,4.95357207840553,0.9774130508670009,3.5610926779548224,0.34576462077885306,0.42360671626873114
shallow_squat_2.mp4,chair,shallow_squat,474,132.09660801164546,157.7054292230284,144.31872206652542,134.87765665539598,151.72081550943741,148.31935744010605,0.3128218626843318,5.309697981077719,4.177738004398071,6.076175572636182,1.6475354408742005,3.0448294274902694,0.40850818189694216,0.4165302955180021
shallow_squat_2.mp4,chair,shallow_squat,480,162.2098731747009,161.780790542511,136.82691469775241,129.414551959152,146.7021535707788,146.0874161821864,0.3278164211285209,5.321907840299752,4.319295855629494,5.784470834075304,1.7906198480978854,2.8659086593529923,0.4202109589249287,0.33608020808959893
shallow_squat_2.mp4,chair,shallow_squat,486,165.28026532573259,160.67834787962636,134.50911334334515,126.42868402076171,143.64916156604912,141.55272299495795,0.27266512660077913,1.2622573054207322,4.888002079753142,6.873720186162202,2.800221018176687,3.4594002014185863,0.498504228625381,0.4776619429141306
shallow_squat_2.mp4,chair,shallow_squat,492,158.27083329810972,159.04403840371714,116.5765611413128,116.73904389225642,131.52171933476114,132.079714016955,0.4665000766553389,1.1351896202053418,7.56146096286942,8.334705140951632,4.604421543019488,4.955169382488622,0.8933720643753836,0.9479514202319463
shallow_squat_2.mp4,chair,shallow_squat,498,154.58754537099222,157.4120794337735,118.410554183653,111.76156704003286,130.1393563352914,129.28319389861863,0.7222293862592131,1.9059481151165274,8.45237476764113,8.983000331214546,7.220092515925135,8.646551918915033,1.6846360830343492,1.662886984687472
shallow_squat_2.mp4,chair,shallow_squat,504,152.14899733064826,149.8689839048545,116.86766838599557,110.58943119928443,130.80236774139894,131.1977694680027,0.7125399597409179,1.9767644908663389,8.061180993110469,7.5746576663904674,7.070335709289786,8.60247029169949,1.5697222812197213,1.490354137259447
shallow_squat_2.mp4,chair,shallow_squat,510,149.92532199685755,147.4183680095275,116.51489866741981,107.59042695208767,132.30145891460458,129.8150265558942,0.5000792079616047,1.3146925308730226,8.335945701781169,7.212185906992282,5.169105268281642,5.772623296004144,1.1121879768717218,1.0849898437832841
shallow_squat_2.mp4,chair,shallow_squat,516,157.88016683472992,148.93972767100988,118.30858113234181,108.3724834718918,132.0566988721059,129.1060674996854,0.2460922245416714,1.2862960270003767,9.104940323474636,7.4815142675804065,4.710776123653613,5.196533016082479,1.0768992863973,1.0940595954294887
shallow_squat_2.mp4,chair,shallow_squat,522,157.28343537682431,156.14025748896034,116.9320980471286,109.65756305511047,131.09802741106188,129.89569804372007,0.27378275720738227,0.8954974947475984,9.586396914998629,6.705858479745447,3.9798567429504517,4.197774191179325,0.8774594095967231,0.8642292639781368
shallow_squat_2.mp4,chair,shallow_squat,528,167.67154876476775,158.10651688660627,114.94964660448277,105.27791316527092,130.7668522221107,127.86440214889188,0.2935463359112963,0.8200441080002671,9.624376627667685,6.373040135449666,3.6335311513401387,3.8978632409237792,0.7681560151292558,0.78519396110678
shallow_squat_2.mp4,chair,shallow_squat,534,163.43880955376042,154.28865865538918,116.93178517604083,106.83201139742489,130.7378672844305,129.02790107894512,0.43641969351472465,0.979475186426304,9.422829306622846,7.01139648390263,4.007178178418331,4.323710380682747,0.9281665264127716,0.8759802629049485
shallow_squat_2.mp4,chair,shallow_squat,540,159.4503029624573,152.4016098042234,116.97329898542779,106.7563170579699,130.7901274858345,129.54579568767548,0.45132653370558645,0.8918598472047836,9.120558016487509,7.080168520181698,4.353722317386486,4.41895792418172,0.9221008380861478,0.8394536860899818
shallow_squat_2.mp4,chair,shallow_squat,546,161.2641986387847,155.32792014608944,120.7378759524563,108.40607550581335,131.76952583464774,131.92164526749693,0.532946855007973,0.8571574463253124,8.860285658107141,6.543873343395712,4.199116068281226,4.405251690404113,0.9105622434579763,0.7067557270395415
shallow_squat_2.mp4,chair,shallow_squat,552,166.88638450013997,160.19243937644643,120.59657118606684,110.2359643353917,135.04164650929607,133.55579193222337,0.5630661928819106,1.3314837503878738,7.498844278763013,6.366937344628011,5.342080756148195,6.21053769396936,1.0008802535365315,0.8719156534451297
shallow_squat_2.mp4,chair,shallow_squat,558,163.1037194087132,156.50785752491856,116.46319315842669,110.31692613307997,134.49737338307344,134.1739235794813,0.49266133413712887,1.338582534016828,7.284610138138462,5.97049804566878,4.953921565609743,5.590676737870563,0.8132283029779064,0.8290677077940296
shallow_squat_2.mp4,chair,shallow_squat,564,162.57892108707787,156.39220079099536,115.66057955657921,108.30972486500868,135.12827862865726,132.80797320105347,0.4807552028327856,1.2677967144244284,7.332283747504739,5.333237491651537,5.039738129204881,5.531991607865489,0.7539554418136353,0.8060319399245983
shallow_squat_2.mp4,chair,shallow_squat,570,163.36054341412748,152.49044626771774,120.85662592321674,110.9987954184222,137.81776677570429,133.7207128331176,0.6241570404211009,1.6396878591472492,7.2958970580539795,6.008632002177184,5.923716018755552,6.907996188435729,1.0020062808219092,1.0674734006373399
shallow_squat_2.mp4,chair,shallow_squat,576,161.36274764472276,151.2600032698772,121.36724042997355,114.3466596879267,139.37407129158345,136.33292154257578,0.6319447322096077,1.4051802433343317,7.163629248146495,5.158206150987486,5.067640114655877,5.700273022438065,0.8053366554589786,0.9193253714045092
shallow_squat_2.mp4,chair,shallow_squat,582,161.72234941082698,151.37851703640254,129.8598057182883,118.5607106475813,143.41513504141804,138.2974464425308,0.4762846456814987,1.0834625257991561,7.419691070394912,5.119433539562386,4.954791399791696,5.246453945592735,0.7836132490723403,0.8851588191471901
shallow_squat_2.mp4,chair,shallow_squat,588,156.36273892774605,153.3265859297901,132.9523767056731,127.24573608706184,144.1285043308047,142.75942276134037,0.6476307821602768,1.321644810274069,7.250573270860001,4.722633128505707,5.603144771547726,6.510343886905644,0.9307089031385107,1.0129930157459446
shallow_squat_2.mp4,chair,shallow_squat,594,170.90739956532124,157.11378002478557,136.4545969953547,131.33990285026297,147.22896731282285,147.03219581452777,0.4075591441539253,2.0657613890894133,7.227880283094908,3.3222993083527483,2.762280045733586,4.062693668549151,0.5929146006240507,0.5584487007673342
shallow_squat_2.mp4,chair,shallow_squat,600,162.71595923201946,156.14829961610084,138.39927250940937,134.58045138412805,151.46377308817767,150.36970031365252,0.4830750328085054,1.3412801652932362,6.303671774877795,1.8604928965097907,3.923485414461004,4.457748910506686,0.46405343366457524,0.5132638476319002
shallow_squat_2.mp4,chair,shallow_squat,606,83.64779597206886,159.9694954849163,142.26115777085326,138.54777095855673,153.6825637534464,152.94314161625053,0.49453851174536306,3.2846659073420192,5.301277680276764,2.651080112514082,0.9182913640758175,3.447205344034085,0.3662684071153439,0.3825605811117063
shallow_squat_2.mp4,chair,shallow_squat,612,167.56462150964234,157.01497430480288,144.18248092385903,140.82497444500336,154.9378759680203,154.1720248930496,0.6066731699788434,2.5308708863745824,5.601829236214754,2.0548985065996233,2.5553115204578893,4.3524941573341795,0.43161784109132034,0.4688140792956812
shallow_squat_2.mp4,chair,shallow_squat,618,165.8208594861402,156.74396056568423,144.42025983494824,142.59387613650696,154.63729647880984,155.97577120445186,0.5794395789216688,1.3771500232660354,5.494218855646527,1.7968787226305367,3.7016700087522922,4.296440176127902,0.44527857394061965,0.393074127818682
shallow_squat_2.mp4,chair,shallow_squat,624,127.98956789097475,157.22312677520486,146.64300406699738,141.84356995105856,156.59427617484872,156.03455535762984,0.6305435554798605,3.7535937004233038,5.12447556926773,1.5183815975967565,1.650019757895558,4.6896763180059144,0.4348607474641603,0.3973036336536393
shallow_squat_2.mp4,chair,shallow_squat,630,72.88643738678404,159.9036540170997,147.47882394744028,142.096585253995,159.45637355559091,155.76742824554924,0.539866312173512,4.107631801126765,4.316435140051144,1.5067331413357183,0.426292992888964,3.9464419164045474,0.24478749910807368,0.35235843625173896
shallow_squat_2.mp4,chair,shallow_squat,636,77.53745616541636,151.19565982349678,148.92733061039257,141.51471351367869,160.50052027617608,156.37435582188934,0.6144033935464007,4.8994819259930535,3.7479402311892804,1.348808933297367,0.11269154116140688,4.07336413694605,0.22797408348580933,0.34321602738790585
shallow_squat_2.mp4,chair,shallow_squat,642,140.38084587376085,151.1116004686066,151.34493167458896,143.7932118173509,162.83153508838353,157.97101387467254,0.9252362240326343,4.480830136314887,3.6593788468623454,0.5730107381411083,2.3616053211490535,5.964433558110957,0.2568487599084691,0.4535715189746103
shallow_squat_2.mp4,chair,shallow_squat,648,52.52085845030471,152.73282190240047,153.36020418665368,144.8546433811764,163.61846095691436,158.93937207458143,0.5203249471214013,4.959455917517442,3.2257838692787244,0.8257899348619132,0.061400490653699374,4.166467618188449,0.17649108245868653,0.27340831775750896
shallow_squat_2.mp4,chair,shallow_squat,654,161.45989641014097,155.54965302180463,149.63996807189454,142.1130967962351,160.62446540716496,157.4215293830779,0.42760480795145844,1.9618004664180493,3.7706593504447565,0.8555101416719564,2.554676568292826,3.71264837416863,0.19535418906738725,0.24039205030380498
shallow_squat_2.mp4,chair,shallow_squat,660,162.77510113400044,156.76611112860283,143.32239768235092,140.26837071110464,156.46536472302162,157.14192217475605,0.5871182295101426,2.4666509954019973,3.979743598986278,1.0149842310331922,3.5448164949052274,5.238220010286367,0.3301631893805034,0.2849772333832798
shallow_squat_2.mp4,chair,shallow_squat,666,168.91168314935996,159.50991065265524,139.33191662431645,130.45441589396555,153.99349504857216,150.98153998569347,0.47221796220149825,1.4254024896005286,4.834922789173698,1.95291135248605,3.5881979104836965,4.156114012494206,0.35406930349725046,0.3489142455582324
shallow_squat_2.mp4,chair,shallow_squat,672,162.19705912503937,158.08946100117424,143.6044780260422,132.35459068789513,154.64997947940518,152.15691226699798,0.5799704842687579,1.8731754194504542,4.807268083888957,2.149201855682524,4.252358936108496,5.514621822976153,0.5357947079144887,0.40279123101436926
shallow_squat_2.mp4,chair,shallow_squat,678,152.03795090013506,156.28148846834864,139.98371565850536,130.80895484306652,150.88408973505955,149.50095050951595,0.5485814949903275,1.572974574620742,6.27526732897067,2.287264703435267,4.504075967656548,5.362859744886906,0.6020840221833927,0.4869088170798502
shallow_squat_2.mp4,chair,shallow_squat,684,157.92013815299467,154.6269856963884,130.77010504673882,124.6318018234113,143.40471378715947,145.79007981037023,0.3817242392724775,1.333088381085342,6.8125237399075145,2.8965309115043145,4.250680964372681,4.70177052529249,0.645580627791098,0.42623059551029485
shallow_squat_2.mp4,chair,shallow_squat,690,158.26529313681823,157.02702479432173,126.93560732624191,120.27728746585265,143.55428202590184,142.12519645970437,0.38274025940885087,1.2834668164763312,6.701612646590206,2.598433152646026,4.481188222507656,4.946420559120609,0.5582256101971791,0.5326111494466227
shallow_squat_2.mp4,chair,shallow_squat,696,162.32151317433699,153.63048397596515,126.88243041506853,118.80456815493505,142.49901803107966,140.11039218233614,0.5115613491435782,1.6307392859624736,6.600089812022285,4.138814234309413,5.824388866500431,6.801421562219425,0.822943456969911,0.8529156126226004
shallow_squat_2.mp4,chair,shallow_squat,702,156.5357457592548,152.60292352608005,129.0637888546383,119.044045261845,142.69648812553788,139.8310045675921,0.3786254750202688,1.5059484525714184,7.214325441788002,4.542350290775921,4.811296709209779,5.506514184065022,0.7800679805933901,0.7686918862347205
shallow_squat_2.mp4,chair,shallow_squat,708,148.34764328726334,152.19972477986923,126.35384543001811,118.58570022678083,142.29003256501593,139.16447001979924,0.4259311062388565,1.4771636128051273,7.248960795388578,4.884390617016892,4.870120685717603,5.536665534863738,0.7930138341231391,0.8608734805872863
shallow_squat_2.mp4,chair,shallow_squat,714,148.25885695156134,153.45048810127136,126.63241068341839,119.2347536208683,142.98715843386626,140.42883975494152,0.5163588193258146,1.8253700987511858,6.89827093319732,4.556217444353918,5.816128904648463,6.902575973885074,0.9276496312501433,0.9446712519438483
shallow_squat_2.mp4,chair,shallow_squat,720,147.9264394596816,153.21948701311814,126.94694691538216,119.97275758047464,143.29552869153525,140.42540631919044,0.5201016574194895,1.9174029241058075,6.5871689223075665,4.600119411821915,5.994095917069121,7.285176851802347,0.946572510832457,0.9960089232390238
shallow_squat_2.mp4,chair,shallow_squat,726,163.8868251667912,150.6909592526199,126.99689032405392,121.05176256882145,143.01134025299814,142.3290647521034,0.4657617713091913,1.3189322265128327,6.245827577117493,4.111680852920172,5.084531867574203,5.535180286470072,0.7548960630526242,0.7203316886079021
shallow_squat_2.mp4,chair,shallow_squat,732,165.15685381981922,158.2553226728236,126.20547251778086,120.47975635123521,142.50413826796435,142.74051862704104,0.46821146519458134,1.3031509720061378,5.681123584638206,4.2554218766816065,5.120222335963085,5.647469419782604,0.7054503759885886,0.645583309540771
shallow_squat_2.mp4,chair,shallow_squat,738,155.07449458637672,155.29310825642278,126.09227694069952,119.37326361170085,146.03023067890027,142.8877040074828,0.3635854843518696,1.7569839242712626,4.940798083775059,4.308854408830867,6.233563033616622,7.204188966440149,0.7143780445026436,0.8194816351098312
shallow_squat_2.mp4,chair,shallow_squat,744,155.22403402792145,156.1033689865676,127.61683906096737,120.34278802805848,145.797716818721,142.9194823680489,0.3473333141519072,1.7351961131769926,5.065415889234385,4.410227292584401,5.500621170474972,6.400523756744245,0.6340468365895101,0.7744872869167091
shallow_squat_2.mp4,chair,shallow_squat,750,157.11275380394886,156.35290958103042,127.81208506380986,118.62721572574918,143.61078815519113,140.47451203057946,0.28935242558592594,1.5414241101672979,6.013862547199259,4.772218779024606,5.228987718023211,5.988518748098765,0.7428049777944968,0.8027669595553102
shallow_squat_2.mp4,chair,shallow_squat,756,158.09783036115,158.10894504767302,131.29312761879603,123.80815710057871,143.34876594616694,142.00774280365567,0.4772454828055568,1.4932098823079878,6.299595301713976,5.509469496660262,5.098152880267013,5.810267719005636,0.862681247101605,0.8076122899168267
shallow_squat_2.mp4,chair,shallow_squat,762,163.32337583537057,160.5411306463135,127.35093889913239,119.81872462273415,138.7148342529596,136.2786307712312,0.4993844897648231,1.7736291417279393,7.9490951453517384,6.355856111324716,6.369384363585701,7.27568212076686,1.2155516950533136,1.2817838199817815
shallow_squat_2.mp4,chair,shallow_squat,768,161.4010304092709,159.6950654542411,130.41382527415615,117.50312758991998,134.25306179517176,131.620676960865,0.5860478318470336,1.4948059872138595,8.997391715786762,9.712301007718906,4.907210050078259,5.542326065773892,1.3592609026151516,1.1954119711818767
shallow_squat_2.mp4,chair,shallow_squat,774,163.0165863766982,158.55104388867016,136.50394219165923,120.9591365109042,134.89172451333363,132.49073336436564,0.5072726181703123,1.2673772133512762,10.089373916427833,10.310687610665152,4.234481850206151,4.602483242402382,1.2967854367544822,1.099055257931132
shallow_squat_2.mp4,chair,shallow_squat,780,156.41502885183738,158.34764585712708,128.3976741547194,119.71275607333969,135.17810615164757,133.82227126077856,0.6224246981634733,1.8509904537257433,8.698973502689832,8.142126453077283,5.567258745736247,6.487218604855567,1.4419432570435378,1.3367435061832307
shallow_squat_2.mp4,chair,shallow_squat,786,156.92714272270504,156.0919560014195,127.56892728675255,121.95828310463246,136.4699410084547,136.37260427245332,0.6240348934808033,1.648848458759651,8.7430128933704,7.645767206494814,6.41342879264996,7.066247776788744,1.4320451109135564,1.4125485762151275
shallow_squat_2.mp4,chair,shallow_squat,792,154.96684495068249,156.15016322385992,133.14208408861677,124.01829141639344,141.2893848581116,140.36560910031062,1.0320897484652987,2.320061360527455,7.103156636507714,7.27649514362892,8.959441470744075,10.23589966690492,1.8441780341348286,1.64096468132517
shallow_squat_2.mp4,chair,shallow_squat,798,30.589039803021766,158.79242931257514,133.2621444350885,125.82603989607222,144.12020489246953,142.58831731182664,0.42592504205082804,5.506581512413235,6.541291505557756,5.32745045178907,0.254018467281575,4.641353411195427,0.6560165226997455,0.6287184942295851
shallow_squat_2.mp4,chair,shallow_squat,804,161.0833740939794,159.08524332756267,133.8676877645803,125.15168807150509,147.77630850577304,144.2225268141915,0.41021300701622315,2.615455008709671,5.295096906663983,4.155685553746717,4.6621974257108825,6.526016292049471,0.6510467304539316,0.7294724223204586
shallow_squat_2.mp4,chair,shallow_squat,810,155.7275689234192,161.67202532034614,133.30271430253282,127.53425756792643,147.21690163439104,144.77939817035457,0.23100908465055614,2.8059682174339087,5.69585572770161,4.194696226753571,1.5448629047330333,3.67689826591945,0.39697564461813895,0.448734051114164
shallow_squat_2.mp4,chair,shallow_squat,816,166.05136734925313,158.98049036858518,136.4747244223986,128.42502631783483,150.20266851117773,145.9390891196456,0.2272462107090477,1.5350501742926503,5.657861339221345,3.922025874291959,2.6121912844347355,3.436767390049146,0.3423279897855725,0.4296231955905422
shallow_squat_2.mp4,chair,shallow_squat,822,170.8914120996344,159.20251155170953,131.39193994469488,125.19734266701089,147.52425409190346,143.85176009414766,0.3634276679814666,1.487749532693273,5.140143732540615,4.653977353293283,4.620241684199969,5.565334698417805,0.5232846698012665,0.712445843189303
shallow_squat_2.mp4,chair,shallow_squat,828,159.24934153696904,159.54933992089528,130.06567461994632,120.62424593650195,145.5518239108225,141.93428289723371,0.4856323612806828,1.7070236450655327,5.6695368677025035,4.712473806824038,6.397521061487787,7.505364857201113,0.7973314625171218,0.9124989703744547
shallow_squat_2.mp4,chair,shallow_squat,834,165.5814888467428,159.50695323373878,128.85290268820233,120.90699072241131,142.45302737248272,140.71173090253208,0.8157059308475901,1.9504872338684542,6.790182760960835,4.948290474233215,7.539494250583233,8.646511378314585,1.1854502619395004,1.2185795761138143
shallow_squat_2.mp4,chair,shallow_squat,840,151.5770447719012,155.37312311908738,125.34136293964428,119.74876445778088,141.92019118490845,140.55291933555537,0.5986877494595214,1.6757497369628798,6.803816390255118,4.493345900197205,6.3034897488490165,7.18349147749895,0.9537599940439875,0.9898499567281134
shallow_squat_2.mp4,chair,shallow_squat,846,152.82157318286355,158.33198745551613,126.56289546407515,119.01143189911228,142.17890488741736,141.288129860545,0.49700799697372605,1.2844136664640284,7.175423300028914,4.170744366265756,5.059301412180915,5.762946930366618,0.7905295450710232,0.7627863218730919
shallow_squat_2.mp4,chair,shallow_squat,852,153.02029688403232,158.0001630465969,125.25468651070227,117.10700745720669,140.8144950809534,139.79426452072653,0.8180335736273097,1.3715455620638506,6.708682444494501,5.1007763755457045,5.375566053383282,6.12219168297772,0.9382461368029891,0.7960917933101432
shallow_squat_2.mp4,chair,shallow_squat,858,161.45868364574034,160.38797051221084,125.3106302129883,119.80075766781188,140.86183269199765,139.6161449246763,0.5040976973287357,1.5023177724740953,6.761152620529939,5.063004108116922,5.499817642638204,6.2220251441514565,0.8478374399108679,0.9203026865725733
shallow_squat_2.mp4,chair,shallow_squat,864,158.2271876207406,159.2629421768674,127.35046557731846,119.59478985710228,144.2847532211939,141.84909719160902,0.4264712594363093,1.5513989745471204,5.8643482650253205,3.980644088981328,4.862776427431635,5.5841047183458254,0.5967605126342143,0.6429899968149104
shallow_squat_2.mp4,chair,shallow_squat,870,158.5723340991167,160.99630806431307,127.20497448730713,120.4070950866289,144.64602583578247,143.04847821016298,0.32274666317321227,1.570502376044162,5.8794136615875745,3.6736839045655114,4.77677067555405,5.6008087069778965,0.5741600224460347,0.6447712476636019
shallow_squat_2.mp4,chair,shallow_squat,876,175.15759828186017,160.36237169151596,127.54742290450517,122.2599562318123,144.5813966455511,144.19021529918825,0.3114222925348355,1.6497953803244954,5.26384591505868,4.085438666238726,4.502908934319323,5.43548747158396,0.551530040809026,0.5673704776241703
shallow_squat_2.mp4,chair,shallow_squat,882,162.90071923605603,159.7256906923211,127.69808179305446,121.54585198298959,143.1567158733671,143.30390592811,0.4002359781018347,1.6341607375168745,5.682143882165273,4.463369472011947,5.18108302651607,6.160712963591109,0.7217552385967637,0.6724674901063257
shallow_squat_2.mp4,chair,shallow_squat,888,169.66406932506516,157.71124275293735,128.52314147766742,121.35774586758993,142.98509983295438,141.4586861556177,0.3755759480151578,1.245613874438023,6.2373987799952255,4.4793647647857116,4.464679873407798,4.968359976071139,0.6325895270885282,0.593833939665646
shallow_squat_2.mp4,chair,shallow_squat,894,150.32271804323216,157.7644006476955,126.04464077267242,120.20853026575203,143.73124413718176,142.78381383664427,0.5404067971341258,1.308831767356407,5.639708639141408,3.867944841723203,4.155383169758045,4.786874726545105,0.5494958846602643,0.5282696842098021
shallow_squat_2.mp4,chair,shallow_squat,900,158.23883400336612,151.77728481482194,128.23854048927828,122.36908372611235,146.441784060211,145.4023425394381,0.3555505804467747,1.2506477573659154,5.229105647785107,3.301802617789033,4.1304860923551034,4.541383464725003,0.46885638981549665,0.5155617613261047
shallow_squat_3.mp4,chair,shallow_squat,6,161.68959026196148,153.5968126211152,157.33723072631855,155.15445354979923,170.99476908529493,167.56850813313315,0.8216317161060911,2.7605735172774075,1.6721919697444154,2.1558924275254716,7.763428522769006,9.31919928242344,0.2520352724241982,0.12140650669283982
shallow_squat_3.mp4,chair,shallow_squat,12,167.72105678805096,156.7096187383616,159.6901181063499,154.2426310113635,172.03358389411352,166.83382115492043,0.8579486148133787,1.9209506502849638,1.7624065811776954,2.0507098660811125,8.815436906581,9.581212148520605,0.2598081413310868,0.1733270694073894
shallow_squat_3.mp4,chair,shallow_squat,18,163.28512660081032,158.6778930440758,160.66130455414947,152.63941684681495,169.24473747656356,163.87029052943487,0.652734999870065,1.3759426166281636,3.0159713315019454,0.818095342124148,7.5415251804395185,7.819788230839901,0.14395761623600947,0.3872369514782494
shallow_squat_3.mp4,chair,shallow_squat,24,163.38323582735802,156.24743720867434,160.94809120751708,151.94277749897037,168.93360349018127,162.56597738952652,0.6120228665437454,1.5013168293979047,3.505835148599974,0.7275387311265625,7.561161948449615,7.855909057172815,0.18170058009462506,0.4885455770904318
shallow_squat_3.mp4,chair,shallow_squat,30,164.7277179725165,155.88491527232523,160.11032557028153,150.53633733013933,168.94932679772697,163.04879968020919,0.772970361317219,1.6311818917743082,2.9554764110963654,1.0155279309891159,8.782258227582922,9.171492183646007,0.14436458953163,0.39373359053168105
shallow_squat_3.mp4,chair,shallow_squat,36,166.81606441986864,155.79066117140184,160.1864841295993,150.4690608978432,169.16602898981117,163.37750626094578,1.1733597832736242,1.6488697178143705,2.8072366301356952,1.0334753978014748,8.905203919709079,9.33911782029894,0.1264382843323119,0.3668672258747857
shallow_squat_3.mp4,chair,shallow_squat,42,166.51303369422243,156.38646279716835,159.89391579221345,150.8405985536194,169.56414463664927,163.68613548637967,0.777973208027339,1.5794948400643973,2.6584430628604814,1.2025283479897386,8.14428417072487,8.507073535972593,0.05274174951686371,0.3138949179146884
shallow_squat_3.mp4,chair,shallow_squat,48,163.50012930654506,155.7409470662711,161.12136435808537,150.93145794440952,171.95894798779963,164.52189561447085,1.0418788418030829,1.8448928940409706,1.856654463092143,1.5808281285055354,10.214699605735605,10.79434419569322,0.18890036181600237,0.2727794216952444
shallow_squat_3.mp4,chair,shallow_squat,54,162.13983095519586,155.9236275906497,161.5033875453966,151.28804419930995,172.1885865365673,164.7958906054366,0.9112311099435819,1.9742229921621504,2.2708542493106667,2.0007284176922697,9.225732462412717,10.05016195959903,0.1694086759806053,0.24406485852579365
shallow_squat_3.mp4,chair,shallow_squat,60,163.29501216339068,157.33975378519014,160.76886071036583,151.26202538609985,171.21281659829174,164.6533774030515,0.8872630986718251,1.997115779982789,2.551630365375303,1.97325528417843,9.43640586037624,10.173428038685195,0.08283129637992188,0.2446044473221553
shallow_squat_3.mp4,chair,shallow_squat,66,162.162597258904,157.55594911000614,159.34702826477746,146.1987570528495,169.66418159044784,161.82321876540894,0.4872677155423768,2.600250934711306,3.0314424910850546,2.102178574598672,6.2991772527061185,7.788445307365279,0.005332654883384509,0.20297265980929044
shallow_squat_3.mp4,chair,shallow_squat,72,161.69621976152186,155.3342675825209,154.17523953120883,144.0112515631767,166.84190408438994,160.93675195867235,0.6241110913866162,2.244856192212768,3.269650122432523,2.3173691053434675,7.4137248603371315,8.561931020090748,0.014121659805548494,0.2027613507660602
shallow_squat_3.mp4,chair,shallow_squat,78,162.93335276972405,154.42729109151267,152.2270511274473,142.95626539794787,166.57561660354094,161.12468629690846,0.7108625374384505,2.1607715433596417,3.2787862776500116,2.4575804816208766,8.276962130108314,9.303828979455158,0.0012405120750161407,0.19864765246579577
shallow_squat_3.mp4,chair,shallow_squat,84,163.8403468806156,154.7872460639145,146.76209518382655,138.45136447672297,163.99611502832548,159.2579538023437,0.6236027363457245,1.9018161737421448,3.463629352657239,2.5631046207824486,7.963203035274239,8.765677787723577,0.02773860935013133,0.17656454697507712
shallow_squat_3.mp4,chair,shallow_squat,90,162.58855793717836,154.5220402463643,142.31875569066688,135.26545025221884,162.5640570529022,158.2539854637163,0.33141490236408994,2.0735232076964705,2.9409069400340355,2.317938775193283,8.97713232626254,9.899250905249984,0.041079952063027614,0.19171608178815117
shallow_squat_3.mp4,chair,shallow_squat,96,161.43229605634218,153.44519974024476,140.65983395618434,128.22362152332,163.36598644336402,156.79005029703757,0.18842098086028605,2.631993235335873,2.44302198014207,3.1443120997189675,13.270355636038783,14.647817975202694,0.2322770378140481,0.030767840646483743
shallow_squat_3.mp4,chair,shallow_squat,102,162.27318533986457,152.46404000286617,137.73400248709095,123.81531558909133,161.93078124648426,155.1424740163689,0.23084220342083894,2.2700371069357397,2.487432481994651,2.990427190441516,12.905899170026283,13.924659843495474,0.16982272155352812,0.006147858846228264
shallow_squat_3.mp4,chair,shallow_squat,108,159.78611245827778,150.72174514603094,137.03578302003493,123.51554964078527,160.2805921447323,154.56853625566941,0.18622600634750908,2.1530436842274545,2.861010569423674,2.282160400478073,11.263888970848024,12.191914790518785,0.043927120944473534,0.1213701770242238
shallow_squat_3.mp4,chair,shallow_squat,114,155.13630867143118,150.51756722470694,134.49775860276003,122.14921053214388,158.7856546329805,153.55391870666975,0.2579204096480507,2.0384340895733013,3.434310422297899,2.5984925691614733,10.065105303317063,10.933269068230791,0.06476800208641009,0.15485414694799127
shallow_squat_3.mp4,chair,shallow_squat,120,156.7132699497883,151.27511734163485,131.95921392415025,118.62603165754513,155.85931918553396,150.4042058271885,0.5749137601100569,2.117185217188951,3.936918671609304,1.551889694596393,9.608890579776872,10.461854050222382,0.287643651985294,0.3202612173182445
shallow_squat_3.mp4,chair,shallow_squat,126,155.59913816035805,150.39395732088656,128.06819037704201,118.35318750647922,153.8732805766069,149.79459165376733,0.7265068129722234,2.2432372235980287,4.082530554134591,1.2986942903047118,10.280585694761227,11.231467956061495,0.3327540237645049,0.42002492678178727
shallow_squat_3.mp4,chair,shallow_squat,132,158.1722690376566,151.17883323822528,130.9265063324886,118.34753957610299,155.36064162035663,149.94739565064864,0.6956043107251492,2.317443321518064,4.063335706253119,1.331130787506152,9.91043406258334,10.97439120975635,0.31905117009281275,0.3975116122579058
shallow_squat_3.mp4,chair,shallow_squat,138,157.85418258685837,151.57900567939413,131.56819887887448,118.11332296099893,156.4540436028982,150.4850306736888,0.5320935990783945,1.942786067075558,3.9649258032542214,1.9114250383689917,8.828940103050744,9.550679365093966,0.18661665273422934,0.28072304029521056
shallow_squat_3.mp4,chair,shallow_squat,144,156.52666915549466,151.41952777517906,130.17520901104726,117.85072783128834,156.02370986370917,151.08288097136045,0.35639264551372896,1.7071455536111984,4.076314345273963,2.7383022727915103,8.102012342786939,8.602191511702477,0.10062684993645281,0.17754984942844948
shallow_squat_3.mp4,chair,shallow_squat,150,158.99351493739297,151.87887126170324,132.95554430234625,125.17636313422838,158.34823677591706,154.6321350373908,0.36313067784476744,1.7783707381742486,3.6357904928992366,2.6805422153853833,8.472221694558122,9.024245399768619,0.015412477576099906,0.22886222027322803
shallow_squat_3.mp4,chair,shallow_squat,156,159.1226944749806,151.79572702441408,136.22086666418627,124.60498783299828,159.95699801136928,154.46786925444346,0.40009681465945923,1.9687892916124932,3.640611252591862,2.7309703359155737,8.766667821705706,9.510857064535175,0.0028487958236141963,0.21000752534333514
shallow_squat_3.mp4,chair,shallow_squat,162,158.73605291608547,151.05128003343802,132.96086278651921,119.8021530054264,158.7569089014881,153.03409955077663,0.35595136550918144,2.1670537025727135,3.3673237370262283,3.0937477724833933,8.827182935658465,9.747485806309458,0.06516382972173229,0.1306563495302442
shallow_squat_3.mp4,chair,shallow_squat,168,158.5977482017919,150.2734801478558,136.18151496408345,122.51840751652243,159.21875926990444,153.90737213576213,0.1601852041175793,2.2585488179954107,3.2397726585958644,2.6812213854475866,9.232669634654476,10.22234540508449,0.03399510121615291,0.10327177454279407
shallow_squat_3.mp4,chair,shallow_squat,174,157.96760131013102,150.34450545477287,135.0665658817184,124.71002416665233,158.59440041915195,154.71473978207837,0.030261923914952804,2.427598481368087,3.1459639299066082,2.7844351318539506,11.086015700471119,12.231530399449754,0.013884018699248688,0.09544643630599937
shallow_squat_3.mp4,chair,shallow_squat,180,158.71565641683247,151.0184016015232,134.15212188794365,122.62625537735025,158.78920667516417,154.03240531887812,0.5089090292227261,2.729776280620886,3.6486597117446267,2.9081331970103372,11.86534139059316,13.338829846404499,0.058431785629152716,0.18163953625331195
shallow_squat_3.mp4,chair,shallow_squat,186,163.6122245419044,149.1492753589014,132.67967034747983,124.50935877554014,157.79858295807364,154.37851898791322,0.39168926643689933,2.492851825881931,3.989643239321748,2.6349089157740333,10.52464804379088,11.806470169327499,0.09516508199266238,0.29638785287381175
shallow_squat_3.mp4,chair,shallow_squat,192,165.2633993543749,149.63575900941078,137.37744441005688,128.90608912700824,159.87811646245171,156.63591961175752,0.1863521258311044,2.712245146400218,3.949800859140812,2.9749804061798626,9.937583431088639,11.447170437066482,0.05894864082530008,0.21176913724135332
shallow_squat_3.mp4,chair,shallow_squat,198,165.61849839892488,149.64315084072445,138.72668402304694,130.39140153954727,160.8528655622418,158.37806526144237,0.16083339669023153,2.768938913075696,3.3341712382418263,3.313531600504036,9.61790969472762,11.10588532127435,0.017653269536693262,0.02108400149829023
shallow_squat_3.mp4,chair,shallow_squat,204,160.888742103509,149.96168041225522,139.09950312063873,130.5076939515097,162.47636098559903,158.49594624252515,0.07835049152362177,2.939225024024409,3.1054031684077814,3.5209832781797,11.32419659979986,12.951236104095608,0.17203334009748095,0.03615614347598851
shallow_squat_3.mp4,chair,shallow_squat,210,157.77918004611615,150.01142643498764,144.51213991662092,135.5671948641018,164.46732312338568,160.67174654582035,0.15015244559062615,2.4570028635965104,2.9460865356230634,3.4174717240279158,9.644364846409754,10.883585301448846,0.12993813496678802,0.0022237853711972446
shallow_squat_3.mp4,chair,shallow_squat,216,160.8670392663028,150.9097787464644,151.07048448520146,141.7414168102599,167.46164035581202,163.53566966009586,0.329499986419061,3.046001619802322,3.027233195105061,3.6833560993921513,6.527304978586628,8.541747002441062,0.10713703221890851,0.04352453533436389
shallow_squat_3.mp4,chair,shallow_squat,222,159.01494865733534,152.1029597072292,158.13126964652002,146.77954160166004,170.1288926693409,165.5408553597086,0.6137257060750728,2.5453957322319694,2.718285164781401,3.787072821770357,7.239643353347533,8.716841218845104,0.11263345998209244,0.13868660148148243
shallow_squat_3.mp4,chair,shallow_squat,228,154.32099571760398,153.1957621249834,158.76165446642884,149.3501789128229,170.4609078145684,166.330985987761,0.7101688400201168,3.6446835368861827,2.717086226157029,3.848289127294057,6.9224271880095944,9.522550900186813,0.16400294517675496,0.12814466233948404
shallow_squat_3.mp4,chair,shallow_squat,234,61.79017057512254,150.18179977693018,160.75209019602326,150.5989175045391,172.56164318189272,167.44604745749962,0.5592961799747989,8.215713073936142,2.1540335345231316,4.023102874708989,0.07635639460684737,7.349904585494446,0.2247799975872351,0.15007623216592986
shallow_squat_3.mp4,chair,shallow_squat,240,146.17348377546796,149.6561582340402,161.11079165625637,150.616865886555,174.52302046630658,167.8814620609278,0.6464397363603458,5.668837258300824,1.7742578976425503,4.440302686326701,3.670373878227078,8.365827936081718,0.4192672488653309,0.18593813784202334
shallow_squat_3.mp4,chair,shallow_squat,246,152.43542583925537,149.16837103037798,161.0881455066501,150.66887187456945,174.58241484895328,167.84964911097552,0.6738658628810043,2.9571079969303695,1.9501921043947248,4.556986560535661,6.664098940374939,8.575056018548574,0.44347396224312235,0.18501358060072087
shallow_squat_3.mp4,chair,shallow_squat,252,174.58445790220185,151.52442907600894,163.53475284961232,151.13930571345378,176.3910775329615,168.81869503800334,0.734297392882546,6.844443074352374,1.459127714393873,4.766816057800721,3.52390604137516,9.441518185408455,0.5465663550337506,0.30169697326058287
shallow_squat_3.mp4,chair,shallow_squat,258,157.29434993689495,151.8997409409452,161.35178825604643,150.3073233946242,175.4776413494282,168.69771934796438,0.882103400664953,3.2308586482441393,1.342482950036702,4.696249468067797,9.657384234072508,11.821396871409362,0.6840995301177526,0.39791497906785506
shallow_squat_3.mp4,chair,shallow_squat,264,89.4579360490506,152.4616903741096,162.0534076755534,150.4576691545862,176.82282274662253,170.0517576428952,0.808484688759101,8.779933190041625,0.4587281499261392,5.086699548607292,1.5514457182682593,9.40189655385005,0.6692386608510589,0.5076725178923144
shallow_squat_3.mp4,chair,shallow_squat,270,158.0629719854541,152.2545566508191,161.558053213224,149.17077133726897,176.67749388562828,169.64511174196235,0.862649130991713,2.669751125730794,0.2929041014611735,5.0712525503321695,9.977108540201726,11.44047730082352,0.8076976628020681,0.6431194615337505
shallow_squat_3.mp4,chair,shallow_squat,276,159.5455465679709,152.26101780522657,160.45630047594392,147.75671153013798,176.17986125543152,168.93779847609616,1.0733378222138343,2.375318994567226,0.3049836050090198,5.065122962301328,13.266790115151986,14.456492797742316,1.030537645225175,0.7970340380680245
shallow_squat_3.mp4,chair,shallow_squat,282,166.43002346020273,153.44097360408819,160.6071313759336,147.67958455595308,177.1842109655629,169.16267266518977,0.5242342595472175,3.16147991588537,0.42523550309482805,5.023673227092676,7.187096671630233,9.518584278761862,0.8106943311353852,0.5635119478283179
shallow_squat_3.mp4,chair,shallow_squat,288,166.96238993941236,157.47200234375381,159.52660172054982,145.35165280482954,176.11101566612354,167.71372863192673,0.46964748558099123,2.9421164421967543,0.17826258390197872,5.091669206809723,8.456830660803583,10.467226134968387,0.7958728670903845,0.5669157484918873
shallow_squat_3.mp4,chair,shallow_squat,294,165.00550056948387,155.60883078559237,158.448587705008,146.03149818597666,174.9963686803185,168.6902947107559,0.6458561505469473,2.455976735027435,0.04842726873153062,4.85868744792657,8.507622926459064,9.905370078125621,0.6663082032058837,0.5849225362120974
shallow_squat_3.mp4,chair,shallow_squat,300,167.04744134633742,159.2189497000684,156.89938166291395,146.3230765078652,174.01622379239487,168.63678318334397,0.6172713442299641,1.8189018725241874,0.20323615596605774,4.840578662731124,10.66343940180145,11.436567009493261,0.7418035925528663,0.6489210835192433
shallow_squat_3.mp4,chair,shallow_squat,306,170.6027470069562,164.83459678892183,159.38318517465376,148.50147315954783,174.21347921804073,168.47458081583156,0.6291292196550212,2.0961652515854983,1.045294955738717,4.516976167781583,9.978301031842145,11.031154092055086,0.5363080001733228,0.41691879224207584
shallow_squat_3.mp4,chair,shallow_squat,312,170.1896936682546,164.981623956637,157.68645686434905,148.314428034446,172.87134261691284,168.9063526466896,0.5193591826428294,1.9893495457438128,0.9746103781659218,4.361049770401688,8.500406950575059,9.478669473778297,0.394814641555559,0.4083096041034343
shallow_squat_3.mp4,chair,shallow_squat,318,174.3423522374894,170.65511909357878,158.92821607941428,150.39425459750166,172.61078014825836,167.71867531160441,0.6415828737761519,2.4548768341254137,1.6530263961730638,3.9118886275821927,5.808807259056632,7.32036493102519,0.26393507687474815,0.15039543013896456
shallow_squat_3.mp4,chair,shallow_squat,324,167.6184581972094,170.6083068490126,159.34567842876544,153.7769465122828,171.56369678060315,167.24444039929543,0.4886056727071692,4.315604106017262,2.5446236765224906,3.453898970385676,2.76904463940775,6.1581252547847996,0.14347229795426394,0.010650089711351975
shallow_squat_3.mp4,chair,shallow_squat,330,160.04339478979688,172.38113880728753,166.35519407283627,161.91157066292837,175.1811545868122,169.8748300061632,0.5432482655734775,5.0714555197342595,2.734115122367372,3.1983854761483115,2.670267299082634,6.800438064189727,0.1829479761672942,0.10131162432198317
shallow_squat_3.mp4,chair,shallow_squat,336,173.63626958440923,170.55153932473587,169.22863486923885,165.99578678990014,176.9272178574757,172.06529012584338,0.43035235260976373,4.121091389777253,2.455323701829114,3.0833284614342307,4.01909475007537,7.168509125950913,0.21894374036508024,0.1002960539211061
shallow_squat_3.mp4,chair,shallow_squat,342,164.2003489849524,169.41295954124823,169.78916340950357,167.63595082847175,177.39795349236294,173.3686559589962,0.3652814353066649,5.469273821104951,2.3183442880572116,3.2911568663569026,3.133401747488955,7.634672116052366,0.2554919655107781,0.05729743790891235
shallow_squat_3.mp4,chair,shallow_squat,348,118.28187891332173,168.8261835938811,167.9643241068965,166.08866353711252,176.72155131840535,172.61589682386312,0.3098186529009125,9.249889405392842,2.324171237449483,3.4145952521751255,1.2136923790117882,7.079913297769883,0.25431156713871733,0.052136121788137736
shallow_squat_3.mp4,chair,shallow_squat,354,149.8772850751523,168.98843864802677,164.13718525965268,157.3086816082941,175.57673524092277,169.85161565424596,0.17950640228578943,5.025691157486601,1.6937229627011678,3.791154577137194,0.47908570541169987,4.522288806751435,0.19471458240873804,0.04737746829861033
shallow_squat_3.mp4,chair,shallow_squat,360,157.16910196091143,170.47730664553308,159.14144548372485,147.3972887492159,172.27665364653365,165.73710943691808,0.26794929922667643,4.776839395152197,2.0701414645399083,3.859883625949656,1.2814919733387335,5.153813069276274,0.1602212778492791,0.07199175547351166
shallow_squat_3.mp4,chair,shallow_squat,366,100.28251624991567,168.23725747153873,146.12641163189784,136.27871064856836,163.86983133930244,160.461382642308,0.3629137595596169,5.544636807255354,2.9758004786125785,3.2527682584950948,0.18507292528221636,4.827792503189132,0.023572811546979034,0.0044071919074932416
shallow_squat_3.mp4,chair,shallow_squat,372,170.96605649783768,166.12082783498641,139.62116132913363,132.19573478344208,160.32862547156302,157.76853085789077,0.32733047417992467,1.75603159905068,3.315690537791005,2.598403667707006,5.871561973372543,6.6990772910626974,0.04865451408470323,0.06474093204602975
shallow_squat_3.mp4,chair,shallow_squat,378,173.10600344520265,166.08940187609036,138.44358536028457,129.49900568548264,160.27345055632122,155.26328130058866,0.14350021650281664,1.5282058015376085,4.0265222538810335,2.3068810751265185,7.276917806948957,7.804543995850428,0.09273883393905062,0.208533832700838
shallow_squat_3.mp4,chair,shallow_squat,384,173.78232079591626,166.1165837680628,138.99600641547514,127.2364869893975,158.92714786759885,154.08828887191555,0.1370913626844796,1.4064819282748215,4.730430639050575,2.4741485317471494,6.694404581235728,7.091887651213415,0.14607931389879542,0.21445120866255357
shallow_squat_3.mp4,chair,shallow_squat,390,177.4311264131917,162.85488891430552,139.8314405728456,125.24681128244384,161.42617951331658,155.36170483771494,0.4614226297523523,4.207759435054342,4.0316441326327945,2.3740010019375672,4.5384738018575455,7.743058669299615,0.09292300583249899,0.1981141907741505
shallow_squat_3.mp4,chair,shallow_squat,396,169.54372768255345,156.85703958106282,139.88102302053537,125.62223702876253,160.85466657897607,154.0648887367547,0.5570827418990952,4.172772287995327,4.2242901002425555,2.342157740520848,9.13244475977253,12.275633100094755,0.14598151803423462,0.40171986653894853
shallow_squat_3.mp4,chair,shallow_squat,402,161.30845391194768,154.13318944019633,133.90944099760603,121.64844774557785,156.94538818746852,151.63947750384864,0.7980551103929929,2.7943952817636477,4.781663498027515,2.1896314089741793,10.877692412446388,12.447460169688808,0.3248335166288182,0.43070769767258443
shallow_squat_3.mp4,chair,shallow_squat,408,159.74057107567083,154.8371504303833,133.44976369985343,123.07190251874513,155.3731106938299,150.21345883139278,0.6624657307949979,2.426422374875241,5.643411971765484,1.4858219100117627,10.491003188958649,11.623398628061022,0.48885319897787227,0.6990887154834686
shallow_squat_3.mp4,chair,shallow_squat,414,162.05650476149032,153.90517015321376,132.80372543966175,122.96936924358658,155.31206863441403,149.6029089235286,0.5451625159211312,2.3205859495480943,5.916475500085696,1.4532627012485149,10.343045850357758,11.263688620524228,0.5299923671896818,0.7106969342085878
shallow_squat_3.mp4,chair,shallow_squat,420,159.88485024662862,151.79735973919304,131.76943268257162,122.14231027797092,154.41790270426353,148.9203517041385,0.43490064633459047,2.1163954922194175,6.11926867895648,1.5810219319573573,9.422334267939888,10.194449137237953,0.5038797005779087,0.6351974619223811
shallow_squat_3.mp4,chair,shallow_squat,426,161.9027557815267,149.60948041334933,127.82691829174166,113.18101201349724,155.49148278511078,148.00778204059318,0.5895903689390908,2.1695154700528017,4.955707000913965,3.114882442136603,9.396984508606232,10.256749930104595,0.1933522570329578,0.2593103311652269
shallow_squat_3.mp4,chair,shallow_squat,432,159.4211525032041,148.95448053308203,129.70816920617736,118.34043319818812,156.29004577018526,151.13823074366076,0.654573779330813,2.107751936071457,4.687228995928901,3.203046893678358,9.46539450326932,10.419493928131526,0.1762430135720674,0.19131868573745503
shallow_squat_3.mp4,chair,shallow_squat,438,164.44521568144825,149.33050741514788,133.7216800192146,121.6287526224621,158.79737968698672,153.4370938516292,0.7904149973798456,2.3858415964381625,4.373579433024252,3.6255729650867314,11.759950780390845,12.969286876974838,0.10285300635103262,0.12568607170951018
shallow_squat_3.mp4,chair,shallow_squat,444,164.31681986069512,149.70363817124263,132.73223198094792,118.62639602277997,157.70476649552953,151.78339908909905,0.7651538481584963,2.301006302311019,4.670647115176027,3.120939471389495,11.11435123413143,12.177461470498157,0.2493298402154572,0.2011801913035755
shallow_squat_3.mp4,chair,shallow_squat,450,160.09100641762726,150.13542106329336,130.9720192804597,118.7119670675184,157.08434824055212,151.61889083559535,0.7937415354062316,2.2928818639115196,4.525251654342182,3.0456207118345504,10.788621196557852,11.815303361794093,0.19767325841404412,0.22017269856254107
shallow_squat_3.mp4,chair,shallow_squat,456,163.4394652694064,149.37518945342808,132.54187379996628,121.65853753143446,158.07828518430094,153.64870847511477,0.5937908544029615,2.652466663155387,4.381530814448176,3.37878533236997,11.135651106238658,12.644195686954667,0.11748942946211141,0.18168862460622262
shallow_squat_3.mp4,chair,shallow_squat,462,163.861088163287,148.6957936721995,131.3260454204264,117.61953782397227,157.76466147071216,151.78260747850993,0.9756890930564658,2.8895547167442883,4.3391317822501225,3.4986925670013225,11.86578029412152,13.511511219844401,0.06969560201687838,0.19851836614714613
shallow_squat_3.mp4,chair,shallow_squat,468,158.0864583521441,150.579778326194,132.9533586091306,115.21725978376509,155.3481125991072,148.72696575695065,0.6988440324569054,2.452920301290197,5.539302629170558,2.0981923168726473,10.639867135882456,11.984141887304649,0.538097615295855,0.37972520734856147
shallow_squat_3.mp4,chair,shallow_squat,474,163.77029007967064,155.76778727868847,127.18724843942537,110.67007298816112,149.2296401946527,143.91280050483488,0.5908046277410687,2.1588974834554104,6.931467456293578,1.080817180559866,8.833043734368442,9.779220463090061,0.7413055180882853,0.5240913002248329
shallow_squat_3.mp4,chair,shallow_squat,480,160.68078052177668,154.47419232478384,124.18660150968718,107.81068592900826,144.12557555047917,138.94534800454198,0.40815800241233186,1.8970721677100482,8.28283487569884,0.6035741691102897,7.887732239117875,8.5695706452787,1.0450055933137035,0.7070715344293652
shallow_squat_3.mp4,chair,shallow_squat,486,157.31088213703765,152.0433420805144,126.86380273377591,113.82649218872137,146.22149707693487,141.4204061060585,0.5771776347592358,2.406880103191917,8.392677511341606,0.34678257213638797,9.547462895430876,10.535973203611427,1.1965533304317841,0.9182425247829485
shallow_squat_3.mp4,chair,shallow_squat,492,157.03875380734056,152.23432458247288,128.81121904518528,116.97557015133587,146.8264897981657,142.29029455748108,0.3868190419030525,2.061050808715963,8.331941204964112,0.8134702900047254,7.688129021657733,8.520729188372306,1.0242868274512589,0.7923686079941517
shallow_squat_3.mp4,chair,shallow_squat,498,155.7242294233651,151.95479366484508,130.4849083079622,116.4739107373275,148.90778346118722,142.4731219253449,0.5007734946129392,2.163176650226449,8.129770475722408,0.11226532424794011,8.59582188495778,9.518681096961332,0.9980151845619389,0.8146605194252162
shallow_squat_3.mp4,chair,shallow_squat,504,158.37741244292204,154.7330404900158,129.6520948087292,112.77158287381985,147.78791919308503,140.32077293760042,0.3758039166285977,2.102567629447615,8.173521503144626,0.5795620484737624,8.840280628493865,9.671513987379841,1.1125841065985065,0.8640172524284533
shallow_squat_3.mp4,chair,shallow_squat,510,160.14523805683186,156.53870474206258,126.68531980109157,111.38306281456401,146.55583287714813,139.0502675214343,0.4806199784821327,1.9432773780377246,8.22561023317372,0.352879494534315,8.377609455061291,9.06085420806968,1.0085768586723618,0.8348236553796903
shallow_squat_3.mp4,chair,shallow_squat,516,161.61847496736974,156.47001015238234,129.3533245874807,117.92323671649929,144.8803633680686,140.12759097305735,0.4067987337176128,1.917306292783465,9.00986734752757,0.8382019180054451,7.718813393210782,8.478074826567621,1.0953188250877786,0.8785355244716263
shallow_squat_3.mp4,chair,shallow_squat,522,162.93678164232367,156.11541719346303,130.9632927172973,117.94518680637263,146.37720589177056,139.66808500257773,0.4049283142999583,2.1599178740432046,9.413338175970233,1.3654494062392892,7.437317772276374,8.411614466602897,1.1612418571247796,1.0149266713924714
shallow_squat_3.mp4,chair,shallow_squat,528,161.10809638655704,155.8855832853499,132.73290068688067,120.88809180514146,146.22086203981593,140.59337935089482,0.35734331088826926,2.4551387186009253,9.631840174557988,2.0031828863487915,7.339896468979443,8.575855225058042,1.2658542294434587,1.163675703556744
shallow_squat_3.mp4,chair,shallow_squat,534,163.53629124495964,156.97921160926808,134.72928064999485,122.2274380346496,145.73165118682672,140.27069668944415,0.3376133710604422,2.177278439727749,10.234054446993097,2.511496385962349,7.110671770113805,8.069722954539744,1.3406203734241497,1.2188853023203126
shallow_squat_3.mp4,chair,shallow_squat,540,165.44771032502078,159.15553758194034,144.52958241026133,130.89867498671657,149.76342864983636,143.39080739852423,0.3500696481274452,1.856531462743577,10.825136941299922,2.8938344092948776,6.88640460240747,7.53752599606534,1.3907609071755804,1.1663716380353726
shallow_squat_3.mp4,chair,shallow_squat,546,164.70772215475117,159.4381713130661,147.36710143431864,132.4470803873847,150.23985704740582,142.54253121451146,0.4059204846693394,2.0563119462486217,11.161116068010076,3.4391135331665397,7.343912785166268,8.154760435093486,1.6277244023762587,1.3880594411194864
shallow_squat_3.mp4,chair,shallow_squat,552,166.53181317807284,161.49147312228538,145.39280132665982,128.34537934276946,147.07994572613902,136.0927378926557,0.380026228471517,1.9512648370432752,12.990383733975419,4.518279436001762,7.100775239631155,7.832352616643767,1.7106498174216145,1.799228030037093
shallow_squat_3.mp4,chair,shallow_squat,558,166.8996562934456,160.17544602848616,153.5452427157178,132.7648506591175,146.60290717685555,137.37084269275317,0.4385924722010588,1.8644158301766893,14.101488966802002,5.846797910339346,6.866308918671892,7.468277586141449,2.0786481825308414,1.8042644958854022
shallow_squat_3.mp4,chair,shallow_squat,564,166.04956079979928,160.58228021161324,150.25270171339866,130.0630208259453,143.70142519967843,133.5988167834977,0.5398204578325693,1.93054890603493,14.561266463787915,6.964509845878306,6.4549511943840585,7.198109795935873,2.0931783125049788,1.9702953791928646
shallow_squat_3.mp4,chair,shallow_squat,570,161.7459050324862,163.00210411724072,138.4907841894498,128.88601003373856,135.3215198491257,133.5986886093075,0.6089515267015922,2.035067154846703,13.550757748383976,7.815692124409686,5.96859262780369,6.8192608369784695,1.9650046386419424,1.7857096359409959
shallow_squat_3.mp4,chair,shallow_squat,576,160.25982931831604,161.1206157465436,140.23023583246783,126.35632291878005,137.08940212318993,132.11783978798482,0.8199020245942009,2.5073215486481324,12.92836645604932,7.9819504630215885,7.090017788271929,8.380914454603667,2.2407614072818998,2.039157551119211
shallow_squat_3.mp4,chair,shallow_squat,582,160.65906045428275,160.3336259016017,136.0660866042213,120.07478094610579,139.1109433372601,131.511841648267,0.9328799352189617,2.4482223916647077,11.347521315780991,7.29276116351419,8.37759353424266,9.510063099852543,2.2821368367329473,2.103904057426034
shallow_squat_3.mp4,chair,shallow_squat,588,160.26673915479313,159.34249967531304,135.52494403074962,121.2473662374705,139.6601546983771,132.37529607085122,1.2247167805087713,2.6869814622136032,10.849847416528045,6.859710022903619,10.714994953878163,11.962780714597036,2.724855673817445,2.6029641235010446
shallow_squat_3.mp4,chair,shallow_squat,594,161.37122369260544,158.99329701735635,139.33370051334396,118.80315251355249,141.67979719506553,131.00555886123178,1.3555108074498268,2.785849251543677,10.963159251824813,6.973175434078966,11.96142503846,13.296530257359386,3.083680211106419,2.921589154526795
shallow_squat_3.mp4,chair,shallow_squat,600,163.35255875774146,157.36026774318304,144.44621088660978,123.06518485590334,146.14834041513015,134.36487229103304,1.1145854722285733,2.2557207313117327,10.606130143818426,6.284435007103808,9.666782116786584,10.607883698561881,2.396445458038877,2.2782909607158603
shallow_squat_3.mp4,chair,shallow_squat,606,163.56625401307764,155.86631896299647,142.86195569441335,124.47958230517615,146.16964003182275,136.51875423515892,1.0417669877875615,2.373166961816102,8.834818626918514,6.342829293443336,9.851632720095811,11.02710639445726,2.224768056848373,2.0347572990254745
shallow_squat_3.mp4,chair,shallow_squat,612,159.15569981996916,157.79412883147774,146.0832833689685,123.55544346495729,150.33558441958027,136.89019885629247,0.7374504220240056,2.267294322381208,7.469891534616149,6.105792132112518,9.472023954707439,10.725692746602748,1.8036909026530357,1.8064583004273003
shallow_squat_3.mp4,chair,shallow_squat,618,160.54418147496867,156.27315812026188,149.98385570950248,129.32580312536206,154.57779897257018,142.0405683279569,0.6213103466063623,1.7345487897230398,6.027405070762853,5.521108118524429,7.169716996086492,8.092090981285237,1.1816764040710657,1.1451046739129607
shallow_squat_3.mp4,chair,shallow_squat,624,158.9807108056922,156.7369626423469,140.66480391721677,122.41204021134386,151.41440827207592,140.70927029737436,0.5511267001885934,1.7981345964159474,5.392228692531819,5.118516024871176,8.522616083462449,9.454590440959349,1.220120598728921,1.1770790551605466
shallow_squat_3.mp4,chair,shallow_squat,630,158.16989985394127,157.37058577504743,141.19831297558136,121.34352008046842,152.2228666891115,140.600740696883,0.4675423237834916,1.6236602278796055,4.9696768047158315,5.367329983410218,7.303538455621217,8.207687605764606,0.9907459634107562,1.0311690781401863
shallow_squat_3.mp4,chair,shallow_squat,636,158.57386263092988,156.31804093461867,141.94716671983596,122.29230860913705,152.23776256726828,141.8855972229114,0.4364032835254237,1.7447890471248915,5.08360060430201,5.0018997588380625,6.9913195430085535,7.947959796725266,0.9755946501946,0.9205671646703887
shallow_squat_3.mp4,chair,shallow_squat,642,155.96491618839116,153.04749980001952,140.41530772346877,121.84311972397872,150.7517931491542,141.50431741567877,0.7147324795356935,1.7561486810260032,5.527851552039436,4.763005215338582,7.550530457265852,8.500992191811617,1.0405521101671775,0.9893336473422488
shallow_squat_3.mp4,chair,shallow_squat,648,154.85708676582547,151.3557798057938,141.1890586499151,125.04873328000353,148.6625563846341,142.15375057566328,0.7645166116027471,1.7793635595132509,5.5893728247446175,5.297304221905474,7.87017425192661,8.944020497137206,1.1970566013529755,1.087182053949271
shallow_squat_3.mp4,chair,shallow_squat,654,156.7418026135443,151.55392236593593,140.31117448027723,124.55127351063055,149.56471608229143,143.46904640471084,1.150272758938881,1.5043344467808157,5.064204502225277,4.352500262406371,6.486715745529272,7.31710547790134,0.8535289380408562,0.752320901090642
shallow_squat_3.mp4,chair,shallow_squat,660,160.5643253661157,153.2097190958291,140.46780232794413,127.84908337397178,150.46342576102197,145.3177346219189,1.3766570627751766,1.581895475204418,5.568273083813403,3.5089041519147703,6.458938052616552,7.2989255238974255,0.7934564324202499,0.7256617698947218
shallow_squat_3.mp4,chair,shallow_squat,666,162.2019898922747,158.36113019368204,145.17849019588363,129.1955489916263,151.8121925127178,145.8236965764991,0.8058325186338045,1.2115860217647305,6.051992199793827,3.294797344434289,5.015841589626942,5.5034113808980445,0.646604482742349,0.5406080548097013
shallow_squat_3.mp4,chair,shallow_squat,672,164.11906346076503,158.6211259259149,147.5175361948611,130.6339458361221,152.8783557043111,146.54457806044485,0.6778307006199653,1.328287581942903,6.413041489450036,3.125212268555581,4.74183273631425,5.277384801421289,0.6411893472349274,0.5106856978409217
shallow_squat_3.mp4,chair,shallow_squat,678,165.5259932610541,161.22983444560953,145.3922737157252,128.92234412878216,151.9676545594239,144.64780018060668,0.4823624921452886,1.6345983481758382,7.180691652571322,3.5343547616064543,5.948602599179438,6.691296666496371,0.8883568157823238,0.731420073605237
shallow_squat_3.mp4,chair,shallow_squat,684,166.15516824439194,162.0091901211059,140.82410041560962,123.28617637842287,150.47939520925792,141.7248630985721,0.6334453028452371,1.6428537798011082,7.811717024717087,3.1040136301336756,6.64890040408716,7.280343561931155,0.9337607831969875,0.8210806149905322
shallow_squat_3.mp4,chair,shallow_squat,690,166.60406525485317,162.80251453396687,138.30066892745813,122.84104863758864,147.55614067869539,140.80601699078343,1.1620985406042215,1.7635587358500346,8.38190444385948,2.977722139568915,6.971985130551682,7.601453484863681,0.9810420389735861,0.938620396777193
shallow_squat_3.mp4,chair,shallow_squat,696,166.037669214533,162.4848620228254,139.96875288432895,123.52734478743739,148.40398459757606,141.4628371480421,0.6771975785992035,1.6492786840586173,8.568969210776785,3.2593452985393694,6.287885328888362,6.80270062188508,0.9678568060709529,0.8874489772938444
shallow_squat_3.mp4,chair,shallow_squat,702,167.53571503643607,162.51621918869463,146.44223376232256,133.67835444197578,152.05793332379196,146.2245807170742,0.5485038392368539,1.7916375178756003,8.634868201694086,2.9228911215588527,5.5656192970373795,6.233615117722496,0.8726352465504931,0.8245198026505387
shallow_squat_3.mp4,chair,shallow_squat,708,167.9881879469305,158.821560682726,145.1294933712519,134.27461928404085,153.88257207013524,147.09045095936273,0.4232393797761131,1.5362765305015933,8.329083044331933,2.3509516934434234,5.856764480732986,6.303873484987191,0.8263406966738205,0.8454039705243636
shallow_squat_3.mp4,chair,shallow_squat,714,167.88801869311854,160.13284468782487,148.21208307514354,134.68104704613282,157.3353402530434,147.70082988930426,0.41287424086099556,1.6909427835194937,7.7570818222850555,1.7177134255045363,6.213094524993654,6.800714301419591,0.716314669949993,0.8333697823523567
shallow_squat_3.mp4,chair,shallow_squat,720,167.94178096397658,161.49397176809234,150.79499482118675,138.85927822682663,158.835250526555,150.50576996146083,0.3257187627713809,1.8091259149500478,7.419835096485638,1.5533567428220223,6.554675162767287,7.204452173305422,0.7247134062192803,0.8257717260843489
shallow_squat_3.mp4,chair,shallow_squat,726,173.84330252728162,160.84793195609305,146.39339448869325,135.88340611114668,157.00712907215637,149.46335056102492,0.2721356132284747,1.755576192596218,7.232952669982166,1.4538984832042414,6.300359508603919,7.002129351389584,0.6822931338853666,0.7804318013418331
shallow_squat_3.mp4,chair,shallow_squat,732,168.4362614719825,161.10925375565168,145.23987211504686,135.97731847251632,156.49311440488418,150.1354556235137,0.24902752252615534,1.9398013892370471,7.286003762139839,1.271866446902867,6.7937554241706,7.5506746850769115,0.7330910290381449,0.7927314953050476
shallow_squat_3.mp4,chair,shallow_squat,738,169.87532283014488,158.63393585616606,142.36245728061093,127.96760374158374,154.66692521698357,145.23117772559445,0.28224482868525275,2.580115902653164,7.609114804495868,1.3847108559117345,6.811132494300545,8.3089221619923,0.8227527744100774,0.9457678770902536
shallow_squat_3.mp4,chair,shallow_squat,744,165.12282993547362,159.17131407603424,139.15816773186984,121.60802281000655,152.94840376765237,142.04991371917075,0.48393920288364844,2.6185615256648407,7.817828131723596,1.7002460330680653,8.553528953413013,9.9474039029933,1.037786316386629,1.0974011035717166
shallow_squat_3.mp4,chair,shallow_squat,750,162.68427706574505,159.95184937088206,137.53305851078542,119.00506972903096,148.702682087892,138.7082948845464,0.5617942057043559,2.478777761452613,8.680450289662744,2.801966986178993,8.72009248193068,9.881733060824212,1.3231801551735356,1.14160469688354
shallow_squat_3.mp4,chair,shallow_squat,756,162.37851628335167,155.6668813620989,137.2385790366073,117.20556092010227,147.26735662082314,135.3215165897197,0.9592856369324911,3.099662657018612,9.430158405215998,2.7259102320055812,9.011925947211362,10.920267305544474,1.4314195870346096,1.4172422732451861
shallow_squat_3.mp4,chair,shallow_squat,762,154.8404731331434,155.7543641303255,129.16498469491577,111.66865329371673,143.68643758108257,134.6520390911105,1.6109887696833687,3.5619400354820403,9.786934017588687,2.0047617745150457,11.20025328428179,13.387387968426196,1.6907725872255028,1.677246278392375
shallow_squat_3.mp4,chair,shallow_squat,768,156.69199550685832,155.47414127987955,129.25321297188006,112.92815527360574,142.30811552378535,135.48600003793052,1.1840681850082877,3.089297474683139,10.131804169596432,2.8491168251872026,10.139289048399919,11.943454007900463,1.7897834209292747,1.5094945416174699
shallow_squat_3.mp4,chair,shallow_squat,774,158.94972196366672,155.54676378259302,127.90000684762202,108.81581464640787,141.79436382895136,133.73695401882273,1.1760188663296955,2.5427132168666433,10.142705832452805,2.2548104217730045,8.713043095854715,10.075063477532128,1.4359048870699667,1.260984705163421
shallow_squat_3.mp4,chair,shallow_squat,780,155.4611643715347,154.95320465182093,129.89216513649814,114.71242122018481,143.1755866301332,137.22274834843302,1.1664406650538988,2.5225033744036867,10.245588943763446,1.7640633045690373,7.8837635438487625,9.244750204120551,1.304657730415809,1.142663388364522
shallow_squat_3.mp4,chair,shallow_squat,786,157.84959592389245,156.04890316848324,128.61144118707477,116.36503096462563,142.16449064810243,137.46964741790472,1.329045786591702,2.169574413043037,10.548743905595718,1.8789019784335563,8.08585254854802,9.123845806392954,1.2789246224821438,1.2067209932068843
shallow_squat_3.mp4,chair,shallow_squat,792,161.87466344545862,156.81840388746517,130.91567280471608,116.86997582853814,144.05464684962146,138.31659936442577,1.205244017577127,2.403410434327816,10.547479500617268,2.3351232159100297,8.275892411891846,9.507093359512693,1.4198887432671972,1.2744143243102746
shallow_squat_3.mp4,chair,shallow_squat,798,160.23183135270764,156.67275785405852,123.29757160944784,110.07478663341927,140.30068042922719,135.3885568651806,0.7926918225707961,2.0992659559552087,10.34268250023361,2.4931448371429874,7.667303243439466,8.540090888866551,1.333510172084081,1.1713964594580664
shallow_squat_3.mp4,chair,shallow_squat,804,160.25867319781858,158.65272886885342,129.59443157738707,115.62038064196263,143.03705109419184,138.2948016132663,0.9116094580186964,2.0320806808867524,10.358548151217054,1.8639534524948593,7.657923174898959,8.42757818322125,1.2826284787236735,1.0836706506355827
shallow_squat_3.mp4,chair,shallow_squat,810,161.57594113191462,159.7587087777047,132.81514275224552,116.4476542166133,145.49113940156673,138.47984101844403,0.8510882231693323,2.2240335858618443,10.363607078775908,1.4658759695161552,7.847827176391632,8.753298605726744,1.2893255024126689,1.094095499165717
shallow_squat_3.mp4,chair,shallow_squat,816,164.42137029349988,159.56286148435711,133.61853963849418,117.7514917781929,142.2116834802444,136.5681900717345,0.7813319737125365,2.2596736433386813,11.191233923754803,2.749123250097508,7.332843531877667,8.248622548490248,1.452609070602296,1.2625873118404525
shallow_squat_3.mp4,chair,shallow_squat,822,159.47336729097304,158.4464955862929,135.4098394144143,120.13812482904277,142.08742729472576,135.66268114075584,1.1564768565551116,2.3169408345838627,12.145782816143946,3.2402444404340423,7.356597323098099,8.290488442690787,1.5812368949423574,1.4402361621933621
shallow_squat_3.mp4,chair,shallow_squat,828,159.45367642111458,157.47226852198037,136.9917762534134,121.56289262233099,140.93887062678058,133.6593473825328,1.0781050768899514,2.4579151649943785,12.80622611569367,4.487829876910054,7.288960987079603,8.299502730505868,1.7832046500479415,1.7006134967702795
shallow_squat_3.mp4,chair,shallow_squat,834,164.22675298051308,159.81287803883103,133.39203643463122,117.64485547431657,135.10749200680237,130.51416077056223,1.2840628225658783,2.4563606552917547,12.71883813584619,5.723406645923385,7.240311406147164,8.297786550313473,1.9615218383202973,1.741560194501055
shallow_squat_3.mp4,chair,shallow_squat,840,163.5619178704623,160.0801966427417,132.15749840982068,116.23978363874409,135.33517102374083,130.02322746291622,1.5858112684447927,2.308203724195027,11.925808450616604,5.814347891514646,7.353481973235346,8.425543761142903,1.8602342281263977,1.6867575644742483
shallow_squat_3.mp4,chair,shallow_squat,846,162.2322862576171,159.67595910079385,135.4218544766663,117.38332781214606,140.12174102680643,131.96836589186347,1.370252286988475,2.437148864700949,11.709717480925692,5.76727376547693,7.149061107520564,8.421177236841327,1.8244613373635652,1.6742532654521836
shallow_squat_3.mp4,chair,shallow_squat,852,163.93638366270326,161.61706869800477,135.38450527903586,116.21004070798132,139.35137154269975,132.34771930938257,1.3938184951318948,2.478979776997358,10.774716580079797,5.560025073235889,7.61654995831238,8.972987209994633,1.8180244201822358,1.494533850845065
shallow_squat_3.mp4,chair,shallow_squat,858,164.92592168363757,161.28277086479375,142.32349594091698,118.93666118702103,143.574124026541,134.7131834415074,1.427369297062751,2.7011692319836897,10.16847798360719,5.238522869533282,8.3446898381995,9.989882490369865,1.8414238166455277,1.4761665487122027
shallow_squat_3.mp4,chair,shallow_squat,864,165.3445592743561,160.7685938781446,144.9202618852766,120.28444333249021,146.22559396791866,135.76153118744193,1.450717364949203,2.6069233331236386,10.023427946642512,4.918074859815999,8.665738615148442,10.203118630668913,1.7813672327092362,1.550542729201192
shallow_squat_3.mp4,chair,shallow_squat,870,164.83491824400474,160.31204058332588,138.15539793747504,120.75463946922994,140.55229637638632,135.82857812957744,1.333123680949786,2.7487186281967255,10.183813901373195,5.324316338078034,8.95892032427704,10.562853382709951,1.943069442394302,1.633558598083257
shallow_squat_3.mp4,chair,shallow_squat,876,166.32720130613828,161.573090605637,136.35035234879453,122.4764712494861,140.44659124376705,137.56662100440354,1.7705645006405584,2.0095219752129005,9.789481465441934,4.9139549987660605,7.140329489862468,7.967385451927323,1.3762228018539966,1.2443831456333674
shallow_squat_3.mp4,chair,shallow_squat,882,168.70339076263676,161.68206515266607,131.47080116971622,128.47963029258085,141.48557012697617,140.94661186625945,2.982840297194034,2.1673315031639477,9.48111602140008,3.548800468565943,7.180425365618567,8.302927869044456,1.0134337643640963,1.232318104895694
shallow_squat_3.mp4,chair,shallow_squat,888,167.23096752955448,160.13952678714637,143.78228259479488,131.53237475242378,149.17566255199466,142.89832089855386,1.0237230927949474,1.7635905560288399,9.328309426999494,3.32725723842989,7.181221985737539,7.824567003154167,1.0886096046017384,1.170569014671139
shallow_squat_3.mp4,chair,shallow_squat,894,166.39120919825433,160.27061780723366,149.03730958114437,134.19792843902556,152.25558652465628,144.00026323662803,0.7270124370824308,1.7304240626860334,9.76040354820725,3.078375978121402,6.687771398836492,7.247037185043842,1.090136519666677,1.139167732188023
shallow_squat_3.mp4,chair,shallow_squat,900,163.2973288562884,158.45637886568463,156.87632699294275,140.28291243330568,155.6962314057751,146.42539463202695,0.6123938971947642,1.8248641757205464,9.963485745298179,3.210351062350628,6.586747068075585,7.217277982616472,1.1596273206707222,1.1714056620484494
shallow_squat_4.mp4,chair,shallow_squat,6,164.40423152180358,174.0686983978274,160.390010975498,157.4257035769531,166.2340434030537,163.4924493489003,0.2373861662272877,0.6971368273646261,2.0930725317554852,2.3276721908397366,4.397279074515031,4.288186925297978,0.1992468124667477,0.3135645413166276
shallow_squat_4.mp4,chair,shallow_squat,12,171.08620301084812,159.0692394717512,157.85150803514207,158.10114690274673,162.4390251941243,160.33959290774317,0.29410620432757856,0.8310780600938819,3.8169063731738553,3.7670283425038504,4.591694360579064,4.845798582545008,0.4046031426559457,0.6142110655031666
shallow_squat_4.mp4,chair,shallow_squat,18,176.1062997440842,169.33116592223473,155.28053609406135,158.09139882247055,162.1561879896812,160.90329354791186,0.23600661409723495,0.640210367644648,3.825775722380323,2.9714191071043383,4.329952596963525,4.145269127594337,0.28178489513475535,0.4886934670627787
shallow_squat_4.mp4,chair,shallow_squat,24,176.3232656690584,179.09447549878084,152.8591532657249,153.28522317814043,162.37321539075896,161.74435729159993,0.339519038530862,0.7827202043438102,3.4442698587588354,1.4273464617200136,5.138091871602145,5.164070348568486,0.2485392021687539,0.41411900807382834
shallow_squat_4.mp4,chair,shallow_squat,30,171.68938971115062,178.5731973573843,151.80915219217408,150.1581257615307,163.44297338735885,161.59349359506518,0.36505896522613274,0.8262939064999714,3.20825697813347,0.356161364185653,5.60781096374921,5.699729319031985,0.16763403694467024,0.34776976203165083
shallow_squat_4.mp4,chair,shallow_squat,36,168.08593232436507,178.9872049281466,154.9961026397396,147.04284611602748,166.19243817126969,159.64550039127408,0.23529170673211944,0.6817162891328465,2.609356166453846,0.06690271873434692,4.587854035433573,4.44150319767819,0.046058643912667806,0.25667550372859305
shallow_squat_4.mp4,chair,shallow_squat,42,169.65234746738253,177.89809368649256,152.89855406551848,143.98917089320727,164.47896647263357,157.17378859442414,0.36228096146369976,0.5817092510784587,3.11723344393753,0.12116055306303138,4.645180823993765,4.409233944654549,0.0625840656171278,0.2912577626673084
shallow_squat_4.mp4,chair,shallow_squat,48,171.19617426460144,178.1710250052347,151.629038252394,148.32524625166096,163.32660332789067,157.93723684942387,0.34324702520846057,0.5079763216395884,4.119637284959621,0.035435808828755105,4.481620318575834,4.256296344219324,0.08709930763239271,0.35110789333267167
shallow_squat_4.mp4,chair,shallow_squat,54,168.95607318310635,176.26028554510327,153.58638753043715,150.87827542228047,165.14534992628327,160.33122490820753,0.33388251203227115,0.5466160810251138,3.2996906172957927,0.060646180319632884,3.907263954670341,3.7422046858916245,0.051815594545424094,0.27161246674261663
shallow_squat_4.mp4,chair,shallow_squat,60,171.06913240153946,175.872132228685,156.57586381373395,152.91437363385955,165.81257067618986,160.32046008378907,0.1881937070546623,0.5922257464580657,3.660371237020203,0.47465232408414393,3.8796007354840207,3.7466955402308217,0.08930309313679782,0.3023763387474164
shallow_squat_4.mp4,chair,shallow_squat,66,178.29254845670937,165.65911764655823,155.15581088551363,150.36151579577952,164.53395869596554,157.31501442178632,0.21390774510559366,0.6571275761377957,4.312731082272473,0.7577622212916664,4.579331535883086,4.421425479559726,0.11720025488584403,0.44327161532396714
shallow_squat_4.mp4,chair,shallow_squat,72,178.007986568557,167.3332128451197,150.0713114154803,146.33867943325623,163.21868590781514,156.95710931169765,0.39364559918585584,0.9088103815702268,3.8684701556657464,0.2641805334891874,5.2252811377259665,5.154982305432703,0.07156385947210835,0.4910769711394335
shallow_squat_4.mp4,chair,shallow_squat,78,173.57291498696225,161.52216673817273,142.01544273649287,140.49665085835818,159.661424108661,155.8620594140115,0.8105604478471764,1.5371905476895447,3.1483443337150683,0.016100770913419014,8.538593764918247,9.021785684541666,0.07426365084724378,0.6657486721381302
shallow_squat_4.mp4,chair,shallow_squat,84,169.36716038689156,160.33253413037423,141.36212970002342,140.74481068191554,160.29769840172415,158.80853328016997,1.0755797446714597,1.5290986106626179,2.859115091977876,0.7988105943245303,7.309710576956046,8.014625056946876,0.045877227037036,0.38325975123972644
shallow_squat_4.mp4,chair,shallow_squat,90,167.31868083323624,155.19088705313482,143.8327631563447,141.11404595992147,161.8828194517811,158.76675445403998,0.7875310824875859,1.3418569536724714,2.9765914057455056,1.069426231014673,6.17943882340431,6.747387317510986,0.02236771698755555,0.32830323915133114
shallow_squat_4.mp4,chair,shallow_squat,96,169.8654374215526,156.03205873718665,144.5329857383776,139.3807804405632,162.75084707185746,158.82929502204118,0.7234225700956394,1.5859461945777855,3.2352631201297553,1.7408725724401424,6.96254537487225,7.816238081464599,0.002538610554643443,0.31581130130478363
shallow_squat_4.mp4,chair,shallow_squat,102,171.52253238132332,157.65995395350632,142.30680473978163,139.6097461447211,162.9845602288777,159.51501836492645,0.6641505156126136,1.768241980245586,3.2099598514996575,2.7396922116470557,7.551632444454523,8.44112760243703,0.16541660766826968,0.27000750232970444
shallow_squat_4.mp4,chair,shallow_squat,108,171.88953850409644,160.49895245454633,142.91363592931827,139.45515385801164,163.40296173369234,159.3801638628296,1.0569911945249895,2.308663822616728,2.891579912158963,2.276120704977602,11.0307447058068,12.22006137864376,0.21721572282916843,0.4225279307414732
shallow_squat_4.mp4,chair,shallow_squat,114,174.69074470954337,164.27911871665998,140.19978410588234,139.3975200821702,161.75073540022458,159.87473604275357,0.8172875605478257,1.7410654981597387,2.385679884217389,1.8712166821332028,10.401917073618907,11.077720730257422,0.16768802885352077,0.3168289609122024
shallow_squat_4.mp4,chair,shallow_squat,120,177.9214857621096,161.5697448275943,139.53066357276188,137.01459842969297,161.0339949861946,158.84673854940743,0.48311643786791,1.3915335474231731,2.264872499077703,1.66689580446528,8.581211739077313,8.973425355101991,0.13099475014823286,0.26774775371012033
shallow_squat_4.mp4,chair,shallow_squat,126,175.39373405027888,160.73351952586364,139.07888353854787,134.2451241163329,162.82937464960958,159.16146655910399,0.3662745132560071,1.6360565406660967,1.3518669713004334,1.8937363311899373,9.086691762693054,9.676852114512023,0.27763180715674446,0.14414761534582005
shallow_squat_4.mp4,chair,shallow_squat,132,176.25706039690928,163.3147113135265,133.14467850613346,127.37888645898676,162.9793097264784,159.02611959934464,0.4736572777214237,2.198876448857659,0.7105704467594661,4.174589173581704,10.733185233892744,11.847732610361122,0.7498054924914697,0.271973973635611
shallow_squat_4.mp4,chair,shallow_squat,138,172.380374231801,163.86272552886132,133.4202128156154,126.67842214456799,164.1746582637891,160.91634024176835,0.286252001041847,2.192423261855543,0.29990263930839006,4.648917186977747,10.884038761079449,12.019072919747149,0.8920353367571235,0.5754903873937088
shallow_squat_4.mp4,chair,shallow_squat,144,171.3314907344419,162.55437458619187,132.8832356212025,126.85120223684225,164.62938781048118,161.4890180271192,0.3767858801476988,2.063501977739844,0.36458913217774847,5.028689558316305,10.606473983572824,11.641142685762498,0.9061322864699713,0.6044978521589118
shallow_squat_4.mp4,chair,shallow_squat,150,172.5309931211438,163.10946437347852,133.2842062568826,127.99627109011419,164.98635499305493,162.56328268268277,0.4167198349957087,1.997240366729834,0.4457213501929903,5.1676741926175875,10.474675727340006,11.405584562313866,0.9171061251273908,0.6597821615576054
shallow_squat_4.mp4,chair,shallow_squat,156,173.36836691530928,162.0014726204771,133.12770236921384,127.51066492836121,164.89645524345337,162.6087813367414,0.46113526190461646,1.8330691922401678,0.4490790468919462,5.123007819992876,10.638204984705759,11.384345416472847,0.8887172623032362,0.6888835724758312
shallow_squat_4.mp4,chair,shallow_squat,162,173.266321108115,161.09049357770755,133.46815511621233,128.47159186807505,164.96854521618954,162.76201396618,0.4354393920159712,1.9113815188705696,0.4825994323015539,4.875333953547331,10.493380295617174,11.323224951825633,0.8724376860628189,0.6318846632338699
shallow_squat_4.mp4,chair,shallow_squat,168,173.05123422644354,161.9295183855433,132.90402759583594,125.86794264129044,164.7286989517498,161.3130967562796,0.3960730294177936,1.8606934263866655,0.35615152553266477,4.970372861901924,10.031764980980034,10.8410675256651,0.8078587703255965,0.5718769600092312
shallow_squat_4.mp4,chair,shallow_squat,174,172.98522769900154,160.72432043015635,129.4169295773915,126.49920890921503,163.44866966282018,162.40388545147556,0.3193464068650799,1.6626274538535684,0.821648870551832,4.938897583608726,8.967508296723254,9.57346474633176,0.7643037686741389,0.5558202495277467
shallow_squat_4.mp4,chair,shallow_squat,180,172.93949023676603,161.30297861348748,129.88916786165902,124.04975906158364,163.88342396611344,161.59561579253202,0.2658586183464796,1.3638462650377907,1.0434290868753915,4.801609687851242,8.35822349746664,8.69342601017217,0.6718871434794708,0.5376757432716652
shallow_squat_4.mp4,chair,shallow_squat,186,174.65909149728765,164.91720317735405,133.27893462264518,125.5049582863262,163.24034843578278,161.38295458072847,0.2510096188803878,1.002302914381769,0.5377396266693143,4.172447460322132,7.8299074056662645,7.903662062160221,0.48919198572791756,0.4014931399003043
shallow_squat_4.mp4,chair,shallow_squat,192,177.85893081212086,167.5946980640224,134.47177633896646,126.60308110849516,163.20863491780307,161.82887009503682,0.400985165520866,1.3136242184989135,0.34401291808322254,3.753066980262492,8.552588194124569,8.939748832156974,0.4046036053646998,0.4199795135213783
shallow_squat_4.mp4,chair,shallow_squat,198,178.40275266165855,169.24171712028092,135.414517147319,126.37213931875098,162.83545235030067,160.3236329141838,0.23409943969815028,1.5966645514311095,0.0712314651866909,3.204675999309171,6.815585466406379,7.500790179949227,0.27194613881666363,0.28672380336622105
shallow_squat_4.mp4,chair,shallow_squat,204,147.93387079967616,171.1648146864035,136.00689300645325,126.22012649894629,162.23772955251175,159.2787126265657,0.1533409057365788,4.588381771888825,0.1516976953615862,3.017066854585252,2.2967592758732587,5.944599445157817,0.20582520431023196,0.17620575463614746
shallow_squat_4.mp4,chair,shallow_squat,210,176.8625403471325,171.82562035855557,135.33607821433185,125.47595157256674,162.48185387640868,158.83588710035895,0.18667047829902222,1.8638369354962903,0.22781306873716833,3.593929824634308,4.711283791530905,5.684119805225985,0.2510371578995207,0.179977591537865
shallow_squat_4.mp4,chair,shallow_squat,216,173.14571933905248,170.91119220674912,140.15115012439807,126.62555212050285,164.0022967527176,158.57378520827157,0.19393332700992624,1.7354208747519682,0.6112489513197847,2.3366541813502373,3.850146358752154,4.694088868700128,0.14837981953021648,0.02514303728253538
shallow_squat_4.mp4,chair,shallow_squat,222,164.6405657043249,169.70715845141888,140.6971371973869,127.62678525180542,163.442210807967,158.20777089929322,0.13616793609461694,2.6407555879850677,0.7589136925810188,1.8597438654680871,3.1551251491308605,4.953711438329165,0.12499140914874148,0.007673052281132056
shallow_squat_4.mp4,chair,shallow_squat,228,176.671687259932,169.0141671222303,137.28438801085312,126.93029622903832,162.05232698465431,158.1116293294656,0.10085634723598823,1.4151534614601484,0.735935839077159,2.0126014502221543,4.56087537285587,5.112503450011727,0.14670134013534308,0.004816733305276059
shallow_squat_4.mp4,chair,shallow_squat,234,171.41007435984466,166.79228173798273,136.8918224455602,127.14327944206214,162.30663833313344,158.66784631357865,0.14082446833078927,3.706414381939246,0.4654927952568387,2.2741210373143566,2.2844457209220717,5.089711955376216,0.18197019323400085,0.02425551696055734
shallow_squat_4.mp4,chair,shallow_squat,240,174.46534370460574,164.56093155273322,135.2442289540627,127.87836350021652,163.69985931281312,159.7134541464395,0.4289015595182158,1.2686983265402676,0.01798039656368452,3.446858137599157,6.914149675043833,7.279321467569326,0.41645534005187534,0.19993129431808535
shallow_squat_4.mp4,chair,shallow_squat,246,177.72818622975205,162.74456172769337,132.9117543852531,125.78611731310266,163.09508264590147,158.9149085924149,0.23046720625102154,0.7387061181737695,0.2254085614147772,3.5692732450364804,7.141789815790161,6.890071236050687,0.4128248712962211,0.15643149804986586
shallow_squat_4.mp4,chair,shallow_squat,252,178.31694706054986,164.56405816576756,134.0687747460814,127.00878683285228,163.29286962420574,159.23806408337725,0.3582942488778987,1.4260194252664558,0.15050387341116991,3.1540344384892576,10.84489961153114,11.214014262017395,0.5833658223747176,0.23331139862004738
shallow_squat_4.mp4,chair,shallow_squat,258,175.01996847216634,160.91079737972746,135.49321545206132,126.31101816729915,164.4172279063667,159.4261501296794,0.4028164276170904,1.554637850083732,0.2507925615494584,3.359861314342081,13.24146913517624,13.583573717949681,0.8291881451882964,0.4372762174052734
shallow_squat_4.mp4,chair,shallow_squat,264,174.39270160852408,158.97482849850408,134.5686015684799,125.30804024380613,164.25791790181157,158.6718862131613,0.13149210214822132,1.4901401170137154,0.0171039634819617,3.6006790511794997,9.918688918680619,10.42576408409613,0.6643632569141311,0.31385847643986964
shallow_squat_4.mp4,chair,shallow_squat,270,173.6924554820926,158.80506043070395,135.56583217409536,125.55048560521361,165.00744603816923,159.37665888023588,0.1345315870970064,1.7298081757040253,0.4165835743293064,3.7158017414740105,10.428357034468377,11.167659447693314,0.7493226157270098,0.42898943878503365
shallow_squat_4.mp4,chair,shallow_squat,276,172.99865485533596,162.0597660736739,134.7131032580904,126.03412283389305,164.81472534211142,160.38636620187225,0.07286446734747601,1.6170486866706972,0.5229782163975176,4.002500215347229,8.965805341167183,9.698286506020738,0.6562761974286649,0.4222737216437131
shallow_squat_4.mp4,chair,shallow_squat,282,172.8963945072122,161.72123662846045,134.87787682431812,125.35365439821848,165.1160184793557,160.11844925011573,0.12801167515223388,1.7417945488068372,0.46821744562096584,3.7281332256107786,8.237282369166566,8.979993596892735,0.5782835048134443,0.32621174129058034
shallow_squat_4.mp4,chair,shallow_squat,288,173.3640276719336,161.11389157405102,133.24159192336668,125.74268657168359,165.5238162012108,161.66214473961165,0.07364928537735868,1.8390051793031161,0.885299053980278,4.33900032773839,9.331373139319004,10.14120368615907,0.7924974532423774,0.4775894048094144
shallow_squat_4.mp4,chair,shallow_squat,294,171.76928572200524,159.82441283057022,132.48630063058616,123.27611221432007,165.08298230603037,161.00671767196974,0.1941649514237554,1.8211230930147195,1.0155861276033396,4.643032616612911,9.787174790429331,10.585853385270665,0.8231231157587305,0.614115846378459
shallow_squat_4.mp4,chair,shallow_squat,300,174.53272798640927,161.12926694956087,132.345799629589,123.00105630147448,165.25277503146785,160.2012532990131,0.18664270109530962,1.6275545205279274,1.0989819663754596,4.616849382123953,8.883418930641229,9.634779536504952,0.7694479879811158,0.5561511967413529
shallow_squat_4.mp4,chair,shallow_squat,306,175.85077171243623,162.64449257994642,132.02656473189293,121.47169674667731,165.40503515609092,160.3643728443502,0.19221763281864976,1.4613183478277572,1.0776226903573536,4.689406169726308,8.408817455769745,9.061472192759176,0.7098684026618026,0.5364165080336492
shallow_squat_4.mp4,chair,shallow_squat,312,175.1379289742575,162.40779593272117,130.6288741231403,120.97891241706566,165.0236334605664,160.19267080242167,0.21899185971718418,1.3500707718141844,1.118094408723468,4.86033961488914,8.285720593416926,8.855484303789853,0.7557429054534966,0.5493700697145295
shallow_squat_4.mp4,chair,shallow_squat,318,174.4637816016186,163.25427387752293,130.43116709447642,121.84015664157654,164.68549072505033,159.93758908709273,0.15404085396193118,1.410366043377833,0.7872806950918486,4.866618617243911,7.026695684126719,7.655551207570598,0.6098885479348849,0.43924727325648305
shallow_squat_4.mp4,chair,shallow_squat,324,173.61418577240133,163.1474782913,130.11848642020536,121.22268864888835,163.47557719624484,159.75343060955223,0.2247625483903613,1.1813671953362035,0.6317342917844081,4.709856693563674,6.470650836365405,6.84183755305492,0.5174621935677374,0.40457513320970756
shallow_squat_4.mp4,chair,shallow_squat,330,173.17832016100513,162.70654851614682,131.90670985103134,124.0309973455219,164.6107576131084,161.1845057557209,0.09870543136661045,1.2659666513144459,0.9484850905771476,4.568989066326527,7.061619196192266,7.502293226875756,0.5900707834599832,0.4497520897354225
shallow_squat_4.mp4,chair,shallow_squat,336,173.2301034305331,162.66892657120636,130.77381541384094,123.55615570951166,164.51422666234558,160.94433483301532,0.0905633825518908,1.2669774385136245,1.0584245578911051,4.957352564227017,7.472928835249828,7.913804178074761,0.6935194739155772,0.5011193149977973
shallow_squat_4.mp4,chair,shallow_squat,342,174.42808793124658,163.6409891624248,134.89637599571589,125.56811701382797,166.787786978311,161.87625149087793,0.08511428924748536,1.3678594844925018,1.0816337164828955,5.069955705993728,7.3036125905966625,7.843656688444813,0.6837007694562468,0.4976488649480694
shallow_squat_4.mp4,chair,shallow_squat,348,170.6015756450398,164.20930855176104,133.94023877162167,126.6627739558679,165.6272692619757,162.07768146204526,0.12028578414539826,1.275472961738925,0.8620955700882653,4.801652032657517,8.31516868356587,8.780976776671624,0.6833260710101864,0.4833082798953367
shallow_squat_4.mp4,chair,shallow_squat,354,169.85004761542643,162.88012655384034,136.8114459983689,131.27686593255217,165.89098566560983,162.235159836416,0.16991089430821943,1.5485841331266792,0.5739399687302981,3.9933273660859085,7.818813083898693,8.470374147547682,0.6331008807736019,0.30831398391448966
shallow_squat_4.mp4,chair,shallow_squat,360,172.10912068036276,161.3553776362963,142.85582613487148,139.82891237732338,168.63194193474067,165.67232233221668,0.3506846981050818,1.6617181565926455,0.7172318653569407,4.101301854653642,8.883582353836406,9.525436407699475,0.7993909290073196,0.41492262984584977
shallow_squat_4.mp4,chair,shallow_squat,366,167.50247386380295,160.06961088376394,149.3972229763664,145.6706796130447,170.6003252137633,165.85981189443154,0.5494840134403989,1.6485085004294437,0.18523436883245717,3.401179818636864,6.149652421948015,6.832773569488922,0.5373122625965047,0.15984853158230394
shallow_squat_4.mp4,chair,shallow_squat,372,172.99916515746025,162.76410246288043,152.452604513383,147.27531545519307,172.2534756808055,166.4692669468977,0.6420389915083752,1.5107474607491231,0.04143733621785242,3.550790759251118,8.046255504878474,8.602402814844082,0.6593333019202118,0.18936041039949605
shallow_squat_4.mp4,chair,shallow_squat,378,175.20816784835526,161.36849214633824,152.20990022436587,148.15090414042035,171.9242481610289,166.36824912123586,0.6555048396783805,1.5225843439244529,0.6177284279471711,3.8840962108471913,8.004212045760891,8.675044216341457,0.6329306113950989,0.14010101371503153
shallow_squat_4.mp4,chair,shallow_squat,384,172.07984223732058,162.10491262246612,150.8533637935933,147.6301723003752,171.8172234535484,166.9662098756022,0.6864089829674077,1.921349699610759,0.6103955040634991,4.294851677971582,8.57828790257474,9.515630662301541,0.7212383968285648,0.23539940589394162
shallow_squat_4.mp4,chair,shallow_squat,390,172.16519106819226,162.42370629572932,139.61662940434576,133.90729926008308,165.80366654617762,160.9238886624078,0.7660060025369861,1.7262801133067265,0.7085677622267171,4.583799821890159,10.642214913228209,11.405167340749841,0.8045303872665975,0.3566905913691694
shallow_squat_4.mp4,chair,shallow_squat,396,169.08103420488266,162.02954165156083,132.5508892955101,124.9187318322584,161.07005995159406,156.66632707923114,0.1078279106581601,1.5632033158542713,2.3333757081430573,3.9003365546830957,8.02751611556802,8.696999820827159,0.15776089373472482,0.17598095886479986
shallow_squat_4.mp4,chair,shallow_squat,402,169.96419770033827,160.7133402612068,137.11024741016598,115.07330263809557,161.77369417307506,149.2377200910555,0.3573466483727631,1.6181131715118082,4.758068536934007,4.1375500413935224,7.675068602833366,8.435462903273955,0.03852786516903166,0.1560512439634575
shallow_squat_4.mp4,chair,shallow_squat,408,172.6421174121133,162.23106164537185,125.52537679581044,114.68231861148836,150.89579989879104,144.73334636308795,0.6911714258313594,2.145352812196576,5.951961688793138,2.089206541637579,10.816421502170176,11.99545676978973,0.3721532220695898,0.6898535283287439
shallow_squat_4.mp4,chair,shallow_squat,414,172.53233429380063,162.60172498950175,125.44850808536249,112.02458530387372,147.0137926229074,141.7344396002362,0.6925342725760976,2.193180869265506,6.847537198475902,0.20822318665807898,10.512319187884852,11.75070363981076,0.8545741405563754,0.9344523105988517
shallow_squat_4.mp4,chair,shallow_squat,420,172.5719789246411,162.21866681296433,123.31281907612644,113.95875453882321,145.06499900470249,141.7234500743877,1.1870019164083008,2.3401330312377424,7.22052935097097,0.839109257689687,11.383247286381792,12.703878246326589,1.1003264785815097,1.1950503702872421
shallow_squat_4.mp4,chair,shallow_squat,426,171.7858855252523,161.10063799311078,127.35569970933848,115.1496781800271,147.5567236097392,142.222621078376,0.9660429844463279,2.5527619139825215,7.345888397258001,0.5213330000476132,12.395887524919482,13.90444116536663,1.139997929328627,1.3224990604998725
shallow_squat_4.mp4,chair,shallow_squat,432,163.15494516252676,158.99103683522097,128.3323194012185,116.20649559630343,146.92238615043095,142.71952113888116,0.7633692631278362,2.3056674194263165,8.086973184399184,0.6828909777775813,11.305186656500059,12.532081946356435,1.1921905482305055,1.2723260062120536
shallow_squat_4.mp4,chair,shallow_squat,438,162.57764610337284,157.43239508413387,129.1647198870109,117.08015546429979,147.28930133130058,141.8670189962881,0.5474103403098693,1.9718636548596147,8.81030533208349,0.27868196623712593,10.139196580803508,11.066639619073424,0.9650146956983994,1.1737873733995523
shallow_squat_4.mp4,chair,shallow_squat,444,160.7279806994408,153.71002505085335,130.9069258424779,113.54700658438387,148.14093563553146,138.93777194427554,0.7250144672146689,2.4642885007032613,9.690481581173962,0.4937930953582497,9.501783439494028,10.958606238177932,1.0405672945634015,1.3132084256677707
shallow_squat_4.mp4,chair,shallow_squat,450,159.772751113056,152.69326435770162,124.76507014849538,111.0353375290841,144.52344890543998,137.53809465787955,0.7219986169755283,2.88021779002285,10.024383375004879,0.5778381890535935,10.263738394950062,12.109736725198944,1.2040185866172055,1.4924587732027352
shallow_squat_4.mp4,chair,shallow_squat,456,162.70042121326026,154.7812700266271,120.89619771452239,106.39684314832724,141.78072632903988,134.90848697956432,0.8929665573079498,3.2488162940455707,10.591856151463942,0.13653055914024625,10.554494747662181,12.852902398353953,1.4492164044485583,1.6110877848702814
shallow_squat_4.mp4,chair,shallow_squat,462,164.860644564995,158.11363566362482,122.32064980631829,107.15682112758739,141.21082413147099,134.87866972572724,0.9734502486637662,2.663262069200013,10.60068620723474,0.2805097118391095,10.067355075902743,11.63237910073273,1.4216543689399908,1.5226317240739806
shallow_squat_4.mp4,chair,shallow_squat,468,166.5154533040547,158.59425576665683,118.93597510455535,105.06268860910183,142.07371697632604,134.6498753736564,1.1611267208721117,2.6442309730045537,10.627694045924603,0.9968759007091754,11.112070151839573,12.678198740579987,1.27272490149965,1.541235537452725
shallow_squat_4.mp4,chair,shallow_squat,474,166.68526415700597,159.01849280913277,121.65657773660699,106.54452697276446,142.0946353639185,134.48673339295667,1.0557094955746524,2.596339687077297,10.117377640786062,0.6306562007769289,11.567597088623911,13.025463661067247,1.5422078480017944,1.716957878131196
shallow_squat_4.mp4,chair,shallow_squat,480,165.4673109763216,158.3294560184358,121.86532633821305,106.24731971653746,143.2323143168435,134.55292609663508,0.978461712326781,2.012659687595957,9.951306686239981,0.44135976876878247,12.214213859696365,13.163326077957603,1.4517650074233461,1.6852217411426178
shallow_squat_4.mp4,chair,shallow_squat,486,165.89644140411616,158.9490157522658,121.04121556569567,106.77626869339754,142.06535620103637,134.35128728027266,1.1431738910005342,2.1586696304515676,10.219625543819719,1.3835261521381008,12.176543292486418,13.313392626759343,1.622276503080437,1.8599308966735149
shallow_squat_4.mp4,chair,shallow_squat,492,168.64469372981048,157.43568849460448,123.21591565978747,109.98850777551594,142.35255245595178,135.6970274836822,1.0587104484886618,1.8200113113299154,10.14709544804178,1.558691434604666,11.457252436103742,12.307091652108724,1.5608447544253519,1.6915686741677527
shallow_squat_4.mp4,chair,shallow_squat,498,169.99599156681973,163.34935069145428,121.83414132678598,108.90491877205626,143.1666290216366,135.75191381764,0.8699966044902147,2.379611527560798,10.544637901475136,0.27527629830404404,10.105047200746178,11.474552358939409,1.2933304951678517,1.4771254612513607
shallow_squat_4.mp4,chair,shallow_squat,504,171.9851481250128,163.9672439905424,121.87211005855927,108.73572365521981,143.75761336371863,136.01132072671916,0.8535229007952572,2.005268179650248,10.357662583976174,0.40009750231595503,8.187133213761394,9.171859708339056,0.9209875617784193,1.1135550500394007
shallow_squat_4.mp4,chair,shallow_squat,510,171.66851475938103,165.2100665750306,121.54510961963291,107.52559532677631,143.29640584117487,135.15226463091696,0.954804608623849,2.363327490690051,10.446233506480041,0.19902603611702707,9.310148130262887,10.650052429990188,1.0932908797565062,1.2982631198083219
shallow_squat_4.mp4,chair,shallow_squat,516,172.87039166006417,164.47291394968968,123.52053099903803,109.46246683156386,142.93480521632958,136.21653704826014,0.798708093460272,2.402523541692834,10.420317227762313,0.10910611798810839,8.37478643023814,9.760453377889256,1.0392303074452216,1.177438284468439
shallow_squat_4.mp4,chair,shallow_squat,522,170.930668396945,163.4983937898511,122.31859758523646,108.71178084858647,143.8669365264856,137.3756835615716,0.9006451539769476,2.3474033947164954,10.304803721738052,0.6797845362069598,10.106885154818881,11.388326208429506,1.1104107205912044,1.2827419027378233
shallow_squat_4.mp4,chair,shallow_squat,528,170.7567644569771,161.25359245300407,123.32788194763671,108.59609837220366,142.18816276696106,136.2802034851349,0.4968879710626533,2.469408021839285,10.405177737540885,0.6348222810387301,9.074964274635024,10.513509258838027,1.2896158132311928,1.2546592230558413
shallow_squat_4.mp4,chair,shallow_squat,534,171.49363111234243,161.51360047848868,122.20105515405506,109.24178120538649,144.02413238268204,137.50907655547846,0.7473178039508171,2.3377636173454412,10.200432970584327,0.7816678581898453,9.763467358344748,11.095555224896703,1.0525361313927002,1.2833576673978755
shallow_squat_4.mp4,chair,shallow_squat,540,170.59348193954207,161.99107254123209,119.00031003516236,107.57647461737788,141.7244980080073,135.70432054495623,0.5860816528734583,1.9460995646675614,10.293266125726685,0.551997045805426,8.995528024597355,9.963592809141444,1.038737201565012,1.17542296465103
shallow_squat_4.mp4,chair,shallow_squat,546,168.09134477257967,160.03318296138963,123.3047494587802,111.37840775627635,144.75884929868892,138.80923936963654,0.8108314603704936,2.4100866773977625,9.48567478231719,0.4583853760118306,9.169043483556896,10.564054915667308,1.0218690352062316,1.1697062369449844
shallow_squat_4.mp4,chair,shallow_squat,552,170.18302034939398,162.91770657468024,124.4012546248495,116.31725958892939,146.73845884732333,143.00042524856292,0.877713090549968,2.0986634319757282,8.084875865045857,0.6985513349649819,9.51560992900566,10.574457547459973,0.8669935526354273,1.023077588588684
shallow_squat_4.mp4,chair,shallow_squat,558,171.54145571248435,163.31716702346847,124.64875946626124,118.52722655539104,148.2390233560167,146.32607844406272,0.8187605792924959,2.3829177531986425,7.45619728824809,1.7686051355171981,9.903617423118527,11.261586694956376,0.6864011599460196,0.8145045403752351
shallow_squat_4.mp4,chair,shallow_squat,564,173.2502338516332,160.69756617186707,126.18342110411737,120.32115190769466,149.2488831624932,148.2785618906786,0.7301537845118504,2.3478837704184676,6.674651410444952,1.3898431853877173,8.907881658848332,10.19925351343553,0.6066759322796287,0.6946511380046883
shallow_squat_4.mp4,chair,shallow_squat,570,168.76030122234562,159.48403406479923,128.58327045090573,122.6748908862693,152.16679832760968,150.30629770671746,0.4958208923082752,1.92674558044042,5.904675960981567,2.0149452804279986,9.23625210238561,10.092117512313386,0.34663451523254857,0.6119934594380229
shallow_squat_4.mp4,chair,shallow_squat,576,168.17555026821668,159.70513910211855,129.15298110920102,123.48014121289572,153.8629288406118,151.29874961074884,0.2436769884174615,1.7480855976413776,5.717391692514928,2.7781122040638144,9.001489914341017,9.686767742917302,0.15912013561194194,0.5530238482856611
shallow_squat_4.mp4,chair,shallow_squat,582,168.97457684276776,160.78128748911573,128.8298255723669,123.41851365818752,153.64403008233893,152.34745432323464,0.3908032865543198,1.6957131465001096,5.507417502380186,3.2019315978132434,9.566380997416253,10.201586680196616,0.1522273181430276,0.4338749554361915
shallow_squat_4.mp4,chair,shallow_squat,588,159.43204657821758,158.7541252609777,129.76092069187024,120.87406170685199,153.83320373886548,150.3907601313631,0.5197484856393298,1.9600789488742214,5.097940406766835,2.787267145619649,9.516676849627542,10.410654003283298,0.1779889968630557,0.4287682561244423
shallow_squat_4.mp4,chair,shallow_squat,594,168.86621586506044,164.13904616235644,129.51121472223963,120.236303507211,153.85621259508355,150.7459665692258,0.12857792061948495,1.8783338488712569,4.840865783954828,2.4022802769893676,9.753947686210351,10.547615212318815,0.19080720457308908,0.47251668465209806
shallow_squat_4.mp4,chair,shallow_squat,600,170.0829968637817,163.29217497720907,128.85889607401953,119.63174219828976,153.83547213896608,150.6810749994617,0.30726507831546623,1.8170206065640833,4.766470448281646,2.3703632950167393,9.633986888932158,10.370275194165654,0.21720744768331157,0.4120347363376793
shallow_squat_4.mp4,chair,shallow_squat,606,168.73225096815426,161.2050996733594,128.9997739494504,124.32360671789472,154.19092953495345,153.19984159458303,0.3943791386792788,1.7982593228785866,4.279032611205371,2.183773728484913,9.546075494874332,10.254636825752222,0.10890590379168696,0.43548494794329484
shallow_squat_4.mp4,chair,shallow_squat,612,164.72937704593016,158.31529957889526,128.6548487344624,121.24607715466887,153.45035651049656,151.2906596116843,0.40154915959898385,2.3878605019660406,4.673427063360503,2.2752376701534724,12.17256097197591,13.640400540853497,0.20699528602785486,0.6460379042603189
shallow_squat_4.mp4,chair,shallow_squat,618,171.66473836603308,164.3746067952091,130.25090688835016,120.71989796045304,154.17915061087126,150.75150896484436,0.35275608191186136,1.8480237654603635,4.292342115644764,2.1691567152910376,12.048249855521805,13.004868967939757,0.1841003681491699,0.5578358915404604
shallow_squat_4.mp4,chair,shallow_squat,624,171.8270391032908,163.70719854942993,129.26220603231943,121.10560200544332,154.46500163813164,151.2824327800084,0.3693910373211492,1.6843165065868824,4.229672304759256,2.8880030379211075,12.315944947219908,13.117864492829906,0.021549840768023104,0.4277732586443722
shallow_squat_4.mp4,chair,shallow_squat,630,170.56463549250446,163.05627688643,130.4119693704526,123.41547337755405,154.1885409471638,152.72384206467288,0.37343476278135695,1.6956344742345624,4.284055664151176,2.3118586471922153,11.166733373828645,11.952569434573354,0.13052751777626295,0.46380799763281805
shallow_squat_4.mp4,chair,shallow_squat,636,174.09318012336877,163.41570513776406,128.8302785754339,123.64195903228739,153.6616921456488,152.96287462487467,0.44831274494550366,1.8740300459460344,4.0580323856658005,2.2833629876879824,11.415228389762094,12.332179947185562,0.15154430966301252,0.39714269868424124
shallow_squat_4.mp4,chair,shallow_squat,642,172.6829163106464,163.1655040955294,129.71708445519297,124.38011012768693,155.80744896484495,154.29103268381562,0.5775450987755086,1.5998170608549247,3.9465194357024136,3.2785144212094472,12.331423117758659,12.957880627014655,0.1245808870640863,0.3385566545646041
shallow_squat_4.mp4,chair,shallow_squat,648,173.0014828656798,161.57276908733033,130.0123498549916,125.43662674171446,155.2383666678325,154.14909460646908,0.4515894795405543,1.5829503980840938,3.9817875537251046,2.7407567501180954,13.157469188552096,13.739184011260548,0.05475695708156768,0.5002161346238623
shallow_squat_4.mp4,chair,shallow_squat,654,172.81535712315025,161.73466811857594,131.74423218058374,128.66983422413202,155.7306561344293,155.44127506721003,0.43581195748825086,1.449221125383962,3.938874664658803,2.2680591691882745,11.52656384992055,11.928919819063891,0.031248702010124856,0.5141266162347313
shallow_squat_4.mp4,chair,shallow_squat,660,174.54347943688873,160.75606490012817,132.73081310734568,128.97209364829627,156.7625591201775,155.305806755606,0.5116232976312972,1.6845252052074278,3.8416083059169353,2.2832181101144617,11.454470875021263,12.100039416607025,0.014473289629920874,0.5002389460010118
shallow_squat_4.mp4,chair,shallow_squat,666,174.8396283259311,163.63773168846643,137.7708182712818,135.3911843111244,158.69541972193147,156.95273523715827,0.49421552462992546,1.975042208710411,4.113579854705928,2.541560096045583,11.155259190727417,12.03058305356673,0.0014478922277702077,0.5253435050582446
shallow_squat_4.mp4,chair,shallow_squat,672,162.07307269843741,159.1088740883317,142.27369463108883,143.44934397574076,161.65894547165692,160.98396067458756,0.6968186229079363,2.388899735342051,4.376633403789529,2.9324395920483877,10.65002063110734,11.969834837623823,0.03757727054843055,0.525053709204427
shallow_squat_4.mp4,chair,shallow_squat,678,165.3527622338773,160.127288577707,143.04162714719928,143.33525171935392,162.27831351950826,161.05271029914195,0.8248158579344108,2.0232028806152957,4.262004657397937,3.0622438227524693,10.849207740465996,11.767461641676087,0.0927769990371414,0.5028268463338073
shallow_squat_4.mp4,chair,shallow_squat,684,164.31263696573157,160.98135256980555,144.018004822947,143.91222941399525,163.6507944116491,160.91234425414524,1.0851091147711387,1.859791995676906,4.04953273097967,3.2709805779328844,11.128273683280684,11.850970182154844,0.2852565029074459,0.5622437108948186
shallow_squat_4.mp4,chair,shallow_squat,690,170.96695003559967,162.12147223843743,143.713866617794,144.63854182874238,163.2768323561896,162.15211666436923,0.98416461132443,2.567355246869705,4.048641623806437,3.436053200974669,11.931960602511666,13.444669595129533,0.20087749109186648,0.4232815835244442
shallow_squat_4.mp4,chair,shallow_squat,696,172.7522303840785,164.04848433404155,142.35401081537577,143.99184795482816,162.88641110160856,161.60751054519517,0.8860355954172007,1.7547305536460163,4.234749507799044,3.6065827826779255,10.852285320793612,11.55627540688288,0.2057165040817179,0.39906282503867835
shallow_squat_4.mp4,chair,shallow_squat,702,170.86635477020528,159.4099677183441,143.0025454339769,142.10713600183837,163.33430876768074,160.1618226279894,0.7198289882750727,1.7463651094293917,4.521268655720998,3.5509921148493806,7.730720077938659,8.422177619057013,0.13511358230642023,0.3513098802527653
shallow_squat_4.mp4,chair,shallow_squat,708,165.67199501726856,158.2777549328515,143.83325621930047,141.60345244009943,163.2825804080974,160.1456851848294,0.7779636582317515,2.3957964559301916,4.731690128783354,3.6621947256470393,8.711421066500728,10.079816435660346,0.09593219259448922,0.36264017916092955
shallow_squat_4.mp4,chair,shallow_squat,714,168.69701475120002,159.8043279162655,144.65797765265296,140.1003331386442,163.10001515167448,158.97131798624073,0.6127455978227127,1.7759139566516178,5.025528335357313,3.4462385365231025,7.358018857009654,8.10820995871834,0.009002732471928033,0.3287424181819253
shallow_squat_4.mp4,chair,shallow_squat,720,171.01977671705032,159.3749485444615,142.97402895650737,139.66537082884045,162.51082946194342,159.75957022684022,0.6101571052664617,1.9455037817064311,4.770388316490829,3.507703540125801,7.369576172924183,8.271987554623104,0.019880854115649223,0.2794175121435812
shallow_squat_4.mp4,chair,shallow_squat,726,169.1482732938187,159.93585992509156,141.65372220481487,138.8825202969848,161.56250742256347,158.70212949595467,0.5323392972389913,1.9619180826117983,5.027557802376604,3.537763655023405,7.915816966463161,8.807502704044287,0.0026568379525068915,0.3321722747408947
shallow_squat_4.mp4,chair,shallow_squat,732,169.41994021691386,159.73883658604115,141.10364891939187,137.9768365732801,161.20149399205818,158.710692361491,0.7754843468673128,2.310260789639229,4.825119269012426,3.5902437839427397,10.259998739937927,11.507127618965901,0.001039902586337224,0.3611474941641246
shallow_squat_4.mp4,chair,shallow_squat,738,166.82196286558766,159.03479084514848,138.29141957690743,130.6164251267368,158.79081896832557,155.38672661891493,0.4761337566333728,2.0606600314968935,5.2950353557130025,3.437098441777503,10.292941042574782,11.265239616634183,0.13948838473924668,0.3816619513193413
shallow_squat_4.mp4,chair,shallow_squat,744,165.49332398510046,158.25503483885043,132.0444209188789,124.53523871575865,154.533595744861,151.83061253816248,0.48449019679707617,1.703819768917148,5.416316650312567,3.344085905055544,8.434224645356046,9.051048356336688,0.1462817134736372,0.31539302702879574
shallow_squat_4.mp4,chair,shallow_squat,750,165.49029273415545,159.9799389498422,129.67299787229913,117.40469995947643,153.6239914944758,148.63895929358085,0.4956255203206138,2.2804766292417615,5.396246128336226,2.534506853015811,9.790080943191462,11.096526354233019,0.2525725085775423,0.49719818204055016
shallow_squat_4.mp4,chair,shallow_squat,756,165.10565293182543,155.95573437279606,126.01353260103946,115.23557609567742,151.65282668926838,147.58221519354865,0.26738601723330535,2.01804901290987,6.2353455433200535,3.173355969219677,8.23484835180803,9.303036177016445,0.2536616249023968,0.425733733043189
shallow_squat_4.mp4,chair,shallow_squat,762,165.8633111001105,156.16616975201674,126.8245704450319,116.12205643197659,151.0218928381889,147.28550942619154,0.5090536192088202,2.201545567936635,6.720614454631231,2.4270053800116145,9.4784890297394,10.66707581985131,0.46252897614871097,0.6184040793693731
shallow_squat_4.mp4,chair,shallow_squat,768,166.3922850493459,161.07677513615357,125.6605665390472,115.12562550343748,151.40522049951616,147.8405395480196,0.6079464387884594,2.169484186009237,6.237770884942749,3.304589890184461,10.444764790973906,11.530871773377498,0.34736103006761676,0.45180731364722143
shallow_squat_4.mp4,chair,shallow_squat,774,169.31374570187836,160.03672410839062,125.56871497210861,117.08197898754366,151.26499381004902,149.1371367741204,0.6352330603870018,2.2035523037722373,5.804605061304918,2.7312074274336187,10.952258694712562,12.093107225172202,0.4023401325959895,0.4723685782816623
shallow_squat_4.mp4,chair,shallow_squat,780,169.26233528315834,160.1053319139737,125.93810613052334,118.7560397946182,151.2738079465814,149.68772888103518,0.7491674238581074,2.713394995599625,5.89888091820996,2.6915286860076337,13.419086893179568,15.059476893942351,0.5056518501715583,0.6062908403542988
shallow_squat_4.mp4,chair,shallow_squat,786,167.82562220455713,158.7361662593731,124.70769797018549,115.95354414560684,150.30499063706645,148.49118486078174,0.8388716663360586,2.7137360815611418,5.888212491342007,2.7322347548386245,15.09344548765655,16.67199245603937,0.5169885045409128,0.6932805549540645
shallow_squat_4.mp4,chair,shallow_squat,792,166.15878826191167,159.04122420120603,123.04319950732584,112.38754665715592,148.0392220835669,145.67782037258982,0.43826378151470824,2.5228523318927505,6.026934316498988,1.3596972932308846,14.030670490865253,15.474073394929965,0.7360066015098201,0.882225806349431
shallow_squat_4.mp4,chair,shallow_squat,798,167.83093165854999,158.13877289933083,119.46907720506373,108.84852109939473,145.47175071453933,142.94911609005015,0.5717904813872227,2.0543122210265463,6.370692444893603,0.7890014155486917,10.361651413916066,11.438582105699526,0.7418423383961034,0.7126346689929635
shallow_squat_4.mp4,chair,shallow_squat,804,163.6136886107201,155.89641600260396,119.42950293614891,108.56572191812326,145.73028814682803,142.28290281844724,0.4412502084624601,2.1921636363395214,6.531501703982322,0.8644090794481225,10.386774204954714,11.580964268785783,0.737686874349781,0.7613876816450788
shallow_squat_4.mp4,chair,shallow_squat,810,166.17857804364326,156.12050365984717,122.25388894531757,113.10055663550253,145.78899244930852,143.6135829945276,0.43598892477832135,2.412601943785684,6.733197307489304,0.3295251972815886,10.72770402942636,12.090357278750508,0.8115027113908638,0.9383609762138648
shallow_squat_4.mp4,chair,shallow_squat,816,169.70634744081738,157.5397406899861,120.3002571921854,114.30852596640516,145.7326310240652,143.77896555677978,1.2303505741443894,2.727947531624371,6.532310492743951,0.3457693049653719,11.689913264816353,13.34571668059644,0.8363435766159195,1.0353632043462604
shallow_squat_4.mp4,chair,shallow_squat,822,168.16823751103965,159.59519284600037,121.1288725625646,111.82373754290342,147.00566437273935,142.52514611157582,0.7841420419249857,2.2385165428085205,6.444133169150578,0.2538212515250381,10.123824551429903,11.356445721154696,0.6968231750087257,0.9311455903859558
shallow_squat_4.mp4,chair,shallow_squat,828,170.03924645782544,163.94789501495526,121.99672060993811,115.43344969900859,148.0600169850232,145.73366701418084,0.8457025340351341,2.255786543725186,5.895424014356259,0.6040559159303615,11.324872471473274,12.53678381535442,0.6888209061901512,0.8730225678415734
shallow_squat_4.mp4,chair,shallow_squat,834,167.16190281402913,163.7233869846154,123.5176136303436,117.51644154661508,149.50536587433376,148.13787831884923,0.8351541398622457,2.1832625557306646,5.597120581161011,1.7426003276478146,11.726041439009846,12.909127993904772,0.4899915967387792,0.6418053700671187
shallow_squat_4.mp4,chair,shallow_squat,840,171.1040433778514,162.37913065534312,128.31476300280482,125.41281095590237,152.87609496457333,152.46925942355844,0.8273302056437335,2.5768714564613853,5.030799797974324,1.9888569210721685,13.308253930215123,14.847316451254859,0.3904280906539343,0.6988712892913106
shallow_squat_4.mp4,chair,shallow_squat,846,172.49381750264743,161.41736953268088,132.54876741035608,134.82906699991548,155.97360435753043,156.08655516256425,1.1085693184925167,2.2717966739673585,4.419003449734517,2.0167192977952677,12.687916273544941,13.882674086830052,0.10869798715583433,0.7387142363935671
shallow_squat_4.mp4,chair,shallow_squat,852,172.235740204231,160.40872540309223,133.71825291680125,136.90269634142211,158.34105878009495,157.61663566383527,0.9431778029360226,2.2447229737197185,3.9013270963884037,2.7081356348817582,15.631826765351288,16.810088562878068,0.3091846947234338,0.8320767359558372
shallow_squat_4.mp4,chair,shallow_squat,858,169.83514747337588,163.10679697981377,136.82898315438354,136.85359069979575,160.5786895412798,158.26617917539033,0.8359983034470536,3.3619779561725505,3.6998699525373864,2.92011239507175,18.42550068950014,20.640123158324,0.4801619762051432,0.8781493357250347
shallow_squat_4.mp4,chair,shallow_squat,864,169.9300594135282,161.60435010417407,137.77013249441774,134.941460426958,161.3367065660891,158.30308139019937,0.48431180702587073,3.1736632566343554,3.3949154970615467,3.128148290997914,16.867615390154864,18.83471369718003,0.4436403889809931,0.566486294070755
shallow_squat_4.mp4,chair,shallow_squat,870,171.05327202016494,161.81727037527497,138.00576295241433,133.0013932967759,161.37044573271572,157.1559384922411,0.23139239899284578,3.0599289749598677,3.3426960101670247,2.8662794257770834,15.783810081648554,17.62492152749367,0.37047875027909366,0.5768966344301768
shallow_squat_4.mp4,chair,shallow_squat,876,171.27294339653628,162.0275201009592,137.9203802313469,132.06602657283767,160.9020031789648,156.692607232227,0.22351441031998054,3.0349584572719586,3.510535541922705,2.7123797428251004,16.065771808150345,17.893425837565662,0.23018166750079472,0.5816548527417855
shallow_squat_4.mp4,chair,shallow_squat,882,172.05124838579954,164.56238040832815,137.834464827628,134.18584697531153,160.52467646862524,157.30201289795818,0.32366626514643027,2.5406756299490523,3.565280648917948,2.7247196687595543,14.112445526773582,15.534409693508676,0.2370578785397142,0.5594845653180253
shallow_squat_4.mp4,chair,shallow_squat,888,172.60210106512636,166.4085896496664,137.07951806677926,132.66829433267,160.03676932599458,157.09298456713904,0.4303189147519802,2.691523480635112,3.670514146707551,2.9360405807803085,15.321399566168434,16.906930242727466,0.16458648635664394,0.4584718681214704
shallow_squat_4.mp4,chair,shallow_squat,894,167.52770872495995,162.05666074507764,136.77167040661774,133.70286508612577,159.61806069941937,157.03181162860622,0.5487830350004455,2.6097572882960676,3.6161207311861543,2.4377567115935195,13.843365794687188,15.33542371727688,0.13209835281495297,0.5679451310892631
shallow_squat_4.mp4,chair,shallow_squat,900,169.94570191989547,162.34041772051302,135.92984534922573,128.8031426270666,158.54179677914198,154.25455209269361,0.12687794379469003,2.4099177610219487,3.8993708801545837,2.1608687027909186,12.770103210393463,13.990337061660794,0.0572615876119111,0.6529139933936184
shallow_squat_5.mp4,chair,shallow_squat,6,171.72327953056873,164.7801647429724,139.57398481549046,135.84001831054562,151.90774355263275,151.47205043990942,0.7249831855938418,1.1668977043382602,3.8035278004610977,3.3624594425584444,10.146062360787122,10.254875456743974,0.8224410438266107,0.9769343455395966
shallow_squat_5.mp4,chair,shallow_squat,12,173.47272034694734,167.680280283515,135.6740975543972,132.8481876173429,149.66881222397592,149.05877435917228,0.9022399945596716,1.8384010589442412,4.108232806262941,3.809090183219258,12.74870163730199,13.564218160136178,1.1636459957455392,1.4826147033857864
shallow_squat_5.mp4,chair,shallow_squat,18,174.2325231944466,165.85655426702368,136.43221968466412,133.58488334739286,150.2410308768314,148.56270553860784,0.9023374761017364,1.7149390618811418,4.46590516674328,3.968721294019476,13.436635156449732,14.16789095221782,1.2281755855950613,1.7620971542150725
shallow_squat_5.mp4,chair,shallow_squat,24,171.76643164314217,164.3977224527165,141.6579789489165,140.91602158142007,152.02359660475616,149.03621077292374,1.5847594260191715,2.4740823729460146,5.327199336022449,4.797275795215813,17.75767691137271,19.182060932299212,1.9159453766190286,3.1421411411804594
shallow_squat_5.mp4,chair,shallow_squat,30,170.89406717799662,158.45828881726965,142.43606147635356,140.6574071706842,152.63292882678124,149.23386328768802,1.1746621704102604,2.4210335936707508,4.853386325226413,4.712070301058534,13.316433509805615,14.760223680578926,1.4064413538896825,2.3101698558513646
shallow_squat_5.mp4,chair,shallow_squat,36,172.04164809116327,158.12290128939125,142.35230020441358,138.50966397525073,154.8354676053685,150.5201789224965,1.3979018810021366,1.9444913552595748,4.3653469394195135,3.629619721340014,11.532948820942094,12.576894530900763,0.9702670567807805,1.650315794590913
shallow_squat_5.mp4,chair,shallow_squat,42,171.45879445518054,156.727218405642,140.46777909554632,135.6859058186172,154.74942902977125,151.19038961230177,1.5696795515084832,1.886854717419525,3.642542666183642,2.82906100664373,12.618425166070772,13.608261284807039,0.9237435427768086,1.4461471420493712
shallow_squat_5.mp4,chair,shallow_squat,48,172.1844275975547,156.0534821846158,138.89145505695558,135.58714608779735,154.56790780234508,151.56286081149116,1.0560464049228364,1.8713162741958573,3.3604168594248964,2.6599247203239385,11.380079918363618,12.37337121965788,0.7510472443669761,1.2533579399286807
shallow_squat_5.mp4,chair,shallow_squat,54,169.52478214020923,156.94697935380484,139.85660393179626,135.86125037311257,156.2904296167273,151.3156637809868,1.170500004986731,1.9517854032619426,3.335732250303069,2.3731039776747966,10.852656824444779,12.035278545233545,0.5353577441179808,1.2695202133010977
shallow_squat_5.mp4,chair,shallow_squat,60,171.9095858561549,153.8140659125514,140.25361774226656,135.7709366681893,156.59592978906602,152.16784528373083,1.33818064863029,2.4575696308941617,3.333609239519583,1.8639168842745757,13.034864264297095,14.514317382922638,0.6178362929099698,1.360166636039207
shallow_squat_5.mp4,chair,shallow_squat,66,172.33583254627456,156.1188422049523,139.16882025095646,135.16876374408207,156.48903699870593,153.4322613229944,0.9358552017273787,2.3915046418691097,2.929676906308174,1.3893426067775765,11.885424687511636,13.228942935405,0.5033099615064047,0.9867696448194402
shallow_squat_5.mp4,chair,shallow_squat,72,171.5929578565105,158.12989183023356,136.9891396670594,133.4262427541197,156.68293032527927,153.28576094993446,0.8835381543187149,1.9006071795792276,3.0151312209165484,0.8427369865652582,11.087672635919436,11.955539745329292,0.3294004214568188,0.8496359571787461
shallow_squat_5.mp4,chair,shallow_squat,78,171.88511460195346,156.4331138812994,135.1149217621582,132.43425784972715,154.84337579631685,153.14679644084904,0.8800540176794363,2.264919320920128,3.2942965689929222,1.1723459670319867,12.433522023044404,13.698531568077657,0.5979123617620687,1.0001929168455435
shallow_squat_5.mp4,chair,shallow_squat,84,172.45860787734372,156.08679876895712,134.329193311774,132.40032215619698,153.0143111069267,152.0670909259711,0.7381014843405143,2.4194852751699,3.7713407871557743,1.6697579689783018,13.1461774967092,14.495759068571065,0.7590802579405712,1.2916105440898826
shallow_squat_5.mp4,chair,shallow_squat,90,172.8194693867073,156.07825991172143,136.07514081687256,133.357937604116,151.8414803573367,148.61877189510585,0.8168887140322446,2.548536243429611,4.585972883292639,2.9582834713708053,12.360308860886732,13.869578062918382,1.0062914909496818,1.7384719759861917
shallow_squat_5.mp4,chair,shallow_squat,96,172.2581280970783,159.8184535057119,137.70605789978413,133.90921461493355,152.73004115619162,150.49097352561162,0.7002448944021943,2.765357122923502,3.821436519373664,3.16343920276118,13.950743033237405,15.576576964830819,1.126773286066363,1.6281437917161907
shallow_squat_5.mp4,chair,shallow_squat,102,173.56035726547643,162.29177496926536,137.7859002398824,134.66613985791244,154.59378258996546,152.07427158732355,1.4132333691819978,2.952199667265532,2.763575657093475,3.188572605673593,14.772406049936048,16.651499598040502,0.9279752367452517,1.5186581504334293
shallow_squat_5.mp4,chair,shallow_squat,108,171.86750236196713,160.82877212449108,137.14276936832545,134.60244376510903,154.17039148684856,151.99891276537514,0.9014235104708946,3.40253047548294,2.6938517511243174,2.9957981184202933,14.968225432569668,17.34491644389381,0.8236859257197486,1.4656868295233254
shallow_squat_5.mp4,chair,shallow_squat,114,170.31974019285542,159.8582342922064,137.68114910457444,136.2758321555319,153.8753497761755,152.72720040083516,0.7726181255554079,3.5169423588590516,3.155439139133806,3.061014492652792,14.098951143445971,16.558348930402637,0.9175056733386532,1.456362429394897
shallow_squat_5.mp4,chair,shallow_squat,120,172.9637547511335,161.54099591741144,137.36491044018788,132.8710582739803,155.26920945900406,153.697870736469,0.727413242486473,2.891496771253909,2.936624763019105,2.12630505949415,13.437795317802609,15.306967503259447,0.6868584845045923,1.1380767849980211
shallow_squat_5.mp4,chair,shallow_squat,126,169.64020210974508,160.21601627435095,134.15025607938088,125.47445752264754,154.8181084384184,150.53952900360161,0.15863644157454082,2.077590033125138,2.7210957420285693,1.3919442697810174,12.015024796247918,13.164888173802547,0.3718533999568072,0.9366547122520887
shallow_squat_5.mp4,chair,shallow_squat,132,169.0145256690719,158.21757807434273,131.3190148996546,122.04470202585726,155.34433972983442,150.57127037186953,0.15174610290942334,2.1433563149379173,2.207967869773572,1.0123619007712112,11.658415163551389,12.847624844601592,0.2732384514784017,0.7432513398196249
shallow_squat_5.mp4,chair,shallow_squat,138,168.3842317234917,157.9863262538345,130.92322935319976,118.98342744745887,154.42669711442574,148.3381240392299,0.1977326983322794,1.4406621625014582,2.95489080306801,1.2782524700676956,7.823543663477597,8.48609913266507,0.3390433337866073,0.5236546670605807
shallow_squat_5.mp4,chair,shallow_squat,144,169.16528110885028,159.1346864889635,128.39753745004134,118.11284018490136,152.72788362448148,147.30023916544468,0.2691828363896913,1.4207623817864103,3.6750734432990226,1.2074820119229974,7.167624915358862,7.822737457154466,0.38307587719137354,0.5249522189905774
shallow_squat_5.mp4,chair,shallow_squat,150,171.53783631088814,159.44428426058255,125.84273550343525,118.05135462593873,149.27875849675797,145.9968925577717,0.7530698391921744,1.4150651355882282,4.069584845401749,1.8034497435027945,7.568228659605107,8.189043254892969,0.4832931672352993,0.6546637352200191
shallow_squat_5.mp4,chair,shallow_squat,156,173.70686164903776,158.54492171531268,127.2736389437737,119.4200410606367,149.6879642949551,147.47807829037984,0.9906588919268624,1.490330589694391,3.7823130113851544,2.5833997415705388,9.070816789533406,9.680212502388514,0.7203764816108168,0.7719759090617445
shallow_squat_5.mp4,chair,shallow_squat,162,172.78281654690775,159.95110239802452,128.42410932042685,120.16364422678069,149.9342969899696,147.88216183561266,0.6971415425042099,1.526646039335038,3.7772623882599476,2.3899468539079765,10.949768030182637,11.55510481520014,0.8226018142294491,0.9680577243086065
shallow_squat_5.mp4,chair,shallow_squat,168,175.01917823330078,160.08152320911816,129.61991423502343,121.57923849151771,149.47013995405595,146.96323362116564,0.4795287777716085,1.565572981152275,3.915506182378291,2.143474773715348,12.009529555296327,12.645542355566844,0.8264537391906913,1.1271523614791736
shallow_squat_5.mp4,chair,shallow_squat,174,173.0460161612062,159.9012165546475,130.04941700250558,121.81315331059145,149.6373798220185,147.03417241166756,0.47257503231780207,1.611221649968973,3.9871785244016835,2.157272930119581,12.494373300755719,13.14960867972092,0.8501797494940749,1.1720527539388912
shallow_squat_5.mp4,chair,shallow_squat,180,173.22133213797144,163.70479378152507,129.63351662476632,120.72028906877229,150.00345970566437,147.6312018324787,0.16527009151939798,1.4853279772219918,3.7089156164646004,2.124457021082638,12.104678057420244,12.616239306756887,0.7489012733087724,1.0388649337737117
shallow_squat_5.mp4,chair,shallow_squat,186,173.24980507936655,164.74966769124237,127.91765117021194,122.99990680013381,151.69662139003464,149.7290933987525,0.34811530521825634,1.6977739137086127,3.3633576576291597,0.5369985238581786,12.254591847029797,12.989838841167254,0.3684312399493979,0.8753333567180892
shallow_squat_5.mp4,chair,shallow_squat,192,175.6806270684301,165.04559616065558,130.8516055330245,125.05927591585382,153.11481134147039,150.66335774432824,0.30789993959966083,1.5709335922266372,3.4698661703527702,0.3158974773123066,12.292483137892395,12.849326677400917,0.33410944385274355,0.835332767363979
shallow_squat_5.mp4,chair,shallow_squat,198,174.49781417144655,165.38320579025714,130.60980208975923,125.47182929748604,153.41953493543875,151.426416640723,0.330092213257264,2.0520299458546596,3.1153163068856387,0.19062284570772323,12.427963536556772,13.46055811842343,0.29522064056405445,0.8038691167937901
shallow_squat_5.mp4,chair,shallow_squat,204,174.78169383094638,162.41854289929023,129.45476393317355,125.1623062627128,153.27143490914906,151.34334298222913,0.2962376371825016,2.2062901613752297,3.1823544132884276,0.24189000638465416,12.486033380797247,13.662039924959526,0.3315814295272756,0.8107202297493223
shallow_squat_5.mp4,chair,shallow_squat,210,179.10909057604238,167.06511831233945,127.60664788600819,119.98739992122773,153.88165254494712,150.5260992112781,0.30306287036356405,2.231959930099649,2.7278512002455693,0.04025433082941753,11.216396734330276,12.417458240132529,0.1736114270870549,0.6502941866167559
shallow_squat_5.mp4,chair,shallow_squat,216,176.9874574649293,164.38249782826614,128.40334899619768,123.72841699749426,153.94059672052893,152.42729893839314,0.7034751210112562,1.6992806840102854,2.291907239002422,0.1248775729193197,12.789397368430524,13.419276781444205,0.14882185193538722,0.5547180637469702
shallow_squat_5.mp4,chair,shallow_squat,222,174.38046751191686,158.72789026166507,128.89131935153205,124.67643400182088,153.61983096886652,152.30070146507632,0.436917717510295,2.3106079116360796,2.2525062221659335,0.5583772726685353,12.538188768106542,13.778470860358473,0.2240437919017945,0.6896769824019487
shallow_squat_5.mp4,chair,shallow_squat,228,173.38750175006692,160.0295280946296,129.0893670552887,123.52088353261702,152.81493109427933,151.7034528913833,0.46440139033335004,2.128191779467609,2.4074506738845645,0.9839773715855087,12.550358923074413,13.511970795016966,0.42497733650447017,0.707571035610908
shallow_squat_5.mp4,chair,shallow_squat,234,173.19266588782486,161.5379400711134,129.43530620746793,124.10698614525396,151.3176593605351,150.18645302097008,0.08281892496596117,1.9176898450031978,3.2663334407345803,1.6023869542615647,9.667189270552539,10.542025637061654,0.5178772841326322,0.7387148626228598
shallow_squat_5.mp4,chair,shallow_squat,240,173.05441854796854,162.45940321341624,129.10190871173793,120.5410207401581,151.24987374149322,147.94780406465017,0.2424988275343725,1.8535383805884615,3.6917062723529543,1.763892502037781,9.045204808198788,9.898585043376507,0.5148102891706011,0.7849285310491309
shallow_squat_5.mp4,chair,shallow_squat,246,168.52604055175823,163.02583044916577,128.65187753370682,119.4589402694168,150.8468914376508,147.12771427470983,0.272733704504147,1.859913944239358,3.9405425710441704,1.8390717125362708,8.125252213857069,8.98653215571013,0.5152344012815787,0.7591975324422113
shallow_squat_5.mp4,chair,shallow_squat,252,169.78317625526017,162.24249417256692,128.0021730867992,119.4601871263971,149.8409164703803,146.21227095143487,0.532993346510573,1.897125741044478,4.335404995337576,1.7949938928285154,8.436763283965867,9.271859616317071,0.5789929011613989,0.8188352555079564
shallow_squat_5.mp4,chair,shallow_squat,258,172.87862731828122,164.12676873243407,125.08274705330992,115.24272720128728,146.94903451046898,144.18636813289856,0.5915077603452561,2.5005829291750596,5.053779385329918,2.2343402809383397,11.044523204663175,12.512044849341306,1.0201463923311738,1.0804271807191588
shallow_squat_5.mp4,chair,shallow_squat,264,171.50498251037857,164.11640550040303,129.1651696230778,122.24436404033547,145.4254555158781,145.13206550237092,2.238288679788988,2.2091927167034746,6.07386355960519,3.414682989903372,9.011109748836436,10.133977476134095,1.2206076127466419,1.00147730903618
shallow_squat_5.mp4,chair,shallow_squat,270,172.34927195259664,164.5278340173486,129.39056147045792,121.36643255495572,146.18945937489656,144.61517833262997,1.6227885789573617,2.20851580158752,6.271005791890363,3.4049291274698925,8.608407164492245,9.724606823663034,1.14843441688941,1.0304517066744452
shallow_squat_5.mp4,chair,shallow_squat,276,174.54263258650812,164.83377003410948,133.57591069928054,120.88726309200452,149.62277100757584,144.29475033810195,1.0324223973918847,2.2951360280670814,6.44989334178986,3.016300381939693,9.365981597965535,10.609524790155186,1.239134866162233,1.1197835863290617
shallow_squat_5.mp4,chair,shallow_squat,282,172.9114862003005,165.4499652991994,132.62167269155705,120.53584740201816,149.0314197122274,143.7912659931329,0.8572265234386643,2.400390518066714,6.461834809723664,3.2469184700160616,9.693387044571725,10.971037040703438,1.2762487142290762,1.2483900913512562
shallow_squat_5.mp4,chair,shallow_squat,288,171.01787720089433,165.5065154160753,132.67960147967187,119.41333637150926,149.435880797625,144.90768264275906,0.6616857325423147,2.5000882618264084,5.840915866421216,3.314400234462633,9.348539282557068,10.680150808162518,1.1595120845661644,1.1035318893746335
shallow_squat_5.mp4,chair,shallow_squat,294,169.98529717806107,165.2808379051531,129.10564157671828,116.53651301505747,146.17965579374604,142.36693814209178,0.973471197614058,2.608693337460163,5.502621542887677,4.151208059594114,11.075045547543038,12.60982602525824,1.326068398622985,1.369553390397703
shallow_squat_5.mp4,chair,shallow_squat,300,171.7884837126798,164.45114849075253,127.82316746661932,117.232488872875,143.99796669847112,141.02428528869456,0.20883593430350547,2.6544276702558594,6.1786093973178415,4.759772210802305,11.258291276021886,12.803785199258705,1.463874240381549,1.6639871904153538
shallow_squat_5.mp4,chair,shallow_squat,306,172.67943536675102,165.4335376289859,137.3060730215688,119.85782069167195,149.45253615620652,141.4301708082443,0.68893553961139,2.4337543325674953,6.428295482378101,3.9652693114410527,10.603700856907343,11.937434329811781,1.3771490369232309,1.5127938876571452
shallow_squat_5.mp4,chair,shallow_squat,312,173.20409147450013,162.47674277855887,139.101122547708,129.23004328535026,153.14343654008482,147.772280848093,0.6683041638615422,2.5033749000565435,5.320606181841033,2.801196330179084,14.815917238265829,16.14284414647656,1.3943669071746847,1.7707004845253085
shallow_squat_5.mp4,chair,shallow_squat,318,171.49020933586365,160.11417618889791,136.09644694094928,131.9472590233363,151.88570616978268,149.97080382486865,0.6132203361470865,2.3951650846997725,4.37742319195935,2.734908959496179,13.785645497706957,15.034185395569732,1.1557125792012706,1.581111301214909
shallow_squat_5.mp4,chair,shallow_squat,324,170.24684203954894,159.67198736616345,136.0096789454935,132.66904605947187,152.41427927909027,150.5776172911229,0.5440963089596597,2.5554659047434574,4.096767826469091,2.550996152036931,13.711586154703028,15.104968917035167,1.0343990101801293,1.5104842804894254
shallow_squat_5.mp4,chair,shallow_squat,330,171.93466023174065,159.04557911227357,135.45009052738027,132.72223660704393,153.0757852835444,151.43304110580482,0.6932034434416848,2.176492567156208,3.9580187265437647,2.357746499064179,11.717120272080454,12.745047479244628,0.7466300465139108,1.265797099915078
shallow_squat_5.mp4,chair,shallow_squat,336,172.94829827215074,159.11506402479236,135.9809602460475,133.41222371891786,153.3029534529744,152.69264787039202,0.5088339941976849,2.4133659684394058,3.661655541413157,2.072928391833262,12.414796838276585,13.671213411267749,0.7500170026785516,1.2401560025263132
shallow_squat_5.mp4,chair,shallow_squat,342,170.4031410159897,160.02654500020714,136.2346129350997,133.30893284970384,154.187263591543,152.4334193175891,0.48196227990821316,2.737939474144151,3.6681902976885032,1.9572431825598682,13.251765598137968,14.816208294413872,0.7139807992882918,1.2878049333426271
shallow_squat_5.mp4,chair,shallow_squat,348,172.22083148333803,160.31551791342042,136.17588773883574,133.41028889825768,155.00677079475477,153.43962856115525,0.42100209705423947,2.7814614182211814,3.474882546743255,1.4763280898637898,12.366760694210615,13.942359194881915,0.5923466556471364,1.1444974805823322
shallow_squat_5.mp4,chair,shallow_squat,354,169.47228751359205,159.22636827112035,134.56801708102054,131.68116007882213,153.93296191668267,152.73927329245183,0.4547773096570739,2.6496308673778124,3.7021740605774864,0.8417635491042453,11.480377361913105,12.942809982115277,0.46812164573285303,1.0155217002162875
shallow_squat_5.mp4,chair,shallow_squat,360,171.20831168981107,157.67189263386953,135.0614777782798,130.94489948988416,154.12281770404974,151.96268194346956,0.4718824867522686,2.426005236081678,4.034084895179633,0.9779601684433513,9.556669514968817,10.851868162789367,0.4875427022205512,0.8927875850994155
shallow_squat_5.mp4,chair,shallow_squat,366,170.56465481147094,158.88799099944427,132.54496623210048,123.75372895854454,153.00991097620687,148.95040366799057,0.2522797680598765,2.3170833579871095,3.7338761127706226,0.866590866157867,8.012361941791134,9.276628106361912,0.36067175709252136,0.6686705237037247
shallow_squat_5.mp4,chair,shallow_squat,372,168.03445790072539,157.90629863004827,129.59077642800997,119.33725135329225,151.86500931841596,147.21285491070756,0.5954453492582077,2.028365051748094,3.8308137798110593,1.7352244835858832,7.937527172003617,8.962035770835458,0.4792498480200421,0.6918760386823636
shallow_squat_5.mp4,chair,shallow_squat,378,164.42270184935035,158.06389614499156,127.96963186353491,117.54546931845542,149.36776758380194,146.01172300731724,0.42882642396533804,2.1447552412938404,4.481028374246683,2.013010266872154,8.459824905490567,9.551842854369228,0.6943784377710022,0.7636166609839448
shallow_squat_5.mp4,chair,shallow_squat,384,165.95845003792664,158.27391719959002,130.60349386114186,117.70708322689528,147.87325031680874,144.11813269576734,0.7801543378961902,1.9665232719793984,5.7138267710114965,3.603188187563833,7.388587013559763,8.331535459521627,0.9612510064358287,0.8632652671248022
shallow_squat_5.mp4,chair,shallow_squat,390,163.79707993175717,159.67574497702984,134.96883514277698,119.28431460805969,147.23805598598327,142.3301416406976,0.8630552189337277,1.795788489238435,7.489717246870549,4.312135479018098,7.227576506449098,8.07420693473533,1.1583405085756158,1.0532328034751088
shallow_squat_5.mp4,chair,shallow_squat,396,165.09000176129263,160.35576599919054,130.41996128378702,119.72414040550817,146.5274346825933,139.68738391801065,1.3602980910585745,2.1010048956721854,8.216987641598092,3.1732719180903777,7.915416648151735,9.054261747049598,1.076203417472497,1.3087350981689967
shallow_squat_5.mp4,chair,shallow_squat,402,163.49044449008778,160.0804312675165,134.87832544313886,120.0049815633774,146.90668549281602,140.05803745870512,0.9279340382726976,2.0288403667374926,8.355834437436295,4.275093585735849,6.9275315525924475,7.969800936974868,1.1332207049371943,1.1481945084980516
shallow_squat_5.mp4,chair,shallow_squat,408,165.9927669632862,161.68067327599692,135.43366732680823,120.14767936581077,146.27322573599054,139.6298793941598,1.1391741554800334,2.1974571522921544,8.68051354905522,4.078515428357679,8.847781037442443,10.015847531353964,1.416871423331768,1.4277010072674918
shallow_squat_5.mp4,chair,shallow_squat,414,167.24572369032987,163.94593101330213,134.66545732781938,120.76949440568235,146.36134986833773,140.26693191053786,1.0741960587682635,2.1136376986816834,8.974991135923949,3.6984983126362416,8.674548390778,9.714298336859404,1.30003897152733,1.3406610301003534
shallow_squat_5.mp4,chair,shallow_squat,420,165.75822674515484,160.91489161423004,129.84132323883958,120.58315814029122,147.23287833807163,140.8022492839131,1.4817267389228501,2.1071588603607143,9.382802966100222,1.4653323352258691,8.185254015483226,9.241236647726497,0.8759189998787087,1.2855346950907265
shallow_squat_5.mp4,chair,shallow_squat,426,164.98459340827756,161.37002427023037,128.64444483191292,120.04833155034441,146.00507246888657,140.49308149757508,1.5737014171016992,2.2135969865257463,9.701618146062193,1.659011432469072,9.296137331223438,10.41001249071437,1.115170083408387,1.4779569027511548
shallow_squat_5.mp4,chair,shallow_squat,432,166.8770006655589,162.35574492914995,131.60280452448694,121.42185615104316,144.32908711592094,140.02502509803332,1.1772011245761915,2.1716241930781104,9.9248207790588,2.9303956767645643,9.276221582904832,10.305587742907443,1.4706318685178281,1.5108795708327207
shallow_squat_5.mp4,chair,shallow_squat,438,165.74132394367726,161.387914032673,140.46414267769077,123.46234550810078,149.23047481563074,141.09317606025203,1.1641882072115224,2.2737402709676666,9.777513686518603,2.6168966260777795,8.728585988952426,9.895814219032621,1.4116360448298149,1.4202802276501902
shallow_squat_5.mp4,chair,shallow_squat,444,165.5864441236182,161.00133749578387,138.77484743089104,123.86040185170965,147.3549588375276,141.50657098154127,1.0272752212563026,2.2991720638311266,9.614282717228669,3.4191644907227796,8.845393799898865,10.06281456962875,1.5800429855065925,1.4600364834477368
shallow_squat_5.mp4,chair,shallow_squat,450,166.03699806739658,162.5237087149427,137.83617879158766,123.89323139711313,146.7045194897078,142.465086894165,0.904172353153527,2.275895339978093,8.778627284910213,3.6679537277637104,10.126742385962897,11.302937194328504,1.685494510042185,1.608896423892115
shallow_squat_5.mp4,chair,shallow_squat,456,165.53632351696373,163.06602746135658,133.66066052639727,123.24579821812213,146.38342297148333,143.45358682623944,1.0664614216291852,2.7962839077753676,7.562028492883002,3.2366037380177284,11.724377900454096,13.341351453620277,1.6735702500621092,1.7294711436834376
shallow_squat_5.mp4,chair,shallow_squat,462,170.81729576990733,163.73808894082904,132.0612634025491,124.06907985977367,147.7393160662461,147.01719590870186,0.7049499324141861,2.4447603409467598,6.4087403011774775,2.490672034632809,11.134052323197166,12.436375953655784,1.326932425027767,1.2928630856544658
shallow_squat_5.mp4,chair,shallow_squat,468,169.74271178510648,162.6388578188842,132.75358368042478,123.94493286306447,149.02196675202939,146.99200422249004,0.7889442280333637,2.5582192267193293,5.848334611162492,2.1537276223737805,11.087919113566885,12.451023238344415,1.1694772060073033,1.2394217603030733
shallow_squat_5.mp4,chair,shallow_squat,474,168.33743768868825,161.93734125469783,132.67848301711481,124.79777567869304,149.50255958081033,147.9820461039614,0.7637464345666017,2.4261204847588824,5.623877723512609,2.1405147797799096,9.121544872889421,10.422448231435167,0.9491482177006473,1.0053007550731423
shallow_squat_5.mp4,chair,shallow_squat,480,170.4673051496389,162.83870586232146,130.22159198519947,126.20301545181721,147.39205374199003,148.45215856210874,1.3764785987580197,2.0155565163014186,5.889675719744761,2.294344492455328,8.477321806477665,9.389892370537385,0.9179943693873924,0.9362468057179089
shallow_squat_5.mp4,chair,shallow_squat,486,170.24500263574816,160.91571657918976,130.51172159406138,126.33916049246127,148.11704409052552,148.29254810764778,1.441855034413326,1.6591616567549312,5.740434697849893,2.2224079768933365,9.165787638171746,9.76048882726058,0.9255987823629359,0.9477779057663318
shallow_squat_5.mp4,chair,shallow_squat,492,169.94326482577645,157.64080558497793,133.8838473998567,132.68271239496372,152.51615162633016,152.44652193207122,1.0551659274405345,2.1289804244378954,5.237008773134446,0.7668540568826253,10.759372213088188,11.782323883298762,0.780385763674917,1.0751942763211766
shallow_squat_5.mp4,chair,shallow_squat,498,167.65445541242585,157.0594676033139,136.50599772100952,135.1532790465872,154.9452245179657,154.26277362506372,0.8800408108515784,2.5510529401061564,4.973316571517705,0.13185419765075185,11.809752029061872,13.357939958916834,0.5871164874380473,1.0025123326995862
shallow_squat_5.mp4,chair,shallow_squat,504,162.80765094611002,160.55648047049843,138.2847940766547,135.5766801137808,157.73946597862164,155.3853710662506,0.8505325219127842,2.76290768938577,4.405821347467128,1.114162973010349,12.354035324251498,14.12045101993604,0.24381871847221098,0.7735356549424933
shallow_squat_5.mp4,chair,shallow_squat,510,166.02752806065052,162.0096998046679,141.70735128707665,139.2427152210178,159.57361761771853,157.79684310728277,0.7155648121935922,3.170932413226517,3.93256807083364,1.1854318364312835,10.679382390814219,12.874300927637028,0.19043982249306152,0.6030592200665231
shallow_squat_5.mp4,chair,shallow_squat,516,167.04794986152,160.46869979008127,144.59736858719018,140.28105868025347,161.28428950922785,158.20899998459967,0.7387583547321271,3.3376825525418137,4.139448203463673,1.2105665253525175,10.955910178588015,13.371218264402586,0.20534182475119614,0.6747493997548512
shallow_squat_5.mp4,chair,shallow_squat,522,168.5066766261412,160.93513977489945,144.846688457296,141.4702042030838,161.8567497249518,158.93681629267536,0.7328540742672848,3.161887979027357,4.106025068452829,1.4727311075154386,9.062435037277874,11.239859867381998,0.13176696556538547,0.554208399571621
shallow_squat_5.mp4,chair,shallow_squat,528,168.05651847148243,161.74864349134717,144.97665078892328,142.2128190508625,162.12919009562833,159.89578957261335,0.7586251541359844,3.156117099048838,3.9131305268065164,1.512799866758429,9.624270716693308,11.802419940255197,0.1657558568467077,0.46650558685949417
shallow_squat_5.mp4,chair,shallow_squat,534,166.55514931169466,161.87695682013825,146.08151807447095,142.92994481894192,162.34517800199086,160.40481256043412,0.7785388618836888,2.85940689495473,3.5157207355697215,1.548499715536418,9.070969960378166,10.945786685158948,0.10578032802741746,0.3755746280735483
shallow_squat_5.mp4,chair,shallow_squat,540,163.23780338258445,161.955517043801,147.18183335263225,142.38404223811648,162.86041737261556,160.39240473238357,0.908578921732103,2.3531073215923475,3.218728666294987,1.6382342715902694,10.886190649430182,12.29855396589358,0.09554272004522445,0.33254697061961014
shallow_squat_5.mp4,chair,shallow_squat,546,163.9092695864841,162.87990223010465,147.28288052856587,143.22862694085725,163.6900999051454,160.80791760577563,0.6725799845808402,3.2998786561318187,3.3814107107804428,1.774431230050582,10.100943007022982,12.473266767684695,0.1022017459364364,0.3451791053838069
shallow_squat_5.mp4,chair,shallow_squat,552,167.2325042368003,162.4631859256943,143.6347952428603,140.3002322076145,160.6119936147065,159.14435394062724,0.5907242096555809,2.568369437772408,3.6075400277513796,1.5756432804624858,9.71594228833586,11.312821086313706,0.19073262447611913,0.3321052106819442
shallow_squat_5.mp4,chair,shallow_squat,558,168.39147242356407,164.40014675313037,143.65726248118744,139.38145451082443,161.75085668958087,159.34451523948687,0.8932230623513051,2.240316886136268,3.0794627518922533,1.431761155214213,8.87382892717358,10.227114326475373,0.0803479542980419,0.308876491514655
shallow_squat_5.mp4,chair,shallow_squat,564,169.35248461606187,160.07781109769613,141.73397754372692,138.37379788749706,159.94959308436364,158.80536918554566,1.110478890120601,2.9972748807512755,3.3967965465230714,1.1768515905848869,11.456686658981216,13.488809891622182,0.23134869871170827,0.4639116645972636
shallow_squat_5.mp4,chair,shallow_squat,570,167.72568801814103,157.22092167395238,139.50217027167363,137.54828618443912,159.13978924983886,158.6519549501213,0.5771192136401808,2.3172922960615847,3.230139638530745,1.5848893898460403,10.62891122004949,11.905131594027157,0.0851461037638832,0.3931225398706916
shallow_squat_5.mp4,chair,shallow_squat,576,169.74883645304502,158.74411868680156,137.66832970599395,132.72237552465367,157.54871741804678,156.4850582819494,0.2789017190688358,2.590723035896193,3.3422799361365847,1.2686068641953878,11.68678479307412,13.181054854880092,0.1940435027821191,0.4733101634568037
shallow_squat_5.mp4,chair,shallow_squat,582,171.29544040490845,160.58867467075524,132.54485120369966,126.51518678160016,153.0507967133034,152.71741727103205,0.20197010951160244,2.120707955219145,4.312884759616096,1.0295267475615448,10.022440742197166,11.045814524850412,0.4291284034815348,0.44081522125491224
shallow_squat_5.mp4,chair,shallow_squat,588,167.1615100017381,160.8707343343941,128.86932893172528,118.24566863528877,150.5327545270693,147.96076800827234,0.491721720402798,2.22300253266776,4.959324068344023,0.4047185817428253,10.72294638515087,11.873108971987808,0.7254412207940364,0.7477381467874494
shallow_squat_5.mp4,chair,shallow_squat,594,166.97171824631556,160.29337811799044,128.96261930100349,120.00526777563549,148.57236421389027,146.3340225746308,0.9322555986340201,2.170334949720709,5.333828731485692,2.36987711565357,10.2602990684077,11.356805193295136,1.0468440644052106,0.9634076737842724
shallow_squat_5.mp4,chair,shallow_squat,600,168.87364114259302,161.89254307731002,127.62362371757273,119.74006020180815,147.10646417390117,144.90702709339945,0.5494913505771561,1.9545123830911373,5.922123312353517,2.4293142803470795,9.576459834847789,10.462102409628757,0.9595954815793287,1.00420671419022
shallow_squat_5.mp4,chair,shallow_squat,606,167.69986310408174,161.68495399708382,131.30350827274543,119.85702953623583,146.4050592734901,143.45433621014178,0.476499429800478,1.9805080976931064,6.881952670634943,4.013052254451004,9.404985626314478,10.268201300567288,1.3807477676610471,1.2155158975192424
shallow_squat_5.mp4,chair,shallow_squat,612,166.4095444445051,161.86821003485642,132.0277693489644,117.22477890765178,147.6499403410627,140.69179619567896,0.5595738889862896,1.8242681660634599,7.41256070488543,4.503335393562309,7.8292233681955565,8.650167849863127,1.0149558160345273,1.19378369261605
shallow_squat_5.mp4,chair,shallow_squat,618,167.13615259277324,160.74460687880438,130.1720715343583,116.20358811533693,142.26179615594253,135.87548839859414,0.6300237749296983,1.8893257635995704,9.41342048717206,5.383514536810317,8.302918989731582,9.153297486874449,1.4064905549404627,1.5971207281576045
shallow_squat_5.mp4,chair,shallow_squat,624,166.46237582531452,162.3647987365391,129.55249547550574,114.05986957334156,140.16470059156333,132.3091526692221,1.4082673636390293,2.4528337349199307,10.391740038888951,5.417417941083213,10.704596311528466,12.019316961201739,1.886810376094144,2.2314843674974343
shallow_squat_5.mp4,chair,shallow_squat,630,166.9847252636948,163.65894769708066,130.35059494586707,114.2827138171621,137.6215552195287,131.00575319689443,1.152363409161918,2.386442836744634,10.971236246400656,6.177508833556396,10.27066675197571,11.513271902063028,2.1165984650385004,2.34148092958508
shallow_squat_5.mp4,chair,shallow_squat,636,167.69565510815687,163.82111471684536,126.25382431767557,115.36323819649613,137.9063325611983,131.04371358436725,2.2359603115753774,2.5102430599288037,11.251392108376173,5.211118508724427,9.841073064443924,11.2477766390926,1.7863629085085828,2.283713681093149
shallow_squat_5.mp4,chair,shallow_squat,642,168.8576894371794,163.03327308418494,128.71292954848138,116.82493318677716,139.79832807032278,132.64913581905319,2.103485838915875,2.359075025595166,10.41152034007588,4.762999477009934,9.29946698777585,10.620917165807814,1.63400071253917,1.9211064581343766
shallow_squat_5.mp4,chair,shallow_squat,648,167.0221690580956,160.64104587751967,130.7890527307483,118.9386680904732,141.98754260658114,135.98893988361772,1.031152359372283,1.926122129178653,9.529619534304269,4.508355315387974,8.781428416219388,9.59208751986741,1.5370328694545696,1.7135811880853409
shallow_squat_5.mp4,chair,shallow_squat,654,169.06036544911393,164.09248467104305,133.9702315684108,123.91851477411701,144.01350835626621,140.10143986088696,0.8267175700177358,2.1234523746298377,8.38296342326467,4.557270867043814,9.363529864027463,10.336249342296194,1.5881384701487742,1.6025857420486214
shallow_squat_5.mp4,chair,shallow_squat,660,168.44799572590955,161.884944919333,138.32275392952343,131.51286637869424,150.31207625804112,146.3122100798119,1.2020210577918053,2.5680919781301457,6.97646092799511,2.7984099386204053,11.25093174117934,12.560124730418968,1.3255583603482801,1.6707336658308787
shallow_squat_5.mp4,chair,shallow_squat,666,168.47360104005267,159.85260785760804,133.489219455795,134.04203068549498,152.24948986659624,150.79819114347777,1.7817538167391203,1.6998009249712627,5.640364517136269,1.2195978523896873,10.586459180699345,11.117616271502227,0.64382645298693,1.3169174760537223
shallow_squat_5.mp4,chair,shallow_squat,672,167.35873201072403,158.7786349353477,138.0027401779204,139.1985734103127,155.2294493273299,153.97114682752718,1.0959418862651695,2.2182981862041964,5.258554165987385,0.9603216674232284,10.669922833854951,11.787358713053374,0.5713495669638593,1.3129411866943435
shallow_squat_5.mp4,chair,shallow_squat,678,167.93036373279384,160.20224717981498,141.99635221088838,143.87376986168417,157.55634985299096,156.8067333170979,1.0951682687830346,2.4022616371807484,4.519520469568094,0.5353489039442201,10.501830877360629,11.697413730224241,0.4352938917917678,1.119272922149185
shallow_squat_5.mp4,chair,shallow_squat,684,170.13058454700447,160.11689493008987,144.14536579566206,145.35825597441377,159.35536906606416,158.34067167064416,1.1960107908486797,2.8587006534694663,4.176195839674854,0.10395727350608752,11.467754118098533,13.12066714622295,0.40801380803519505,1.029939774810057
shallow_squat_5.mp4,chair,shallow_squat,690,169.2986098265547,161.54859927487624,145.61668273954152,145.36035808808685,161.54203243119682,159.00253350852137,1.5267573988517102,3.1636503399506912,3.7369441600139104,0.41542033266848943,14.895496899777044,16.889292656597263,0.21025861584887878,1.1123840308674235
shallow_squat_5.mp4,chair,shallow_squat,696,169.81419692646992,160.51676317984558,146.41989632286024,145.8244694669106,161.62730346242944,159.68492321723522,1.502019983750516,3.0563191838522363,3.589862490187723,0.29268924918196254,14.255931334905489,16.15229684272495,0.2714426309481172,0.9988155536538941
shallow_squat_5.mp4,chair,shallow_squat,702,172.33100737450098,164.62322362876824,146.6859531826888,145.55414881071866,162.29970268479994,159.89101748127496,1.43327746742867,2.8187790333454434,3.22350564513356,0.42731827879631856,11.985540282736029,13.650454903127953,0.1451616695882229,0.8370543111870222
shallow_squat_5.mp4,chair,shallow_squat,708,170.0743517703314,163.34647595737025,148.34327976970633,145.07930985906953,163.37619038622518,160.1214101961924,1.8316758047530122,2.6377815684296873,2.9745867362650262,0.5195044968268254,14.469752804731668,15.911869675526471,0.14921243371125406,0.8244631936274859
shallow_squat_5.mp4,chair,shallow_squat,714,170.45430845232465,162.65429246709826,148.51647799860606,145.40763469803136,163.92158213235285,160.4683873957597,1.7200997284255415,2.7933518626129152,2.773570821577767,0.6131328478322258,13.180223796278998,14.767608337015412,0.0889317641010527,0.705273579143571
shallow_squat_5.mp4,chair,shallow_squat,720,169.67223567095024,161.44863698682357,149.88241419073097,146.32929876073115,164.1460840807376,160.4825661910438,2.015152846348171,3.4549041689040068,2.759308855166416,0.6741916858391422,15.468850711446068,17.695471512146696,0.09053784918047024,0.8313196972586804
shallow_squat_5.mp4,chair,shallow_squat,726,170.58880021384365,161.8255630634703,150.32252602941156,146.4604916542109,165.27023112520666,160.63369744418117,1.3165375726502824,3.0142882728328284,2.582199981393106,0.792798764931158,11.5902787061167,13.463508128578539,0.03961621802785838,0.6470294086967229
shallow_squat_5.mp4,chair,shallow_squat,732,167.12958793298222,162.53660929249244,151.5480362342561,147.31621457351136,165.89609877527482,161.25245574929124,1.3398927600917763,2.4633590683344453,2.3789421348503024,0.5606276493499209,14.10489259159931,15.454800757043673,0.01385437855305959,0.6942625189528376
shallow_squat_5.mp4,chair,shallow_squat,738,172.84604547137437,159.75450801358792,151.81398897657274,146.5969289713724,166.2618673145387,161.44856807529717,1.443472867720619,2.672728754606566,2.3862844150292455,1.0186483640963468,15.13521315455461,16.93625892121523,0.06435452644242833,0.6183356300805112
shallow_squat_5.mp4,chair,shallow_squat,744,169.03473760240536,161.96052087143624,151.38043111591554,146.43223337356116,166.56353124668905,161.75394247770885,1.4382494976216897,3.3134459752078036,2.269595907797445,1.2038300398009838,15.548743899365014,17.878948805270127,0.12528997726232438,0.5631919203495701
shallow_squat_5.mp4,chair,shallow_squat,750,172.18959279281395,162.19390433168266,153.50823815389995,149.36300327799478,167.89875066523211,163.48893379975954,1.530647722847837,4.751246745595711,1.9765816114853214,1.1014506580232015,14.645399956307351,18.227894668677397,0.1852999135559627,0.5706363706757077
shallow_squat_5.mp4,chair,shallow_squat,756,171.81653196457103,161.87838293275084,154.3587249282051,149.33872390477055,168.50408986697545,163.03895632430627,1.3364619613347697,3.859872234425926,2.1215695764203244,1.1666618825049482,12.807166768773998,15.499444117578372,0.20682543037078516,0.5722690941835094
shallow_squat_5.mp4,chair,shallow_squat,762,166.83629491009285,161.29493881854907,153.66171898518792,149.60406760004182,168.76919516322212,163.6818400107029,1.5961027486279629,3.440110594192225,1.939188388529013,1.5527936884868379,16.424805048155953,18.600268086581615,0.3786192217987239,0.5532191174754794
shallow_squat_5.mp4,chair,shallow_squat,768,168.4130816050555,160.9636436599472,151.48769352821864,149.25544557710447,167.81628931054973,163.77280781460388,1.3542395420626274,3.511159037571057,1.9371233270057675,1.7483953330533926,13.06848688166695,15.410244617798021,0.3393731998786783,0.4105414849132169
shallow_squat_5.mp4,chair,shallow_squat,774,164.54826678146932,158.46184846833305,146.94563007949787,143.79563740774134,164.3340930589767,160.62701914336233,1.0827048048443244,3.6251420490817283,2.9341320108713695,1.6200986407119116,11.645962760227116,14.194680239079906,0.040498171094574036,0.49336771787507927
shallow_squat_5.mp4,chair,shallow_squat,780,163.32105033829976,157.16555454354673,143.36387787723785,139.0284913722925,159.32994917810584,157.07493547297278,1.0050622751627385,2.407598512840381,3.695048823970818,0.7066010939156401,10.191141006516562,11.500823411341653,0.33441036081392145,0.5465415519244787
shallow_squat_5.mp4,chair,shallow_squat,786,161.88569107422435,158.76281847316204,137.41657059835998,126.01875206723038,154.22284005252388,149.8949458404129,0.23281422307064276,2.2986118720049933,4.695537230883283,0.19474521747421084,10.094975328121222,11.26739460951525,0.6610897950724922,0.6007059872756193
shallow_squat_5.mp4,chair,shallow_squat,792,161.88192860934456,159.41373972778456,129.8141981934394,118.60134284646895,148.63057156642077,144.01587044423707,0.6346893020080429,2.1038615365268316,5.97486345076218,1.2128707140951467,9.117256362979232,10.110563952254696,0.783816594593268,0.829447525953095
shallow_squat_5.mp4,chair,shallow_squat,798,166.52381092236027,161.4477223165475,130.6224738708399,119.81169915582535,145.62646962181083,144.28955839448426,0.9173927025650161,1.8855524048665129,7.46937826807171,2.6545112226436123,8.522288757704775,9.260307434859055,1.127505290390686,0.9437447185041374
shallow_squat_5.mp4,chair,shallow_squat,804,165.89335463242983,161.1480434465471,127.813157189493,120.07038457052441,143.02963876002804,142.730471937861,1.09833691191484,2.0908719074401394,8.19562075808998,3.311834770402289,8.684532822669354,9.599664192418345,1.2797285420003148,1.1850283310989393
shallow_squat_5.mp4,chair,shallow_squat,810,165.26709555086006,159.91553805023463,126.16265421652591,114.44370734786051,142.56329257240222,138.24985288946374,1.0736039117987806,2.007581278380606,8.904030473589724,3.154640077363926,9.321216045576543,10.203687313840636,1.2837961061124916,1.3312604592123167
shallow_squat_5.mp4,chair,shallow_squat,816,163.60213979349476,158.73006527335798,125.89729488584744,113.53392264300038,142.21210917646957,137.22131038020132,1.2524873870905735,2.3329564770575013,9.232877690975137,2.8650205900627155,8.5571406907201,9.774404540740267,1.2131906456446635,1.3731900900161431
shallow_squat_5.mp4,chair,shallow_squat,822,162.63892167825713,158.06192416377985,131.70860677453229,116.06977278228223,146.33811827467278,138.68624089133326,1.155953679014579,2.231103397643356,9.82699027411847,2.546063106275223,7.428586651971245,8.533778721573768,1.0661271704582582,1.285314590609909
shallow_squat_5.mp4,chair,shallow_squat,828,160.60523334902584,158.90127971915865,131.79776577430795,113.65746011644342,142.2935153366761,135.05983919213105,0.6784993375136912,2.564857810397002,11.174656923325431,4.120040515667566,7.646871769663291,9.18314678773577,1.51071922840224,1.5259077613815584
shallow_squat_5.mp4,chair,shallow_squat,834,162.9476071127945,160.15050211186949,132.21278936527216,115.2018448800509,141.11485522680738,133.89728295705274,1.2325631185303134,2.4526176565498456,12.333789878269826,4.573445146877151,8.248368741240665,9.618161719443389,1.7697111817049869,1.8295953031305718
shallow_squat_5.mp4,chair,shallow_squat,840,161.66949674366694,157.86015187538044,120.46399815988089,106.7463744695574,131.08400555202283,128.31668457530517,1.1673916362995143,2.612301863372501,12.556524415347877,5.7342804985209055,8.43832565164063,9.969857977387523,2.050859219118238,1.975240337553564
shallow_squat_5.mp4,chair,shallow_squat,846,159.80020741664646,157.44308157611474,119.4883320448477,106.22630641681553,130.00276640600268,127.34702137920702,1.140664448149488,2.662174312550285,12.728970646318487,6.2459877380835405,8.89452891674047,10.42835535860186,2.139485702526772,2.0996398218134353
shallow_squat_5.mp4,chair,shallow_squat,852,159.9431252733209,157.39404337818925,120.24100441545215,106.56752113924401,131.50588164584443,127.33205634362622,1.127365746077549,2.559738092407465,12.662013421112128,6.50547140743827,8.81348131907404,10.31972429618202,2.1346185059487373,2.1309800646244335
shallow_squat_5.mp4,chair,shallow_squat,858,162.7130325802358,157.79298762576943,120.24242254608365,106.26511695782835,132.1772377875931,127.90622652490401,1.220500932404473,2.3226322444419956,12.504726531057761,6.391732833318448,10.205101194536704,11.483499106019217,2.350784831495521,2.3212886034455744
shallow_squat_5.mp4,chair,shallow_squat,864,161.281798674221,156.54860262397065,120.77826610712081,108.7436695613879,133.32537002500192,128.67711633326533,1.3225230567730484,2.219618462509869,12.537891340888324,5.925079693174053,9.503454885177678,10.74229393539404,2.09230187424376,2.214516666731964
shallow_squat_5.mp4,chair,shallow_squat,870,160.7715942618161,155.3964424034251,118.42989303889063,108.34427067080004,133.83218427397915,129.62796343458007,1.172799981155914,2.177544004172327,12.760251419504163,5.765708545709115,9.512082020220525,10.63994353007721,2.112826710322712,2.206751073443885
shallow_squat_5.mp4,chair,shallow_squat,876,163.97729953041195,158.86206596324587,124.97322312155337,109.80108911448431,136.82793620504106,129.61715309995236,1.4187624592802897,2.2337199701344703,12.567154356431574,5.819594601619205,11.040498215723227,12.262657084022742,2.4200505595992166,2.5065251527256263
shallow_squat_5.mp4,chair,shallow_squat,882,166.1073631797258,148.0776210511214,123.49377848734544,110.17945366379436,136.15949702038475,130.3236723552662,1.2862418611922841,1.9190522824699225,12.458879549662782,5.780548154029641,11.221227768088376,12.072857872175815,2.3506361390373924,2.366025827639921
shallow_squat_5.mp4,chair,shallow_squat,888,164.24927473450927,156.7816558201925,128.50052891648238,111.06298038700727,139.97642436910536,130.91288761382745,1.4963173357178208,1.836665147181233,12.256166511264539,4.895362794993701,10.230141924827745,10.985415742078084,1.9865416798130777,2.1189991310619845
shallow_squat_5.mp4,chair,shallow_squat,894,166.42044167939085,160.6158841433632,126.98297433760786,110.28453863296876,139.6865176032352,131.177497657949,1.3726272662594048,1.7327547110797965,11.823426759037842,4.906895840964243,9.806277786292119,10.418130064860087,1.8145433985590385,1.9448519044133814
shallow_squat_5.mp4,chair,shallow_squat,900,167.3244180711771,162.47733653897973,126.83374303882705,115.18682331141677,138.38032929844965,133.33335947595916,1.0995130978609031,1.976875968550234,11.565977977001454,5.429691158015972,8.524383691035736,9.406200891016177,1.7288258103890135,1.703231434706622
